{"Year":[1993,1993,1993,1994,1994,1994,1995,1995,1995,1996,1996,1996,1997,1997,1997,1998,1998,1998,1999,1999,1999,2000,2000,2000,2001,2001,2001,2002,2002,2002,2003,2003,2003,2004,2004,2004,2005,2005,2005,2006,2006,2006,2007,2007,2007,2008,2008,2008,2009,2009,2009,2010,2010,2010,2011,2011,2011,2012,2012,2012,2013,2013,2013,2014,2014,2014,2015,2015,2015,2016,2016,2016,2017,2017,2017,2018,2018,2018,2019,2019,2019,2020,2020,2020],"data.confidenslevel":["Lowerbound","Rey\u00f0listav\u00edsital","Upperbound","Lowerbound","Rey\u00f0listav\u00edsital","Upperbound","Lowerbound","Rey\u00f0listav\u00edsital","Upperbound","Lowerbound","Rey\u00f0listav\u00edsital","Upperbound","Lowerbound","Rey\u00f0listav\u00edsital","Upperbound","Lowerbound","Rey\u00f0listav\u00edsital","Upperbound","Lowerbound","Rey\u00f0listav\u00edsital","Upperbound","Lowerbound","Rey\u00f0listav\u00edsital","Upperbound","Lowerbound","Rey\u00f0listav\u00edsital","Upperbound","Lowerbound","Rey\u00f0listav\u00edsital","Upperbound","Lowerbound","Rey\u00f0listav\u00edsital","Upperbound","Lowerbound","Rey\u00f0listav\u00edsital","Upperbound","Lowerbound","Rey\u00f0listav\u00edsital","Upperbound","Lowerbound","Rey\u00f0listav\u00edsital","Upperbound","Lowerbound","Rey\u00f0listav\u00edsital","Upperbound","Lowerbound","Rey\u00f0listav\u00edsital","Upperbound","Lowerbound","Rey\u00f0listav\u00edsital","Upperbound","Lowerbound","Rey\u00f0listav\u00edsital","Upperbound","Lowerbound","Rey\u00f0listav\u00edsital","Upperbound","Lowerbound","Rey\u00f0listav\u00edsital","Upperbound","Lowerbound","Rey\u00f0listav\u00edsital","Upperbound","Lowerbound","Rey\u00f0listav\u00edsital","Upperbound","Lowerbound","Rey\u00f0listav\u00edsital","Upperbound","Lowerbound","Rey\u00f0listav\u00edsital","Upperbound","Lowerbound","Rey\u00f0listav\u00edsital","Upperbound","Lowerbound","Rey\u00f0listav\u00edsital","Upperbound","Lowerbound","Rey\u00f0listav\u00edsital","Upperbound","Lowerbound","Rey\u00f0listav\u00edsital","Upperbound"],"Value":[0.8289580386,0.8871643531,0.9271470069,0.8345268417,0.88612113,0.9221494513,0.8361626865,0.8866731815,0.9171255027,0.843178725,0.8881749875,0.9146011027,0.843319325,0.8876127354,0.9129265244,0.8478899633,0.8884296146,0.9115651888,0.8488279381,0.8881932917,0.9112016233,0.8504805035,0.8886826062,0.9102864281,0.854183091,0.8864421146,0.9093960906,0.8549391473,0.8849944875,0.9088753212,0.8544786692,0.8851053875,0.9075723544,0.851646441,0.8852579812,0.9062814942,0.849285105,0.8841512958,0.9049609977,0.8466516508,0.8835694438,0.9043829125,0.8456339806,0.8851965923,0.9058859221,0.8406962188,0.8858828758,0.910065211,0.8379640862,0.8845632254,0.9121414873,0.8379746991,0.8846798236,0.917771591,0.8321573164,0.885707959,0.9222491787,0.8269412333,0.8856337981,0.9234377717,0.8194858369,0.8871232432,0.9275816209,0.8196474214,0.8837927819,0.9327449053,0.8069753094,0.8799580924,0.9304321875,0.8016401692,0.8770822999,0.9350425028,0.7889500584,0.8707247994,0.9433876647,0.7869515953,0.8663426577,0.9441750732,0.7752704764,0.8656239239,0.954073874,0.7686418345,0.8600735805,0.9478467085]}