{"Year":[1985,1986,1987,1988,1989,1990,1991,1992,1993,1994,1995,1996,1997,1998,1999,2000,2001,2002,2003,2004,2005,2006,2007,2008,2009,2010,2011,2012,2013,2014,2015,2016,2017,2018,2019,2022],"Value":[12.1951219512,8.8945362135,11.5681233933,19.6531791908,19.3965517241,9.5541401274,11.6009280742,11.2079701121,9.2226613966,12.012012012,7.7639751553,8.9153046062,4.5317220544,0.0,6.3897763578,2.8901734104,4.746835443,4.2313117066,1.4184397163,4.2075736325,9.8452883263,12.084592145,8.9020771513,4.5045045045,4.8701298701,4.6801872075,6.968641115,17.7993527508,0.0,7.8247261346,6.600660066,4.4642857143,9.1463414634,0.0,4.3988269795,11.0935023772]}