{"data":{"Year":[1990,1991,1992,1993,1994,1995,1996,1997,1998,1999,2000,2001,2002,2003,2004,2005,2006,2007,2008,2009,2010,2011,2012,2013,2014,2015,2016,2017,2018,2019,2020,2021],"Value":[0.8057380546,0.7849958619,0.7748076529,0.664053152,0.6869505319,0.6771349479,0.6975039112,0.6933330266,0.7380318301,0.7695659016,0.8089926671,0.9861668727,0.9374996677,0.9431485469,0.9465301583,0.9452562156,0.9323440662,0.9597941287,0.892391974,0.923754565,1.0008155866,0.8822221525,0.9744724478,0.9521964854,0.990432852,0.9698524729,0.9784196323,1.1491808533,1.2438474759,1.2931245261,1.3314961723,1.3390487367]},"edges":[]}