{"data":{"Year":[1986,1986,1986,1987,1987,1987,1988,1988,1988,1989,1989,1989,1990,1990,1990,1991,1991,1991,1992,1992,1992,1993,1993,1993,1994,1994,1994,1995,1995,1995,1996,1996,1996,1997,1997,1997,1998,1998,1998,1999,1999,1999,2000,2000,2000,2001,2001,2001,2002,2002,2002,2003,2003,2003,2004,2004,2004,2005,2005,2005,2006,2006,2006,2007,2007,2007,2008,2008,2008,2009,2009,2009,2010,2010,2010,2011,2011,2011,2012,2012,2012,2013,2013,2013,2014,2014,2014,2015,2015,2015,2016,2016,2016,2017,2017,2017,2018,2018,2018,2019,2019,2019,2020,2020,2020,2021,2021,2021],"Kyn":[null,"Menn","Kvinnur",null,"Menn","Kvinnur",null,"Menn","Kvinnur",null,"Menn","Kvinnur",null,"Menn","Kvinnur",null,"Menn","Kvinnur",null,"Menn","Kvinnur",null,"Menn","Kvinnur",null,"Menn","Kvinnur",null,"Menn","Kvinnur",null,"Menn","Kvinnur",null,"Menn","Kvinnur",null,"Menn","Kvinnur",null,"Menn","Kvinnur",null,"Menn","Kvinnur",null,"Menn","Kvinnur",null,"Menn","Kvinnur",null,"Menn","Kvinnur",null,"Menn","Kvinnur",null,"Menn","Kvinnur",null,"Menn","Kvinnur",null,"Menn","Kvinnur",null,"Menn","Kvinnur",null,"Menn","Kvinnur",null,"Menn","Kvinnur",null,"Menn","Kvinnur",null,"Menn","Kvinnur",null,"Menn","Kvinnur",null,"Menn","Kvinnur",null,"Menn","Kvinnur",null,"Menn","Kvinnur",null,"Menn","Kvinnur",null,"Menn","Kvinnur",null,"Menn","Kvinnur",null,"Menn","Kvinnur",null,"Menn","Kvinnur"],"Value":[0.043516101,0.0832379565,0.0,0.0429525589,0.0821456442,0.0,0.0211729833,0.0405005873,0.0,0.0209757939,0.0401638686,0.0,0.0630808697,0.0806744383,0.0439232222,0.0,0.0,0.0,0.0,0.0,0.0,0.0869650292,0.12574135,0.0451732394,0.022497694,0.0434518119,0.0,0.0,0.0,0.0,0.0229713432,0.0445126972,0.0,0.0,0.0,0.0,0.0,0.0,0.0,0.0,0.0,0.0,0.0218653314,0.0422582826,0.0,0.0,0.0,0.0,0.0,0.0,0.0,0.0208781343,0.0402422584,0.0,0.0414744155,0.0,0.0862831381,0.0,0.0,0.0,0.0,0.0,0.0,0.0,0.0,0.0,0.0,0.0,0.0,0.0,0.0,0.0,0.0,0.0,0.0,0.020702005,0.0,0.0430496362,0.0,0.0,0.0,0.0,0.0,0.0,0.0,0.0,0.0,0.0,0.0,0.0,0.0202261281,0.0391818823,0.0,0.0,0.0,0.0,0.0,0.0,0.0,0.0,0.0,0.0,0.0,0.0,0.0,0.0375840944,0.0362917128,0.0389719207]},"edges":[]}