{"data":{"Year":[1998,1999,2000,2001,2002,2003,2004,2005,2006,2007,2008,2009,2010,2011,2012,2013,2014,2015,2016,2017,2018,2019,2020,2021,2022],"Value":[56.6144785011,57.0217363671,57.110230013,57.9970383257,60.2622559976,61.1513699807,61.089497929,61.5237373259,58.6788568762,59.406733737,61.2949730969,61.0387605716,58.824022815,58.0542051351,57.686973221,55.1226130986,53.7848215814,53.5808742854,51.8364997729,52.4897087971,54.0442418102,54.294409533,56.2354738342,54.4304127973,53.0134367685]},"edges":[]}