{"data":{"Year":[1993,1994,1995,1996,1997,1998,1999,2000,2001,2002,2003,2004,2005,2006,2007,2008,2009,2010,2011,2012,2013,2014,2015,2016,2017,2018,2019,2020,2021,2022],"Value":[0.87901,0.87892,0.87917,0.8791,0.8785,0.87852,0.87878,0.877,0.8769,0.87637,0.87482,0.87421,0.87469,0.8731,0.87444,0.87484,0.87601,0.87407,0.88164,0.88123,0.87937,0.87604,0.87251,0.87297,0.87239,0.87269,0.87289,0.87301,0.87323,0.87348]},"edges":[]}