{"data":{"Year":[1998,1999,2000,2001,2002,2003,2004,2005,2006,2007,2008,2009,2010,2011,2012,2013,2014,2015,2016,2017,2018,2019,2020,2021,2022],"Value":[76.8178145829,81.0494919857,80.0128250486,83.2422966268,80.1011358919,77.5296555012,71.7939499769,71.6344529296,77.2518762258,77.5584696499,69.7464819137,65.9708153096,68.526464438,70.6389750722,70.49290309,68.6956965514,71.990945161,76.0326290258,75.4394598306,75.5364761319,70.947764185,71.7404349724,67.8704888019,71.3081358104,74.1159548021]},"edges":[]}