Year,Series,party,Units,Value
1984,National parliament,All parties,Proportion of seats held by women,3.1
1984,National parliament,All parties,Seats held by women,1.0
1984,National parliament,All parties,Number of seats,32.0
1988,National parliament,All parties,Proportion of seats held by women,9.4
1988,National parliament,All parties,Seats held by women,3.0
1988,National parliament,All parties,Number of seats,32.0
1990,National parliament,All parties,Proportion of seats held by women,9.4
1990,National parliament,All parties,Seats held by women,3.0
1990,National parliament,All parties,Number of seats,32.0
1994,National parliament,All parties,Proportion of seats held by women,15.6
1994,National parliament,All parties,Seats held by women,5.0
1994,National parliament,All parties,Number of seats,32.0
1998,National parliament,All parties,Proportion of seats held by women,12.5
1998,National parliament,All parties,Seats held by women,4.0
1998,National parliament,All parties,Number of seats,32.0
2002,National parliament,All parties,Proportion of seats held by women,12.5
2002,National parliament,All parties,Seats held by women,4.0
2002,National parliament,All parties,Number of seats,32.0
2004,National parliament,All parties,Proportion of seats held by women,9.4
2004,National parliament,All parties,Seats held by women,3.0
2004,National parliament,All parties,Number of seats,32.0
2008,National parliament,All parties,Proportion of seats held by women,21.2
2008,National parliament,All parties,Seats held by women,7.0
2008,National parliament,All parties,Number of seats,33.0
2011,National parliament,All parties,Proportion of seats held by women,30.3
2011,National parliament,All parties,Seats held by women,10.0
2011,National parliament,All parties,Number of seats,33.0
2015,National parliament,All parties,Proportion of seats held by women,30.3
2015,National parliament,All parties,Seats held by women,10.0
2015,National parliament,All parties,Number of seats,33.0
2019,National parliament,All parties,Proportion of seats held by women,24.2
2019,National parliament,All parties,Seats held by women,8.0
2019,National parliament,All parties,Number of seats,33.0
2022,National parliament,All parties,Proportion of seats held by women,30.3
2022,National parliament,All parties,Seats held by women,10.0
2022,National parliament,All parties,Number of seats,33.0
1984,National parliament,Conservative Party,Proportion of seats held by women,0.0
1984,National parliament,Conservative Party,Seats held by women,0.0
1984,National parliament,Conservative Party,Number of seats,7.0
1988,National parliament,Conservative Party,Proportion of seats held by women,0.0
1988,National parliament,Conservative Party,Seats held by women,0.0
1988,National parliament,Conservative Party,Number of seats,8.0
1990,National parliament,Conservative Party,Proportion of seats held by women,0.0
1990,National parliament,Conservative Party,Seats held by women,0.0
1990,National parliament,Conservative Party,Number of seats,7.0
1994,National parliament,Conservative Party,Proportion of seats held by women,0.0
1994,National parliament,Conservative Party,Seats held by women,0.0
1994,National parliament,Conservative Party,Number of seats,6.0
1998,National parliament,Conservative Party,Proportion of seats held by women,0.0
1998,National parliament,Conservative Party,Seats held by women,0.0
1998,National parliament,Conservative Party,Number of seats,8.0
2002,National parliament,Conservative Party,Proportion of seats held by women,0.0
2002,National parliament,Conservative Party,Seats held by women,0.0
2002,National parliament,Conservative Party,Number of seats,7.0
2004,National parliament,Conservative Party,Proportion of seats held by women,0.0
2004,National parliament,Conservative Party,Seats held by women,0.0
2004,National parliament,Conservative Party,Number of seats,7.0
2008,National parliament,Conservative Party,Proportion of seats held by women,14.3
2008,National parliament,Conservative Party,Seats held by women,1.0
2008,National parliament,Conservative Party,Number of seats,7.0
2011,National parliament,Conservative Party,Proportion of seats held by women,25.0
2011,National parliament,Conservative Party,Seats held by women,2.0
2011,National parliament,Conservative Party,Number of seats,8.0
2015,National parliament,Conservative Party,Proportion of seats held by women,33.3
2015,National parliament,Conservative Party,Seats held by women,2.0
2015,National parliament,Conservative Party,Number of seats,6.0
2019,National parliament,Conservative Party,Proportion of seats held by women,12.5
2019,National parliament,Conservative Party,Seats held by women,1.0
2019,National parliament,Conservative Party,Number of seats,8.0
2022,National parliament,Conservative Party,Proportion of seats held by women,16.7
2022,National parliament,Conservative Party,Seats held by women,1.0
2022,National parliament,Conservative Party,Number of seats,6.0
1984,National parliament,Progress Party,Proportion of seats held by women,0.0
1984,National parliament,Progress Party,Seats held by women,0.0
1984,National parliament,Progress Party,Number of seats,2.0
2011,National parliament,Onward Party,Proportion of seats held by women,0.0
2011,National parliament,Onward Party,Seats held by women,0.0
2011,National parliament,Onward Party,Number of seats,2.0
2015,National parliament,Onward Party,Proportion of seats held by women,50.0
2015,National parliament,Onward Party,Seats held by women,1.0
2015,National parliament,Onward Party,Number of seats,2.0
2019,National parliament,Onward Party,Proportion of seats held by women,0.0
2019,National parliament,Onward Party,Seats held by women,0.0
2019,National parliament,Onward Party,Number of seats,2.0
2022,National parliament,Onward Party,Proportion of seats held by women,33.3
2022,National parliament,Onward Party,Seats held by women,1.0
2022,National parliament,Onward Party,Number of seats,3.0
1984,National parliament,Social Democratic Party,Proportion of seats held by women,0.0
1984,National parliament,Social Democratic Party,Seats held by women,0.0
1984,National parliament,Social Democratic Party,Number of seats,8.0
1988,National parliament,Social Democratic Party,Proportion of seats held by women,14.3
1988,National parliament,Social Democratic Party,Seats held by women,1.0
1988,National parliament,Social Democratic Party,Number of seats,7.0
1990,National parliament,Social Democratic Party,Proportion of seats held by women,10.0
1990,National parliament,Social Democratic Party,Seats held by women,1.0
1990,National parliament,Social Democratic Party,Number of seats,10.0
1994,National parliament,Social Democratic Party,Proportion of seats held by women,20.0
1994,National parliament,Social Democratic Party,Seats held by women,1.0
1994,National parliament,Social Democratic Party,Number of seats,5.0
1998,National parliament,Social Democratic Party,Proportion of seats held by women,14.3
1998,National parliament,Social Democratic Party,Seats held by women,1.0
1998,National parliament,Social Democratic Party,Number of seats,7.0
2002,National parliament,Social Democratic Party,Proportion of seats held by women,14.3
2002,National parliament,Social Democratic Party,Seats held by women,1.0
2002,National parliament,Social Democratic Party,Number of seats,7.0
2004,National parliament,Social Democratic Party,Proportion of seats held by women,0.0
2004,National parliament,Social Democratic Party,Seats held by women,0.0
2004,National parliament,Social Democratic Party,Number of seats,7.0
2008,National parliament,Social Democratic Party,Proportion of seats held by women,33.3
2008,National parliament,Social Democratic Party,Seats held by women,2.0
2008,National parliament,Social Democratic Party,Number of seats,6.0
2011,National parliament,Social Democratic Party,Proportion of seats held by women,33.3
2011,National parliament,Social Democratic Party,Seats held by women,2.0
2011,National parliament,Social Democratic Party,Number of seats,6.0
2015,National parliament,Social Democratic Party,Proportion of seats held by women,37.5
2015,National parliament,Social Democratic Party,Seats held by women,3.0
2015,National parliament,Social Democratic Party,Number of seats,8.0
2019,National parliament,Social Democratic Party,Proportion of seats held by women,14.3
2019,National parliament,Social Democratic Party,Seats held by women,1.0
2019,National parliament,Social Democratic Party,Number of seats,7.0
2022,National parliament,Social Democratic Party,Proportion of seats held by women,33.3
2022,National parliament,Social Democratic Party,Seats held by women,3.0
2022,National parliament,Social Democratic Party,Number of seats,9.0
1988,National parliament,Christian Party,Proportion of seats held by women,0.0
1988,National parliament,Christian Party,Seats held by women,0.0
1988,National parliament,Christian Party,Number of seats,2.0
1990,National parliament,Christian Party,Proportion of seats held by women,0.0
1990,National parliament,Christian Party,Seats held by women,0.0
1990,National parliament,Christian Party,Number of seats,2.0
1994,National parliament,Christian Party,Proportion of seats held by women,0.0
1994,National parliament,Christian Party,Seats held by women,0.0
1994,National parliament,Christian Party,Number of seats,2.0
1994,National parliament,The Centre Party,Proportion of seats held by women,0.0
1994,National parliament,The Centre Party,Seats held by women,0.0
1994,National parliament,The Centre Party,Number of seats,2.0
1998,National parliament,The Centre Party,Proportion of seats held by women,0.0
1998,National parliament,The Centre Party,Seats held by women,0.0
1998,National parliament,The Centre Party,Number of seats,1.0
2002,National parliament,The Centre Party,Proportion of seats held by women,0.0
2002,National parliament,The Centre Party,Seats held by women,0.0
2002,National parliament,The Centre Party,Number of seats,1.0
2004,National parliament,The Centre Party,Proportion of seats held by women,0.0
2004,National parliament,The Centre Party,Seats held by women,0.0
2004,National parliament,The Centre Party,Number of seats,2.0
2008,National parliament,The Centre Party,Proportion of seats held by women,0.0
2008,National parliament,The Centre Party,Seats held by women,0.0
2008,National parliament,The Centre Party,Number of seats,3.0
2011,National parliament,The Centre Party,Proportion of seats held by women,0.0
2011,National parliament,The Centre Party,Seats held by women,0.0
2011,National parliament,The Centre Party,Number of seats,2.0
2015,National parliament,The Centre Party,Proportion of seats held by women,0.0
2015,National parliament,The Centre Party,Seats held by women,0.0
2015,National parliament,The Centre Party,Number of seats,2.0
2019,National parliament,The Centre Party,Proportion of seats held by women,0.0
2019,National parliament,The Centre Party,Seats held by women,0.0
2019,National parliament,The Centre Party,Number of seats,2.0
2022,National parliament,The Centre Party,Proportion of seats held by women,0.0
2022,National parliament,The Centre Party,Seats held by women,0.0
2022,National parliament,The Centre Party,Number of seats,2.0
1984,National parliament,Unionist Party,Proportion of seats held by women,0.0
1984,National parliament,Unionist Party,Seats held by women,0.0
1984,National parliament,Unionist Party,Number of seats,7.0
1988,National parliament,Unionist Party,Proportion of seats held by women,0.0
1988,National parliament,Unionist Party,Seats held by women,0.0
1988,National parliament,Unionist Party,Number of seats,7.0
1990,National parliament,Unionist Party,Proportion of seats held by women,16.7
1990,National parliament,Unionist Party,Seats held by women,1.0
1990,National parliament,Unionist Party,Number of seats,6.0
1994,National parliament,Unionist Party,Proportion of seats held by women,25.0
1994,National parliament,Unionist Party,Seats held by women,2.0
1994,National parliament,Unionist Party,Number of seats,8.0
1998,National parliament,Unionist Party,Proportion of seats held by women,16.7
1998,National parliament,Unionist Party,Seats held by women,1.0
1998,National parliament,Unionist Party,Number of seats,6.0
2002,National parliament,Unionist Party,Proportion of seats held by women,12.5
2002,National parliament,Unionist Party,Seats held by women,1.0
2002,National parliament,Unionist Party,Number of seats,8.0
2004,National parliament,Unionist Party,Proportion of seats held by women,14.3
2004,National parliament,Unionist Party,Seats held by women,1.0
2004,National parliament,Unionist Party,Number of seats,7.0
2008,National parliament,Unionist Party,Proportion of seats held by women,14.3
2008,National parliament,Unionist Party,Seats held by women,1.0
2008,National parliament,Unionist Party,Number of seats,7.0
2011,National parliament,Unionist Party,Proportion of seats held by women,25.0
2011,National parliament,Unionist Party,Seats held by women,2.0
2011,National parliament,Unionist Party,Number of seats,8.0
2015,National parliament,Unionist Party,Proportion of seats held by women,0.0
2015,National parliament,Unionist Party,Seats held by women,0.0
2015,National parliament,Unionist Party,Number of seats,6.0
2019,National parliament,Unionist Party,Proportion of seats held by women,14.3
2019,National parliament,Unionist Party,Seats held by women,1.0
2019,National parliament,Unionist Party,Number of seats,7.0
2022,National parliament,Unionist Party,Proportion of seats held by women,14.3
2022,National parliament,Unionist Party,Seats held by women,1.0
2022,National parliament,Unionist Party,Number of seats,7.0
1984,National parliament,Workers´ Movement,Proportion of seats held by women,0.0
1984,National parliament,Workers´ Movement,Seats held by women,0.0
1984,National parliament,Workers´ Movement,Number of seats,2.0
1988,National parliament,Workers´ Movement,Proportion of seats held by women,0.0
1988,National parliament,Workers´ Movement,Seats held by women,0.0
1988,National parliament,Workers´ Movement,Number of seats,2.0
1990,National parliament,Workers´ Movement,Proportion of seats held by women,33.3
1990,National parliament,Workers´ Movement,Seats held by women,1.0
1990,National parliament,Workers´ Movement,Number of seats,3.0
1994,National parliament,Workers´ Movement,Proportion of seats held by women,50.0
1994,National parliament,Workers´ Movement,Seats held by women,1.0
1994,National parliament,Workers´ Movement,Number of seats,2.0
1998,National parliament,Workers´ Movement,Proportion of seats held by women,50.0
1998,National parliament,Workers´ Movement,Seats held by women,1.0
1998,National parliament,Workers´ Movement,Number of seats,2.0
2002,National parliament,Workers´ Movement,Proportion of seats held by women,0.0
2002,National parliament,Workers´ Movement,Seats held by women,0.0
2002,National parliament,Workers´ Movement,Number of seats,1.0
2004,National parliament,Workers´ Movement,Proportion of seats held by women,0.0
2004,National parliament,Workers´ Movement,Seats held by women,0.0
2004,National parliament,Workers´ Movement,Number of seats,1.0
2008,National parliament,Workers´ Movement,Proportion of seats held by women,0.0
2008,National parliament,Workers´ Movement,Seats held by women,0.0
2008,National parliament,Workers´ Movement,Number of seats,2.0
2011,National parliament,Workers´ Movement,Proportion of seats held by women,0.0
2011,National parliament,Workers´ Movement,Seats held by women,0.0
2011,National parliament,Workers´ Movement,Number of seats,1.0
2015,National parliament,Workers´ Movement,Proportion of seats held by women,0.0
2015,National parliament,Workers´ Movement,Seats held by women,0.0
2015,National parliament,Workers´ Movement,Number of seats,2.0
2019,National parliament,Workers´ Movement,Proportion of seats held by women,0.0
2019,National parliament,Workers´ Movement,Seats held by women,0.0
2019,National parliament,Workers´ Movement,Number of seats,1.0
1984,National parliament,Republican Party,Proportion of seats held by women,16.7
1984,National parliament,Republican Party,Seats held by women,1.0
1984,National parliament,Republican Party,Number of seats,6.0
1988,National parliament,Republican Party,Proportion of seats held by women,33.3
1988,National parliament,Republican Party,Seats held by women,2.0
1988,National parliament,Republican Party,Number of seats,6.0
1990,National parliament,Republican Party,Proportion of seats held by women,0.0
1990,National parliament,Republican Party,Seats held by women,0.0
1990,National parliament,Republican Party,Number of seats,4.0
1994,National parliament,Republican Party,Proportion of seats held by women,0.0
1994,National parliament,Republican Party,Seats held by women,0.0
1994,National parliament,Republican Party,Number of seats,4.0
1998,National parliament,Republican Party,Proportion of seats held by women,12.5
1998,National parliament,Republican Party,Seats held by women,1.0
1998,National parliament,Republican Party,Number of seats,8.0
2002,National parliament,Republican Party,Proportion of seats held by women,25.0
2002,National parliament,Republican Party,Seats held by women,2.0
2002,National parliament,Republican Party,Number of seats,8.0
2004,National parliament,Republican Party,Proportion of seats held by women,25.0
2004,National parliament,Republican Party,Seats held by women,2.0
2004,National parliament,Republican Party,Number of seats,8.0
2008,National parliament,Republican Party,Proportion of seats held by women,37.5
2008,National parliament,Republican Party,Seats held by women,3.0
2008,National parliament,Republican Party,Number of seats,8.0
2011,National parliament,Republican Party,Proportion of seats held by women,66.7
2011,National parliament,Republican Party,Seats held by women,4.0
2011,National parliament,Republican Party,Number of seats,6.0
2015,National parliament,Republican Party,Proportion of seats held by women,57.1
2015,National parliament,Republican Party,Seats held by women,4.0
2015,National parliament,Republican Party,Number of seats,7.0
2019,National parliament,Republican Party,Proportion of seats held by women,83.3
2019,National parliament,Republican Party,Seats held by women,5.0
2019,National parliament,Republican Party,Number of seats,6.0
2022,National parliament,Republican Party,Proportion of seats held by women,66.7
2022,National parliament,Republican Party,Seats held by women,4.0
2022,National parliament,Republican Party,Number of seats,6.0
1994,National parliament,Verkamannafylkingin,Proportion of seats held by women,33.3
1994,National parliament,Verkamannafylkingin,Seats held by women,1.0
1994,National parliament,Verkamannafylkingin,Number of seats,3.0
1984,National parliament,Hvalvík municipality,Proportion of seats held by women,0.0
1984,National parliament,Hvalvík municipality,Seats held by women,0.0
1984,National parliament,Hvalvík municipality,Number of seats,0.0
1988,National parliament,Hvalvík municipality,Proportion of seats held by women,0.0
1988,National parliament,Hvalvík municipality,Seats held by women,0.0
1988,National parliament,Hvalvík municipality,Number of seats,0.0
1990,National parliament,Hvalvík municipality,Proportion of seats held by women,0.0
1990,National parliament,Hvalvík municipality,Seats held by women,0.0
1990,National parliament,Hvalvík municipality,Number of seats,0.0
1992,National parliament,Hvalvík municipality,Proportion of seats held by women,0.0
1992,National parliament,Hvalvík municipality,Seats held by women,0.0
1992,National parliament,Hvalvík municipality,Number of seats,0.0
1994,National parliament,Hvalvík municipality,Proportion of seats held by women,0.0
1994,National parliament,Hvalvík municipality,Seats held by women,0.0
1994,National parliament,Hvalvík municipality,Number of seats,0.0
1996,National parliament,Hvalvík municipality,Proportion of seats held by women,0.0
1996,National parliament,Hvalvík municipality,Seats held by women,0.0
1996,National parliament,Hvalvík municipality,Number of seats,0.0
1998,National parliament,Hvalvík municipality,Proportion of seats held by women,0.0
1998,National parliament,Hvalvík municipality,Seats held by women,0.0
1998,National parliament,Hvalvík municipality,Number of seats,0.0
2000,National parliament,Hvalvík municipality,Proportion of seats held by women,0.0
2000,National parliament,Hvalvík municipality,Seats held by women,0.0
2000,National parliament,Hvalvík municipality,Number of seats,0.0
2002,National parliament,Hvalvík municipality,Proportion of seats held by women,0.0
2002,National parliament,Hvalvík municipality,Seats held by women,0.0
2002,National parliament,Hvalvík municipality,Number of seats,0.0
2004,National parliament,Hvalvík municipality,Proportion of seats held by women,0.0
2004,National parliament,Hvalvík municipality,Seats held by women,0.0
2004,National parliament,Hvalvík municipality,Number of seats,0.0
2008,National parliament,Hvalvík municipality,Proportion of seats held by women,0.0
2008,National parliament,Hvalvík municipality,Seats held by women,0.0
2008,National parliament,Hvalvík municipality,Number of seats,0.0
2011,National parliament,Hvalvík municipality,Proportion of seats held by women,0.0
2011,National parliament,Hvalvík municipality,Seats held by women,0.0
2011,National parliament,Hvalvík municipality,Number of seats,0.0
2012,National parliament,Hvalvík municipality,Proportion of seats held by women,0.0
2012,National parliament,Hvalvík municipality,Seats held by women,0.0
2012,National parliament,Hvalvík municipality,Number of seats,0.0
2015,National parliament,Hvalvík municipality,Proportion of seats held by women,0.0
2015,National parliament,Hvalvík municipality,Seats held by women,0.0
2015,National parliament,Hvalvík municipality,Number of seats,0.0
2016,National parliament,Hvalvík municipality,Proportion of seats held by women,0.0
2016,National parliament,Hvalvík municipality,Seats held by women,0.0
2016,National parliament,Hvalvík municipality,Number of seats,0.0
2019,National parliament,Hvalvík municipality,Proportion of seats held by women,0.0
2019,National parliament,Hvalvík municipality,Seats held by women,0.0
2019,National parliament,Hvalvík municipality,Number of seats,0.0
2020,National parliament,Hvalvík municipality,Proportion of seats held by women,0.0
2020,National parliament,Hvalvík municipality,Seats held by women,0.0
2020,National parliament,Hvalvík municipality,Number of seats,0.0
2022,National parliament,Hvalvík municipality,Proportion of seats held by women,0.0
2022,National parliament,Hvalvík municipality,Seats held by women,0.0
2022,National parliament,Hvalvík municipality,Number of seats,0.0
2024,National parliament,Hvalvík municipality,Proportion of seats held by women,0.0
2024,National parliament,Hvalvík municipality,Seats held by women,0.0
2024,National parliament,Hvalvík municipality,Number of seats,0.0
1984,National parliament,Hvannasund municipality,Proportion of seats held by women,0.0
1984,National parliament,Hvannasund municipality,Seats held by women,0.0
1984,National parliament,Hvannasund municipality,Number of seats,0.0
1988,National parliament,Hvannasund municipality,Proportion of seats held by women,0.0
1988,National parliament,Hvannasund municipality,Seats held by women,0.0
1988,National parliament,Hvannasund municipality,Number of seats,0.0
1990,National parliament,Hvannasund municipality,Proportion of seats held by women,0.0
1990,National parliament,Hvannasund municipality,Seats held by women,0.0
1990,National parliament,Hvannasund municipality,Number of seats,0.0
1992,National parliament,Hvannasund municipality,Proportion of seats held by women,0.0
1992,National parliament,Hvannasund municipality,Seats held by women,0.0
1992,National parliament,Hvannasund municipality,Number of seats,0.0
1994,National parliament,Hvannasund municipality,Proportion of seats held by women,0.0
1994,National parliament,Hvannasund municipality,Seats held by women,0.0
1994,National parliament,Hvannasund municipality,Number of seats,0.0
1996,National parliament,Hvannasund municipality,Proportion of seats held by women,0.0
1996,National parliament,Hvannasund municipality,Seats held by women,0.0
1996,National parliament,Hvannasund municipality,Number of seats,0.0
1998,National parliament,Hvannasund municipality,Proportion of seats held by women,0.0
1998,National parliament,Hvannasund municipality,Seats held by women,0.0
1998,National parliament,Hvannasund municipality,Number of seats,0.0
2000,National parliament,Hvannasund municipality,Proportion of seats held by women,0.0
2000,National parliament,Hvannasund municipality,Seats held by women,0.0
2000,National parliament,Hvannasund municipality,Number of seats,0.0
2002,National parliament,Hvannasund municipality,Proportion of seats held by women,0.0
2002,National parliament,Hvannasund municipality,Seats held by women,0.0
2002,National parliament,Hvannasund municipality,Number of seats,0.0
2004,National parliament,Hvannasund municipality,Proportion of seats held by women,0.0
2004,National parliament,Hvannasund municipality,Seats held by women,0.0
2004,National parliament,Hvannasund municipality,Number of seats,0.0
2008,National parliament,Hvannasund municipality,Proportion of seats held by women,0.0
2008,National parliament,Hvannasund municipality,Seats held by women,0.0
2008,National parliament,Hvannasund municipality,Number of seats,0.0
2011,National parliament,Hvannasund municipality,Proportion of seats held by women,0.0
2011,National parliament,Hvannasund municipality,Seats held by women,0.0
2011,National parliament,Hvannasund municipality,Number of seats,0.0
2012,National parliament,Hvannasund municipality,Proportion of seats held by women,0.0
2012,National parliament,Hvannasund municipality,Seats held by women,0.0
2012,National parliament,Hvannasund municipality,Number of seats,0.0
2015,National parliament,Hvannasund municipality,Proportion of seats held by women,0.0
2015,National parliament,Hvannasund municipality,Seats held by women,0.0
2015,National parliament,Hvannasund municipality,Number of seats,0.0
2016,National parliament,Hvannasund municipality,Proportion of seats held by women,0.0
2016,National parliament,Hvannasund municipality,Seats held by women,0.0
2016,National parliament,Hvannasund municipality,Number of seats,0.0
2019,National parliament,Hvannasund municipality,Proportion of seats held by women,0.0
2019,National parliament,Hvannasund municipality,Seats held by women,0.0
2019,National parliament,Hvannasund municipality,Number of seats,0.0
2020,National parliament,Hvannasund municipality,Proportion of seats held by women,0.0
2020,National parliament,Hvannasund municipality,Seats held by women,0.0
2020,National parliament,Hvannasund municipality,Number of seats,0.0
2022,National parliament,Hvannasund municipality,Proportion of seats held by women,0.0
2022,National parliament,Hvannasund municipality,Seats held by women,0.0
2022,National parliament,Hvannasund municipality,Number of seats,0.0
2024,National parliament,Hvannasund municipality,Proportion of seats held by women,0.0
2024,National parliament,Hvannasund municipality,Seats held by women,0.0
2024,National parliament,Hvannasund municipality,Number of seats,0.0
1984,National parliament,Kirkjubøur municipality,Proportion of seats held by women,0.0
1984,National parliament,Kirkjubøur municipality,Seats held by women,0.0
1984,National parliament,Kirkjubøur municipality,Number of seats,0.0
1988,National parliament,Kirkjubøur municipality,Proportion of seats held by women,0.0
1988,National parliament,Kirkjubøur municipality,Seats held by women,0.0
1988,National parliament,Kirkjubøur municipality,Number of seats,0.0
1990,National parliament,Kirkjubøur municipality,Proportion of seats held by women,0.0
1990,National parliament,Kirkjubøur municipality,Seats held by women,0.0
1990,National parliament,Kirkjubøur municipality,Number of seats,0.0
1992,National parliament,Kirkjubøur municipality,Proportion of seats held by women,0.0
1992,National parliament,Kirkjubøur municipality,Seats held by women,0.0
1992,National parliament,Kirkjubøur municipality,Number of seats,0.0
1994,National parliament,Kirkjubøur municipality,Proportion of seats held by women,0.0
1994,National parliament,Kirkjubøur municipality,Seats held by women,0.0
1994,National parliament,Kirkjubøur municipality,Number of seats,0.0
1996,National parliament,Kirkjubøur municipality,Proportion of seats held by women,0.0
1996,National parliament,Kirkjubøur municipality,Seats held by women,0.0
1996,National parliament,Kirkjubøur municipality,Number of seats,0.0
1998,National parliament,Kirkjubøur municipality,Proportion of seats held by women,0.0
1998,National parliament,Kirkjubøur municipality,Seats held by women,0.0
1998,National parliament,Kirkjubøur municipality,Number of seats,0.0
2000,National parliament,Kirkjubøur municipality,Proportion of seats held by women,0.0
2000,National parliament,Kirkjubøur municipality,Seats held by women,0.0
2000,National parliament,Kirkjubøur municipality,Number of seats,0.0
2002,National parliament,Kirkjubøur municipality,Proportion of seats held by women,0.0
2002,National parliament,Kirkjubøur municipality,Seats held by women,0.0
2002,National parliament,Kirkjubøur municipality,Number of seats,0.0
2004,National parliament,Kirkjubøur municipality,Proportion of seats held by women,0.0
2004,National parliament,Kirkjubøur municipality,Seats held by women,0.0
2004,National parliament,Kirkjubøur municipality,Number of seats,0.0
2008,National parliament,Kirkjubøur municipality,Proportion of seats held by women,0.0
2008,National parliament,Kirkjubøur municipality,Seats held by women,0.0
2008,National parliament,Kirkjubøur municipality,Number of seats,0.0
2011,National parliament,Kirkjubøur municipality,Proportion of seats held by women,0.0
2011,National parliament,Kirkjubøur municipality,Seats held by women,0.0
2011,National parliament,Kirkjubøur municipality,Number of seats,0.0
2012,National parliament,Kirkjubøur municipality,Proportion of seats held by women,0.0
2012,National parliament,Kirkjubøur municipality,Seats held by women,0.0
2012,National parliament,Kirkjubøur municipality,Number of seats,0.0
2015,National parliament,Kirkjubøur municipality,Proportion of seats held by women,0.0
2015,National parliament,Kirkjubøur municipality,Seats held by women,0.0
2015,National parliament,Kirkjubøur municipality,Number of seats,0.0
2016,National parliament,Kirkjubøur municipality,Proportion of seats held by women,0.0
2016,National parliament,Kirkjubøur municipality,Seats held by women,0.0
2016,National parliament,Kirkjubøur municipality,Number of seats,0.0
2019,National parliament,Kirkjubøur municipality,Proportion of seats held by women,0.0
2019,National parliament,Kirkjubøur municipality,Seats held by women,0.0
2019,National parliament,Kirkjubøur municipality,Number of seats,0.0
2020,National parliament,Kirkjubøur municipality,Proportion of seats held by women,0.0
2020,National parliament,Kirkjubøur municipality,Seats held by women,0.0
2020,National parliament,Kirkjubøur municipality,Number of seats,0.0
2022,National parliament,Kirkjubøur municipality,Proportion of seats held by women,0.0
2022,National parliament,Kirkjubøur municipality,Seats held by women,0.0
2022,National parliament,Kirkjubøur municipality,Number of seats,0.0
2024,National parliament,Kirkjubøur municipality,Proportion of seats held by women,0.0
2024,National parliament,Kirkjubøur municipality,Seats held by women,0.0
2024,National parliament,Kirkjubøur municipality,Number of seats,0.0
1984,National parliament,Klaksvík municipality,Proportion of seats held by women,0.0
1984,National parliament,Klaksvík municipality,Seats held by women,0.0
1984,National parliament,Klaksvík municipality,Number of seats,0.0
1988,National parliament,Klaksvík municipality,Proportion of seats held by women,0.0
1988,National parliament,Klaksvík municipality,Seats held by women,0.0
1988,National parliament,Klaksvík municipality,Number of seats,0.0
1990,National parliament,Klaksvík municipality,Proportion of seats held by women,0.0
1990,National parliament,Klaksvík municipality,Seats held by women,0.0
1990,National parliament,Klaksvík municipality,Number of seats,0.0
1992,National parliament,Klaksvík municipality,Proportion of seats held by women,0.0
1992,National parliament,Klaksvík municipality,Seats held by women,0.0
1992,National parliament,Klaksvík municipality,Number of seats,0.0
1994,National parliament,Klaksvík municipality,Proportion of seats held by women,0.0
1994,National parliament,Klaksvík municipality,Seats held by women,0.0
1994,National parliament,Klaksvík municipality,Number of seats,0.0
1996,National parliament,Klaksvík municipality,Proportion of seats held by women,0.0
1996,National parliament,Klaksvík municipality,Seats held by women,0.0
1996,National parliament,Klaksvík municipality,Number of seats,0.0
1998,National parliament,Klaksvík municipality,Proportion of seats held by women,0.0
1998,National parliament,Klaksvík municipality,Seats held by women,0.0
1998,National parliament,Klaksvík municipality,Number of seats,0.0
2000,National parliament,Klaksvík municipality,Proportion of seats held by women,0.0
2000,National parliament,Klaksvík municipality,Seats held by women,0.0
2000,National parliament,Klaksvík municipality,Number of seats,0.0
2002,National parliament,Klaksvík municipality,Proportion of seats held by women,0.0
2002,National parliament,Klaksvík municipality,Seats held by women,0.0
2002,National parliament,Klaksvík municipality,Number of seats,0.0
2004,National parliament,Klaksvík municipality,Proportion of seats held by women,0.0
2004,National parliament,Klaksvík municipality,Seats held by women,0.0
2004,National parliament,Klaksvík municipality,Number of seats,0.0
2008,National parliament,Klaksvík municipality,Proportion of seats held by women,0.0
2008,National parliament,Klaksvík municipality,Seats held by women,0.0
2008,National parliament,Klaksvík municipality,Number of seats,0.0
2011,National parliament,Klaksvík municipality,Proportion of seats held by women,0.0
2011,National parliament,Klaksvík municipality,Seats held by women,0.0
2011,National parliament,Klaksvík municipality,Number of seats,0.0
2012,National parliament,Klaksvík municipality,Proportion of seats held by women,0.0
2012,National parliament,Klaksvík municipality,Seats held by women,0.0
2012,National parliament,Klaksvík municipality,Number of seats,0.0
2015,National parliament,Klaksvík municipality,Proportion of seats held by women,0.0
2015,National parliament,Klaksvík municipality,Seats held by women,0.0
2015,National parliament,Klaksvík municipality,Number of seats,0.0
2016,National parliament,Klaksvík municipality,Proportion of seats held by women,0.0
2016,National parliament,Klaksvík municipality,Seats held by women,0.0
2016,National parliament,Klaksvík municipality,Number of seats,0.0
2019,National parliament,Klaksvík municipality,Proportion of seats held by women,0.0
2019,National parliament,Klaksvík municipality,Seats held by women,0.0
2019,National parliament,Klaksvík municipality,Number of seats,0.0
2020,National parliament,Klaksvík municipality,Proportion of seats held by women,0.0
2020,National parliament,Klaksvík municipality,Seats held by women,0.0
2020,National parliament,Klaksvík municipality,Number of seats,0.0
2022,National parliament,Klaksvík municipality,Proportion of seats held by women,0.0
2022,National parliament,Klaksvík municipality,Seats held by women,0.0
2022,National parliament,Klaksvík municipality,Number of seats,0.0
2024,National parliament,Klaksvík municipality,Proportion of seats held by women,0.0
2024,National parliament,Klaksvík municipality,Seats held by women,0.0
2024,National parliament,Klaksvík municipality,Number of seats,0.0
1984,National parliament,Kollafjørður municipality,Proportion of seats held by women,0.0
1984,National parliament,Kollafjørður municipality,Seats held by women,0.0
1984,National parliament,Kollafjørður municipality,Number of seats,0.0
1988,National parliament,Kollafjørður municipality,Proportion of seats held by women,0.0
1988,National parliament,Kollafjørður municipality,Seats held by women,0.0
1988,National parliament,Kollafjørður municipality,Number of seats,0.0
1990,National parliament,Kollafjørður municipality,Proportion of seats held by women,0.0
1990,National parliament,Kollafjørður municipality,Seats held by women,0.0
1990,National parliament,Kollafjørður municipality,Number of seats,0.0
1992,National parliament,Kollafjørður municipality,Proportion of seats held by women,0.0
1992,National parliament,Kollafjørður municipality,Seats held by women,0.0
1992,National parliament,Kollafjørður municipality,Number of seats,0.0
1994,National parliament,Kollafjørður municipality,Proportion of seats held by women,0.0
1994,National parliament,Kollafjørður municipality,Seats held by women,0.0
1994,National parliament,Kollafjørður municipality,Number of seats,0.0
1996,National parliament,Kollafjørður municipality,Proportion of seats held by women,0.0
1996,National parliament,Kollafjørður municipality,Seats held by women,0.0
1996,National parliament,Kollafjørður municipality,Number of seats,0.0
1998,National parliament,Kollafjørður municipality,Proportion of seats held by women,0.0
1998,National parliament,Kollafjørður municipality,Seats held by women,0.0
1998,National parliament,Kollafjørður municipality,Number of seats,0.0
2000,National parliament,Kollafjørður municipality,Proportion of seats held by women,0.0
2000,National parliament,Kollafjørður municipality,Seats held by women,0.0
2000,National parliament,Kollafjørður municipality,Number of seats,0.0
2002,National parliament,Kollafjørður municipality,Proportion of seats held by women,0.0
2002,National parliament,Kollafjørður municipality,Seats held by women,0.0
2002,National parliament,Kollafjørður municipality,Number of seats,0.0
2004,National parliament,Kollafjørður municipality,Proportion of seats held by women,0.0
2004,National parliament,Kollafjørður municipality,Seats held by women,0.0
2004,National parliament,Kollafjørður municipality,Number of seats,0.0
2008,National parliament,Kollafjørður municipality,Proportion of seats held by women,0.0
2008,National parliament,Kollafjørður municipality,Seats held by women,0.0
2008,National parliament,Kollafjørður municipality,Number of seats,0.0
2011,National parliament,Kollafjørður municipality,Proportion of seats held by women,0.0
2011,National parliament,Kollafjørður municipality,Seats held by women,0.0
2011,National parliament,Kollafjørður municipality,Number of seats,0.0
2012,National parliament,Kollafjørður municipality,Proportion of seats held by women,0.0
2012,National parliament,Kollafjørður municipality,Seats held by women,0.0
2012,National parliament,Kollafjørður municipality,Number of seats,0.0
2015,National parliament,Kollafjørður municipality,Proportion of seats held by women,0.0
2015,National parliament,Kollafjørður municipality,Seats held by women,0.0
2015,National parliament,Kollafjørður municipality,Number of seats,0.0
2016,National parliament,Kollafjørður municipality,Proportion of seats held by women,0.0
2016,National parliament,Kollafjørður municipality,Seats held by women,0.0
2016,National parliament,Kollafjørður municipality,Number of seats,0.0
2019,National parliament,Kollafjørður municipality,Proportion of seats held by women,0.0
2019,National parliament,Kollafjørður municipality,Seats held by women,0.0
2019,National parliament,Kollafjørður municipality,Number of seats,0.0
2020,National parliament,Kollafjørður municipality,Proportion of seats held by women,0.0
2020,National parliament,Kollafjørður municipality,Seats held by women,0.0
2020,National parliament,Kollafjørður municipality,Number of seats,0.0
2022,National parliament,Kollafjørður municipality,Proportion of seats held by women,0.0
2022,National parliament,Kollafjørður municipality,Seats held by women,0.0
2022,National parliament,Kollafjørður municipality,Number of seats,0.0
2024,National parliament,Kollafjørður municipality,Proportion of seats held by women,0.0
2024,National parliament,Kollafjørður municipality,Seats held by women,0.0
2024,National parliament,Kollafjørður municipality,Number of seats,0.0
1984,National parliament,Kunoy municipality,Proportion of seats held by women,0.0
1984,National parliament,Kunoy municipality,Seats held by women,0.0
1984,National parliament,Kunoy municipality,Number of seats,0.0
1988,National parliament,Kunoy municipality,Proportion of seats held by women,0.0
1988,National parliament,Kunoy municipality,Seats held by women,0.0
1988,National parliament,Kunoy municipality,Number of seats,0.0
1990,National parliament,Kunoy municipality,Proportion of seats held by women,0.0
1990,National parliament,Kunoy municipality,Seats held by women,0.0
1990,National parliament,Kunoy municipality,Number of seats,0.0
1992,National parliament,Kunoy municipality,Proportion of seats held by women,0.0
1992,National parliament,Kunoy municipality,Seats held by women,0.0
1992,National parliament,Kunoy municipality,Number of seats,0.0
1994,National parliament,Kunoy municipality,Proportion of seats held by women,0.0
1994,National parliament,Kunoy municipality,Seats held by women,0.0
1994,National parliament,Kunoy municipality,Number of seats,0.0
1996,National parliament,Kunoy municipality,Proportion of seats held by women,0.0
1996,National parliament,Kunoy municipality,Seats held by women,0.0
1996,National parliament,Kunoy municipality,Number of seats,0.0
1998,National parliament,Kunoy municipality,Proportion of seats held by women,0.0
1998,National parliament,Kunoy municipality,Seats held by women,0.0
1998,National parliament,Kunoy municipality,Number of seats,0.0
2000,National parliament,Kunoy municipality,Proportion of seats held by women,0.0
2000,National parliament,Kunoy municipality,Seats held by women,0.0
2000,National parliament,Kunoy municipality,Number of seats,0.0
2002,National parliament,Kunoy municipality,Proportion of seats held by women,0.0
2002,National parliament,Kunoy municipality,Seats held by women,0.0
2002,National parliament,Kunoy municipality,Number of seats,0.0
2004,National parliament,Kunoy municipality,Proportion of seats held by women,0.0
2004,National parliament,Kunoy municipality,Seats held by women,0.0
2004,National parliament,Kunoy municipality,Number of seats,0.0
2008,National parliament,Kunoy municipality,Proportion of seats held by women,0.0
2008,National parliament,Kunoy municipality,Seats held by women,0.0
2008,National parliament,Kunoy municipality,Number of seats,0.0
2011,National parliament,Kunoy municipality,Proportion of seats held by women,0.0
2011,National parliament,Kunoy municipality,Seats held by women,0.0
2011,National parliament,Kunoy municipality,Number of seats,0.0
2012,National parliament,Kunoy municipality,Proportion of seats held by women,0.0
2012,National parliament,Kunoy municipality,Seats held by women,0.0
2012,National parliament,Kunoy municipality,Number of seats,0.0
2015,National parliament,Kunoy municipality,Proportion of seats held by women,0.0
2015,National parliament,Kunoy municipality,Seats held by women,0.0
2015,National parliament,Kunoy municipality,Number of seats,0.0
2016,National parliament,Kunoy municipality,Proportion of seats held by women,0.0
2016,National parliament,Kunoy municipality,Seats held by women,0.0
2016,National parliament,Kunoy municipality,Number of seats,0.0
2019,National parliament,Kunoy municipality,Proportion of seats held by women,0.0
2019,National parliament,Kunoy municipality,Seats held by women,0.0
2019,National parliament,Kunoy municipality,Number of seats,0.0
2020,National parliament,Kunoy municipality,Proportion of seats held by women,0.0
2020,National parliament,Kunoy municipality,Seats held by women,0.0
2020,National parliament,Kunoy municipality,Number of seats,0.0
2022,National parliament,Kunoy municipality,Proportion of seats held by women,0.0
2022,National parliament,Kunoy municipality,Seats held by women,0.0
2022,National parliament,Kunoy municipality,Number of seats,0.0
2024,National parliament,Kunoy municipality,Proportion of seats held by women,0.0
2024,National parliament,Kunoy municipality,Seats held by women,0.0
2024,National parliament,Kunoy municipality,Number of seats,0.0
1984,National parliament,Kvívík municipality,Proportion of seats held by women,0.0
1984,National parliament,Kvívík municipality,Seats held by women,0.0
1984,National parliament,Kvívík municipality,Number of seats,0.0
1988,National parliament,Kvívík municipality,Proportion of seats held by women,0.0
1988,National parliament,Kvívík municipality,Seats held by women,0.0
1988,National parliament,Kvívík municipality,Number of seats,0.0
1990,National parliament,Kvívík municipality,Proportion of seats held by women,0.0
1990,National parliament,Kvívík municipality,Seats held by women,0.0
1990,National parliament,Kvívík municipality,Number of seats,0.0
1992,National parliament,Kvívík municipality,Proportion of seats held by women,0.0
1992,National parliament,Kvívík municipality,Seats held by women,0.0
1992,National parliament,Kvívík municipality,Number of seats,0.0
1994,National parliament,Kvívík municipality,Proportion of seats held by women,0.0
1994,National parliament,Kvívík municipality,Seats held by women,0.0
1994,National parliament,Kvívík municipality,Number of seats,0.0
1996,National parliament,Kvívík municipality,Proportion of seats held by women,0.0
1996,National parliament,Kvívík municipality,Seats held by women,0.0
1996,National parliament,Kvívík municipality,Number of seats,0.0
1998,National parliament,Kvívík municipality,Proportion of seats held by women,0.0
1998,National parliament,Kvívík municipality,Seats held by women,0.0
1998,National parliament,Kvívík municipality,Number of seats,0.0
2000,National parliament,Kvívík municipality,Proportion of seats held by women,0.0
2000,National parliament,Kvívík municipality,Seats held by women,0.0
2000,National parliament,Kvívík municipality,Number of seats,0.0
2002,National parliament,Kvívík municipality,Proportion of seats held by women,0.0
2002,National parliament,Kvívík municipality,Seats held by women,0.0
2002,National parliament,Kvívík municipality,Number of seats,0.0
2004,National parliament,Kvívík municipality,Proportion of seats held by women,0.0
2004,National parliament,Kvívík municipality,Seats held by women,0.0
2004,National parliament,Kvívík municipality,Number of seats,0.0
2008,National parliament,Kvívík municipality,Proportion of seats held by women,0.0
2008,National parliament,Kvívík municipality,Seats held by women,0.0
2008,National parliament,Kvívík municipality,Number of seats,0.0
2011,National parliament,Kvívík municipality,Proportion of seats held by women,0.0
2011,National parliament,Kvívík municipality,Seats held by women,0.0
2011,National parliament,Kvívík municipality,Number of seats,0.0
2012,National parliament,Kvívík municipality,Proportion of seats held by women,0.0
2012,National parliament,Kvívík municipality,Seats held by women,0.0
2012,National parliament,Kvívík municipality,Number of seats,0.0
2015,National parliament,Kvívík municipality,Proportion of seats held by women,0.0
2015,National parliament,Kvívík municipality,Seats held by women,0.0
2015,National parliament,Kvívík municipality,Number of seats,0.0
2016,National parliament,Kvívík municipality,Proportion of seats held by women,0.0
2016,National parliament,Kvívík municipality,Seats held by women,0.0
2016,National parliament,Kvívík municipality,Number of seats,0.0
2019,National parliament,Kvívík municipality,Proportion of seats held by women,0.0
2019,National parliament,Kvívík municipality,Seats held by women,0.0
2019,National parliament,Kvívík municipality,Number of seats,0.0
2020,National parliament,Kvívík municipality,Proportion of seats held by women,0.0
2020,National parliament,Kvívík municipality,Seats held by women,0.0
2020,National parliament,Kvívík municipality,Number of seats,0.0
2022,National parliament,Kvívík municipality,Proportion of seats held by women,0.0
2022,National parliament,Kvívík municipality,Seats held by women,0.0
2022,National parliament,Kvívík municipality,Number of seats,0.0
2024,National parliament,Kvívík municipality,Proportion of seats held by women,0.0
2024,National parliament,Kvívík municipality,Seats held by women,0.0
2024,National parliament,Kvívík municipality,Number of seats,0.0
1984,National parliament,Leirvík municipality,Proportion of seats held by women,0.0
1984,National parliament,Leirvík municipality,Seats held by women,0.0
1984,National parliament,Leirvík municipality,Number of seats,0.0
1988,National parliament,Leirvík municipality,Proportion of seats held by women,0.0
1988,National parliament,Leirvík municipality,Seats held by women,0.0
1988,National parliament,Leirvík municipality,Number of seats,0.0
1990,National parliament,Leirvík municipality,Proportion of seats held by women,0.0
1990,National parliament,Leirvík municipality,Seats held by women,0.0
1990,National parliament,Leirvík municipality,Number of seats,0.0
1992,National parliament,Leirvík municipality,Proportion of seats held by women,0.0
1992,National parliament,Leirvík municipality,Seats held by women,0.0
1992,National parliament,Leirvík municipality,Number of seats,0.0
1994,National parliament,Leirvík municipality,Proportion of seats held by women,0.0
1994,National parliament,Leirvík municipality,Seats held by women,0.0
1994,National parliament,Leirvík municipality,Number of seats,0.0
1996,National parliament,Leirvík municipality,Proportion of seats held by women,0.0
1996,National parliament,Leirvík municipality,Seats held by women,0.0
1996,National parliament,Leirvík municipality,Number of seats,0.0
1998,National parliament,Leirvík municipality,Proportion of seats held by women,0.0
1998,National parliament,Leirvík municipality,Seats held by women,0.0
1998,National parliament,Leirvík municipality,Number of seats,0.0
2000,National parliament,Leirvík municipality,Proportion of seats held by women,0.0
2000,National parliament,Leirvík municipality,Seats held by women,0.0
2000,National parliament,Leirvík municipality,Number of seats,0.0
2002,National parliament,Leirvík municipality,Proportion of seats held by women,0.0
2002,National parliament,Leirvík municipality,Seats held by women,0.0
2002,National parliament,Leirvík municipality,Number of seats,0.0
2004,National parliament,Leirvík municipality,Proportion of seats held by women,0.0
2004,National parliament,Leirvík municipality,Seats held by women,0.0
2004,National parliament,Leirvík municipality,Number of seats,0.0
2008,National parliament,Leirvík municipality,Proportion of seats held by women,0.0
2008,National parliament,Leirvík municipality,Seats held by women,0.0
2008,National parliament,Leirvík municipality,Number of seats,0.0
2011,National parliament,Leirvík municipality,Proportion of seats held by women,0.0
2011,National parliament,Leirvík municipality,Seats held by women,0.0
2011,National parliament,Leirvík municipality,Number of seats,0.0
2012,National parliament,Leirvík municipality,Proportion of seats held by women,0.0
2012,National parliament,Leirvík municipality,Seats held by women,0.0
2012,National parliament,Leirvík municipality,Number of seats,0.0
2015,National parliament,Leirvík municipality,Proportion of seats held by women,0.0
2015,National parliament,Leirvík municipality,Seats held by women,0.0
2015,National parliament,Leirvík municipality,Number of seats,0.0
2016,National parliament,Leirvík municipality,Proportion of seats held by women,0.0
2016,National parliament,Leirvík municipality,Seats held by women,0.0
2016,National parliament,Leirvík municipality,Number of seats,0.0
2019,National parliament,Leirvík municipality,Proportion of seats held by women,0.0
2019,National parliament,Leirvík municipality,Seats held by women,0.0
2019,National parliament,Leirvík municipality,Number of seats,0.0
2020,National parliament,Leirvík municipality,Proportion of seats held by women,0.0
2020,National parliament,Leirvík municipality,Seats held by women,0.0
2020,National parliament,Leirvík municipality,Number of seats,0.0
2022,National parliament,Leirvík municipality,Proportion of seats held by women,0.0
2022,National parliament,Leirvík municipality,Seats held by women,0.0
2022,National parliament,Leirvík municipality,Number of seats,0.0
2024,National parliament,Leirvík municipality,Proportion of seats held by women,0.0
2024,National parliament,Leirvík municipality,Seats held by women,0.0
2024,National parliament,Leirvík municipality,Number of seats,0.0
1984,National parliament,Miðvágur municipality,Proportion of seats held by women,0.0
1984,National parliament,Miðvágur municipality,Seats held by women,0.0
1984,National parliament,Miðvágur municipality,Number of seats,0.0
1988,National parliament,Miðvágur municipality,Proportion of seats held by women,0.0
1988,National parliament,Miðvágur municipality,Seats held by women,0.0
1988,National parliament,Miðvágur municipality,Number of seats,0.0
1990,National parliament,Miðvágur municipality,Proportion of seats held by women,0.0
1990,National parliament,Miðvágur municipality,Seats held by women,0.0
1990,National parliament,Miðvágur municipality,Number of seats,0.0
1992,National parliament,Miðvágur municipality,Proportion of seats held by women,0.0
1992,National parliament,Miðvágur municipality,Seats held by women,0.0
1992,National parliament,Miðvágur municipality,Number of seats,0.0
1994,National parliament,Miðvágur municipality,Proportion of seats held by women,0.0
1994,National parliament,Miðvágur municipality,Seats held by women,0.0
1994,National parliament,Miðvágur municipality,Number of seats,0.0
1996,National parliament,Miðvágur municipality,Proportion of seats held by women,0.0
1996,National parliament,Miðvágur municipality,Seats held by women,0.0
1996,National parliament,Miðvágur municipality,Number of seats,0.0
1998,National parliament,Miðvágur municipality,Proportion of seats held by women,0.0
1998,National parliament,Miðvágur municipality,Seats held by women,0.0
1998,National parliament,Miðvágur municipality,Number of seats,0.0
2000,National parliament,Miðvágur municipality,Proportion of seats held by women,0.0
2000,National parliament,Miðvágur municipality,Seats held by women,0.0
2000,National parliament,Miðvágur municipality,Number of seats,0.0
2002,National parliament,Miðvágur municipality,Proportion of seats held by women,0.0
2002,National parliament,Miðvágur municipality,Seats held by women,0.0
2002,National parliament,Miðvágur municipality,Number of seats,0.0
2004,National parliament,Miðvágur municipality,Proportion of seats held by women,0.0
2004,National parliament,Miðvágur municipality,Seats held by women,0.0
2004,National parliament,Miðvágur municipality,Number of seats,0.0
2008,National parliament,Miðvágur municipality,Proportion of seats held by women,0.0
2008,National parliament,Miðvágur municipality,Seats held by women,0.0
2008,National parliament,Miðvágur municipality,Number of seats,0.0
2011,National parliament,Miðvágur municipality,Proportion of seats held by women,0.0
2011,National parliament,Miðvágur municipality,Seats held by women,0.0
2011,National parliament,Miðvágur municipality,Number of seats,0.0
2012,National parliament,Miðvágur municipality,Proportion of seats held by women,0.0
2012,National parliament,Miðvágur municipality,Seats held by women,0.0
2012,National parliament,Miðvágur municipality,Number of seats,0.0
2015,National parliament,Miðvágur municipality,Proportion of seats held by women,0.0
2015,National parliament,Miðvágur municipality,Seats held by women,0.0
2015,National parliament,Miðvágur municipality,Number of seats,0.0
2016,National parliament,Miðvágur municipality,Proportion of seats held by women,0.0
2016,National parliament,Miðvágur municipality,Seats held by women,0.0
2016,National parliament,Miðvágur municipality,Number of seats,0.0
2019,National parliament,Miðvágur municipality,Proportion of seats held by women,0.0
2019,National parliament,Miðvágur municipality,Seats held by women,0.0
2019,National parliament,Miðvágur municipality,Number of seats,0.0
2020,National parliament,Miðvágur municipality,Proportion of seats held by women,0.0
2020,National parliament,Miðvágur municipality,Seats held by women,0.0
2020,National parliament,Miðvágur municipality,Number of seats,0.0
2022,National parliament,Miðvágur municipality,Proportion of seats held by women,0.0
2022,National parliament,Miðvágur municipality,Seats held by women,0.0
2022,National parliament,Miðvágur municipality,Number of seats,0.0
2024,National parliament,Miðvágur municipality,Proportion of seats held by women,0.0
2024,National parliament,Miðvágur municipality,Seats held by women,0.0
2024,National parliament,Miðvágur municipality,Number of seats,0.0
1984,National parliament,Mikladalur municipality,Proportion of seats held by women,0.0
1984,National parliament,Mikladalur municipality,Seats held by women,0.0
1984,National parliament,Mikladalur municipality,Number of seats,0.0
1988,National parliament,Mikladalur municipality,Proportion of seats held by women,0.0
1988,National parliament,Mikladalur municipality,Seats held by women,0.0
1988,National parliament,Mikladalur municipality,Number of seats,0.0
1990,National parliament,Mikladalur municipality,Proportion of seats held by women,0.0
1990,National parliament,Mikladalur municipality,Seats held by women,0.0
1990,National parliament,Mikladalur municipality,Number of seats,0.0
1992,National parliament,Mikladalur municipality,Proportion of seats held by women,0.0
1992,National parliament,Mikladalur municipality,Seats held by women,0.0
1992,National parliament,Mikladalur municipality,Number of seats,0.0
1994,National parliament,Mikladalur municipality,Proportion of seats held by women,0.0
1994,National parliament,Mikladalur municipality,Seats held by women,0.0
1994,National parliament,Mikladalur municipality,Number of seats,0.0
1996,National parliament,Mikladalur municipality,Proportion of seats held by women,0.0
1996,National parliament,Mikladalur municipality,Seats held by women,0.0
1996,National parliament,Mikladalur municipality,Number of seats,0.0
1998,National parliament,Mikladalur municipality,Proportion of seats held by women,0.0
1998,National parliament,Mikladalur municipality,Seats held by women,0.0
1998,National parliament,Mikladalur municipality,Number of seats,0.0
2000,National parliament,Mikladalur municipality,Proportion of seats held by women,0.0
2000,National parliament,Mikladalur municipality,Seats held by women,0.0
2000,National parliament,Mikladalur municipality,Number of seats,0.0
2002,National parliament,Mikladalur municipality,Proportion of seats held by women,0.0
2002,National parliament,Mikladalur municipality,Seats held by women,0.0
2002,National parliament,Mikladalur municipality,Number of seats,0.0
2004,National parliament,Mikladalur municipality,Proportion of seats held by women,0.0
2004,National parliament,Mikladalur municipality,Seats held by women,0.0
2004,National parliament,Mikladalur municipality,Number of seats,0.0
2008,National parliament,Mikladalur municipality,Proportion of seats held by women,0.0
2008,National parliament,Mikladalur municipality,Seats held by women,0.0
2008,National parliament,Mikladalur municipality,Number of seats,0.0
2011,National parliament,Mikladalur municipality,Proportion of seats held by women,0.0
2011,National parliament,Mikladalur municipality,Seats held by women,0.0
2011,National parliament,Mikladalur municipality,Number of seats,0.0
2012,National parliament,Mikladalur municipality,Proportion of seats held by women,0.0
2012,National parliament,Mikladalur municipality,Seats held by women,0.0
2012,National parliament,Mikladalur municipality,Number of seats,0.0
2015,National parliament,Mikladalur municipality,Proportion of seats held by women,0.0
2015,National parliament,Mikladalur municipality,Seats held by women,0.0
2015,National parliament,Mikladalur municipality,Number of seats,0.0
2016,National parliament,Mikladalur municipality,Proportion of seats held by women,0.0
2016,National parliament,Mikladalur municipality,Seats held by women,0.0
2016,National parliament,Mikladalur municipality,Number of seats,0.0
2019,National parliament,Mikladalur municipality,Proportion of seats held by women,0.0
2019,National parliament,Mikladalur municipality,Seats held by women,0.0
2019,National parliament,Mikladalur municipality,Number of seats,0.0
2020,National parliament,Mikladalur municipality,Proportion of seats held by women,0.0
2020,National parliament,Mikladalur municipality,Seats held by women,0.0
2020,National parliament,Mikladalur municipality,Number of seats,0.0
2022,National parliament,Mikladalur municipality,Proportion of seats held by women,0.0
2022,National parliament,Mikladalur municipality,Seats held by women,0.0
2022,National parliament,Mikladalur municipality,Number of seats,0.0
2024,National parliament,Mikladalur municipality,Proportion of seats held by women,0.0
2024,National parliament,Mikladalur municipality,Seats held by women,0.0
2024,National parliament,Mikladalur municipality,Number of seats,0.0
1984,National parliament,Mykines municipality,Proportion of seats held by women,0.0
1984,National parliament,Mykines municipality,Seats held by women,0.0
1984,National parliament,Mykines municipality,Number of seats,0.0
1988,National parliament,Mykines municipality,Proportion of seats held by women,0.0
1988,National parliament,Mykines municipality,Seats held by women,0.0
1988,National parliament,Mykines municipality,Number of seats,0.0
1990,National parliament,Mykines municipality,Proportion of seats held by women,0.0
1990,National parliament,Mykines municipality,Seats held by women,0.0
1990,National parliament,Mykines municipality,Number of seats,0.0
1992,National parliament,Mykines municipality,Proportion of seats held by women,0.0
1992,National parliament,Mykines municipality,Seats held by women,0.0
1992,National parliament,Mykines municipality,Number of seats,0.0
1994,National parliament,Mykines municipality,Proportion of seats held by women,0.0
1994,National parliament,Mykines municipality,Seats held by women,0.0
1994,National parliament,Mykines municipality,Number of seats,0.0
1996,National parliament,Mykines municipality,Proportion of seats held by women,0.0
1996,National parliament,Mykines municipality,Seats held by women,0.0
1996,National parliament,Mykines municipality,Number of seats,0.0
1998,National parliament,Mykines municipality,Proportion of seats held by women,0.0
1998,National parliament,Mykines municipality,Seats held by women,0.0
1998,National parliament,Mykines municipality,Number of seats,0.0
2000,National parliament,Mykines municipality,Proportion of seats held by women,0.0
2000,National parliament,Mykines municipality,Seats held by women,0.0
2000,National parliament,Mykines municipality,Number of seats,0.0
2002,National parliament,Mykines municipality,Proportion of seats held by women,0.0
2002,National parliament,Mykines municipality,Seats held by women,0.0
2002,National parliament,Mykines municipality,Number of seats,0.0
2004,National parliament,Mykines municipality,Proportion of seats held by women,0.0
2004,National parliament,Mykines municipality,Seats held by women,0.0
2004,National parliament,Mykines municipality,Number of seats,0.0
2008,National parliament,Mykines municipality,Proportion of seats held by women,0.0
2008,National parliament,Mykines municipality,Seats held by women,0.0
2008,National parliament,Mykines municipality,Number of seats,0.0
2011,National parliament,Mykines municipality,Proportion of seats held by women,0.0
2011,National parliament,Mykines municipality,Seats held by women,0.0
2011,National parliament,Mykines municipality,Number of seats,0.0
2012,National parliament,Mykines municipality,Proportion of seats held by women,0.0
2012,National parliament,Mykines municipality,Seats held by women,0.0
2012,National parliament,Mykines municipality,Number of seats,0.0
2015,National parliament,Mykines municipality,Proportion of seats held by women,0.0
2015,National parliament,Mykines municipality,Seats held by women,0.0
2015,National parliament,Mykines municipality,Number of seats,0.0
2016,National parliament,Mykines municipality,Proportion of seats held by women,0.0
2016,National parliament,Mykines municipality,Seats held by women,0.0
2016,National parliament,Mykines municipality,Number of seats,0.0
2019,National parliament,Mykines municipality,Proportion of seats held by women,0.0
2019,National parliament,Mykines municipality,Seats held by women,0.0
2019,National parliament,Mykines municipality,Number of seats,0.0
2020,National parliament,Mykines municipality,Proportion of seats held by women,0.0
2020,National parliament,Mykines municipality,Seats held by women,0.0
2020,National parliament,Mykines municipality,Number of seats,0.0
2022,National parliament,Mykines municipality,Proportion of seats held by women,0.0
2022,National parliament,Mykines municipality,Seats held by women,0.0
2022,National parliament,Mykines municipality,Number of seats,0.0
2024,National parliament,Mykines municipality,Proportion of seats held by women,0.0
2024,National parliament,Mykines municipality,Seats held by women,0.0
2024,National parliament,Mykines municipality,Number of seats,0.0
1984,National parliament,Nes municipality,Proportion of seats held by women,0.0
1984,National parliament,Nes municipality,Seats held by women,0.0
1984,National parliament,Nes municipality,Number of seats,0.0
1988,National parliament,Nes municipality,Proportion of seats held by women,0.0
1988,National parliament,Nes municipality,Seats held by women,0.0
1988,National parliament,Nes municipality,Number of seats,0.0
1990,National parliament,Nes municipality,Proportion of seats held by women,0.0
1990,National parliament,Nes municipality,Seats held by women,0.0
1990,National parliament,Nes municipality,Number of seats,0.0
1992,National parliament,Nes municipality,Proportion of seats held by women,0.0
1992,National parliament,Nes municipality,Seats held by women,0.0
1992,National parliament,Nes municipality,Number of seats,0.0
1994,National parliament,Nes municipality,Proportion of seats held by women,0.0
1994,National parliament,Nes municipality,Seats held by women,0.0
1994,National parliament,Nes municipality,Number of seats,0.0
1996,National parliament,Nes municipality,Proportion of seats held by women,0.0
1996,National parliament,Nes municipality,Seats held by women,0.0
1996,National parliament,Nes municipality,Number of seats,0.0
1998,National parliament,Nes municipality,Proportion of seats held by women,0.0
1998,National parliament,Nes municipality,Seats held by women,0.0
1998,National parliament,Nes municipality,Number of seats,0.0
2000,National parliament,Nes municipality,Proportion of seats held by women,0.0
2000,National parliament,Nes municipality,Seats held by women,0.0
2000,National parliament,Nes municipality,Number of seats,0.0
2002,National parliament,Nes municipality,Proportion of seats held by women,0.0
2002,National parliament,Nes municipality,Seats held by women,0.0
2002,National parliament,Nes municipality,Number of seats,0.0
2004,National parliament,Nes municipality,Proportion of seats held by women,0.0
2004,National parliament,Nes municipality,Seats held by women,0.0
2004,National parliament,Nes municipality,Number of seats,0.0
2008,National parliament,Nes municipality,Proportion of seats held by women,0.0
2008,National parliament,Nes municipality,Seats held by women,0.0
2008,National parliament,Nes municipality,Number of seats,0.0
2011,National parliament,Nes municipality,Proportion of seats held by women,0.0
2011,National parliament,Nes municipality,Seats held by women,0.0
2011,National parliament,Nes municipality,Number of seats,0.0
2012,National parliament,Nes municipality,Proportion of seats held by women,0.0
2012,National parliament,Nes municipality,Seats held by women,0.0
2012,National parliament,Nes municipality,Number of seats,0.0
2015,National parliament,Nes municipality,Proportion of seats held by women,0.0
2015,National parliament,Nes municipality,Seats held by women,0.0
2015,National parliament,Nes municipality,Number of seats,0.0
2016,National parliament,Nes municipality,Proportion of seats held by women,0.0
2016,National parliament,Nes municipality,Seats held by women,0.0
2016,National parliament,Nes municipality,Number of seats,0.0
2019,National parliament,Nes municipality,Proportion of seats held by women,0.0
2019,National parliament,Nes municipality,Seats held by women,0.0
2019,National parliament,Nes municipality,Number of seats,0.0
2020,National parliament,Nes municipality,Proportion of seats held by women,0.0
2020,National parliament,Nes municipality,Seats held by women,0.0
2020,National parliament,Nes municipality,Number of seats,0.0
2022,National parliament,Nes municipality,Proportion of seats held by women,0.0
2022,National parliament,Nes municipality,Seats held by women,0.0
2022,National parliament,Nes municipality,Number of seats,0.0
2024,National parliament,Nes municipality,Proportion of seats held by women,0.0
2024,National parliament,Nes municipality,Seats held by women,0.0
2024,National parliament,Nes municipality,Number of seats,0.0
1984,National parliament,Nólsoy municipality,Proportion of seats held by women,0.0
1984,National parliament,Nólsoy municipality,Seats held by women,0.0
1984,National parliament,Nólsoy municipality,Number of seats,0.0
1988,National parliament,Nólsoy municipality,Proportion of seats held by women,0.0
1988,National parliament,Nólsoy municipality,Seats held by women,0.0
1988,National parliament,Nólsoy municipality,Number of seats,0.0
1990,National parliament,Nólsoy municipality,Proportion of seats held by women,0.0
1990,National parliament,Nólsoy municipality,Seats held by women,0.0
1990,National parliament,Nólsoy municipality,Number of seats,0.0
1992,National parliament,Nólsoy municipality,Proportion of seats held by women,0.0
1992,National parliament,Nólsoy municipality,Seats held by women,0.0
1992,National parliament,Nólsoy municipality,Number of seats,0.0
1994,National parliament,Nólsoy municipality,Proportion of seats held by women,0.0
1994,National parliament,Nólsoy municipality,Seats held by women,0.0
1994,National parliament,Nólsoy municipality,Number of seats,0.0
1996,National parliament,Nólsoy municipality,Proportion of seats held by women,0.0
1996,National parliament,Nólsoy municipality,Seats held by women,0.0
1996,National parliament,Nólsoy municipality,Number of seats,0.0
1998,National parliament,Nólsoy municipality,Proportion of seats held by women,0.0
1998,National parliament,Nólsoy municipality,Seats held by women,0.0
1998,National parliament,Nólsoy municipality,Number of seats,0.0
2000,National parliament,Nólsoy municipality,Proportion of seats held by women,0.0
2000,National parliament,Nólsoy municipality,Seats held by women,0.0
2000,National parliament,Nólsoy municipality,Number of seats,0.0
2002,National parliament,Nólsoy municipality,Proportion of seats held by women,0.0
2002,National parliament,Nólsoy municipality,Seats held by women,0.0
2002,National parliament,Nólsoy municipality,Number of seats,0.0
2004,National parliament,Nólsoy municipality,Proportion of seats held by women,0.0
2004,National parliament,Nólsoy municipality,Seats held by women,0.0
2004,National parliament,Nólsoy municipality,Number of seats,0.0
2008,National parliament,Nólsoy municipality,Proportion of seats held by women,0.0
2008,National parliament,Nólsoy municipality,Seats held by women,0.0
2008,National parliament,Nólsoy municipality,Number of seats,0.0
2011,National parliament,Nólsoy municipality,Proportion of seats held by women,0.0
2011,National parliament,Nólsoy municipality,Seats held by women,0.0
2011,National parliament,Nólsoy municipality,Number of seats,0.0
2012,National parliament,Nólsoy municipality,Proportion of seats held by women,0.0
2012,National parliament,Nólsoy municipality,Seats held by women,0.0
2012,National parliament,Nólsoy municipality,Number of seats,0.0
2015,National parliament,Nólsoy municipality,Proportion of seats held by women,0.0
2015,National parliament,Nólsoy municipality,Seats held by women,0.0
2015,National parliament,Nólsoy municipality,Number of seats,0.0
2016,National parliament,Nólsoy municipality,Proportion of seats held by women,0.0
2016,National parliament,Nólsoy municipality,Seats held by women,0.0
2016,National parliament,Nólsoy municipality,Number of seats,0.0
2019,National parliament,Nólsoy municipality,Proportion of seats held by women,0.0
2019,National parliament,Nólsoy municipality,Seats held by women,0.0
2019,National parliament,Nólsoy municipality,Number of seats,0.0
2020,National parliament,Nólsoy municipality,Proportion of seats held by women,0.0
2020,National parliament,Nólsoy municipality,Seats held by women,0.0
2020,National parliament,Nólsoy municipality,Number of seats,0.0
2022,National parliament,Nólsoy municipality,Proportion of seats held by women,0.0
2022,National parliament,Nólsoy municipality,Seats held by women,0.0
2022,National parliament,Nólsoy municipality,Number of seats,0.0
2024,National parliament,Nólsoy municipality,Proportion of seats held by women,0.0
2024,National parliament,Nólsoy municipality,Seats held by women,0.0
2024,National parliament,Nólsoy municipality,Number of seats,0.0
1984,National parliament,Oyndarfjørður municipality,Proportion of seats held by women,0.0
1984,National parliament,Oyndarfjørður municipality,Seats held by women,0.0
1984,National parliament,Oyndarfjørður municipality,Number of seats,0.0
1988,National parliament,Oyndarfjørður municipality,Proportion of seats held by women,0.0
1988,National parliament,Oyndarfjørður municipality,Seats held by women,0.0
1988,National parliament,Oyndarfjørður municipality,Number of seats,0.0
1990,National parliament,Oyndarfjørður municipality,Proportion of seats held by women,0.0
1990,National parliament,Oyndarfjørður municipality,Seats held by women,0.0
1990,National parliament,Oyndarfjørður municipality,Number of seats,0.0
1992,National parliament,Oyndarfjørður municipality,Proportion of seats held by women,0.0
1992,National parliament,Oyndarfjørður municipality,Seats held by women,0.0
1992,National parliament,Oyndarfjørður municipality,Number of seats,0.0
1994,National parliament,Oyndarfjørður municipality,Proportion of seats held by women,0.0
1994,National parliament,Oyndarfjørður municipality,Seats held by women,0.0
1994,National parliament,Oyndarfjørður municipality,Number of seats,0.0
1996,National parliament,Oyndarfjørður municipality,Proportion of seats held by women,0.0
1996,National parliament,Oyndarfjørður municipality,Seats held by women,0.0
1996,National parliament,Oyndarfjørður municipality,Number of seats,0.0
1998,National parliament,Oyndarfjørður municipality,Proportion of seats held by women,0.0
1998,National parliament,Oyndarfjørður municipality,Seats held by women,0.0
1998,National parliament,Oyndarfjørður municipality,Number of seats,0.0
2000,National parliament,Oyndarfjørður municipality,Proportion of seats held by women,0.0
2000,National parliament,Oyndarfjørður municipality,Seats held by women,0.0
2000,National parliament,Oyndarfjørður municipality,Number of seats,0.0
2002,National parliament,Oyndarfjørður municipality,Proportion of seats held by women,0.0
2002,National parliament,Oyndarfjørður municipality,Seats held by women,0.0
2002,National parliament,Oyndarfjørður municipality,Number of seats,0.0
2004,National parliament,Oyndarfjørður municipality,Proportion of seats held by women,0.0
2004,National parliament,Oyndarfjørður municipality,Seats held by women,0.0
2004,National parliament,Oyndarfjørður municipality,Number of seats,0.0
2008,National parliament,Oyndarfjørður municipality,Proportion of seats held by women,0.0
2008,National parliament,Oyndarfjørður municipality,Seats held by women,0.0
2008,National parliament,Oyndarfjørður municipality,Number of seats,0.0
2011,National parliament,Oyndarfjørður municipality,Proportion of seats held by women,0.0
2011,National parliament,Oyndarfjørður municipality,Seats held by women,0.0
2011,National parliament,Oyndarfjørður municipality,Number of seats,0.0
2012,National parliament,Oyndarfjørður municipality,Proportion of seats held by women,0.0
2012,National parliament,Oyndarfjørður municipality,Seats held by women,0.0
2012,National parliament,Oyndarfjørður municipality,Number of seats,0.0
2015,National parliament,Oyndarfjørður municipality,Proportion of seats held by women,0.0
2015,National parliament,Oyndarfjørður municipality,Seats held by women,0.0
2015,National parliament,Oyndarfjørður municipality,Number of seats,0.0
2016,National parliament,Oyndarfjørður municipality,Proportion of seats held by women,0.0
2016,National parliament,Oyndarfjørður municipality,Seats held by women,0.0
2016,National parliament,Oyndarfjørður municipality,Number of seats,0.0
2019,National parliament,Oyndarfjørður municipality,Proportion of seats held by women,0.0
2019,National parliament,Oyndarfjørður municipality,Seats held by women,0.0
2019,National parliament,Oyndarfjørður municipality,Number of seats,0.0
2020,National parliament,Oyndarfjørður municipality,Proportion of seats held by women,0.0
2020,National parliament,Oyndarfjørður municipality,Seats held by women,0.0
2020,National parliament,Oyndarfjørður municipality,Number of seats,0.0
2022,National parliament,Oyndarfjørður municipality,Proportion of seats held by women,0.0
2022,National parliament,Oyndarfjørður municipality,Seats held by women,0.0
2022,National parliament,Oyndarfjørður municipality,Number of seats,0.0
2024,National parliament,Oyndarfjørður municipality,Proportion of seats held by women,0.0
2024,National parliament,Oyndarfjørður municipality,Seats held by women,0.0
2024,National parliament,Oyndarfjørður municipality,Number of seats,0.0
1984,National parliament,Porkeri municipality,Proportion of seats held by women,0.0
1984,National parliament,Porkeri municipality,Seats held by women,0.0
1984,National parliament,Porkeri municipality,Number of seats,0.0
1988,National parliament,Porkeri municipality,Proportion of seats held by women,0.0
1988,National parliament,Porkeri municipality,Seats held by women,0.0
1988,National parliament,Porkeri municipality,Number of seats,0.0
1990,National parliament,Porkeri municipality,Proportion of seats held by women,0.0
1990,National parliament,Porkeri municipality,Seats held by women,0.0
1990,National parliament,Porkeri municipality,Number of seats,0.0
1992,National parliament,Porkeri municipality,Proportion of seats held by women,0.0
1992,National parliament,Porkeri municipality,Seats held by women,0.0
1992,National parliament,Porkeri municipality,Number of seats,0.0
1994,National parliament,Porkeri municipality,Proportion of seats held by women,0.0
1994,National parliament,Porkeri municipality,Seats held by women,0.0
1994,National parliament,Porkeri municipality,Number of seats,0.0
1996,National parliament,Porkeri municipality,Proportion of seats held by women,0.0
1996,National parliament,Porkeri municipality,Seats held by women,0.0
1996,National parliament,Porkeri municipality,Number of seats,0.0
1998,National parliament,Porkeri municipality,Proportion of seats held by women,0.0
1998,National parliament,Porkeri municipality,Seats held by women,0.0
1998,National parliament,Porkeri municipality,Number of seats,0.0
2000,National parliament,Porkeri municipality,Proportion of seats held by women,0.0
2000,National parliament,Porkeri municipality,Seats held by women,0.0
2000,National parliament,Porkeri municipality,Number of seats,0.0
2002,National parliament,Porkeri municipality,Proportion of seats held by women,0.0
2002,National parliament,Porkeri municipality,Seats held by women,0.0
2002,National parliament,Porkeri municipality,Number of seats,0.0
2004,National parliament,Porkeri municipality,Proportion of seats held by women,0.0
2004,National parliament,Porkeri municipality,Seats held by women,0.0
2004,National parliament,Porkeri municipality,Number of seats,0.0
2008,National parliament,Porkeri municipality,Proportion of seats held by women,0.0
2008,National parliament,Porkeri municipality,Seats held by women,0.0
2008,National parliament,Porkeri municipality,Number of seats,0.0
2011,National parliament,Porkeri municipality,Proportion of seats held by women,0.0
2011,National parliament,Porkeri municipality,Seats held by women,0.0
2011,National parliament,Porkeri municipality,Number of seats,0.0
2012,National parliament,Porkeri municipality,Proportion of seats held by women,0.0
2012,National parliament,Porkeri municipality,Seats held by women,0.0
2012,National parliament,Porkeri municipality,Number of seats,0.0
2015,National parliament,Porkeri municipality,Proportion of seats held by women,0.0
2015,National parliament,Porkeri municipality,Seats held by women,0.0
2015,National parliament,Porkeri municipality,Number of seats,0.0
2016,National parliament,Porkeri municipality,Proportion of seats held by women,0.0
2016,National parliament,Porkeri municipality,Seats held by women,0.0
2016,National parliament,Porkeri municipality,Number of seats,0.0
2019,National parliament,Porkeri municipality,Proportion of seats held by women,0.0
2019,National parliament,Porkeri municipality,Seats held by women,0.0
2019,National parliament,Porkeri municipality,Number of seats,0.0
2020,National parliament,Porkeri municipality,Proportion of seats held by women,0.0
2020,National parliament,Porkeri municipality,Seats held by women,0.0
2020,National parliament,Porkeri municipality,Number of seats,0.0
2022,National parliament,Porkeri municipality,Proportion of seats held by women,0.0
2022,National parliament,Porkeri municipality,Seats held by women,0.0
2022,National parliament,Porkeri municipality,Number of seats,0.0
2024,National parliament,Porkeri municipality,Proportion of seats held by women,0.0
2024,National parliament,Porkeri municipality,Seats held by women,0.0
2024,National parliament,Porkeri municipality,Number of seats,0.0
1984,National parliament,Runavík municipality,Proportion of seats held by women,0.0
1984,National parliament,Runavík municipality,Seats held by women,0.0
1984,National parliament,Runavík municipality,Number of seats,0.0
1988,National parliament,Runavík municipality,Proportion of seats held by women,0.0
1988,National parliament,Runavík municipality,Seats held by women,0.0
1988,National parliament,Runavík municipality,Number of seats,0.0
1990,National parliament,Runavík municipality,Proportion of seats held by women,0.0
1990,National parliament,Runavík municipality,Seats held by women,0.0
1990,National parliament,Runavík municipality,Number of seats,0.0
1992,National parliament,Runavík municipality,Proportion of seats held by women,0.0
1992,National parliament,Runavík municipality,Seats held by women,0.0
1992,National parliament,Runavík municipality,Number of seats,0.0
1994,National parliament,Runavík municipality,Proportion of seats held by women,0.0
1994,National parliament,Runavík municipality,Seats held by women,0.0
1994,National parliament,Runavík municipality,Number of seats,0.0
1996,National parliament,Runavík municipality,Proportion of seats held by women,0.0
1996,National parliament,Runavík municipality,Seats held by women,0.0
1996,National parliament,Runavík municipality,Number of seats,0.0
1998,National parliament,Runavík municipality,Proportion of seats held by women,0.0
1998,National parliament,Runavík municipality,Seats held by women,0.0
1998,National parliament,Runavík municipality,Number of seats,0.0
2000,National parliament,Runavík municipality,Proportion of seats held by women,0.0
2000,National parliament,Runavík municipality,Seats held by women,0.0
2000,National parliament,Runavík municipality,Number of seats,0.0
2002,National parliament,Runavík municipality,Proportion of seats held by women,0.0
2002,National parliament,Runavík municipality,Seats held by women,0.0
2002,National parliament,Runavík municipality,Number of seats,0.0
2004,National parliament,Runavík municipality,Proportion of seats held by women,0.0
2004,National parliament,Runavík municipality,Seats held by women,0.0
2004,National parliament,Runavík municipality,Number of seats,0.0
2008,National parliament,Runavík municipality,Proportion of seats held by women,0.0
2008,National parliament,Runavík municipality,Seats held by women,0.0
2008,National parliament,Runavík municipality,Number of seats,0.0
2011,National parliament,Runavík municipality,Proportion of seats held by women,0.0
2011,National parliament,Runavík municipality,Seats held by women,0.0
2011,National parliament,Runavík municipality,Number of seats,0.0
2012,National parliament,Runavík municipality,Proportion of seats held by women,0.0
2012,National parliament,Runavík municipality,Seats held by women,0.0
2012,National parliament,Runavík municipality,Number of seats,0.0
2015,National parliament,Runavík municipality,Proportion of seats held by women,0.0
2015,National parliament,Runavík municipality,Seats held by women,0.0
2015,National parliament,Runavík municipality,Number of seats,0.0
2016,National parliament,Runavík municipality,Proportion of seats held by women,0.0
2016,National parliament,Runavík municipality,Seats held by women,0.0
2016,National parliament,Runavík municipality,Number of seats,0.0
2019,National parliament,Runavík municipality,Proportion of seats held by women,0.0
2019,National parliament,Runavík municipality,Seats held by women,0.0
2019,National parliament,Runavík municipality,Number of seats,0.0
2020,National parliament,Runavík municipality,Proportion of seats held by women,0.0
2020,National parliament,Runavík municipality,Seats held by women,0.0
2020,National parliament,Runavík municipality,Number of seats,0.0
2022,National parliament,Runavík municipality,Proportion of seats held by women,0.0
2022,National parliament,Runavík municipality,Seats held by women,0.0
2022,National parliament,Runavík municipality,Number of seats,0.0
2024,National parliament,Runavík municipality,Proportion of seats held by women,0.0
2024,National parliament,Runavík municipality,Seats held by women,0.0
2024,National parliament,Runavík municipality,Number of seats,0.0
1984,National parliament,Saksun municipality,Proportion of seats held by women,0.0
1984,National parliament,Saksun municipality,Seats held by women,0.0
1984,National parliament,Saksun municipality,Number of seats,0.0
1988,National parliament,Saksun municipality,Proportion of seats held by women,0.0
1988,National parliament,Saksun municipality,Seats held by women,0.0
1988,National parliament,Saksun municipality,Number of seats,0.0
1990,National parliament,Saksun municipality,Proportion of seats held by women,0.0
1990,National parliament,Saksun municipality,Seats held by women,0.0
1990,National parliament,Saksun municipality,Number of seats,0.0
1992,National parliament,Saksun municipality,Proportion of seats held by women,0.0
1992,National parliament,Saksun municipality,Seats held by women,0.0
1992,National parliament,Saksun municipality,Number of seats,0.0
1994,National parliament,Saksun municipality,Proportion of seats held by women,0.0
1994,National parliament,Saksun municipality,Seats held by women,0.0
1994,National parliament,Saksun municipality,Number of seats,0.0
1996,National parliament,Saksun municipality,Proportion of seats held by women,0.0
1996,National parliament,Saksun municipality,Seats held by women,0.0
1996,National parliament,Saksun municipality,Number of seats,0.0
1998,National parliament,Saksun municipality,Proportion of seats held by women,0.0
1998,National parliament,Saksun municipality,Seats held by women,0.0
1998,National parliament,Saksun municipality,Number of seats,0.0
2000,National parliament,Saksun municipality,Proportion of seats held by women,0.0
2000,National parliament,Saksun municipality,Seats held by women,0.0
2000,National parliament,Saksun municipality,Number of seats,0.0
2002,National parliament,Saksun municipality,Proportion of seats held by women,0.0
2002,National parliament,Saksun municipality,Seats held by women,0.0
2002,National parliament,Saksun municipality,Number of seats,0.0
2004,National parliament,Saksun municipality,Proportion of seats held by women,0.0
2004,National parliament,Saksun municipality,Seats held by women,0.0
2004,National parliament,Saksun municipality,Number of seats,0.0
2008,National parliament,Saksun municipality,Proportion of seats held by women,0.0
2008,National parliament,Saksun municipality,Seats held by women,0.0
2008,National parliament,Saksun municipality,Number of seats,0.0
2011,National parliament,Saksun municipality,Proportion of seats held by women,0.0
2011,National parliament,Saksun municipality,Seats held by women,0.0
2011,National parliament,Saksun municipality,Number of seats,0.0
2012,National parliament,Saksun municipality,Proportion of seats held by women,0.0
2012,National parliament,Saksun municipality,Seats held by women,0.0
2012,National parliament,Saksun municipality,Number of seats,0.0
2015,National parliament,Saksun municipality,Proportion of seats held by women,0.0
2015,National parliament,Saksun municipality,Seats held by women,0.0
2015,National parliament,Saksun municipality,Number of seats,0.0
2016,National parliament,Saksun municipality,Proportion of seats held by women,0.0
2016,National parliament,Saksun municipality,Seats held by women,0.0
2016,National parliament,Saksun municipality,Number of seats,0.0
2019,National parliament,Saksun municipality,Proportion of seats held by women,0.0
2019,National parliament,Saksun municipality,Seats held by women,0.0
2019,National parliament,Saksun municipality,Number of seats,0.0
2020,National parliament,Saksun municipality,Proportion of seats held by women,0.0
2020,National parliament,Saksun municipality,Seats held by women,0.0
2020,National parliament,Saksun municipality,Number of seats,0.0
2022,National parliament,Saksun municipality,Proportion of seats held by women,0.0
2022,National parliament,Saksun municipality,Seats held by women,0.0
2022,National parliament,Saksun municipality,Number of seats,0.0
2024,National parliament,Saksun municipality,Proportion of seats held by women,0.0
2024,National parliament,Saksun municipality,Seats held by women,0.0
2024,National parliament,Saksun municipality,Number of seats,0.0
1984,National parliament,Sandavágur municipality,Proportion of seats held by women,0.0
1984,National parliament,Sandavágur municipality,Seats held by women,0.0
1984,National parliament,Sandavágur municipality,Number of seats,0.0
1988,National parliament,Sandavágur municipality,Proportion of seats held by women,0.0
1988,National parliament,Sandavágur municipality,Seats held by women,0.0
1988,National parliament,Sandavágur municipality,Number of seats,0.0
1990,National parliament,Sandavágur municipality,Proportion of seats held by women,0.0
1990,National parliament,Sandavágur municipality,Seats held by women,0.0
1990,National parliament,Sandavágur municipality,Number of seats,0.0
1992,National parliament,Sandavágur municipality,Proportion of seats held by women,0.0
1992,National parliament,Sandavágur municipality,Seats held by women,0.0
1992,National parliament,Sandavágur municipality,Number of seats,0.0
1994,National parliament,Sandavágur municipality,Proportion of seats held by women,0.0
1994,National parliament,Sandavágur municipality,Seats held by women,0.0
1994,National parliament,Sandavágur municipality,Number of seats,0.0
1996,National parliament,Sandavágur municipality,Proportion of seats held by women,0.0
1996,National parliament,Sandavágur municipality,Seats held by women,0.0
1996,National parliament,Sandavágur municipality,Number of seats,0.0
1998,National parliament,Sandavágur municipality,Proportion of seats held by women,0.0
1998,National parliament,Sandavágur municipality,Seats held by women,0.0
1998,National parliament,Sandavágur municipality,Number of seats,0.0
2000,National parliament,Sandavágur municipality,Proportion of seats held by women,0.0
2000,National parliament,Sandavágur municipality,Seats held by women,0.0
2000,National parliament,Sandavágur municipality,Number of seats,0.0
2002,National parliament,Sandavágur municipality,Proportion of seats held by women,0.0
2002,National parliament,Sandavágur municipality,Seats held by women,0.0
2002,National parliament,Sandavágur municipality,Number of seats,0.0
2004,National parliament,Sandavágur municipality,Proportion of seats held by women,0.0
2004,National parliament,Sandavágur municipality,Seats held by women,0.0
2004,National parliament,Sandavágur municipality,Number of seats,0.0
2008,National parliament,Sandavágur municipality,Proportion of seats held by women,0.0
2008,National parliament,Sandavágur municipality,Seats held by women,0.0
2008,National parliament,Sandavágur municipality,Number of seats,0.0
2011,National parliament,Sandavágur municipality,Proportion of seats held by women,0.0
2011,National parliament,Sandavágur municipality,Seats held by women,0.0
2011,National parliament,Sandavágur municipality,Number of seats,0.0
2012,National parliament,Sandavágur municipality,Proportion of seats held by women,0.0
2012,National parliament,Sandavágur municipality,Seats held by women,0.0
2012,National parliament,Sandavágur municipality,Number of seats,0.0
2015,National parliament,Sandavágur municipality,Proportion of seats held by women,0.0
2015,National parliament,Sandavágur municipality,Seats held by women,0.0
2015,National parliament,Sandavágur municipality,Number of seats,0.0
2016,National parliament,Sandavágur municipality,Proportion of seats held by women,0.0
2016,National parliament,Sandavágur municipality,Seats held by women,0.0
2016,National parliament,Sandavágur municipality,Number of seats,0.0
2019,National parliament,Sandavágur municipality,Proportion of seats held by women,0.0
2019,National parliament,Sandavágur municipality,Seats held by women,0.0
2019,National parliament,Sandavágur municipality,Number of seats,0.0
2020,National parliament,Sandavágur municipality,Proportion of seats held by women,0.0
2020,National parliament,Sandavágur municipality,Seats held by women,0.0
2020,National parliament,Sandavágur municipality,Number of seats,0.0
2022,National parliament,Sandavágur municipality,Proportion of seats held by women,0.0
2022,National parliament,Sandavágur municipality,Seats held by women,0.0
2022,National parliament,Sandavágur municipality,Number of seats,0.0
2024,National parliament,Sandavágur municipality,Proportion of seats held by women,0.0
2024,National parliament,Sandavágur municipality,Seats held by women,0.0
2024,National parliament,Sandavágur municipality,Number of seats,0.0
1984,National parliament,Sandur municipality,Proportion of seats held by women,0.0
1984,National parliament,Sandur municipality,Seats held by women,0.0
1984,National parliament,Sandur municipality,Number of seats,0.0
1988,National parliament,Sandur municipality,Proportion of seats held by women,0.0
1988,National parliament,Sandur municipality,Seats held by women,0.0
1988,National parliament,Sandur municipality,Number of seats,0.0
1990,National parliament,Sandur municipality,Proportion of seats held by women,0.0
1990,National parliament,Sandur municipality,Seats held by women,0.0
1990,National parliament,Sandur municipality,Number of seats,0.0
1992,National parliament,Sandur municipality,Proportion of seats held by women,0.0
1992,National parliament,Sandur municipality,Seats held by women,0.0
1992,National parliament,Sandur municipality,Number of seats,0.0
1994,National parliament,Sandur municipality,Proportion of seats held by women,0.0
1994,National parliament,Sandur municipality,Seats held by women,0.0
1994,National parliament,Sandur municipality,Number of seats,0.0
1996,National parliament,Sandur municipality,Proportion of seats held by women,0.0
1996,National parliament,Sandur municipality,Seats held by women,0.0
1996,National parliament,Sandur municipality,Number of seats,0.0
1998,National parliament,Sandur municipality,Proportion of seats held by women,0.0
1998,National parliament,Sandur municipality,Seats held by women,0.0
1998,National parliament,Sandur municipality,Number of seats,0.0
2000,National parliament,Sandur municipality,Proportion of seats held by women,0.0
2000,National parliament,Sandur municipality,Seats held by women,0.0
2000,National parliament,Sandur municipality,Number of seats,0.0
2002,National parliament,Sandur municipality,Proportion of seats held by women,0.0
2002,National parliament,Sandur municipality,Seats held by women,0.0
2002,National parliament,Sandur municipality,Number of seats,0.0
2004,National parliament,Sandur municipality,Proportion of seats held by women,0.0
2004,National parliament,Sandur municipality,Seats held by women,0.0
2004,National parliament,Sandur municipality,Number of seats,0.0
2008,National parliament,Sandur municipality,Proportion of seats held by women,0.0
2008,National parliament,Sandur municipality,Seats held by women,0.0
2008,National parliament,Sandur municipality,Number of seats,0.0
2011,National parliament,Sandur municipality,Proportion of seats held by women,0.0
2011,National parliament,Sandur municipality,Seats held by women,0.0
2011,National parliament,Sandur municipality,Number of seats,0.0
2012,National parliament,Sandur municipality,Proportion of seats held by women,0.0
2012,National parliament,Sandur municipality,Seats held by women,0.0
2012,National parliament,Sandur municipality,Number of seats,0.0
2015,National parliament,Sandur municipality,Proportion of seats held by women,0.0
2015,National parliament,Sandur municipality,Seats held by women,0.0
2015,National parliament,Sandur municipality,Number of seats,0.0
2016,National parliament,Sandur municipality,Proportion of seats held by women,0.0
2016,National parliament,Sandur municipality,Seats held by women,0.0
2016,National parliament,Sandur municipality,Number of seats,0.0
2019,National parliament,Sandur municipality,Proportion of seats held by women,0.0
2019,National parliament,Sandur municipality,Seats held by women,0.0
2019,National parliament,Sandur municipality,Number of seats,0.0
2020,National parliament,Sandur municipality,Proportion of seats held by women,0.0
2020,National parliament,Sandur municipality,Seats held by women,0.0
2020,National parliament,Sandur municipality,Number of seats,0.0
2022,National parliament,Sandur municipality,Proportion of seats held by women,0.0
2022,National parliament,Sandur municipality,Seats held by women,0.0
2022,National parliament,Sandur municipality,Number of seats,0.0
2024,National parliament,Sandur municipality,Proportion of seats held by women,0.0
2024,National parliament,Sandur municipality,Seats held by women,0.0
2024,National parliament,Sandur municipality,Number of seats,0.0
1984,National parliament,Sjóvar municipality,Proportion of seats held by women,0.0
1984,National parliament,Sjóvar municipality,Seats held by women,0.0
1984,National parliament,Sjóvar municipality,Number of seats,0.0
1988,National parliament,Sjóvar municipality,Proportion of seats held by women,0.0
1988,National parliament,Sjóvar municipality,Seats held by women,0.0
1988,National parliament,Sjóvar municipality,Number of seats,0.0
1990,National parliament,Sjóvar municipality,Proportion of seats held by women,0.0
1990,National parliament,Sjóvar municipality,Seats held by women,0.0
1990,National parliament,Sjóvar municipality,Number of seats,0.0
1992,National parliament,Sjóvar municipality,Proportion of seats held by women,0.0
1992,National parliament,Sjóvar municipality,Seats held by women,0.0
1992,National parliament,Sjóvar municipality,Number of seats,0.0
1994,National parliament,Sjóvar municipality,Proportion of seats held by women,0.0
1994,National parliament,Sjóvar municipality,Seats held by women,0.0
1994,National parliament,Sjóvar municipality,Number of seats,0.0
1996,National parliament,Sjóvar municipality,Proportion of seats held by women,0.0
1996,National parliament,Sjóvar municipality,Seats held by women,0.0
1996,National parliament,Sjóvar municipality,Number of seats,0.0
1998,National parliament,Sjóvar municipality,Proportion of seats held by women,0.0
1998,National parliament,Sjóvar municipality,Seats held by women,0.0
1998,National parliament,Sjóvar municipality,Number of seats,0.0
2000,National parliament,Sjóvar municipality,Proportion of seats held by women,0.0
2000,National parliament,Sjóvar municipality,Seats held by women,0.0
2000,National parliament,Sjóvar municipality,Number of seats,0.0
2002,National parliament,Sjóvar municipality,Proportion of seats held by women,0.0
2002,National parliament,Sjóvar municipality,Seats held by women,0.0
2002,National parliament,Sjóvar municipality,Number of seats,0.0
2004,National parliament,Sjóvar municipality,Proportion of seats held by women,0.0
2004,National parliament,Sjóvar municipality,Seats held by women,0.0
2004,National parliament,Sjóvar municipality,Number of seats,0.0
2008,National parliament,Sjóvar municipality,Proportion of seats held by women,0.0
2008,National parliament,Sjóvar municipality,Seats held by women,0.0
2008,National parliament,Sjóvar municipality,Number of seats,0.0
2011,National parliament,Sjóvar municipality,Proportion of seats held by women,0.0
2011,National parliament,Sjóvar municipality,Seats held by women,0.0
2011,National parliament,Sjóvar municipality,Number of seats,0.0
2012,National parliament,Sjóvar municipality,Proportion of seats held by women,0.0
2012,National parliament,Sjóvar municipality,Seats held by women,0.0
2012,National parliament,Sjóvar municipality,Number of seats,0.0
2015,National parliament,Sjóvar municipality,Proportion of seats held by women,0.0
2015,National parliament,Sjóvar municipality,Seats held by women,0.0
2015,National parliament,Sjóvar municipality,Number of seats,0.0
2016,National parliament,Sjóvar municipality,Proportion of seats held by women,0.0
2016,National parliament,Sjóvar municipality,Seats held by women,0.0
2016,National parliament,Sjóvar municipality,Number of seats,0.0
2019,National parliament,Sjóvar municipality,Proportion of seats held by women,0.0
2019,National parliament,Sjóvar municipality,Seats held by women,0.0
2019,National parliament,Sjóvar municipality,Number of seats,0.0
2020,National parliament,Sjóvar municipality,Proportion of seats held by women,0.0
2020,National parliament,Sjóvar municipality,Seats held by women,0.0
2020,National parliament,Sjóvar municipality,Number of seats,0.0
2022,National parliament,Sjóvar municipality,Proportion of seats held by women,0.0
2022,National parliament,Sjóvar municipality,Seats held by women,0.0
2022,National parliament,Sjóvar municipality,Number of seats,0.0
2024,National parliament,Sjóvar municipality,Proportion of seats held by women,0.0
2024,National parliament,Sjóvar municipality,Seats held by women,0.0
2024,National parliament,Sjóvar municipality,Number of seats,0.0
1984,National parliament,Skála municipality,Proportion of seats held by women,0.0
1984,National parliament,Skála municipality,Seats held by women,0.0
1984,National parliament,Skála municipality,Number of seats,0.0
1988,National parliament,Skála municipality,Proportion of seats held by women,0.0
1988,National parliament,Skála municipality,Seats held by women,0.0
1988,National parliament,Skála municipality,Number of seats,0.0
1990,National parliament,Skála municipality,Proportion of seats held by women,0.0
1990,National parliament,Skála municipality,Seats held by women,0.0
1990,National parliament,Skála municipality,Number of seats,0.0
1992,National parliament,Skála municipality,Proportion of seats held by women,0.0
1992,National parliament,Skála municipality,Seats held by women,0.0
1992,National parliament,Skála municipality,Number of seats,0.0
1994,National parliament,Skála municipality,Proportion of seats held by women,0.0
1994,National parliament,Skála municipality,Seats held by women,0.0
1994,National parliament,Skála municipality,Number of seats,0.0
1996,National parliament,Skála municipality,Proportion of seats held by women,0.0
1996,National parliament,Skála municipality,Seats held by women,0.0
1996,National parliament,Skála municipality,Number of seats,0.0
1998,National parliament,Skála municipality,Proportion of seats held by women,0.0
1998,National parliament,Skála municipality,Seats held by women,0.0
1998,National parliament,Skála municipality,Number of seats,0.0
2000,National parliament,Skála municipality,Proportion of seats held by women,0.0
2000,National parliament,Skála municipality,Seats held by women,0.0
2000,National parliament,Skála municipality,Number of seats,0.0
2002,National parliament,Skála municipality,Proportion of seats held by women,0.0
2002,National parliament,Skála municipality,Seats held by women,0.0
2002,National parliament,Skála municipality,Number of seats,0.0
2004,National parliament,Skála municipality,Proportion of seats held by women,0.0
2004,National parliament,Skála municipality,Seats held by women,0.0
2004,National parliament,Skála municipality,Number of seats,0.0
2008,National parliament,Skála municipality,Proportion of seats held by women,0.0
2008,National parliament,Skála municipality,Seats held by women,0.0
2008,National parliament,Skála municipality,Number of seats,0.0
2011,National parliament,Skála municipality,Proportion of seats held by women,0.0
2011,National parliament,Skála municipality,Seats held by women,0.0
2011,National parliament,Skála municipality,Number of seats,0.0
2012,National parliament,Skála municipality,Proportion of seats held by women,0.0
2012,National parliament,Skála municipality,Seats held by women,0.0
2012,National parliament,Skála municipality,Number of seats,0.0
2015,National parliament,Skála municipality,Proportion of seats held by women,0.0
2015,National parliament,Skála municipality,Seats held by women,0.0
2015,National parliament,Skála municipality,Number of seats,0.0
2016,National parliament,Skála municipality,Proportion of seats held by women,0.0
2016,National parliament,Skála municipality,Seats held by women,0.0
2016,National parliament,Skála municipality,Number of seats,0.0
2019,National parliament,Skála municipality,Proportion of seats held by women,0.0
2019,National parliament,Skála municipality,Seats held by women,0.0
2019,National parliament,Skála municipality,Number of seats,0.0
2020,National parliament,Skála municipality,Proportion of seats held by women,0.0
2020,National parliament,Skála municipality,Seats held by women,0.0
2020,National parliament,Skála municipality,Number of seats,0.0
2022,National parliament,Skála municipality,Proportion of seats held by women,0.0
2022,National parliament,Skála municipality,Seats held by women,0.0
2022,National parliament,Skála municipality,Number of seats,0.0
2024,National parliament,Skála municipality,Proportion of seats held by women,0.0
2024,National parliament,Skála municipality,Seats held by women,0.0
2024,National parliament,Skála municipality,Number of seats,0.0
1984,National parliament,Skálavík municipality,Proportion of seats held by women,0.0
1984,National parliament,Skálavík municipality,Seats held by women,0.0
1984,National parliament,Skálavík municipality,Number of seats,0.0
1988,National parliament,Skálavík municipality,Proportion of seats held by women,0.0
1988,National parliament,Skálavík municipality,Seats held by women,0.0
1988,National parliament,Skálavík municipality,Number of seats,0.0
1990,National parliament,Skálavík municipality,Proportion of seats held by women,0.0
1990,National parliament,Skálavík municipality,Seats held by women,0.0
1990,National parliament,Skálavík municipality,Number of seats,0.0
1992,National parliament,Skálavík municipality,Proportion of seats held by women,0.0
1992,National parliament,Skálavík municipality,Seats held by women,0.0
1992,National parliament,Skálavík municipality,Number of seats,0.0
1994,National parliament,Skálavík municipality,Proportion of seats held by women,0.0
1994,National parliament,Skálavík municipality,Seats held by women,0.0
1994,National parliament,Skálavík municipality,Number of seats,0.0
1996,National parliament,Skálavík municipality,Proportion of seats held by women,0.0
1996,National parliament,Skálavík municipality,Seats held by women,0.0
1996,National parliament,Skálavík municipality,Number of seats,0.0
1998,National parliament,Skálavík municipality,Proportion of seats held by women,0.0
1998,National parliament,Skálavík municipality,Seats held by women,0.0
1998,National parliament,Skálavík municipality,Number of seats,0.0
2000,National parliament,Skálavík municipality,Proportion of seats held by women,0.0
2000,National parliament,Skálavík municipality,Seats held by women,0.0
2000,National parliament,Skálavík municipality,Number of seats,0.0
2002,National parliament,Skálavík municipality,Proportion of seats held by women,0.0
2002,National parliament,Skálavík municipality,Seats held by women,0.0
2002,National parliament,Skálavík municipality,Number of seats,0.0
2004,National parliament,Skálavík municipality,Proportion of seats held by women,0.0
2004,National parliament,Skálavík municipality,Seats held by women,0.0
2004,National parliament,Skálavík municipality,Number of seats,0.0
2008,National parliament,Skálavík municipality,Proportion of seats held by women,0.0
2008,National parliament,Skálavík municipality,Seats held by women,0.0
2008,National parliament,Skálavík municipality,Number of seats,0.0
2011,National parliament,Skálavík municipality,Proportion of seats held by women,0.0
2011,National parliament,Skálavík municipality,Seats held by women,0.0
2011,National parliament,Skálavík municipality,Number of seats,0.0
2012,National parliament,Skálavík municipality,Proportion of seats held by women,0.0
2012,National parliament,Skálavík municipality,Seats held by women,0.0
2012,National parliament,Skálavík municipality,Number of seats,0.0
2015,National parliament,Skálavík municipality,Proportion of seats held by women,0.0
2015,National parliament,Skálavík municipality,Seats held by women,0.0
2015,National parliament,Skálavík municipality,Number of seats,0.0
2016,National parliament,Skálavík municipality,Proportion of seats held by women,0.0
2016,National parliament,Skálavík municipality,Seats held by women,0.0
2016,National parliament,Skálavík municipality,Number of seats,0.0
2019,National parliament,Skálavík municipality,Proportion of seats held by women,0.0
2019,National parliament,Skálavík municipality,Seats held by women,0.0
2019,National parliament,Skálavík municipality,Number of seats,0.0
2020,National parliament,Skálavík municipality,Proportion of seats held by women,0.0
2020,National parliament,Skálavík municipality,Seats held by women,0.0
2020,National parliament,Skálavík municipality,Number of seats,0.0
2022,National parliament,Skálavík municipality,Proportion of seats held by women,0.0
2022,National parliament,Skálavík municipality,Seats held by women,0.0
2022,National parliament,Skálavík municipality,Number of seats,0.0
2024,National parliament,Skálavík municipality,Proportion of seats held by women,0.0
2024,National parliament,Skálavík municipality,Seats held by women,0.0
2024,National parliament,Skálavík municipality,Number of seats,0.0
1984,National parliament,Skopun municipality,Proportion of seats held by women,0.0
1984,National parliament,Skopun municipality,Seats held by women,0.0
1984,National parliament,Skopun municipality,Number of seats,0.0
1988,National parliament,Skopun municipality,Proportion of seats held by women,0.0
1988,National parliament,Skopun municipality,Seats held by women,0.0
1988,National parliament,Skopun municipality,Number of seats,0.0
1990,National parliament,Skopun municipality,Proportion of seats held by women,0.0
1990,National parliament,Skopun municipality,Seats held by women,0.0
1990,National parliament,Skopun municipality,Number of seats,0.0
1992,National parliament,Skopun municipality,Proportion of seats held by women,0.0
1992,National parliament,Skopun municipality,Seats held by women,0.0
1992,National parliament,Skopun municipality,Number of seats,0.0
1994,National parliament,Skopun municipality,Proportion of seats held by women,0.0
1994,National parliament,Skopun municipality,Seats held by women,0.0
1994,National parliament,Skopun municipality,Number of seats,0.0
1996,National parliament,Skopun municipality,Proportion of seats held by women,0.0
1996,National parliament,Skopun municipality,Seats held by women,0.0
1996,National parliament,Skopun municipality,Number of seats,0.0
1998,National parliament,Skopun municipality,Proportion of seats held by women,0.0
1998,National parliament,Skopun municipality,Seats held by women,0.0
1998,National parliament,Skopun municipality,Number of seats,0.0
2000,National parliament,Skopun municipality,Proportion of seats held by women,0.0
2000,National parliament,Skopun municipality,Seats held by women,0.0
2000,National parliament,Skopun municipality,Number of seats,0.0
2002,National parliament,Skopun municipality,Proportion of seats held by women,0.0
2002,National parliament,Skopun municipality,Seats held by women,0.0
2002,National parliament,Skopun municipality,Number of seats,0.0
2004,National parliament,Skopun municipality,Proportion of seats held by women,0.0
2004,National parliament,Skopun municipality,Seats held by women,0.0
2004,National parliament,Skopun municipality,Number of seats,0.0
2008,National parliament,Skopun municipality,Proportion of seats held by women,0.0
2008,National parliament,Skopun municipality,Seats held by women,0.0
2008,National parliament,Skopun municipality,Number of seats,0.0
2011,National parliament,Skopun municipality,Proportion of seats held by women,0.0
2011,National parliament,Skopun municipality,Seats held by women,0.0
2011,National parliament,Skopun municipality,Number of seats,0.0
2012,National parliament,Skopun municipality,Proportion of seats held by women,0.0
2012,National parliament,Skopun municipality,Seats held by women,0.0
2012,National parliament,Skopun municipality,Number of seats,0.0
2015,National parliament,Skopun municipality,Proportion of seats held by women,0.0
2015,National parliament,Skopun municipality,Seats held by women,0.0
2015,National parliament,Skopun municipality,Number of seats,0.0
2016,National parliament,Skopun municipality,Proportion of seats held by women,0.0
2016,National parliament,Skopun municipality,Seats held by women,0.0
2016,National parliament,Skopun municipality,Number of seats,0.0
2019,National parliament,Skopun municipality,Proportion of seats held by women,0.0
2019,National parliament,Skopun municipality,Seats held by women,0.0
2019,National parliament,Skopun municipality,Number of seats,0.0
2020,National parliament,Skopun municipality,Proportion of seats held by women,0.0
2020,National parliament,Skopun municipality,Seats held by women,0.0
2020,National parliament,Skopun municipality,Number of seats,0.0
2022,National parliament,Skopun municipality,Proportion of seats held by women,0.0
2022,National parliament,Skopun municipality,Seats held by women,0.0
2022,National parliament,Skopun municipality,Number of seats,0.0
2024,National parliament,Skopun municipality,Proportion of seats held by women,0.0
2024,National parliament,Skopun municipality,Seats held by women,0.0
2024,National parliament,Skopun municipality,Number of seats,0.0
1984,National parliament,Skúgvoy municipality,Proportion of seats held by women,0.0
1984,National parliament,Skúgvoy municipality,Seats held by women,0.0
1984,National parliament,Skúgvoy municipality,Number of seats,0.0
1988,National parliament,Skúgvoy municipality,Proportion of seats held by women,0.0
1988,National parliament,Skúgvoy municipality,Seats held by women,0.0
1988,National parliament,Skúgvoy municipality,Number of seats,0.0
1990,National parliament,Skúgvoy municipality,Proportion of seats held by women,0.0
1990,National parliament,Skúgvoy municipality,Seats held by women,0.0
1990,National parliament,Skúgvoy municipality,Number of seats,0.0
1992,National parliament,Skúgvoy municipality,Proportion of seats held by women,0.0
1992,National parliament,Skúgvoy municipality,Seats held by women,0.0
1992,National parliament,Skúgvoy municipality,Number of seats,0.0
1994,National parliament,Skúgvoy municipality,Proportion of seats held by women,0.0
1994,National parliament,Skúgvoy municipality,Seats held by women,0.0
1994,National parliament,Skúgvoy municipality,Number of seats,0.0
1996,National parliament,Skúgvoy municipality,Proportion of seats held by women,0.0
1996,National parliament,Skúgvoy municipality,Seats held by women,0.0
1996,National parliament,Skúgvoy municipality,Number of seats,0.0
1998,National parliament,Skúgvoy municipality,Proportion of seats held by women,0.0
1998,National parliament,Skúgvoy municipality,Seats held by women,0.0
1998,National parliament,Skúgvoy municipality,Number of seats,0.0
2000,National parliament,Skúgvoy municipality,Proportion of seats held by women,0.0
2000,National parliament,Skúgvoy municipality,Seats held by women,0.0
2000,National parliament,Skúgvoy municipality,Number of seats,0.0
2002,National parliament,Skúgvoy municipality,Proportion of seats held by women,0.0
2002,National parliament,Skúgvoy municipality,Seats held by women,0.0
2002,National parliament,Skúgvoy municipality,Number of seats,0.0
2004,National parliament,Skúgvoy municipality,Proportion of seats held by women,0.0
2004,National parliament,Skúgvoy municipality,Seats held by women,0.0
2004,National parliament,Skúgvoy municipality,Number of seats,0.0
2008,National parliament,Skúgvoy municipality,Proportion of seats held by women,0.0
2008,National parliament,Skúgvoy municipality,Seats held by women,0.0
2008,National parliament,Skúgvoy municipality,Number of seats,0.0
2011,National parliament,Skúgvoy municipality,Proportion of seats held by women,0.0
2011,National parliament,Skúgvoy municipality,Seats held by women,0.0
2011,National parliament,Skúgvoy municipality,Number of seats,0.0
2012,National parliament,Skúgvoy municipality,Proportion of seats held by women,0.0
2012,National parliament,Skúgvoy municipality,Seats held by women,0.0
2012,National parliament,Skúgvoy municipality,Number of seats,0.0
2015,National parliament,Skúgvoy municipality,Proportion of seats held by women,0.0
2015,National parliament,Skúgvoy municipality,Seats held by women,0.0
2015,National parliament,Skúgvoy municipality,Number of seats,0.0
2016,National parliament,Skúgvoy municipality,Proportion of seats held by women,0.0
2016,National parliament,Skúgvoy municipality,Seats held by women,0.0
2016,National parliament,Skúgvoy municipality,Number of seats,0.0
2019,National parliament,Skúgvoy municipality,Proportion of seats held by women,0.0
2019,National parliament,Skúgvoy municipality,Seats held by women,0.0
2019,National parliament,Skúgvoy municipality,Number of seats,0.0
2020,National parliament,Skúgvoy municipality,Proportion of seats held by women,0.0
2020,National parliament,Skúgvoy municipality,Seats held by women,0.0
2020,National parliament,Skúgvoy municipality,Number of seats,0.0
2022,National parliament,Skúgvoy municipality,Proportion of seats held by women,0.0
2022,National parliament,Skúgvoy municipality,Seats held by women,0.0
2022,National parliament,Skúgvoy municipality,Number of seats,0.0
2024,National parliament,Skúgvoy municipality,Proportion of seats held by women,0.0
2024,National parliament,Skúgvoy municipality,Seats held by women,0.0
2024,National parliament,Skúgvoy municipality,Number of seats,0.0
1984,National parliament,Sørvágur municipality,Proportion of seats held by women,0.0
1984,National parliament,Sørvágur municipality,Seats held by women,0.0
1984,National parliament,Sørvágur municipality,Number of seats,0.0
1988,National parliament,Sørvágur municipality,Proportion of seats held by women,0.0
1988,National parliament,Sørvágur municipality,Seats held by women,0.0
1988,National parliament,Sørvágur municipality,Number of seats,0.0
1990,National parliament,Sørvágur municipality,Proportion of seats held by women,0.0
1990,National parliament,Sørvágur municipality,Seats held by women,0.0
1990,National parliament,Sørvágur municipality,Number of seats,0.0
1992,National parliament,Sørvágur municipality,Proportion of seats held by women,0.0
1992,National parliament,Sørvágur municipality,Seats held by women,0.0
1992,National parliament,Sørvágur municipality,Number of seats,0.0
1994,National parliament,Sørvágur municipality,Proportion of seats held by women,0.0
1994,National parliament,Sørvágur municipality,Seats held by women,0.0
1994,National parliament,Sørvágur municipality,Number of seats,0.0
1996,National parliament,Sørvágur municipality,Proportion of seats held by women,0.0
1996,National parliament,Sørvágur municipality,Seats held by women,0.0
1996,National parliament,Sørvágur municipality,Number of seats,0.0
1998,National parliament,Sørvágur municipality,Proportion of seats held by women,0.0
1998,National parliament,Sørvágur municipality,Seats held by women,0.0
1998,National parliament,Sørvágur municipality,Number of seats,0.0
2000,National parliament,Sørvágur municipality,Proportion of seats held by women,0.0
2000,National parliament,Sørvágur municipality,Seats held by women,0.0
2000,National parliament,Sørvágur municipality,Number of seats,0.0
2002,National parliament,Sørvágur municipality,Proportion of seats held by women,0.0
2002,National parliament,Sørvágur municipality,Seats held by women,0.0
2002,National parliament,Sørvágur municipality,Number of seats,0.0
2004,National parliament,Sørvágur municipality,Proportion of seats held by women,0.0
2004,National parliament,Sørvágur municipality,Seats held by women,0.0
2004,National parliament,Sørvágur municipality,Number of seats,0.0
2008,National parliament,Sørvágur municipality,Proportion of seats held by women,0.0
2008,National parliament,Sørvágur municipality,Seats held by women,0.0
2008,National parliament,Sørvágur municipality,Number of seats,0.0
2011,National parliament,Sørvágur municipality,Proportion of seats held by women,0.0
2011,National parliament,Sørvágur municipality,Seats held by women,0.0
2011,National parliament,Sørvágur municipality,Number of seats,0.0
2012,National parliament,Sørvágur municipality,Proportion of seats held by women,0.0
2012,National parliament,Sørvágur municipality,Seats held by women,0.0
2012,National parliament,Sørvágur municipality,Number of seats,0.0
2015,National parliament,Sørvágur municipality,Proportion of seats held by women,0.0
2015,National parliament,Sørvágur municipality,Seats held by women,0.0
2015,National parliament,Sørvágur municipality,Number of seats,0.0
2016,National parliament,Sørvágur municipality,Proportion of seats held by women,0.0
2016,National parliament,Sørvágur municipality,Seats held by women,0.0
2016,National parliament,Sørvágur municipality,Number of seats,0.0
2019,National parliament,Sørvágur municipality,Proportion of seats held by women,0.0
2019,National parliament,Sørvágur municipality,Seats held by women,0.0
2019,National parliament,Sørvágur municipality,Number of seats,0.0
2020,National parliament,Sørvágur municipality,Proportion of seats held by women,0.0
2020,National parliament,Sørvágur municipality,Seats held by women,0.0
2020,National parliament,Sørvágur municipality,Number of seats,0.0
2022,National parliament,Sørvágur municipality,Proportion of seats held by women,0.0
2022,National parliament,Sørvágur municipality,Seats held by women,0.0
2022,National parliament,Sørvágur municipality,Number of seats,0.0
2024,National parliament,Sørvágur municipality,Proportion of seats held by women,0.0
2024,National parliament,Sørvágur municipality,Seats held by women,0.0
2024,National parliament,Sørvágur municipality,Number of seats,0.0
1984,National parliament,Sumba municipality,Proportion of seats held by women,0.0
1984,National parliament,Sumba municipality,Seats held by women,0.0
1984,National parliament,Sumba municipality,Number of seats,0.0
1988,National parliament,Sumba municipality,Proportion of seats held by women,0.0
1988,National parliament,Sumba municipality,Seats held by women,0.0
1988,National parliament,Sumba municipality,Number of seats,0.0
1990,National parliament,Sumba municipality,Proportion of seats held by women,0.0
1990,National parliament,Sumba municipality,Seats held by women,0.0
1990,National parliament,Sumba municipality,Number of seats,0.0
1992,National parliament,Sumba municipality,Proportion of seats held by women,0.0
1992,National parliament,Sumba municipality,Seats held by women,0.0
1992,National parliament,Sumba municipality,Number of seats,0.0
1994,National parliament,Sumba municipality,Proportion of seats held by women,0.0
1994,National parliament,Sumba municipality,Seats held by women,0.0
1994,National parliament,Sumba municipality,Number of seats,0.0
1996,National parliament,Sumba municipality,Proportion of seats held by women,0.0
1996,National parliament,Sumba municipality,Seats held by women,0.0
1996,National parliament,Sumba municipality,Number of seats,0.0
1998,National parliament,Sumba municipality,Proportion of seats held by women,0.0
1998,National parliament,Sumba municipality,Seats held by women,0.0
1998,National parliament,Sumba municipality,Number of seats,0.0
2000,National parliament,Sumba municipality,Proportion of seats held by women,0.0
2000,National parliament,Sumba municipality,Seats held by women,0.0
2000,National parliament,Sumba municipality,Number of seats,0.0
2002,National parliament,Sumba municipality,Proportion of seats held by women,0.0
2002,National parliament,Sumba municipality,Seats held by women,0.0
2002,National parliament,Sumba municipality,Number of seats,0.0
2004,National parliament,Sumba municipality,Proportion of seats held by women,0.0
2004,National parliament,Sumba municipality,Seats held by women,0.0
2004,National parliament,Sumba municipality,Number of seats,0.0
2008,National parliament,Sumba municipality,Proportion of seats held by women,0.0
2008,National parliament,Sumba municipality,Seats held by women,0.0
2008,National parliament,Sumba municipality,Number of seats,0.0
2011,National parliament,Sumba municipality,Proportion of seats held by women,0.0
2011,National parliament,Sumba municipality,Seats held by women,0.0
2011,National parliament,Sumba municipality,Number of seats,0.0
2012,National parliament,Sumba municipality,Proportion of seats held by women,0.0
2012,National parliament,Sumba municipality,Seats held by women,0.0
2012,National parliament,Sumba municipality,Number of seats,0.0
2015,National parliament,Sumba municipality,Proportion of seats held by women,0.0
2015,National parliament,Sumba municipality,Seats held by women,0.0
2015,National parliament,Sumba municipality,Number of seats,0.0
2016,National parliament,Sumba municipality,Proportion of seats held by women,0.0
2016,National parliament,Sumba municipality,Seats held by women,0.0
2016,National parliament,Sumba municipality,Number of seats,0.0
2019,National parliament,Sumba municipality,Proportion of seats held by women,0.0
2019,National parliament,Sumba municipality,Seats held by women,0.0
2019,National parliament,Sumba municipality,Number of seats,0.0
2020,National parliament,Sumba municipality,Proportion of seats held by women,0.0
2020,National parliament,Sumba municipality,Seats held by women,0.0
2020,National parliament,Sumba municipality,Number of seats,0.0
2022,National parliament,Sumba municipality,Proportion of seats held by women,0.0
2022,National parliament,Sumba municipality,Seats held by women,0.0
2022,National parliament,Sumba municipality,Number of seats,0.0
2024,National parliament,Sumba municipality,Proportion of seats held by women,0.0
2024,National parliament,Sumba municipality,Seats held by women,0.0
2024,National parliament,Sumba municipality,Number of seats,0.0
1984,National parliament,Sunda municipality,Proportion of seats held by women,0.0
1984,National parliament,Sunda municipality,Seats held by women,0.0
1984,National parliament,Sunda municipality,Number of seats,0.0
1988,National parliament,Sunda municipality,Proportion of seats held by women,0.0
1988,National parliament,Sunda municipality,Seats held by women,0.0
1988,National parliament,Sunda municipality,Number of seats,0.0
1990,National parliament,Sunda municipality,Proportion of seats held by women,0.0
1990,National parliament,Sunda municipality,Seats held by women,0.0
1990,National parliament,Sunda municipality,Number of seats,0.0
1992,National parliament,Sunda municipality,Proportion of seats held by women,0.0
1992,National parliament,Sunda municipality,Seats held by women,0.0
1992,National parliament,Sunda municipality,Number of seats,0.0
1994,National parliament,Sunda municipality,Proportion of seats held by women,0.0
1994,National parliament,Sunda municipality,Seats held by women,0.0
1994,National parliament,Sunda municipality,Number of seats,0.0
1996,National parliament,Sunda municipality,Proportion of seats held by women,0.0
1996,National parliament,Sunda municipality,Seats held by women,0.0
1996,National parliament,Sunda municipality,Number of seats,0.0
1998,National parliament,Sunda municipality,Proportion of seats held by women,0.0
1998,National parliament,Sunda municipality,Seats held by women,0.0
1998,National parliament,Sunda municipality,Number of seats,0.0
2000,National parliament,Sunda municipality,Proportion of seats held by women,0.0
2000,National parliament,Sunda municipality,Seats held by women,0.0
2000,National parliament,Sunda municipality,Number of seats,0.0
2002,National parliament,Sunda municipality,Proportion of seats held by women,0.0
2002,National parliament,Sunda municipality,Seats held by women,0.0
2002,National parliament,Sunda municipality,Number of seats,0.0
2004,National parliament,Sunda municipality,Proportion of seats held by women,0.0
2004,National parliament,Sunda municipality,Seats held by women,0.0
2004,National parliament,Sunda municipality,Number of seats,0.0
2008,National parliament,Sunda municipality,Proportion of seats held by women,0.0
2008,National parliament,Sunda municipality,Seats held by women,0.0
2008,National parliament,Sunda municipality,Number of seats,0.0
2011,National parliament,Sunda municipality,Proportion of seats held by women,0.0
2011,National parliament,Sunda municipality,Seats held by women,0.0
2011,National parliament,Sunda municipality,Number of seats,0.0
2012,National parliament,Sunda municipality,Proportion of seats held by women,0.0
2012,National parliament,Sunda municipality,Seats held by women,0.0
2012,National parliament,Sunda municipality,Number of seats,0.0
2015,National parliament,Sunda municipality,Proportion of seats held by women,0.0
2015,National parliament,Sunda municipality,Seats held by women,0.0
2015,National parliament,Sunda municipality,Number of seats,0.0
2016,National parliament,Sunda municipality,Proportion of seats held by women,0.0
2016,National parliament,Sunda municipality,Seats held by women,0.0
2016,National parliament,Sunda municipality,Number of seats,0.0
2019,National parliament,Sunda municipality,Proportion of seats held by women,0.0
2019,National parliament,Sunda municipality,Seats held by women,0.0
2019,National parliament,Sunda municipality,Number of seats,0.0
2020,National parliament,Sunda municipality,Proportion of seats held by women,0.0
2020,National parliament,Sunda municipality,Seats held by women,0.0
2020,National parliament,Sunda municipality,Number of seats,0.0
2022,National parliament,Sunda municipality,Proportion of seats held by women,0.0
2022,National parliament,Sunda municipality,Seats held by women,0.0
2022,National parliament,Sunda municipality,Number of seats,0.0
2024,National parliament,Sunda municipality,Proportion of seats held by women,0.0
2024,National parliament,Sunda municipality,Seats held by women,0.0
2024,National parliament,Sunda municipality,Number of seats,0.0
1984,National parliament,Svínoy municipality,Proportion of seats held by women,0.0
1984,National parliament,Svínoy municipality,Seats held by women,0.0
1984,National parliament,Svínoy municipality,Number of seats,0.0
1988,National parliament,Svínoy municipality,Proportion of seats held by women,0.0
1988,National parliament,Svínoy municipality,Seats held by women,0.0
1988,National parliament,Svínoy municipality,Number of seats,0.0
1990,National parliament,Svínoy municipality,Proportion of seats held by women,0.0
1990,National parliament,Svínoy municipality,Seats held by women,0.0
1990,National parliament,Svínoy municipality,Number of seats,0.0
1992,National parliament,Svínoy municipality,Proportion of seats held by women,0.0
1992,National parliament,Svínoy municipality,Seats held by women,0.0
1992,National parliament,Svínoy municipality,Number of seats,0.0
1994,National parliament,Svínoy municipality,Proportion of seats held by women,0.0
1994,National parliament,Svínoy municipality,Seats held by women,0.0
1994,National parliament,Svínoy municipality,Number of seats,0.0
1996,National parliament,Svínoy municipality,Proportion of seats held by women,0.0
1996,National parliament,Svínoy municipality,Seats held by women,0.0
1996,National parliament,Svínoy municipality,Number of seats,0.0
1998,National parliament,Svínoy municipality,Proportion of seats held by women,0.0
1998,National parliament,Svínoy municipality,Seats held by women,0.0
1998,National parliament,Svínoy municipality,Number of seats,0.0
2000,National parliament,Svínoy municipality,Proportion of seats held by women,0.0
2000,National parliament,Svínoy municipality,Seats held by women,0.0
2000,National parliament,Svínoy municipality,Number of seats,0.0
2002,National parliament,Svínoy municipality,Proportion of seats held by women,0.0
2002,National parliament,Svínoy municipality,Seats held by women,0.0
2002,National parliament,Svínoy municipality,Number of seats,0.0
2004,National parliament,Svínoy municipality,Proportion of seats held by women,0.0
2004,National parliament,Svínoy municipality,Seats held by women,0.0
2004,National parliament,Svínoy municipality,Number of seats,0.0
2008,National parliament,Svínoy municipality,Proportion of seats held by women,0.0
2008,National parliament,Svínoy municipality,Seats held by women,0.0
2008,National parliament,Svínoy municipality,Number of seats,0.0
2011,National parliament,Svínoy municipality,Proportion of seats held by women,0.0
2011,National parliament,Svínoy municipality,Seats held by women,0.0
2011,National parliament,Svínoy municipality,Number of seats,0.0
2012,National parliament,Svínoy municipality,Proportion of seats held by women,0.0
2012,National parliament,Svínoy municipality,Seats held by women,0.0
2012,National parliament,Svínoy municipality,Number of seats,0.0
2015,National parliament,Svínoy municipality,Proportion of seats held by women,0.0
2015,National parliament,Svínoy municipality,Seats held by women,0.0
2015,National parliament,Svínoy municipality,Number of seats,0.0
2016,National parliament,Svínoy municipality,Proportion of seats held by women,0.0
2016,National parliament,Svínoy municipality,Seats held by women,0.0
2016,National parliament,Svínoy municipality,Number of seats,0.0
2019,National parliament,Svínoy municipality,Proportion of seats held by women,0.0
2019,National parliament,Svínoy municipality,Seats held by women,0.0
2019,National parliament,Svínoy municipality,Number of seats,0.0
2020,National parliament,Svínoy municipality,Proportion of seats held by women,0.0
2020,National parliament,Svínoy municipality,Seats held by women,0.0
2020,National parliament,Svínoy municipality,Number of seats,0.0
2022,National parliament,Svínoy municipality,Proportion of seats held by women,0.0
2022,National parliament,Svínoy municipality,Seats held by women,0.0
2022,National parliament,Svínoy municipality,Number of seats,0.0
2024,National parliament,Svínoy municipality,Proportion of seats held by women,0.0
2024,National parliament,Svínoy municipality,Seats held by women,0.0
2024,National parliament,Svínoy municipality,Number of seats,0.0
1984,National parliament,Tórshavn municipality,Proportion of seats held by women,0.0
1984,National parliament,Tórshavn municipality,Seats held by women,0.0
1984,National parliament,Tórshavn municipality,Number of seats,0.0
1988,National parliament,Tórshavn municipality,Proportion of seats held by women,0.0
1988,National parliament,Tórshavn municipality,Seats held by women,0.0
1988,National parliament,Tórshavn municipality,Number of seats,0.0
1990,National parliament,Tórshavn municipality,Proportion of seats held by women,0.0
1990,National parliament,Tórshavn municipality,Seats held by women,0.0
1990,National parliament,Tórshavn municipality,Number of seats,0.0
1992,National parliament,Tórshavn municipality,Proportion of seats held by women,0.0
1992,National parliament,Tórshavn municipality,Seats held by women,0.0
1992,National parliament,Tórshavn municipality,Number of seats,0.0
1994,National parliament,Tórshavn municipality,Proportion of seats held by women,0.0
1994,National parliament,Tórshavn municipality,Seats held by women,0.0
1994,National parliament,Tórshavn municipality,Number of seats,0.0
1996,National parliament,Tórshavn municipality,Proportion of seats held by women,0.0
1996,National parliament,Tórshavn municipality,Seats held by women,0.0
1996,National parliament,Tórshavn municipality,Number of seats,0.0
1998,National parliament,Tórshavn municipality,Proportion of seats held by women,0.0
1998,National parliament,Tórshavn municipality,Seats held by women,0.0
1998,National parliament,Tórshavn municipality,Number of seats,0.0
2000,National parliament,Tórshavn municipality,Proportion of seats held by women,0.0
2000,National parliament,Tórshavn municipality,Seats held by women,0.0
2000,National parliament,Tórshavn municipality,Number of seats,0.0
2002,National parliament,Tórshavn municipality,Proportion of seats held by women,0.0
2002,National parliament,Tórshavn municipality,Seats held by women,0.0
2002,National parliament,Tórshavn municipality,Number of seats,0.0
2004,National parliament,Tórshavn municipality,Proportion of seats held by women,0.0
2004,National parliament,Tórshavn municipality,Seats held by women,0.0
2004,National parliament,Tórshavn municipality,Number of seats,0.0
2008,National parliament,Tórshavn municipality,Proportion of seats held by women,0.0
2008,National parliament,Tórshavn municipality,Seats held by women,0.0
2008,National parliament,Tórshavn municipality,Number of seats,0.0
2011,National parliament,Tórshavn municipality,Proportion of seats held by women,0.0
2011,National parliament,Tórshavn municipality,Seats held by women,0.0
2011,National parliament,Tórshavn municipality,Number of seats,0.0
2012,National parliament,Tórshavn municipality,Proportion of seats held by women,0.0
2012,National parliament,Tórshavn municipality,Seats held by women,0.0
2012,National parliament,Tórshavn municipality,Number of seats,0.0
2015,National parliament,Tórshavn municipality,Proportion of seats held by women,0.0
2015,National parliament,Tórshavn municipality,Seats held by women,0.0
2015,National parliament,Tórshavn municipality,Number of seats,0.0
2016,National parliament,Tórshavn municipality,Proportion of seats held by women,0.0
2016,National parliament,Tórshavn municipality,Seats held by women,0.0
2016,National parliament,Tórshavn municipality,Number of seats,0.0
2019,National parliament,Tórshavn municipality,Proportion of seats held by women,0.0
2019,National parliament,Tórshavn municipality,Seats held by women,0.0
2019,National parliament,Tórshavn municipality,Number of seats,0.0
2020,National parliament,Tórshavn municipality,Proportion of seats held by women,0.0
2020,National parliament,Tórshavn municipality,Seats held by women,0.0
2020,National parliament,Tórshavn municipality,Number of seats,0.0
2022,National parliament,Tórshavn municipality,Proportion of seats held by women,0.0
2022,National parliament,Tórshavn municipality,Seats held by women,0.0
2022,National parliament,Tórshavn municipality,Number of seats,0.0
2024,National parliament,Tórshavn municipality,Proportion of seats held by women,0.0
2024,National parliament,Tórshavn municipality,Seats held by women,0.0
2024,National parliament,Tórshavn municipality,Number of seats,0.0
1984,National parliament,Tvøroyri municipality,Proportion of seats held by women,0.0
1984,National parliament,Tvøroyri municipality,Seats held by women,0.0
1984,National parliament,Tvøroyri municipality,Number of seats,0.0
1988,National parliament,Tvøroyri municipality,Proportion of seats held by women,0.0
1988,National parliament,Tvøroyri municipality,Seats held by women,0.0
1988,National parliament,Tvøroyri municipality,Number of seats,0.0
1990,National parliament,Tvøroyri municipality,Proportion of seats held by women,0.0
1990,National parliament,Tvøroyri municipality,Seats held by women,0.0
1990,National parliament,Tvøroyri municipality,Number of seats,0.0
1992,National parliament,Tvøroyri municipality,Proportion of seats held by women,0.0
1992,National parliament,Tvøroyri municipality,Seats held by women,0.0
1992,National parliament,Tvøroyri municipality,Number of seats,0.0
1994,National parliament,Tvøroyri municipality,Proportion of seats held by women,0.0
1994,National parliament,Tvøroyri municipality,Seats held by women,0.0
1994,National parliament,Tvøroyri municipality,Number of seats,0.0
1996,National parliament,Tvøroyri municipality,Proportion of seats held by women,0.0
1996,National parliament,Tvøroyri municipality,Seats held by women,0.0
1996,National parliament,Tvøroyri municipality,Number of seats,0.0
1998,National parliament,Tvøroyri municipality,Proportion of seats held by women,0.0
1998,National parliament,Tvøroyri municipality,Seats held by women,0.0
1998,National parliament,Tvøroyri municipality,Number of seats,0.0
2000,National parliament,Tvøroyri municipality,Proportion of seats held by women,0.0
2000,National parliament,Tvøroyri municipality,Seats held by women,0.0
2000,National parliament,Tvøroyri municipality,Number of seats,0.0
2002,National parliament,Tvøroyri municipality,Proportion of seats held by women,0.0
2002,National parliament,Tvøroyri municipality,Seats held by women,0.0
2002,National parliament,Tvøroyri municipality,Number of seats,0.0
2004,National parliament,Tvøroyri municipality,Proportion of seats held by women,0.0
2004,National parliament,Tvøroyri municipality,Seats held by women,0.0
2004,National parliament,Tvøroyri municipality,Number of seats,0.0
2008,National parliament,Tvøroyri municipality,Proportion of seats held by women,0.0
2008,National parliament,Tvøroyri municipality,Seats held by women,0.0
2008,National parliament,Tvøroyri municipality,Number of seats,0.0
2011,National parliament,Tvøroyri municipality,Proportion of seats held by women,0.0
2011,National parliament,Tvøroyri municipality,Seats held by women,0.0
2011,National parliament,Tvøroyri municipality,Number of seats,0.0
2012,National parliament,Tvøroyri municipality,Proportion of seats held by women,0.0
2012,National parliament,Tvøroyri municipality,Seats held by women,0.0
2012,National parliament,Tvøroyri municipality,Number of seats,0.0
2015,National parliament,Tvøroyri municipality,Proportion of seats held by women,0.0
2015,National parliament,Tvøroyri municipality,Seats held by women,0.0
2015,National parliament,Tvøroyri municipality,Number of seats,0.0
2016,National parliament,Tvøroyri municipality,Proportion of seats held by women,0.0
2016,National parliament,Tvøroyri municipality,Seats held by women,0.0
2016,National parliament,Tvøroyri municipality,Number of seats,0.0
2019,National parliament,Tvøroyri municipality,Proportion of seats held by women,0.0
2019,National parliament,Tvøroyri municipality,Seats held by women,0.0
2019,National parliament,Tvøroyri municipality,Number of seats,0.0
2020,National parliament,Tvøroyri municipality,Proportion of seats held by women,0.0
2020,National parliament,Tvøroyri municipality,Seats held by women,0.0
2020,National parliament,Tvøroyri municipality,Number of seats,0.0
2022,National parliament,Tvøroyri municipality,Proportion of seats held by women,0.0
2022,National parliament,Tvøroyri municipality,Seats held by women,0.0
2022,National parliament,Tvøroyri municipality,Number of seats,0.0
2024,National parliament,Tvøroyri municipality,Proportion of seats held by women,0.0
2024,National parliament,Tvøroyri municipality,Seats held by women,0.0
2024,National parliament,Tvøroyri municipality,Number of seats,0.0
1984,National parliament,Vágar municipality,Proportion of seats held by women,0.0
1984,National parliament,Vágar municipality,Seats held by women,0.0
1984,National parliament,Vágar municipality,Number of seats,0.0
1988,National parliament,Vágar municipality,Proportion of seats held by women,0.0
1988,National parliament,Vágar municipality,Seats held by women,0.0
1988,National parliament,Vágar municipality,Number of seats,0.0
1990,National parliament,Vágar municipality,Proportion of seats held by women,0.0
1990,National parliament,Vágar municipality,Seats held by women,0.0
1990,National parliament,Vágar municipality,Number of seats,0.0
1992,National parliament,Vágar municipality,Proportion of seats held by women,0.0
1992,National parliament,Vágar municipality,Seats held by women,0.0
1992,National parliament,Vágar municipality,Number of seats,0.0
1994,National parliament,Vágar municipality,Proportion of seats held by women,0.0
1994,National parliament,Vágar municipality,Seats held by women,0.0
1994,National parliament,Vágar municipality,Number of seats,0.0
1996,National parliament,Vágar municipality,Proportion of seats held by women,0.0
1996,National parliament,Vágar municipality,Seats held by women,0.0
1996,National parliament,Vágar municipality,Number of seats,0.0
1998,National parliament,Vágar municipality,Proportion of seats held by women,0.0
1998,National parliament,Vágar municipality,Seats held by women,0.0
1998,National parliament,Vágar municipality,Number of seats,0.0
2000,National parliament,Vágar municipality,Proportion of seats held by women,0.0
2000,National parliament,Vágar municipality,Seats held by women,0.0
2000,National parliament,Vágar municipality,Number of seats,0.0
2002,National parliament,Vágar municipality,Proportion of seats held by women,0.0
2002,National parliament,Vágar municipality,Seats held by women,0.0
2002,National parliament,Vágar municipality,Number of seats,0.0
2004,National parliament,Vágar municipality,Proportion of seats held by women,0.0
2004,National parliament,Vágar municipality,Seats held by women,0.0
2004,National parliament,Vágar municipality,Number of seats,0.0
2008,National parliament,Vágar municipality,Proportion of seats held by women,0.0
2008,National parliament,Vágar municipality,Seats held by women,0.0
2008,National parliament,Vágar municipality,Number of seats,0.0
2011,National parliament,Vágar municipality,Proportion of seats held by women,0.0
2011,National parliament,Vágar municipality,Seats held by women,0.0
2011,National parliament,Vágar municipality,Number of seats,0.0
2012,National parliament,Vágar municipality,Proportion of seats held by women,0.0
2012,National parliament,Vágar municipality,Seats held by women,0.0
2012,National parliament,Vágar municipality,Number of seats,0.0
2015,National parliament,Vágar municipality,Proportion of seats held by women,0.0
2015,National parliament,Vágar municipality,Seats held by women,0.0
2015,National parliament,Vágar municipality,Number of seats,0.0
2016,National parliament,Vágar municipality,Proportion of seats held by women,0.0
2016,National parliament,Vágar municipality,Seats held by women,0.0
2016,National parliament,Vágar municipality,Number of seats,0.0
2019,National parliament,Vágar municipality,Proportion of seats held by women,0.0
2019,National parliament,Vágar municipality,Seats held by women,0.0
2019,National parliament,Vágar municipality,Number of seats,0.0
2020,National parliament,Vágar municipality,Proportion of seats held by women,0.0
2020,National parliament,Vágar municipality,Seats held by women,0.0
2020,National parliament,Vágar municipality,Number of seats,0.0
2022,National parliament,Vágar municipality,Proportion of seats held by women,0.0
2022,National parliament,Vágar municipality,Seats held by women,0.0
2022,National parliament,Vágar municipality,Number of seats,0.0
2024,National parliament,Vágar municipality,Proportion of seats held by women,0.0
2024,National parliament,Vágar municipality,Seats held by women,0.0
2024,National parliament,Vágar municipality,Number of seats,0.0
1984,National parliament,Vágur municipality,Proportion of seats held by women,0.0
1984,National parliament,Vágur municipality,Seats held by women,0.0
1984,National parliament,Vágur municipality,Number of seats,0.0
1988,National parliament,Vágur municipality,Proportion of seats held by women,0.0
1988,National parliament,Vágur municipality,Seats held by women,0.0
1988,National parliament,Vágur municipality,Number of seats,0.0
1990,National parliament,Vágur municipality,Proportion of seats held by women,0.0
1990,National parliament,Vágur municipality,Seats held by women,0.0
1990,National parliament,Vágur municipality,Number of seats,0.0
1992,National parliament,Vágur municipality,Proportion of seats held by women,0.0
1992,National parliament,Vágur municipality,Seats held by women,0.0
1992,National parliament,Vágur municipality,Number of seats,0.0
1994,National parliament,Vágur municipality,Proportion of seats held by women,0.0
1994,National parliament,Vágur municipality,Seats held by women,0.0
1994,National parliament,Vágur municipality,Number of seats,0.0
1996,National parliament,Vágur municipality,Proportion of seats held by women,0.0
1996,National parliament,Vágur municipality,Seats held by women,0.0
1996,National parliament,Vágur municipality,Number of seats,0.0
1998,National parliament,Vágur municipality,Proportion of seats held by women,0.0
1998,National parliament,Vágur municipality,Seats held by women,0.0
1998,National parliament,Vágur municipality,Number of seats,0.0
2000,National parliament,Vágur municipality,Proportion of seats held by women,0.0
2000,National parliament,Vágur municipality,Seats held by women,0.0
2000,National parliament,Vágur municipality,Number of seats,0.0
2002,National parliament,Vágur municipality,Proportion of seats held by women,0.0
2002,National parliament,Vágur municipality,Seats held by women,0.0
2002,National parliament,Vágur municipality,Number of seats,0.0
2004,National parliament,Vágur municipality,Proportion of seats held by women,0.0
2004,National parliament,Vágur municipality,Seats held by women,0.0
2004,National parliament,Vágur municipality,Number of seats,0.0
2008,National parliament,Vágur municipality,Proportion of seats held by women,0.0
2008,National parliament,Vágur municipality,Seats held by women,0.0
2008,National parliament,Vágur municipality,Number of seats,0.0
2011,National parliament,Vágur municipality,Proportion of seats held by women,0.0
2011,National parliament,Vágur municipality,Seats held by women,0.0
2011,National parliament,Vágur municipality,Number of seats,0.0
2012,National parliament,Vágur municipality,Proportion of seats held by women,0.0
2012,National parliament,Vágur municipality,Seats held by women,0.0
2012,National parliament,Vágur municipality,Number of seats,0.0
2015,National parliament,Vágur municipality,Proportion of seats held by women,0.0
2015,National parliament,Vágur municipality,Seats held by women,0.0
2015,National parliament,Vágur municipality,Number of seats,0.0
2016,National parliament,Vágur municipality,Proportion of seats held by women,0.0
2016,National parliament,Vágur municipality,Seats held by women,0.0
2016,National parliament,Vágur municipality,Number of seats,0.0
2019,National parliament,Vágur municipality,Proportion of seats held by women,0.0
2019,National parliament,Vágur municipality,Seats held by women,0.0
2019,National parliament,Vágur municipality,Number of seats,0.0
2020,National parliament,Vágur municipality,Proportion of seats held by women,0.0
2020,National parliament,Vágur municipality,Seats held by women,0.0
2020,National parliament,Vágur municipality,Number of seats,0.0
2022,National parliament,Vágur municipality,Proportion of seats held by women,0.0
2022,National parliament,Vágur municipality,Seats held by women,0.0
2022,National parliament,Vágur municipality,Number of seats,0.0
2024,National parliament,Vágur municipality,Proportion of seats held by women,0.0
2024,National parliament,Vágur municipality,Seats held by women,0.0
2024,National parliament,Vágur municipality,Number of seats,0.0
1984,National parliament,Vestmanna municipality,Proportion of seats held by women,0.0
1984,National parliament,Vestmanna municipality,Seats held by women,0.0
1984,National parliament,Vestmanna municipality,Number of seats,0.0
1988,National parliament,Vestmanna municipality,Proportion of seats held by women,0.0
1988,National parliament,Vestmanna municipality,Seats held by women,0.0
1988,National parliament,Vestmanna municipality,Number of seats,0.0
1990,National parliament,Vestmanna municipality,Proportion of seats held by women,0.0
1990,National parliament,Vestmanna municipality,Seats held by women,0.0
1990,National parliament,Vestmanna municipality,Number of seats,0.0
1992,National parliament,Vestmanna municipality,Proportion of seats held by women,0.0
1992,National parliament,Vestmanna municipality,Seats held by women,0.0
1992,National parliament,Vestmanna municipality,Number of seats,0.0
1994,National parliament,Vestmanna municipality,Proportion of seats held by women,0.0
1994,National parliament,Vestmanna municipality,Seats held by women,0.0
1994,National parliament,Vestmanna municipality,Number of seats,0.0
1996,National parliament,Vestmanna municipality,Proportion of seats held by women,0.0
1996,National parliament,Vestmanna municipality,Seats held by women,0.0
1996,National parliament,Vestmanna municipality,Number of seats,0.0
1998,National parliament,Vestmanna municipality,Proportion of seats held by women,0.0
1998,National parliament,Vestmanna municipality,Seats held by women,0.0
1998,National parliament,Vestmanna municipality,Number of seats,0.0
2000,National parliament,Vestmanna municipality,Proportion of seats held by women,0.0
2000,National parliament,Vestmanna municipality,Seats held by women,0.0
2000,National parliament,Vestmanna municipality,Number of seats,0.0
2002,National parliament,Vestmanna municipality,Proportion of seats held by women,0.0
2002,National parliament,Vestmanna municipality,Seats held by women,0.0
2002,National parliament,Vestmanna municipality,Number of seats,0.0
2004,National parliament,Vestmanna municipality,Proportion of seats held by women,0.0
2004,National parliament,Vestmanna municipality,Seats held by women,0.0
2004,National parliament,Vestmanna municipality,Number of seats,0.0
2008,National parliament,Vestmanna municipality,Proportion of seats held by women,0.0
2008,National parliament,Vestmanna municipality,Seats held by women,0.0
2008,National parliament,Vestmanna municipality,Number of seats,0.0
2011,National parliament,Vestmanna municipality,Proportion of seats held by women,0.0
2011,National parliament,Vestmanna municipality,Seats held by women,0.0
2011,National parliament,Vestmanna municipality,Number of seats,0.0
2012,National parliament,Vestmanna municipality,Proportion of seats held by women,0.0
2012,National parliament,Vestmanna municipality,Seats held by women,0.0
2012,National parliament,Vestmanna municipality,Number of seats,0.0
2015,National parliament,Vestmanna municipality,Proportion of seats held by women,0.0
2015,National parliament,Vestmanna municipality,Seats held by women,0.0
2015,National parliament,Vestmanna municipality,Number of seats,0.0
2016,National parliament,Vestmanna municipality,Proportion of seats held by women,0.0
2016,National parliament,Vestmanna municipality,Seats held by women,0.0
2016,National parliament,Vestmanna municipality,Number of seats,0.0
2019,National parliament,Vestmanna municipality,Proportion of seats held by women,0.0
2019,National parliament,Vestmanna municipality,Seats held by women,0.0
2019,National parliament,Vestmanna municipality,Number of seats,0.0
2020,National parliament,Vestmanna municipality,Proportion of seats held by women,0.0
2020,National parliament,Vestmanna municipality,Seats held by women,0.0
2020,National parliament,Vestmanna municipality,Number of seats,0.0
2022,National parliament,Vestmanna municipality,Proportion of seats held by women,0.0
2022,National parliament,Vestmanna municipality,Seats held by women,0.0
2022,National parliament,Vestmanna municipality,Number of seats,0.0
2024,National parliament,Vestmanna municipality,Proportion of seats held by women,0.0
2024,National parliament,Vestmanna municipality,Seats held by women,0.0
2024,National parliament,Vestmanna municipality,Number of seats,0.0
1984,National parliament,Viðareiði municipality,Proportion of seats held by women,0.0
1984,National parliament,Viðareiði municipality,Seats held by women,0.0
1984,National parliament,Viðareiði municipality,Number of seats,0.0
1988,National parliament,Viðareiði municipality,Proportion of seats held by women,0.0
1988,National parliament,Viðareiði municipality,Seats held by women,0.0
1988,National parliament,Viðareiði municipality,Number of seats,0.0
1990,National parliament,Viðareiði municipality,Proportion of seats held by women,0.0
1990,National parliament,Viðareiði municipality,Seats held by women,0.0
1990,National parliament,Viðareiði municipality,Number of seats,0.0
1992,National parliament,Viðareiði municipality,Proportion of seats held by women,0.0
1992,National parliament,Viðareiði municipality,Seats held by women,0.0
1992,National parliament,Viðareiði municipality,Number of seats,0.0
1994,National parliament,Viðareiði municipality,Proportion of seats held by women,0.0
1994,National parliament,Viðareiði municipality,Seats held by women,0.0
1994,National parliament,Viðareiði municipality,Number of seats,0.0
1996,National parliament,Viðareiði municipality,Proportion of seats held by women,0.0
1996,National parliament,Viðareiði municipality,Seats held by women,0.0
1996,National parliament,Viðareiði municipality,Number of seats,0.0
1998,National parliament,Viðareiði municipality,Proportion of seats held by women,0.0
1998,National parliament,Viðareiði municipality,Seats held by women,0.0
1998,National parliament,Viðareiði municipality,Number of seats,0.0
2000,National parliament,Viðareiði municipality,Proportion of seats held by women,0.0
2000,National parliament,Viðareiði municipality,Seats held by women,0.0
2000,National parliament,Viðareiði municipality,Number of seats,0.0
2002,National parliament,Viðareiði municipality,Proportion of seats held by women,0.0
2002,National parliament,Viðareiði municipality,Seats held by women,0.0
2002,National parliament,Viðareiði municipality,Number of seats,0.0
2004,National parliament,Viðareiði municipality,Proportion of seats held by women,0.0
2004,National parliament,Viðareiði municipality,Seats held by women,0.0
2004,National parliament,Viðareiði municipality,Number of seats,0.0
2008,National parliament,Viðareiði municipality,Proportion of seats held by women,0.0
2008,National parliament,Viðareiði municipality,Seats held by women,0.0
2008,National parliament,Viðareiði municipality,Number of seats,0.0
2011,National parliament,Viðareiði municipality,Proportion of seats held by women,0.0
2011,National parliament,Viðareiði municipality,Seats held by women,0.0
2011,National parliament,Viðareiði municipality,Number of seats,0.0
2012,National parliament,Viðareiði municipality,Proportion of seats held by women,0.0
2012,National parliament,Viðareiði municipality,Seats held by women,0.0
2012,National parliament,Viðareiði municipality,Number of seats,0.0
2015,National parliament,Viðareiði municipality,Proportion of seats held by women,0.0
2015,National parliament,Viðareiði municipality,Seats held by women,0.0
2015,National parliament,Viðareiði municipality,Number of seats,0.0
2016,National parliament,Viðareiði municipality,Proportion of seats held by women,0.0
2016,National parliament,Viðareiði municipality,Seats held by women,0.0
2016,National parliament,Viðareiði municipality,Number of seats,0.0
2019,National parliament,Viðareiði municipality,Proportion of seats held by women,0.0
2019,National parliament,Viðareiði municipality,Seats held by women,0.0
2019,National parliament,Viðareiði municipality,Number of seats,0.0
2020,National parliament,Viðareiði municipality,Proportion of seats held by women,0.0
2020,National parliament,Viðareiði municipality,Seats held by women,0.0
2020,National parliament,Viðareiði municipality,Number of seats,0.0
2022,National parliament,Viðareiði municipality,Proportion of seats held by women,0.0
2022,National parliament,Viðareiði municipality,Seats held by women,0.0
2022,National parliament,Viðareiði municipality,Number of seats,0.0
2024,National parliament,Viðareiði municipality,Proportion of seats held by women,0.0
2024,National parliament,Viðareiði municipality,Seats held by women,0.0
2024,National parliament,Viðareiði municipality,Number of seats,0.0
1984,Local goverment,All parties,Proportion of seats held by women,0.0
1984,Local goverment,All parties,Seats held by women,0.0
1984,Local goverment,All parties,Number of seats,0.0
1988,Local goverment,All parties,Proportion of seats held by women,0.0
1988,Local goverment,All parties,Seats held by women,0.0
1988,Local goverment,All parties,Number of seats,0.0
1990,Local goverment,All parties,Proportion of seats held by women,0.0
1990,Local goverment,All parties,Seats held by women,0.0
1990,Local goverment,All parties,Number of seats,0.0
1992,Local goverment,All parties,Proportion of seats held by women,0.0
1992,Local goverment,All parties,Seats held by women,0.0
1992,Local goverment,All parties,Number of seats,0.0
1994,Local goverment,All parties,Proportion of seats held by women,0.0
1994,Local goverment,All parties,Seats held by women,0.0
1994,Local goverment,All parties,Number of seats,0.0
1996,Local goverment,All parties,Proportion of seats held by women,0.0
1996,Local goverment,All parties,Seats held by women,0.0
1996,Local goverment,All parties,Number of seats,0.0
1998,Local goverment,All parties,Proportion of seats held by women,0.0
1998,Local goverment,All parties,Seats held by women,0.0
1998,Local goverment,All parties,Number of seats,0.0
2000,Local goverment,All parties,Proportion of seats held by women,0.0
2000,Local goverment,All parties,Seats held by women,0.0
2000,Local goverment,All parties,Number of seats,0.0
2002,Local goverment,All parties,Proportion of seats held by women,0.0
2002,Local goverment,All parties,Seats held by women,0.0
2002,Local goverment,All parties,Number of seats,0.0
2004,Local goverment,All parties,Proportion of seats held by women,0.0
2004,Local goverment,All parties,Seats held by women,0.0
2004,Local goverment,All parties,Number of seats,0.0
2008,Local goverment,All parties,Proportion of seats held by women,0.0
2008,Local goverment,All parties,Seats held by women,0.0
2008,Local goverment,All parties,Number of seats,0.0
2011,Local goverment,All parties,Proportion of seats held by women,0.0
2011,Local goverment,All parties,Seats held by women,0.0
2011,Local goverment,All parties,Number of seats,0.0
2012,Local goverment,All parties,Proportion of seats held by women,0.0
2012,Local goverment,All parties,Seats held by women,0.0
2012,Local goverment,All parties,Number of seats,0.0
2015,Local goverment,All parties,Proportion of seats held by women,0.0
2015,Local goverment,All parties,Seats held by women,0.0
2015,Local goverment,All parties,Number of seats,0.0
2016,Local goverment,All parties,Proportion of seats held by women,0.0
2016,Local goverment,All parties,Seats held by women,0.0
2016,Local goverment,All parties,Number of seats,0.0
2019,Local goverment,All parties,Proportion of seats held by women,0.0
2019,Local goverment,All parties,Seats held by women,0.0
2019,Local goverment,All parties,Number of seats,0.0
2020,Local goverment,All parties,Proportion of seats held by women,0.0
2020,Local goverment,All parties,Seats held by women,0.0
2020,Local goverment,All parties,Number of seats,0.0
2022,Local goverment,All parties,Proportion of seats held by women,0.0
2022,Local goverment,All parties,Seats held by women,0.0
2022,Local goverment,All parties,Number of seats,0.0
2024,Local goverment,All parties,Proportion of seats held by women,0.0
2024,Local goverment,All parties,Seats held by women,0.0
2024,Local goverment,All parties,Number of seats,0.0
1984,Local goverment,Conservative Party,Proportion of seats held by women,0.0
1984,Local goverment,Conservative Party,Seats held by women,0.0
1984,Local goverment,Conservative Party,Number of seats,0.0
1988,Local goverment,Conservative Party,Proportion of seats held by women,0.0
1988,Local goverment,Conservative Party,Seats held by women,0.0
1988,Local goverment,Conservative Party,Number of seats,0.0
1990,Local goverment,Conservative Party,Proportion of seats held by women,0.0
1990,Local goverment,Conservative Party,Seats held by women,0.0
1990,Local goverment,Conservative Party,Number of seats,0.0
1992,Local goverment,Conservative Party,Proportion of seats held by women,0.0
1992,Local goverment,Conservative Party,Seats held by women,0.0
1992,Local goverment,Conservative Party,Number of seats,0.0
1994,Local goverment,Conservative Party,Proportion of seats held by women,0.0
1994,Local goverment,Conservative Party,Seats held by women,0.0
1994,Local goverment,Conservative Party,Number of seats,0.0
1996,Local goverment,Conservative Party,Proportion of seats held by women,0.0
1996,Local goverment,Conservative Party,Seats held by women,0.0
1996,Local goverment,Conservative Party,Number of seats,0.0
1998,Local goverment,Conservative Party,Proportion of seats held by women,0.0
1998,Local goverment,Conservative Party,Seats held by women,0.0
1998,Local goverment,Conservative Party,Number of seats,0.0
2000,Local goverment,Conservative Party,Proportion of seats held by women,0.0
2000,Local goverment,Conservative Party,Seats held by women,0.0
2000,Local goverment,Conservative Party,Number of seats,0.0
2002,Local goverment,Conservative Party,Proportion of seats held by women,0.0
2002,Local goverment,Conservative Party,Seats held by women,0.0
2002,Local goverment,Conservative Party,Number of seats,0.0
2004,Local goverment,Conservative Party,Proportion of seats held by women,0.0
2004,Local goverment,Conservative Party,Seats held by women,0.0
2004,Local goverment,Conservative Party,Number of seats,0.0
2008,Local goverment,Conservative Party,Proportion of seats held by women,0.0
2008,Local goverment,Conservative Party,Seats held by women,0.0
2008,Local goverment,Conservative Party,Number of seats,0.0
2011,Local goverment,Conservative Party,Proportion of seats held by women,0.0
2011,Local goverment,Conservative Party,Seats held by women,0.0
2011,Local goverment,Conservative Party,Number of seats,0.0
2012,Local goverment,Conservative Party,Proportion of seats held by women,0.0
2012,Local goverment,Conservative Party,Seats held by women,0.0
2012,Local goverment,Conservative Party,Number of seats,0.0
2015,Local goverment,Conservative Party,Proportion of seats held by women,0.0
2015,Local goverment,Conservative Party,Seats held by women,0.0
2015,Local goverment,Conservative Party,Number of seats,0.0
2016,Local goverment,Conservative Party,Proportion of seats held by women,0.0
2016,Local goverment,Conservative Party,Seats held by women,0.0
2016,Local goverment,Conservative Party,Number of seats,0.0
2019,Local goverment,Conservative Party,Proportion of seats held by women,0.0
2019,Local goverment,Conservative Party,Seats held by women,0.0
2019,Local goverment,Conservative Party,Number of seats,0.0
2020,Local goverment,Conservative Party,Proportion of seats held by women,0.0
2020,Local goverment,Conservative Party,Seats held by women,0.0
2020,Local goverment,Conservative Party,Number of seats,0.0
2022,Local goverment,Conservative Party,Proportion of seats held by women,0.0
2022,Local goverment,Conservative Party,Seats held by women,0.0
2022,Local goverment,Conservative Party,Number of seats,0.0
2024,Local goverment,Conservative Party,Proportion of seats held by women,0.0
2024,Local goverment,Conservative Party,Seats held by women,0.0
2024,Local goverment,Conservative Party,Number of seats,0.0
1984,Local goverment,Progress Party,Proportion of seats held by women,0.0
1984,Local goverment,Progress Party,Seats held by women,0.0
1984,Local goverment,Progress Party,Number of seats,0.0
1988,Local goverment,Progress Party,Proportion of seats held by women,0.0
1988,Local goverment,Progress Party,Seats held by women,0.0
1988,Local goverment,Progress Party,Number of seats,0.0
1990,Local goverment,Progress Party,Proportion of seats held by women,0.0
1990,Local goverment,Progress Party,Seats held by women,0.0
1990,Local goverment,Progress Party,Number of seats,0.0
1992,Local goverment,Progress Party,Proportion of seats held by women,0.0
1992,Local goverment,Progress Party,Seats held by women,0.0
1992,Local goverment,Progress Party,Number of seats,0.0
1994,Local goverment,Progress Party,Proportion of seats held by women,0.0
1994,Local goverment,Progress Party,Seats held by women,0.0
1994,Local goverment,Progress Party,Number of seats,0.0
1996,Local goverment,Progress Party,Proportion of seats held by women,0.0
1996,Local goverment,Progress Party,Seats held by women,0.0
1996,Local goverment,Progress Party,Number of seats,0.0
1998,Local goverment,Progress Party,Proportion of seats held by women,0.0
1998,Local goverment,Progress Party,Seats held by women,0.0
1998,Local goverment,Progress Party,Number of seats,0.0
2000,Local goverment,Progress Party,Proportion of seats held by women,0.0
2000,Local goverment,Progress Party,Seats held by women,0.0
2000,Local goverment,Progress Party,Number of seats,0.0
2002,Local goverment,Progress Party,Proportion of seats held by women,0.0
2002,Local goverment,Progress Party,Seats held by women,0.0
2002,Local goverment,Progress Party,Number of seats,0.0
2004,Local goverment,Progress Party,Proportion of seats held by women,0.0
2004,Local goverment,Progress Party,Seats held by women,0.0
2004,Local goverment,Progress Party,Number of seats,0.0
2008,Local goverment,Progress Party,Proportion of seats held by women,0.0
2008,Local goverment,Progress Party,Seats held by women,0.0
2008,Local goverment,Progress Party,Number of seats,0.0
2011,Local goverment,Progress Party,Proportion of seats held by women,0.0
2011,Local goverment,Progress Party,Seats held by women,0.0
2011,Local goverment,Progress Party,Number of seats,0.0
2012,Local goverment,Progress Party,Proportion of seats held by women,0.0
2012,Local goverment,Progress Party,Seats held by women,0.0
2012,Local goverment,Progress Party,Number of seats,0.0
2015,Local goverment,Progress Party,Proportion of seats held by women,0.0
2015,Local goverment,Progress Party,Seats held by women,0.0
2015,Local goverment,Progress Party,Number of seats,0.0
2016,Local goverment,Progress Party,Proportion of seats held by women,0.0
2016,Local goverment,Progress Party,Seats held by women,0.0
2016,Local goverment,Progress Party,Number of seats,0.0
2019,Local goverment,Progress Party,Proportion of seats held by women,0.0
2019,Local goverment,Progress Party,Seats held by women,0.0
2019,Local goverment,Progress Party,Number of seats,0.0
2020,Local goverment,Progress Party,Proportion of seats held by women,0.0
2020,Local goverment,Progress Party,Seats held by women,0.0
2020,Local goverment,Progress Party,Number of seats,0.0
2022,Local goverment,Progress Party,Proportion of seats held by women,0.0
2022,Local goverment,Progress Party,Seats held by women,0.0
2022,Local goverment,Progress Party,Number of seats,0.0
2024,Local goverment,Progress Party,Proportion of seats held by women,0.0
2024,Local goverment,Progress Party,Seats held by women,0.0
2024,Local goverment,Progress Party,Number of seats,0.0
1984,Local goverment,Onward Party,Proportion of seats held by women,0.0
1984,Local goverment,Onward Party,Seats held by women,0.0
1984,Local goverment,Onward Party,Number of seats,0.0
1988,Local goverment,Onward Party,Proportion of seats held by women,0.0
1988,Local goverment,Onward Party,Seats held by women,0.0
1988,Local goverment,Onward Party,Number of seats,0.0
1990,Local goverment,Onward Party,Proportion of seats held by women,0.0
1990,Local goverment,Onward Party,Seats held by women,0.0
1990,Local goverment,Onward Party,Number of seats,0.0
1992,Local goverment,Onward Party,Proportion of seats held by women,0.0
1992,Local goverment,Onward Party,Seats held by women,0.0
1992,Local goverment,Onward Party,Number of seats,0.0
1994,Local goverment,Onward Party,Proportion of seats held by women,0.0
1994,Local goverment,Onward Party,Seats held by women,0.0
1994,Local goverment,Onward Party,Number of seats,0.0
1996,Local goverment,Onward Party,Proportion of seats held by women,0.0
1996,Local goverment,Onward Party,Seats held by women,0.0
1996,Local goverment,Onward Party,Number of seats,0.0
1998,Local goverment,Onward Party,Proportion of seats held by women,0.0
1998,Local goverment,Onward Party,Seats held by women,0.0
1998,Local goverment,Onward Party,Number of seats,0.0
2000,Local goverment,Onward Party,Proportion of seats held by women,0.0
2000,Local goverment,Onward Party,Seats held by women,0.0
2000,Local goverment,Onward Party,Number of seats,0.0
2002,Local goverment,Onward Party,Proportion of seats held by women,0.0
2002,Local goverment,Onward Party,Seats held by women,0.0
2002,Local goverment,Onward Party,Number of seats,0.0
2004,Local goverment,Onward Party,Proportion of seats held by women,0.0
2004,Local goverment,Onward Party,Seats held by women,0.0
2004,Local goverment,Onward Party,Number of seats,0.0
2008,Local goverment,Onward Party,Proportion of seats held by women,0.0
2008,Local goverment,Onward Party,Seats held by women,0.0
2008,Local goverment,Onward Party,Number of seats,0.0
2011,Local goverment,Onward Party,Proportion of seats held by women,0.0
2011,Local goverment,Onward Party,Seats held by women,0.0
2011,Local goverment,Onward Party,Number of seats,0.0
2012,Local goverment,Onward Party,Proportion of seats held by women,0.0
2012,Local goverment,Onward Party,Seats held by women,0.0
2012,Local goverment,Onward Party,Number of seats,0.0
2015,Local goverment,Onward Party,Proportion of seats held by women,0.0
2015,Local goverment,Onward Party,Seats held by women,0.0
2015,Local goverment,Onward Party,Number of seats,0.0
2016,Local goverment,Onward Party,Proportion of seats held by women,0.0
2016,Local goverment,Onward Party,Seats held by women,0.0
2016,Local goverment,Onward Party,Number of seats,0.0
2019,Local goverment,Onward Party,Proportion of seats held by women,0.0
2019,Local goverment,Onward Party,Seats held by women,0.0
2019,Local goverment,Onward Party,Number of seats,0.0
2020,Local goverment,Onward Party,Proportion of seats held by women,0.0
2020,Local goverment,Onward Party,Seats held by women,0.0
2020,Local goverment,Onward Party,Number of seats,0.0
2022,Local goverment,Onward Party,Proportion of seats held by women,0.0
2022,Local goverment,Onward Party,Seats held by women,0.0
2022,Local goverment,Onward Party,Number of seats,0.0
2024,Local goverment,Onward Party,Proportion of seats held by women,0.0
2024,Local goverment,Onward Party,Seats held by women,0.0
2024,Local goverment,Onward Party,Number of seats,0.0
1984,Local goverment,Social Democratic Party,Proportion of seats held by women,0.0
1984,Local goverment,Social Democratic Party,Seats held by women,0.0
1984,Local goverment,Social Democratic Party,Number of seats,0.0
1988,Local goverment,Social Democratic Party,Proportion of seats held by women,0.0
1988,Local goverment,Social Democratic Party,Seats held by women,0.0
1988,Local goverment,Social Democratic Party,Number of seats,0.0
1990,Local goverment,Social Democratic Party,Proportion of seats held by women,0.0
1990,Local goverment,Social Democratic Party,Seats held by women,0.0
1990,Local goverment,Social Democratic Party,Number of seats,0.0
1992,Local goverment,Social Democratic Party,Proportion of seats held by women,0.0
1992,Local goverment,Social Democratic Party,Seats held by women,0.0
1992,Local goverment,Social Democratic Party,Number of seats,0.0
1994,Local goverment,Social Democratic Party,Proportion of seats held by women,0.0
1994,Local goverment,Social Democratic Party,Seats held by women,0.0
1994,Local goverment,Social Democratic Party,Number of seats,0.0
1996,Local goverment,Social Democratic Party,Proportion of seats held by women,0.0
1996,Local goverment,Social Democratic Party,Seats held by women,0.0
1996,Local goverment,Social Democratic Party,Number of seats,0.0
1998,Local goverment,Social Democratic Party,Proportion of seats held by women,0.0
1998,Local goverment,Social Democratic Party,Seats held by women,0.0
1998,Local goverment,Social Democratic Party,Number of seats,0.0
2000,Local goverment,Social Democratic Party,Proportion of seats held by women,0.0
2000,Local goverment,Social Democratic Party,Seats held by women,0.0
2000,Local goverment,Social Democratic Party,Number of seats,0.0
2002,Local goverment,Social Democratic Party,Proportion of seats held by women,0.0
2002,Local goverment,Social Democratic Party,Seats held by women,0.0
2002,Local goverment,Social Democratic Party,Number of seats,0.0
2004,Local goverment,Social Democratic Party,Proportion of seats held by women,0.0
2004,Local goverment,Social Democratic Party,Seats held by women,0.0
2004,Local goverment,Social Democratic Party,Number of seats,0.0
2008,Local goverment,Social Democratic Party,Proportion of seats held by women,0.0
2008,Local goverment,Social Democratic Party,Seats held by women,0.0
2008,Local goverment,Social Democratic Party,Number of seats,0.0
2011,Local goverment,Social Democratic Party,Proportion of seats held by women,0.0
2011,Local goverment,Social Democratic Party,Seats held by women,0.0
2011,Local goverment,Social Democratic Party,Number of seats,0.0
2012,Local goverment,Social Democratic Party,Proportion of seats held by women,0.0
2012,Local goverment,Social Democratic Party,Seats held by women,0.0
2012,Local goverment,Social Democratic Party,Number of seats,0.0
2015,Local goverment,Social Democratic Party,Proportion of seats held by women,0.0
2015,Local goverment,Social Democratic Party,Seats held by women,0.0
2015,Local goverment,Social Democratic Party,Number of seats,0.0
2016,Local goverment,Social Democratic Party,Proportion of seats held by women,0.0
2016,Local goverment,Social Democratic Party,Seats held by women,0.0
2016,Local goverment,Social Democratic Party,Number of seats,0.0
2019,Local goverment,Social Democratic Party,Proportion of seats held by women,0.0
2019,Local goverment,Social Democratic Party,Seats held by women,0.0
2019,Local goverment,Social Democratic Party,Number of seats,0.0
2020,Local goverment,Social Democratic Party,Proportion of seats held by women,0.0
2020,Local goverment,Social Democratic Party,Seats held by women,0.0
2020,Local goverment,Social Democratic Party,Number of seats,0.0
2022,Local goverment,Social Democratic Party,Proportion of seats held by women,0.0
2022,Local goverment,Social Democratic Party,Seats held by women,0.0
2022,Local goverment,Social Democratic Party,Number of seats,0.0
2024,Local goverment,Social Democratic Party,Proportion of seats held by women,0.0
2024,Local goverment,Social Democratic Party,Seats held by women,0.0
2024,Local goverment,Social Democratic Party,Number of seats,0.0
1984,Local goverment,Christian Party,Proportion of seats held by women,0.0
1984,Local goverment,Christian Party,Seats held by women,0.0
1984,Local goverment,Christian Party,Number of seats,0.0
1988,Local goverment,Christian Party,Proportion of seats held by women,0.0
1988,Local goverment,Christian Party,Seats held by women,0.0
1988,Local goverment,Christian Party,Number of seats,0.0
1990,Local goverment,Christian Party,Proportion of seats held by women,0.0
1990,Local goverment,Christian Party,Seats held by women,0.0
1990,Local goverment,Christian Party,Number of seats,0.0
1992,Local goverment,Christian Party,Proportion of seats held by women,0.0
1992,Local goverment,Christian Party,Seats held by women,0.0
1992,Local goverment,Christian Party,Number of seats,0.0
1994,Local goverment,Christian Party,Proportion of seats held by women,0.0
1994,Local goverment,Christian Party,Seats held by women,0.0
1994,Local goverment,Christian Party,Number of seats,0.0
1996,Local goverment,Christian Party,Proportion of seats held by women,0.0
1996,Local goverment,Christian Party,Seats held by women,0.0
1996,Local goverment,Christian Party,Number of seats,0.0
1998,Local goverment,Christian Party,Proportion of seats held by women,0.0
1998,Local goverment,Christian Party,Seats held by women,0.0
1998,Local goverment,Christian Party,Number of seats,0.0
2000,Local goverment,Christian Party,Proportion of seats held by women,0.0
2000,Local goverment,Christian Party,Seats held by women,0.0
2000,Local goverment,Christian Party,Number of seats,0.0
2002,Local goverment,Christian Party,Proportion of seats held by women,0.0
2002,Local goverment,Christian Party,Seats held by women,0.0
2002,Local goverment,Christian Party,Number of seats,0.0
2004,Local goverment,Christian Party,Proportion of seats held by women,0.0
2004,Local goverment,Christian Party,Seats held by women,0.0
2004,Local goverment,Christian Party,Number of seats,0.0
2008,Local goverment,Christian Party,Proportion of seats held by women,0.0
2008,Local goverment,Christian Party,Seats held by women,0.0
2008,Local goverment,Christian Party,Number of seats,0.0
2011,Local goverment,Christian Party,Proportion of seats held by women,0.0
2011,Local goverment,Christian Party,Seats held by women,0.0
2011,Local goverment,Christian Party,Number of seats,0.0
2012,Local goverment,Christian Party,Proportion of seats held by women,0.0
2012,Local goverment,Christian Party,Seats held by women,0.0
2012,Local goverment,Christian Party,Number of seats,0.0
2015,Local goverment,Christian Party,Proportion of seats held by women,0.0
2015,Local goverment,Christian Party,Seats held by women,0.0
2015,Local goverment,Christian Party,Number of seats,0.0
2016,Local goverment,Christian Party,Proportion of seats held by women,0.0
2016,Local goverment,Christian Party,Seats held by women,0.0
2016,Local goverment,Christian Party,Number of seats,0.0
2019,Local goverment,Christian Party,Proportion of seats held by women,0.0
2019,Local goverment,Christian Party,Seats held by women,0.0
2019,Local goverment,Christian Party,Number of seats,0.0
2020,Local goverment,Christian Party,Proportion of seats held by women,0.0
2020,Local goverment,Christian Party,Seats held by women,0.0
2020,Local goverment,Christian Party,Number of seats,0.0
2022,Local goverment,Christian Party,Proportion of seats held by women,0.0
2022,Local goverment,Christian Party,Seats held by women,0.0
2022,Local goverment,Christian Party,Number of seats,0.0
2024,Local goverment,Christian Party,Proportion of seats held by women,0.0
2024,Local goverment,Christian Party,Seats held by women,0.0
2024,Local goverment,Christian Party,Number of seats,0.0
1984,Local goverment,The Centre Party,Proportion of seats held by women,0.0
1984,Local goverment,The Centre Party,Seats held by women,0.0
1984,Local goverment,The Centre Party,Number of seats,0.0
1988,Local goverment,The Centre Party,Proportion of seats held by women,0.0
1988,Local goverment,The Centre Party,Seats held by women,0.0
1988,Local goverment,The Centre Party,Number of seats,0.0
1990,Local goverment,The Centre Party,Proportion of seats held by women,0.0
1990,Local goverment,The Centre Party,Seats held by women,0.0
1990,Local goverment,The Centre Party,Number of seats,0.0
1992,Local goverment,The Centre Party,Proportion of seats held by women,0.0
1992,Local goverment,The Centre Party,Seats held by women,0.0
1992,Local goverment,The Centre Party,Number of seats,0.0
1994,Local goverment,The Centre Party,Proportion of seats held by women,0.0
1994,Local goverment,The Centre Party,Seats held by women,0.0
1994,Local goverment,The Centre Party,Number of seats,0.0
1996,Local goverment,The Centre Party,Proportion of seats held by women,0.0
1996,Local goverment,The Centre Party,Seats held by women,0.0
1996,Local goverment,The Centre Party,Number of seats,0.0
1998,Local goverment,The Centre Party,Proportion of seats held by women,0.0
1998,Local goverment,The Centre Party,Seats held by women,0.0
1998,Local goverment,The Centre Party,Number of seats,0.0
2000,Local goverment,The Centre Party,Proportion of seats held by women,0.0
2000,Local goverment,The Centre Party,Seats held by women,0.0
2000,Local goverment,The Centre Party,Number of seats,0.0
2002,Local goverment,The Centre Party,Proportion of seats held by women,0.0
2002,Local goverment,The Centre Party,Seats held by women,0.0
2002,Local goverment,The Centre Party,Number of seats,0.0
2004,Local goverment,The Centre Party,Proportion of seats held by women,0.0
2004,Local goverment,The Centre Party,Seats held by women,0.0
2004,Local goverment,The Centre Party,Number of seats,0.0
2008,Local goverment,The Centre Party,Proportion of seats held by women,0.0
2008,Local goverment,The Centre Party,Seats held by women,0.0
2008,Local goverment,The Centre Party,Number of seats,0.0
2011,Local goverment,The Centre Party,Proportion of seats held by women,0.0
2011,Local goverment,The Centre Party,Seats held by women,0.0
2011,Local goverment,The Centre Party,Number of seats,0.0
2012,Local goverment,The Centre Party,Proportion of seats held by women,0.0
2012,Local goverment,The Centre Party,Seats held by women,0.0
2012,Local goverment,The Centre Party,Number of seats,0.0
2015,Local goverment,The Centre Party,Proportion of seats held by women,0.0
2015,Local goverment,The Centre Party,Seats held by women,0.0
2015,Local goverment,The Centre Party,Number of seats,0.0
2016,Local goverment,The Centre Party,Proportion of seats held by women,0.0
2016,Local goverment,The Centre Party,Seats held by women,0.0
2016,Local goverment,The Centre Party,Number of seats,0.0
2019,Local goverment,The Centre Party,Proportion of seats held by women,0.0
2019,Local goverment,The Centre Party,Seats held by women,0.0
2019,Local goverment,The Centre Party,Number of seats,0.0
2020,Local goverment,The Centre Party,Proportion of seats held by women,0.0
2020,Local goverment,The Centre Party,Seats held by women,0.0
2020,Local goverment,The Centre Party,Number of seats,0.0
2022,Local goverment,The Centre Party,Proportion of seats held by women,0.0
2022,Local goverment,The Centre Party,Seats held by women,0.0
2022,Local goverment,The Centre Party,Number of seats,0.0
2024,Local goverment,The Centre Party,Proportion of seats held by women,0.0
2024,Local goverment,The Centre Party,Seats held by women,0.0
2024,Local goverment,The Centre Party,Number of seats,0.0
1984,Local goverment,Unionist Party,Proportion of seats held by women,0.0
1984,Local goverment,Unionist Party,Seats held by women,0.0
1984,Local goverment,Unionist Party,Number of seats,0.0
1988,Local goverment,Unionist Party,Proportion of seats held by women,0.0
1988,Local goverment,Unionist Party,Seats held by women,0.0
1988,Local goverment,Unionist Party,Number of seats,0.0
1990,Local goverment,Unionist Party,Proportion of seats held by women,0.0
1990,Local goverment,Unionist Party,Seats held by women,0.0
1990,Local goverment,Unionist Party,Number of seats,0.0
1992,Local goverment,Unionist Party,Proportion of seats held by women,0.0
1992,Local goverment,Unionist Party,Seats held by women,0.0
1992,Local goverment,Unionist Party,Number of seats,0.0
1994,Local goverment,Unionist Party,Proportion of seats held by women,0.0
1994,Local goverment,Unionist Party,Seats held by women,0.0
1994,Local goverment,Unionist Party,Number of seats,0.0
1996,Local goverment,Unionist Party,Proportion of seats held by women,0.0
1996,Local goverment,Unionist Party,Seats held by women,0.0
1996,Local goverment,Unionist Party,Number of seats,0.0
1998,Local goverment,Unionist Party,Proportion of seats held by women,0.0
1998,Local goverment,Unionist Party,Seats held by women,0.0
1998,Local goverment,Unionist Party,Number of seats,0.0
2000,Local goverment,Unionist Party,Proportion of seats held by women,0.0
2000,Local goverment,Unionist Party,Seats held by women,0.0
2000,Local goverment,Unionist Party,Number of seats,0.0
2002,Local goverment,Unionist Party,Proportion of seats held by women,0.0
2002,Local goverment,Unionist Party,Seats held by women,0.0
2002,Local goverment,Unionist Party,Number of seats,0.0
2004,Local goverment,Unionist Party,Proportion of seats held by women,0.0
2004,Local goverment,Unionist Party,Seats held by women,0.0
2004,Local goverment,Unionist Party,Number of seats,0.0
2008,Local goverment,Unionist Party,Proportion of seats held by women,0.0
2008,Local goverment,Unionist Party,Seats held by women,0.0
2008,Local goverment,Unionist Party,Number of seats,0.0
2011,Local goverment,Unionist Party,Proportion of seats held by women,0.0
2011,Local goverment,Unionist Party,Seats held by women,0.0
2011,Local goverment,Unionist Party,Number of seats,0.0
2012,Local goverment,Unionist Party,Proportion of seats held by women,0.0
2012,Local goverment,Unionist Party,Seats held by women,0.0
2012,Local goverment,Unionist Party,Number of seats,0.0
2015,Local goverment,Unionist Party,Proportion of seats held by women,0.0
2015,Local goverment,Unionist Party,Seats held by women,0.0
2015,Local goverment,Unionist Party,Number of seats,0.0
2016,Local goverment,Unionist Party,Proportion of seats held by women,0.0
2016,Local goverment,Unionist Party,Seats held by women,0.0
2016,Local goverment,Unionist Party,Number of seats,0.0
2019,Local goverment,Unionist Party,Proportion of seats held by women,0.0
2019,Local goverment,Unionist Party,Seats held by women,0.0
2019,Local goverment,Unionist Party,Number of seats,0.0
2020,Local goverment,Unionist Party,Proportion of seats held by women,0.0
2020,Local goverment,Unionist Party,Seats held by women,0.0
2020,Local goverment,Unionist Party,Number of seats,0.0
2022,Local goverment,Unionist Party,Proportion of seats held by women,0.0
2022,Local goverment,Unionist Party,Seats held by women,0.0
2022,Local goverment,Unionist Party,Number of seats,0.0
2024,Local goverment,Unionist Party,Proportion of seats held by women,0.0
2024,Local goverment,Unionist Party,Seats held by women,0.0
2024,Local goverment,Unionist Party,Number of seats,0.0
1984,Local goverment,Workers´ Movement,Proportion of seats held by women,0.0
1984,Local goverment,Workers´ Movement,Seats held by women,0.0
1984,Local goverment,Workers´ Movement,Number of seats,0.0
1988,Local goverment,Workers´ Movement,Proportion of seats held by women,0.0
1988,Local goverment,Workers´ Movement,Seats held by women,0.0
1988,Local goverment,Workers´ Movement,Number of seats,0.0
1990,Local goverment,Workers´ Movement,Proportion of seats held by women,0.0
1990,Local goverment,Workers´ Movement,Seats held by women,0.0
1990,Local goverment,Workers´ Movement,Number of seats,0.0
1992,Local goverment,Workers´ Movement,Proportion of seats held by women,0.0
1992,Local goverment,Workers´ Movement,Seats held by women,0.0
1992,Local goverment,Workers´ Movement,Number of seats,0.0
1994,Local goverment,Workers´ Movement,Proportion of seats held by women,0.0
1994,Local goverment,Workers´ Movement,Seats held by women,0.0
1994,Local goverment,Workers´ Movement,Number of seats,0.0
1996,Local goverment,Workers´ Movement,Proportion of seats held by women,0.0
1996,Local goverment,Workers´ Movement,Seats held by women,0.0
1996,Local goverment,Workers´ Movement,Number of seats,0.0
1998,Local goverment,Workers´ Movement,Proportion of seats held by women,0.0
1998,Local goverment,Workers´ Movement,Seats held by women,0.0
1998,Local goverment,Workers´ Movement,Number of seats,0.0
2000,Local goverment,Workers´ Movement,Proportion of seats held by women,0.0
2000,Local goverment,Workers´ Movement,Seats held by women,0.0
2000,Local goverment,Workers´ Movement,Number of seats,0.0
2002,Local goverment,Workers´ Movement,Proportion of seats held by women,0.0
2002,Local goverment,Workers´ Movement,Seats held by women,0.0
2002,Local goverment,Workers´ Movement,Number of seats,0.0
2004,Local goverment,Workers´ Movement,Proportion of seats held by women,0.0
2004,Local goverment,Workers´ Movement,Seats held by women,0.0
2004,Local goverment,Workers´ Movement,Number of seats,0.0
2008,Local goverment,Workers´ Movement,Proportion of seats held by women,0.0
2008,Local goverment,Workers´ Movement,Seats held by women,0.0
2008,Local goverment,Workers´ Movement,Number of seats,0.0
2011,Local goverment,Workers´ Movement,Proportion of seats held by women,0.0
2011,Local goverment,Workers´ Movement,Seats held by women,0.0
2011,Local goverment,Workers´ Movement,Number of seats,0.0
2012,Local goverment,Workers´ Movement,Proportion of seats held by women,0.0
2012,Local goverment,Workers´ Movement,Seats held by women,0.0
2012,Local goverment,Workers´ Movement,Number of seats,0.0
2015,Local goverment,Workers´ Movement,Proportion of seats held by women,0.0
2015,Local goverment,Workers´ Movement,Seats held by women,0.0
2015,Local goverment,Workers´ Movement,Number of seats,0.0
2016,Local goverment,Workers´ Movement,Proportion of seats held by women,0.0
2016,Local goverment,Workers´ Movement,Seats held by women,0.0
2016,Local goverment,Workers´ Movement,Number of seats,0.0
2019,Local goverment,Workers´ Movement,Proportion of seats held by women,0.0
2019,Local goverment,Workers´ Movement,Seats held by women,0.0
2019,Local goverment,Workers´ Movement,Number of seats,0.0
2020,Local goverment,Workers´ Movement,Proportion of seats held by women,0.0
2020,Local goverment,Workers´ Movement,Seats held by women,0.0
2020,Local goverment,Workers´ Movement,Number of seats,0.0
2022,Local goverment,Workers´ Movement,Proportion of seats held by women,0.0
2022,Local goverment,Workers´ Movement,Seats held by women,0.0
2022,Local goverment,Workers´ Movement,Number of seats,0.0
2024,Local goverment,Workers´ Movement,Proportion of seats held by women,0.0
2024,Local goverment,Workers´ Movement,Seats held by women,0.0
2024,Local goverment,Workers´ Movement,Number of seats,0.0
1984,Local goverment,Republican Party,Proportion of seats held by women,0.0
1984,Local goverment,Republican Party,Seats held by women,0.0
1984,Local goverment,Republican Party,Number of seats,0.0
1988,Local goverment,Republican Party,Proportion of seats held by women,0.0
1988,Local goverment,Republican Party,Seats held by women,0.0
1988,Local goverment,Republican Party,Number of seats,0.0
1990,Local goverment,Republican Party,Proportion of seats held by women,0.0
1990,Local goverment,Republican Party,Seats held by women,0.0
1990,Local goverment,Republican Party,Number of seats,0.0
1992,Local goverment,Republican Party,Proportion of seats held by women,0.0
1992,Local goverment,Republican Party,Seats held by women,0.0
1992,Local goverment,Republican Party,Number of seats,0.0
1994,Local goverment,Republican Party,Proportion of seats held by women,0.0
1994,Local goverment,Republican Party,Seats held by women,0.0
1994,Local goverment,Republican Party,Number of seats,0.0
1996,Local goverment,Republican Party,Proportion of seats held by women,0.0
1996,Local goverment,Republican Party,Seats held by women,0.0
1996,Local goverment,Republican Party,Number of seats,0.0
1998,Local goverment,Republican Party,Proportion of seats held by women,0.0
1998,Local goverment,Republican Party,Seats held by women,0.0
1998,Local goverment,Republican Party,Number of seats,0.0
2000,Local goverment,Republican Party,Proportion of seats held by women,0.0
2000,Local goverment,Republican Party,Seats held by women,0.0
2000,Local goverment,Republican Party,Number of seats,0.0
2002,Local goverment,Republican Party,Proportion of seats held by women,0.0
2002,Local goverment,Republican Party,Seats held by women,0.0
2002,Local goverment,Republican Party,Number of seats,0.0
2004,Local goverment,Republican Party,Proportion of seats held by women,0.0
2004,Local goverment,Republican Party,Seats held by women,0.0
2004,Local goverment,Republican Party,Number of seats,0.0
2008,Local goverment,Republican Party,Proportion of seats held by women,0.0
2008,Local goverment,Republican Party,Seats held by women,0.0
2008,Local goverment,Republican Party,Number of seats,0.0
2011,Local goverment,Republican Party,Proportion of seats held by women,0.0
2011,Local goverment,Republican Party,Seats held by women,0.0
2011,Local goverment,Republican Party,Number of seats,0.0
2012,Local goverment,Republican Party,Proportion of seats held by women,0.0
2012,Local goverment,Republican Party,Seats held by women,0.0
2012,Local goverment,Republican Party,Number of seats,0.0
2015,Local goverment,Republican Party,Proportion of seats held by women,0.0
2015,Local goverment,Republican Party,Seats held by women,0.0
2015,Local goverment,Republican Party,Number of seats,0.0
2016,Local goverment,Republican Party,Proportion of seats held by women,0.0
2016,Local goverment,Republican Party,Seats held by women,0.0
2016,Local goverment,Republican Party,Number of seats,0.0
2019,Local goverment,Republican Party,Proportion of seats held by women,0.0
2019,Local goverment,Republican Party,Seats held by women,0.0
2019,Local goverment,Republican Party,Number of seats,0.0
2020,Local goverment,Republican Party,Proportion of seats held by women,0.0
2020,Local goverment,Republican Party,Seats held by women,0.0
2020,Local goverment,Republican Party,Number of seats,0.0
2022,Local goverment,Republican Party,Proportion of seats held by women,0.0
2022,Local goverment,Republican Party,Seats held by women,0.0
2022,Local goverment,Republican Party,Number of seats,0.0
2024,Local goverment,Republican Party,Proportion of seats held by women,0.0
2024,Local goverment,Republican Party,Seats held by women,0.0
2024,Local goverment,Republican Party,Number of seats,0.0
1984,Local goverment,Verkamannafylkingin,Proportion of seats held by women,0.0
1984,Local goverment,Verkamannafylkingin,Seats held by women,0.0
1984,Local goverment,Verkamannafylkingin,Number of seats,0.0
1988,Local goverment,Verkamannafylkingin,Proportion of seats held by women,0.0
1988,Local goverment,Verkamannafylkingin,Seats held by women,0.0
1988,Local goverment,Verkamannafylkingin,Number of seats,0.0
1990,Local goverment,Verkamannafylkingin,Proportion of seats held by women,0.0
1990,Local goverment,Verkamannafylkingin,Seats held by women,0.0
1990,Local goverment,Verkamannafylkingin,Number of seats,0.0
1992,Local goverment,Verkamannafylkingin,Proportion of seats held by women,0.0
1992,Local goverment,Verkamannafylkingin,Seats held by women,0.0
1992,Local goverment,Verkamannafylkingin,Number of seats,0.0
1994,Local goverment,Verkamannafylkingin,Proportion of seats held by women,0.0
1994,Local goverment,Verkamannafylkingin,Seats held by women,0.0
1994,Local goverment,Verkamannafylkingin,Number of seats,0.0
1996,Local goverment,Verkamannafylkingin,Proportion of seats held by women,0.0
1996,Local goverment,Verkamannafylkingin,Seats held by women,0.0
1996,Local goverment,Verkamannafylkingin,Number of seats,0.0
1998,Local goverment,Verkamannafylkingin,Proportion of seats held by women,0.0
1998,Local goverment,Verkamannafylkingin,Seats held by women,0.0
1998,Local goverment,Verkamannafylkingin,Number of seats,0.0
2000,Local goverment,Verkamannafylkingin,Proportion of seats held by women,0.0
2000,Local goverment,Verkamannafylkingin,Seats held by women,0.0
2000,Local goverment,Verkamannafylkingin,Number of seats,0.0
2002,Local goverment,Verkamannafylkingin,Proportion of seats held by women,0.0
2002,Local goverment,Verkamannafylkingin,Seats held by women,0.0
2002,Local goverment,Verkamannafylkingin,Number of seats,0.0
2004,Local goverment,Verkamannafylkingin,Proportion of seats held by women,0.0
2004,Local goverment,Verkamannafylkingin,Seats held by women,0.0
2004,Local goverment,Verkamannafylkingin,Number of seats,0.0
2008,Local goverment,Verkamannafylkingin,Proportion of seats held by women,0.0
2008,Local goverment,Verkamannafylkingin,Seats held by women,0.0
2008,Local goverment,Verkamannafylkingin,Number of seats,0.0
2011,Local goverment,Verkamannafylkingin,Proportion of seats held by women,0.0
2011,Local goverment,Verkamannafylkingin,Seats held by women,0.0
2011,Local goverment,Verkamannafylkingin,Number of seats,0.0
2012,Local goverment,Verkamannafylkingin,Proportion of seats held by women,0.0
2012,Local goverment,Verkamannafylkingin,Seats held by women,0.0
2012,Local goverment,Verkamannafylkingin,Number of seats,0.0
2015,Local goverment,Verkamannafylkingin,Proportion of seats held by women,0.0
2015,Local goverment,Verkamannafylkingin,Seats held by women,0.0
2015,Local goverment,Verkamannafylkingin,Number of seats,0.0
2016,Local goverment,Verkamannafylkingin,Proportion of seats held by women,0.0
2016,Local goverment,Verkamannafylkingin,Seats held by women,0.0
2016,Local goverment,Verkamannafylkingin,Number of seats,0.0
2019,Local goverment,Verkamannafylkingin,Proportion of seats held by women,0.0
2019,Local goverment,Verkamannafylkingin,Seats held by women,0.0
2019,Local goverment,Verkamannafylkingin,Number of seats,0.0
2020,Local goverment,Verkamannafylkingin,Proportion of seats held by women,0.0
2020,Local goverment,Verkamannafylkingin,Seats held by women,0.0
2020,Local goverment,Verkamannafylkingin,Number of seats,0.0
2022,Local goverment,Verkamannafylkingin,Proportion of seats held by women,0.0
2022,Local goverment,Verkamannafylkingin,Seats held by women,0.0
2022,Local goverment,Verkamannafylkingin,Number of seats,0.0
2024,Local goverment,Verkamannafylkingin,Proportion of seats held by women,0.0
2024,Local goverment,Verkamannafylkingin,Seats held by women,0.0
2024,Local goverment,Verkamannafylkingin,Number of seats,0.0
1984,Local goverment,All municipalities,Proportion of seats held by women,0.0
1984,Local goverment,All municipalities,Seats held by women,0.0
1984,Local goverment,All municipalities,Number of seats,0.0
1988,Local goverment,All municipalities,Proportion of seats held by women,0.0
1988,Local goverment,All municipalities,Seats held by women,0.0
1988,Local goverment,All municipalities,Number of seats,0.0
1990,Local goverment,All municipalities,Proportion of seats held by women,0.0
1990,Local goverment,All municipalities,Seats held by women,0.0
1990,Local goverment,All municipalities,Number of seats,0.0
1992,Local goverment,All municipalities,Proportion of seats held by women,0.0
1992,Local goverment,All municipalities,Seats held by women,0.0
1992,Local goverment,All municipalities,Number of seats,0.0
1994,Local goverment,All municipalities,Proportion of seats held by women,0.0
1994,Local goverment,All municipalities,Seats held by women,0.0
1994,Local goverment,All municipalities,Number of seats,0.0
1996,Local goverment,All municipalities,Proportion of seats held by women,0.0
1996,Local goverment,All municipalities,Seats held by women,0.0
1996,Local goverment,All municipalities,Number of seats,0.0
1998,Local goverment,All municipalities,Proportion of seats held by women,0.0
1998,Local goverment,All municipalities,Seats held by women,0.0
1998,Local goverment,All municipalities,Number of seats,0.0
2000,Local goverment,All municipalities,Proportion of seats held by women,0.0
2000,Local goverment,All municipalities,Seats held by women,0.0
2000,Local goverment,All municipalities,Number of seats,0.0
2002,Local goverment,All municipalities,Proportion of seats held by women,0.0
2002,Local goverment,All municipalities,Seats held by women,0.0
2002,Local goverment,All municipalities,Number of seats,0.0
2004,Local goverment,All municipalities,Proportion of seats held by women,0.0
2004,Local goverment,All municipalities,Seats held by women,0.0
2004,Local goverment,All municipalities,Number of seats,0.0
2008,Local goverment,All municipalities,Proportion of seats held by women,0.0
2008,Local goverment,All municipalities,Seats held by women,0.0
2008,Local goverment,All municipalities,Number of seats,0.0
2011,Local goverment,All municipalities,Proportion of seats held by women,0.0
2011,Local goverment,All municipalities,Seats held by women,0.0
2011,Local goverment,All municipalities,Number of seats,0.0
2012,Local goverment,All municipalities,Proportion of seats held by women,0.0
2012,Local goverment,All municipalities,Seats held by women,0.0
2012,Local goverment,All municipalities,Number of seats,0.0
2015,Local goverment,All municipalities,Proportion of seats held by women,0.0
2015,Local goverment,All municipalities,Seats held by women,0.0
2015,Local goverment,All municipalities,Number of seats,0.0
2016,Local goverment,All municipalities,Proportion of seats held by women,0.0
2016,Local goverment,All municipalities,Seats held by women,0.0
2016,Local goverment,All municipalities,Number of seats,0.0
2019,Local goverment,All municipalities,Proportion of seats held by women,0.0
2019,Local goverment,All municipalities,Seats held by women,0.0
2019,Local goverment,All municipalities,Number of seats,0.0
2020,Local goverment,All municipalities,Proportion of seats held by women,0.0
2020,Local goverment,All municipalities,Seats held by women,0.0
2020,Local goverment,All municipalities,Number of seats,0.0
2022,Local goverment,All municipalities,Proportion of seats held by women,0.0
2022,Local goverment,All municipalities,Seats held by women,0.0
2022,Local goverment,All municipalities,Number of seats,0.0
2024,Local goverment,All municipalities,Proportion of seats held by women,0.0
2024,Local goverment,All municipalities,Seats held by women,0.0
2024,Local goverment,All municipalities,Number of seats,0.0
1984,Local goverment,Argir municipality,Proportion of seats held by women,0.0
1984,Local goverment,Argir municipality,Seats held by women,0.0
1984,Local goverment,Argir municipality,Number of seats,0.0
1988,Local goverment,Argir municipality,Proportion of seats held by women,0.0
1988,Local goverment,Argir municipality,Seats held by women,0.0
1988,Local goverment,Argir municipality,Number of seats,0.0
1990,Local goverment,Argir municipality,Proportion of seats held by women,0.0
1990,Local goverment,Argir municipality,Seats held by women,0.0
1990,Local goverment,Argir municipality,Number of seats,0.0
1992,Local goverment,Argir municipality,Proportion of seats held by women,0.0
1992,Local goverment,Argir municipality,Seats held by women,0.0
1992,Local goverment,Argir municipality,Number of seats,0.0
1994,Local goverment,Argir municipality,Proportion of seats held by women,0.0
1994,Local goverment,Argir municipality,Seats held by women,0.0
1994,Local goverment,Argir municipality,Number of seats,0.0
1996,Local goverment,Argir municipality,Proportion of seats held by women,0.0
1996,Local goverment,Argir municipality,Seats held by women,0.0
1996,Local goverment,Argir municipality,Number of seats,0.0
1998,Local goverment,Argir municipality,Proportion of seats held by women,0.0
1998,Local goverment,Argir municipality,Seats held by women,0.0
1998,Local goverment,Argir municipality,Number of seats,0.0
2000,Local goverment,Argir municipality,Proportion of seats held by women,0.0
2000,Local goverment,Argir municipality,Seats held by women,0.0
2000,Local goverment,Argir municipality,Number of seats,0.0
2002,Local goverment,Argir municipality,Proportion of seats held by women,0.0
2002,Local goverment,Argir municipality,Seats held by women,0.0
2002,Local goverment,Argir municipality,Number of seats,0.0
2004,Local goverment,Argir municipality,Proportion of seats held by women,0.0
2004,Local goverment,Argir municipality,Seats held by women,0.0
2004,Local goverment,Argir municipality,Number of seats,0.0
2008,Local goverment,Argir municipality,Proportion of seats held by women,0.0
2008,Local goverment,Argir municipality,Seats held by women,0.0
2008,Local goverment,Argir municipality,Number of seats,0.0
2011,Local goverment,Argir municipality,Proportion of seats held by women,0.0
2011,Local goverment,Argir municipality,Seats held by women,0.0
2011,Local goverment,Argir municipality,Number of seats,0.0
2012,Local goverment,Argir municipality,Proportion of seats held by women,0.0
2012,Local goverment,Argir municipality,Seats held by women,0.0
2012,Local goverment,Argir municipality,Number of seats,0.0
2015,Local goverment,Argir municipality,Proportion of seats held by women,0.0
2015,Local goverment,Argir municipality,Seats held by women,0.0
2015,Local goverment,Argir municipality,Number of seats,0.0
2016,Local goverment,Argir municipality,Proportion of seats held by women,0.0
2016,Local goverment,Argir municipality,Seats held by women,0.0
2016,Local goverment,Argir municipality,Number of seats,0.0
2019,Local goverment,Argir municipality,Proportion of seats held by women,0.0
2019,Local goverment,Argir municipality,Seats held by women,0.0
2019,Local goverment,Argir municipality,Number of seats,0.0
2020,Local goverment,Argir municipality,Proportion of seats held by women,0.0
2020,Local goverment,Argir municipality,Seats held by women,0.0
2020,Local goverment,Argir municipality,Number of seats,0.0
2022,Local goverment,Argir municipality,Proportion of seats held by women,0.0
2022,Local goverment,Argir municipality,Seats held by women,0.0
2022,Local goverment,Argir municipality,Number of seats,0.0
2024,Local goverment,Argir municipality,Proportion of seats held by women,0.0
2024,Local goverment,Argir municipality,Seats held by women,0.0
2024,Local goverment,Argir municipality,Number of seats,0.0
1984,Local goverment,Bøur municipality,Proportion of seats held by women,0.0
1984,Local goverment,Bøur municipality,Seats held by women,0.0
1984,Local goverment,Bøur municipality,Number of seats,0.0
1988,Local goverment,Bøur municipality,Proportion of seats held by women,0.0
1988,Local goverment,Bøur municipality,Seats held by women,0.0
1988,Local goverment,Bøur municipality,Number of seats,0.0
1990,Local goverment,Bøur municipality,Proportion of seats held by women,0.0
1990,Local goverment,Bøur municipality,Seats held by women,0.0
1990,Local goverment,Bøur municipality,Number of seats,0.0
1992,Local goverment,Bøur municipality,Proportion of seats held by women,0.0
1992,Local goverment,Bøur municipality,Seats held by women,0.0
1992,Local goverment,Bøur municipality,Number of seats,0.0
1994,Local goverment,Bøur municipality,Proportion of seats held by women,0.0
1994,Local goverment,Bøur municipality,Seats held by women,0.0
1994,Local goverment,Bøur municipality,Number of seats,0.0
1996,Local goverment,Bøur municipality,Proportion of seats held by women,0.0
1996,Local goverment,Bøur municipality,Seats held by women,0.0
1996,Local goverment,Bøur municipality,Number of seats,0.0
1998,Local goverment,Bøur municipality,Proportion of seats held by women,0.0
1998,Local goverment,Bøur municipality,Seats held by women,0.0
1998,Local goverment,Bøur municipality,Number of seats,0.0
2000,Local goverment,Bøur municipality,Proportion of seats held by women,0.0
2000,Local goverment,Bøur municipality,Seats held by women,0.0
2000,Local goverment,Bøur municipality,Number of seats,0.0
2002,Local goverment,Bøur municipality,Proportion of seats held by women,0.0
2002,Local goverment,Bøur municipality,Seats held by women,0.0
2002,Local goverment,Bøur municipality,Number of seats,0.0
2004,Local goverment,Bøur municipality,Proportion of seats held by women,0.0
2004,Local goverment,Bøur municipality,Seats held by women,0.0
2004,Local goverment,Bøur municipality,Number of seats,0.0
2008,Local goverment,Bøur municipality,Proportion of seats held by women,0.0
2008,Local goverment,Bøur municipality,Seats held by women,0.0
2008,Local goverment,Bøur municipality,Number of seats,0.0
2011,Local goverment,Bøur municipality,Proportion of seats held by women,0.0
2011,Local goverment,Bøur municipality,Seats held by women,0.0
2011,Local goverment,Bøur municipality,Number of seats,0.0
2012,Local goverment,Bøur municipality,Proportion of seats held by women,0.0
2012,Local goverment,Bøur municipality,Seats held by women,0.0
2012,Local goverment,Bøur municipality,Number of seats,0.0
2015,Local goverment,Bøur municipality,Proportion of seats held by women,0.0
2015,Local goverment,Bøur municipality,Seats held by women,0.0
2015,Local goverment,Bøur municipality,Number of seats,0.0
2016,Local goverment,Bøur municipality,Proportion of seats held by women,0.0
2016,Local goverment,Bøur municipality,Seats held by women,0.0
2016,Local goverment,Bøur municipality,Number of seats,0.0
2019,Local goverment,Bøur municipality,Proportion of seats held by women,0.0
2019,Local goverment,Bøur municipality,Seats held by women,0.0
2019,Local goverment,Bøur municipality,Number of seats,0.0
2020,Local goverment,Bøur municipality,Proportion of seats held by women,0.0
2020,Local goverment,Bøur municipality,Seats held by women,0.0
2020,Local goverment,Bøur municipality,Number of seats,0.0
2022,Local goverment,Bøur municipality,Proportion of seats held by women,0.0
2022,Local goverment,Bøur municipality,Seats held by women,0.0
2022,Local goverment,Bøur municipality,Number of seats,0.0
2024,Local goverment,Bøur municipality,Proportion of seats held by women,0.0
2024,Local goverment,Bøur municipality,Seats held by women,0.0
2024,Local goverment,Bøur municipality,Number of seats,0.0
1984,Local goverment,Eiði municipality,Proportion of seats held by women,0.0
1984,Local goverment,Eiði municipality,Seats held by women,0.0
1984,Local goverment,Eiði municipality,Number of seats,0.0
1988,Local goverment,Eiði municipality,Proportion of seats held by women,0.0
1988,Local goverment,Eiði municipality,Seats held by women,0.0
1988,Local goverment,Eiði municipality,Number of seats,0.0
1990,Local goverment,Eiði municipality,Proportion of seats held by women,0.0
1990,Local goverment,Eiði municipality,Seats held by women,0.0
1990,Local goverment,Eiði municipality,Number of seats,0.0
1992,Local goverment,Eiði municipality,Proportion of seats held by women,0.0
1992,Local goverment,Eiði municipality,Seats held by women,0.0
1992,Local goverment,Eiði municipality,Number of seats,0.0
1994,Local goverment,Eiði municipality,Proportion of seats held by women,0.0
1994,Local goverment,Eiði municipality,Seats held by women,0.0
1994,Local goverment,Eiði municipality,Number of seats,0.0
1996,Local goverment,Eiði municipality,Proportion of seats held by women,0.0
1996,Local goverment,Eiði municipality,Seats held by women,0.0
1996,Local goverment,Eiði municipality,Number of seats,0.0
1998,Local goverment,Eiði municipality,Proportion of seats held by women,0.0
1998,Local goverment,Eiði municipality,Seats held by women,0.0
1998,Local goverment,Eiði municipality,Number of seats,0.0
2000,Local goverment,Eiði municipality,Proportion of seats held by women,0.0
2000,Local goverment,Eiði municipality,Seats held by women,0.0
2000,Local goverment,Eiði municipality,Number of seats,0.0
2002,Local goverment,Eiði municipality,Proportion of seats held by women,0.0
2002,Local goverment,Eiði municipality,Seats held by women,0.0
2002,Local goverment,Eiði municipality,Number of seats,0.0
2004,Local goverment,Eiði municipality,Proportion of seats held by women,0.0
2004,Local goverment,Eiði municipality,Seats held by women,0.0
2004,Local goverment,Eiði municipality,Number of seats,0.0
2008,Local goverment,Eiði municipality,Proportion of seats held by women,0.0
2008,Local goverment,Eiði municipality,Seats held by women,0.0
2008,Local goverment,Eiði municipality,Number of seats,0.0
2011,Local goverment,Eiði municipality,Proportion of seats held by women,0.0
2011,Local goverment,Eiði municipality,Seats held by women,0.0
2011,Local goverment,Eiði municipality,Number of seats,0.0
2012,Local goverment,Eiði municipality,Proportion of seats held by women,0.0
2012,Local goverment,Eiði municipality,Seats held by women,0.0
2012,Local goverment,Eiði municipality,Number of seats,0.0
2015,Local goverment,Eiði municipality,Proportion of seats held by women,0.0
2015,Local goverment,Eiði municipality,Seats held by women,0.0
2015,Local goverment,Eiði municipality,Number of seats,0.0
2016,Local goverment,Eiði municipality,Proportion of seats held by women,0.0
2016,Local goverment,Eiði municipality,Seats held by women,0.0
2016,Local goverment,Eiði municipality,Number of seats,0.0
2019,Local goverment,Eiði municipality,Proportion of seats held by women,0.0
2019,Local goverment,Eiði municipality,Seats held by women,0.0
2019,Local goverment,Eiði municipality,Number of seats,0.0
2020,Local goverment,Eiði municipality,Proportion of seats held by women,0.0
2020,Local goverment,Eiði municipality,Seats held by women,0.0
2020,Local goverment,Eiði municipality,Number of seats,0.0
2022,Local goverment,Eiði municipality,Proportion of seats held by women,0.0
2022,Local goverment,Eiði municipality,Seats held by women,0.0
2022,Local goverment,Eiði municipality,Number of seats,0.0
2024,Local goverment,Eiði municipality,Proportion of seats held by women,0.0
2024,Local goverment,Eiði municipality,Seats held by women,0.0
2024,Local goverment,Eiði municipality,Number of seats,0.0
1984,Local goverment,Elduvík municipality,Proportion of seats held by women,0.0
1984,Local goverment,Elduvík municipality,Seats held by women,0.0
1984,Local goverment,Elduvík municipality,Number of seats,0.0
1988,Local goverment,Elduvík municipality,Proportion of seats held by women,0.0
1988,Local goverment,Elduvík municipality,Seats held by women,0.0
1988,Local goverment,Elduvík municipality,Number of seats,0.0
1990,Local goverment,Elduvík municipality,Proportion of seats held by women,0.0
1990,Local goverment,Elduvík municipality,Seats held by women,0.0
1990,Local goverment,Elduvík municipality,Number of seats,0.0
1992,Local goverment,Elduvík municipality,Proportion of seats held by women,0.0
1992,Local goverment,Elduvík municipality,Seats held by women,0.0
1992,Local goverment,Elduvík municipality,Number of seats,0.0
1994,Local goverment,Elduvík municipality,Proportion of seats held by women,0.0
1994,Local goverment,Elduvík municipality,Seats held by women,0.0
1994,Local goverment,Elduvík municipality,Number of seats,0.0
1996,Local goverment,Elduvík municipality,Proportion of seats held by women,0.0
1996,Local goverment,Elduvík municipality,Seats held by women,0.0
1996,Local goverment,Elduvík municipality,Number of seats,0.0
1998,Local goverment,Elduvík municipality,Proportion of seats held by women,0.0
1998,Local goverment,Elduvík municipality,Seats held by women,0.0
1998,Local goverment,Elduvík municipality,Number of seats,0.0
2000,Local goverment,Elduvík municipality,Proportion of seats held by women,0.0
2000,Local goverment,Elduvík municipality,Seats held by women,0.0
2000,Local goverment,Elduvík municipality,Number of seats,0.0
2002,Local goverment,Elduvík municipality,Proportion of seats held by women,0.0
2002,Local goverment,Elduvík municipality,Seats held by women,0.0
2002,Local goverment,Elduvík municipality,Number of seats,0.0
2004,Local goverment,Elduvík municipality,Proportion of seats held by women,0.0
2004,Local goverment,Elduvík municipality,Seats held by women,0.0
2004,Local goverment,Elduvík municipality,Number of seats,0.0
2008,Local goverment,Elduvík municipality,Proportion of seats held by women,0.0
2008,Local goverment,Elduvík municipality,Seats held by women,0.0
2008,Local goverment,Elduvík municipality,Number of seats,0.0
2011,Local goverment,Elduvík municipality,Proportion of seats held by women,0.0
2011,Local goverment,Elduvík municipality,Seats held by women,0.0
2011,Local goverment,Elduvík municipality,Number of seats,0.0
2012,Local goverment,Elduvík municipality,Proportion of seats held by women,0.0
2012,Local goverment,Elduvík municipality,Seats held by women,0.0
2012,Local goverment,Elduvík municipality,Number of seats,0.0
2015,Local goverment,Elduvík municipality,Proportion of seats held by women,0.0
2015,Local goverment,Elduvík municipality,Seats held by women,0.0
2015,Local goverment,Elduvík municipality,Number of seats,0.0
2016,Local goverment,Elduvík municipality,Proportion of seats held by women,0.0
2016,Local goverment,Elduvík municipality,Seats held by women,0.0
2016,Local goverment,Elduvík municipality,Number of seats,0.0
2019,Local goverment,Elduvík municipality,Proportion of seats held by women,0.0
2019,Local goverment,Elduvík municipality,Seats held by women,0.0
2019,Local goverment,Elduvík municipality,Number of seats,0.0
2020,Local goverment,Elduvík municipality,Proportion of seats held by women,0.0
2020,Local goverment,Elduvík municipality,Seats held by women,0.0
2020,Local goverment,Elduvík municipality,Number of seats,0.0
2022,Local goverment,Elduvík municipality,Proportion of seats held by women,0.0
2022,Local goverment,Elduvík municipality,Seats held by women,0.0
2022,Local goverment,Elduvík municipality,Number of seats,0.0
2024,Local goverment,Elduvík municipality,Proportion of seats held by women,0.0
2024,Local goverment,Elduvík municipality,Seats held by women,0.0
2024,Local goverment,Elduvík municipality,Number of seats,0.0
1984,Local goverment,Eystur municipality,Proportion of seats held by women,0.0
1984,Local goverment,Eystur municipality,Seats held by women,0.0
1984,Local goverment,Eystur municipality,Number of seats,0.0
1988,Local goverment,Eystur municipality,Proportion of seats held by women,0.0
1988,Local goverment,Eystur municipality,Seats held by women,0.0
1988,Local goverment,Eystur municipality,Number of seats,0.0
1990,Local goverment,Eystur municipality,Proportion of seats held by women,0.0
1990,Local goverment,Eystur municipality,Seats held by women,0.0
1990,Local goverment,Eystur municipality,Number of seats,0.0
1992,Local goverment,Eystur municipality,Proportion of seats held by women,0.0
1992,Local goverment,Eystur municipality,Seats held by women,0.0
1992,Local goverment,Eystur municipality,Number of seats,0.0
1994,Local goverment,Eystur municipality,Proportion of seats held by women,0.0
1994,Local goverment,Eystur municipality,Seats held by women,0.0
1994,Local goverment,Eystur municipality,Number of seats,0.0
1996,Local goverment,Eystur municipality,Proportion of seats held by women,0.0
1996,Local goverment,Eystur municipality,Seats held by women,0.0
1996,Local goverment,Eystur municipality,Number of seats,0.0
1998,Local goverment,Eystur municipality,Proportion of seats held by women,0.0
1998,Local goverment,Eystur municipality,Seats held by women,0.0
1998,Local goverment,Eystur municipality,Number of seats,0.0
2000,Local goverment,Eystur municipality,Proportion of seats held by women,0.0
2000,Local goverment,Eystur municipality,Seats held by women,0.0
2000,Local goverment,Eystur municipality,Number of seats,0.0
2002,Local goverment,Eystur municipality,Proportion of seats held by women,0.0
2002,Local goverment,Eystur municipality,Seats held by women,0.0
2002,Local goverment,Eystur municipality,Number of seats,0.0
2004,Local goverment,Eystur municipality,Proportion of seats held by women,0.0
2004,Local goverment,Eystur municipality,Seats held by women,0.0
2004,Local goverment,Eystur municipality,Number of seats,0.0
2008,Local goverment,Eystur municipality,Proportion of seats held by women,0.0
2008,Local goverment,Eystur municipality,Seats held by women,0.0
2008,Local goverment,Eystur municipality,Number of seats,0.0
2011,Local goverment,Eystur municipality,Proportion of seats held by women,0.0
2011,Local goverment,Eystur municipality,Seats held by women,0.0
2011,Local goverment,Eystur municipality,Number of seats,0.0
2012,Local goverment,Eystur municipality,Proportion of seats held by women,0.0
2012,Local goverment,Eystur municipality,Seats held by women,0.0
2012,Local goverment,Eystur municipality,Number of seats,0.0
2015,Local goverment,Eystur municipality,Proportion of seats held by women,0.0
2015,Local goverment,Eystur municipality,Seats held by women,0.0
2015,Local goverment,Eystur municipality,Number of seats,0.0
2016,Local goverment,Eystur municipality,Proportion of seats held by women,0.0
2016,Local goverment,Eystur municipality,Seats held by women,0.0
2016,Local goverment,Eystur municipality,Number of seats,0.0
2019,Local goverment,Eystur municipality,Proportion of seats held by women,0.0
2019,Local goverment,Eystur municipality,Seats held by women,0.0
2019,Local goverment,Eystur municipality,Number of seats,0.0
2020,Local goverment,Eystur municipality,Proportion of seats held by women,0.0
2020,Local goverment,Eystur municipality,Seats held by women,0.0
2020,Local goverment,Eystur municipality,Number of seats,0.0
2022,Local goverment,Eystur municipality,Proportion of seats held by women,0.0
2022,Local goverment,Eystur municipality,Seats held by women,0.0
2022,Local goverment,Eystur municipality,Number of seats,0.0
2024,Local goverment,Eystur municipality,Proportion of seats held by women,0.0
2024,Local goverment,Eystur municipality,Seats held by women,0.0
2024,Local goverment,Eystur municipality,Number of seats,0.0
1984,Local goverment,Fámjin municipality,Proportion of seats held by women,0.0
1984,Local goverment,Fámjin municipality,Seats held by women,0.0
1984,Local goverment,Fámjin municipality,Number of seats,0.0
1988,Local goverment,Fámjin municipality,Proportion of seats held by women,0.0
1988,Local goverment,Fámjin municipality,Seats held by women,0.0
1988,Local goverment,Fámjin municipality,Number of seats,0.0
1990,Local goverment,Fámjin municipality,Proportion of seats held by women,0.0
1990,Local goverment,Fámjin municipality,Seats held by women,0.0
1990,Local goverment,Fámjin municipality,Number of seats,0.0
1992,Local goverment,Fámjin municipality,Proportion of seats held by women,0.0
1992,Local goverment,Fámjin municipality,Seats held by women,0.0
1992,Local goverment,Fámjin municipality,Number of seats,0.0
1994,Local goverment,Fámjin municipality,Proportion of seats held by women,0.0
1994,Local goverment,Fámjin municipality,Seats held by women,0.0
1994,Local goverment,Fámjin municipality,Number of seats,0.0
1996,Local goverment,Fámjin municipality,Proportion of seats held by women,0.0
1996,Local goverment,Fámjin municipality,Seats held by women,0.0
1996,Local goverment,Fámjin municipality,Number of seats,0.0
1998,Local goverment,Fámjin municipality,Proportion of seats held by women,0.0
1998,Local goverment,Fámjin municipality,Seats held by women,0.0
1998,Local goverment,Fámjin municipality,Number of seats,0.0
2000,Local goverment,Fámjin municipality,Proportion of seats held by women,0.0
2000,Local goverment,Fámjin municipality,Seats held by women,0.0
2000,Local goverment,Fámjin municipality,Number of seats,0.0
2002,Local goverment,Fámjin municipality,Proportion of seats held by women,0.0
2002,Local goverment,Fámjin municipality,Seats held by women,0.0
2002,Local goverment,Fámjin municipality,Number of seats,0.0
2004,Local goverment,Fámjin municipality,Proportion of seats held by women,0.0
2004,Local goverment,Fámjin municipality,Seats held by women,0.0
2004,Local goverment,Fámjin municipality,Number of seats,0.0
2008,Local goverment,Fámjin municipality,Proportion of seats held by women,0.0
2008,Local goverment,Fámjin municipality,Seats held by women,0.0
2008,Local goverment,Fámjin municipality,Number of seats,0.0
2011,Local goverment,Fámjin municipality,Proportion of seats held by women,0.0
2011,Local goverment,Fámjin municipality,Seats held by women,0.0
2011,Local goverment,Fámjin municipality,Number of seats,0.0
2012,Local goverment,Fámjin municipality,Proportion of seats held by women,0.0
2012,Local goverment,Fámjin municipality,Seats held by women,0.0
2012,Local goverment,Fámjin municipality,Number of seats,0.0
2015,Local goverment,Fámjin municipality,Proportion of seats held by women,0.0
2015,Local goverment,Fámjin municipality,Seats held by women,0.0
2015,Local goverment,Fámjin municipality,Number of seats,0.0
2016,Local goverment,Fámjin municipality,Proportion of seats held by women,0.0
2016,Local goverment,Fámjin municipality,Seats held by women,0.0
2016,Local goverment,Fámjin municipality,Number of seats,0.0
2019,Local goverment,Fámjin municipality,Proportion of seats held by women,0.0
2019,Local goverment,Fámjin municipality,Seats held by women,0.0
2019,Local goverment,Fámjin municipality,Number of seats,0.0
2020,Local goverment,Fámjin municipality,Proportion of seats held by women,0.0
2020,Local goverment,Fámjin municipality,Seats held by women,0.0
2020,Local goverment,Fámjin municipality,Number of seats,0.0
2022,Local goverment,Fámjin municipality,Proportion of seats held by women,0.0
2022,Local goverment,Fámjin municipality,Seats held by women,0.0
2022,Local goverment,Fámjin municipality,Number of seats,0.0
2024,Local goverment,Fámjin municipality,Proportion of seats held by women,0.0
2024,Local goverment,Fámjin municipality,Seats held by women,0.0
2024,Local goverment,Fámjin municipality,Number of seats,0.0
1984,Local goverment,Fuglafjørður municipality,Proportion of seats held by women,0.0
1984,Local goverment,Fuglafjørður municipality,Seats held by women,0.0
1984,Local goverment,Fuglafjørður municipality,Number of seats,0.0
1988,Local goverment,Fuglafjørður municipality,Proportion of seats held by women,0.0
1988,Local goverment,Fuglafjørður municipality,Seats held by women,0.0
1988,Local goverment,Fuglafjørður municipality,Number of seats,0.0
1990,Local goverment,Fuglafjørður municipality,Proportion of seats held by women,0.0
1990,Local goverment,Fuglafjørður municipality,Seats held by women,0.0
1990,Local goverment,Fuglafjørður municipality,Number of seats,0.0
1992,Local goverment,Fuglafjørður municipality,Proportion of seats held by women,0.0
1992,Local goverment,Fuglafjørður municipality,Seats held by women,0.0
1992,Local goverment,Fuglafjørður municipality,Number of seats,0.0
1994,Local goverment,Fuglafjørður municipality,Proportion of seats held by women,0.0
1994,Local goverment,Fuglafjørður municipality,Seats held by women,0.0
1994,Local goverment,Fuglafjørður municipality,Number of seats,0.0
1996,Local goverment,Fuglafjørður municipality,Proportion of seats held by women,0.0
1996,Local goverment,Fuglafjørður municipality,Seats held by women,0.0
1996,Local goverment,Fuglafjørður municipality,Number of seats,0.0
1998,Local goverment,Fuglafjørður municipality,Proportion of seats held by women,0.0
1998,Local goverment,Fuglafjørður municipality,Seats held by women,0.0
1998,Local goverment,Fuglafjørður municipality,Number of seats,0.0
2000,Local goverment,Fuglafjørður municipality,Proportion of seats held by women,0.0
2000,Local goverment,Fuglafjørður municipality,Seats held by women,0.0
2000,Local goverment,Fuglafjørður municipality,Number of seats,0.0
2002,Local goverment,Fuglafjørður municipality,Proportion of seats held by women,0.0
2002,Local goverment,Fuglafjørður municipality,Seats held by women,0.0
2002,Local goverment,Fuglafjørður municipality,Number of seats,0.0
2004,Local goverment,Fuglafjørður municipality,Proportion of seats held by women,0.0
2004,Local goverment,Fuglafjørður municipality,Seats held by women,0.0
2004,Local goverment,Fuglafjørður municipality,Number of seats,0.0
2008,Local goverment,Fuglafjørður municipality,Proportion of seats held by women,0.0
2008,Local goverment,Fuglafjørður municipality,Seats held by women,0.0
2008,Local goverment,Fuglafjørður municipality,Number of seats,0.0
2011,Local goverment,Fuglafjørður municipality,Proportion of seats held by women,0.0
2011,Local goverment,Fuglafjørður municipality,Seats held by women,0.0
2011,Local goverment,Fuglafjørður municipality,Number of seats,0.0
2012,Local goverment,Fuglafjørður municipality,Proportion of seats held by women,0.0
2012,Local goverment,Fuglafjørður municipality,Seats held by women,0.0
2012,Local goverment,Fuglafjørður municipality,Number of seats,0.0
2015,Local goverment,Fuglafjørður municipality,Proportion of seats held by women,0.0
2015,Local goverment,Fuglafjørður municipality,Seats held by women,0.0
2015,Local goverment,Fuglafjørður municipality,Number of seats,0.0
2016,Local goverment,Fuglafjørður municipality,Proportion of seats held by women,0.0
2016,Local goverment,Fuglafjørður municipality,Seats held by women,0.0
2016,Local goverment,Fuglafjørður municipality,Number of seats,0.0
2019,Local goverment,Fuglafjørður municipality,Proportion of seats held by women,0.0
2019,Local goverment,Fuglafjørður municipality,Seats held by women,0.0
2019,Local goverment,Fuglafjørður municipality,Number of seats,0.0
2020,Local goverment,Fuglafjørður municipality,Proportion of seats held by women,0.0
2020,Local goverment,Fuglafjørður municipality,Seats held by women,0.0
2020,Local goverment,Fuglafjørður municipality,Number of seats,0.0
2022,Local goverment,Fuglafjørður municipality,Proportion of seats held by women,0.0
2022,Local goverment,Fuglafjørður municipality,Seats held by women,0.0
2022,Local goverment,Fuglafjørður municipality,Number of seats,0.0
2024,Local goverment,Fuglafjørður municipality,Proportion of seats held by women,0.0
2024,Local goverment,Fuglafjørður municipality,Seats held by women,0.0
2024,Local goverment,Fuglafjørður municipality,Number of seats,0.0
1984,Local goverment,Fugloy municipality,Proportion of seats held by women,0.0
1984,Local goverment,Fugloy municipality,Seats held by women,0.0
1984,Local goverment,Fugloy municipality,Number of seats,0.0
1988,Local goverment,Fugloy municipality,Proportion of seats held by women,0.0
1988,Local goverment,Fugloy municipality,Seats held by women,0.0
1988,Local goverment,Fugloy municipality,Number of seats,0.0
1990,Local goverment,Fugloy municipality,Proportion of seats held by women,0.0
1990,Local goverment,Fugloy municipality,Seats held by women,0.0
1990,Local goverment,Fugloy municipality,Number of seats,0.0
1992,Local goverment,Fugloy municipality,Proportion of seats held by women,0.0
1992,Local goverment,Fugloy municipality,Seats held by women,0.0
1992,Local goverment,Fugloy municipality,Number of seats,0.0
1994,Local goverment,Fugloy municipality,Proportion of seats held by women,0.0
1994,Local goverment,Fugloy municipality,Seats held by women,0.0
1994,Local goverment,Fugloy municipality,Number of seats,0.0
1996,Local goverment,Fugloy municipality,Proportion of seats held by women,0.0
1996,Local goverment,Fugloy municipality,Seats held by women,0.0
1996,Local goverment,Fugloy municipality,Number of seats,0.0
1998,Local goverment,Fugloy municipality,Proportion of seats held by women,0.0
1998,Local goverment,Fugloy municipality,Seats held by women,0.0
1998,Local goverment,Fugloy municipality,Number of seats,0.0
2000,Local goverment,Fugloy municipality,Proportion of seats held by women,0.0
2000,Local goverment,Fugloy municipality,Seats held by women,0.0
2000,Local goverment,Fugloy municipality,Number of seats,0.0
2002,Local goverment,Fugloy municipality,Proportion of seats held by women,0.0
2002,Local goverment,Fugloy municipality,Seats held by women,0.0
2002,Local goverment,Fugloy municipality,Number of seats,0.0
2004,Local goverment,Fugloy municipality,Proportion of seats held by women,0.0
2004,Local goverment,Fugloy municipality,Seats held by women,0.0
2004,Local goverment,Fugloy municipality,Number of seats,0.0
2008,Local goverment,Fugloy municipality,Proportion of seats held by women,0.0
2008,Local goverment,Fugloy municipality,Seats held by women,0.0
2008,Local goverment,Fugloy municipality,Number of seats,0.0
2011,Local goverment,Fugloy municipality,Proportion of seats held by women,0.0
2011,Local goverment,Fugloy municipality,Seats held by women,0.0
2011,Local goverment,Fugloy municipality,Number of seats,0.0
2012,Local goverment,Fugloy municipality,Proportion of seats held by women,0.0
2012,Local goverment,Fugloy municipality,Seats held by women,0.0
2012,Local goverment,Fugloy municipality,Number of seats,0.0
2015,Local goverment,Fugloy municipality,Proportion of seats held by women,0.0
2015,Local goverment,Fugloy municipality,Seats held by women,0.0
2015,Local goverment,Fugloy municipality,Number of seats,0.0
2016,Local goverment,Fugloy municipality,Proportion of seats held by women,0.0
2016,Local goverment,Fugloy municipality,Seats held by women,0.0
2016,Local goverment,Fugloy municipality,Number of seats,0.0
2019,Local goverment,Fugloy municipality,Proportion of seats held by women,0.0
2019,Local goverment,Fugloy municipality,Seats held by women,0.0
2019,Local goverment,Fugloy municipality,Number of seats,0.0
2020,Local goverment,Fugloy municipality,Proportion of seats held by women,0.0
2020,Local goverment,Fugloy municipality,Seats held by women,0.0
2020,Local goverment,Fugloy municipality,Number of seats,0.0
2022,Local goverment,Fugloy municipality,Proportion of seats held by women,0.0
2022,Local goverment,Fugloy municipality,Seats held by women,0.0
2022,Local goverment,Fugloy municipality,Number of seats,0.0
2024,Local goverment,Fugloy municipality,Proportion of seats held by women,0.0
2024,Local goverment,Fugloy municipality,Seats held by women,0.0
2024,Local goverment,Fugloy municipality,Number of seats,0.0
1984,Local goverment,Funningur municipality,Proportion of seats held by women,0.0
1984,Local goverment,Funningur municipality,Seats held by women,0.0
1984,Local goverment,Funningur municipality,Number of seats,0.0
1988,Local goverment,Funningur municipality,Proportion of seats held by women,0.0
1988,Local goverment,Funningur municipality,Seats held by women,0.0
1988,Local goverment,Funningur municipality,Number of seats,0.0
1990,Local goverment,Funningur municipality,Proportion of seats held by women,0.0
1990,Local goverment,Funningur municipality,Seats held by women,0.0
1990,Local goverment,Funningur municipality,Number of seats,0.0
1992,Local goverment,Funningur municipality,Proportion of seats held by women,0.0
1992,Local goverment,Funningur municipality,Seats held by women,0.0
1992,Local goverment,Funningur municipality,Number of seats,0.0
1994,Local goverment,Funningur municipality,Proportion of seats held by women,0.0
1994,Local goverment,Funningur municipality,Seats held by women,0.0
1994,Local goverment,Funningur municipality,Number of seats,0.0
1996,Local goverment,Funningur municipality,Proportion of seats held by women,0.0
1996,Local goverment,Funningur municipality,Seats held by women,0.0
1996,Local goverment,Funningur municipality,Number of seats,0.0
1998,Local goverment,Funningur municipality,Proportion of seats held by women,0.0
1998,Local goverment,Funningur municipality,Seats held by women,0.0
1998,Local goverment,Funningur municipality,Number of seats,0.0
2000,Local goverment,Funningur municipality,Proportion of seats held by women,0.0
2000,Local goverment,Funningur municipality,Seats held by women,0.0
2000,Local goverment,Funningur municipality,Number of seats,0.0
2002,Local goverment,Funningur municipality,Proportion of seats held by women,0.0
2002,Local goverment,Funningur municipality,Seats held by women,0.0
2002,Local goverment,Funningur municipality,Number of seats,0.0
2004,Local goverment,Funningur municipality,Proportion of seats held by women,0.0
2004,Local goverment,Funningur municipality,Seats held by women,0.0
2004,Local goverment,Funningur municipality,Number of seats,0.0
2008,Local goverment,Funningur municipality,Proportion of seats held by women,0.0
2008,Local goverment,Funningur municipality,Seats held by women,0.0
2008,Local goverment,Funningur municipality,Number of seats,0.0
2011,Local goverment,Funningur municipality,Proportion of seats held by women,0.0
2011,Local goverment,Funningur municipality,Seats held by women,0.0
2011,Local goverment,Funningur municipality,Number of seats,0.0
2012,Local goverment,Funningur municipality,Proportion of seats held by women,0.0
2012,Local goverment,Funningur municipality,Seats held by women,0.0
2012,Local goverment,Funningur municipality,Number of seats,0.0
2015,Local goverment,Funningur municipality,Proportion of seats held by women,0.0
2015,Local goverment,Funningur municipality,Seats held by women,0.0
2015,Local goverment,Funningur municipality,Number of seats,0.0
2016,Local goverment,Funningur municipality,Proportion of seats held by women,0.0
2016,Local goverment,Funningur municipality,Seats held by women,0.0
2016,Local goverment,Funningur municipality,Number of seats,0.0
2019,Local goverment,Funningur municipality,Proportion of seats held by women,0.0
2019,Local goverment,Funningur municipality,Seats held by women,0.0
2019,Local goverment,Funningur municipality,Number of seats,0.0
2020,Local goverment,Funningur municipality,Proportion of seats held by women,0.0
2020,Local goverment,Funningur municipality,Seats held by women,0.0
2020,Local goverment,Funningur municipality,Number of seats,0.0
2022,Local goverment,Funningur municipality,Proportion of seats held by women,0.0
2022,Local goverment,Funningur municipality,Seats held by women,0.0
2022,Local goverment,Funningur municipality,Number of seats,0.0
2024,Local goverment,Funningur municipality,Proportion of seats held by women,0.0
2024,Local goverment,Funningur municipality,Seats held by women,0.0
2024,Local goverment,Funningur municipality,Number of seats,0.0
1984,Local goverment,Gjógv municipality,Proportion of seats held by women,0.0
1984,Local goverment,Gjógv municipality,Seats held by women,0.0
1984,Local goverment,Gjógv municipality,Number of seats,0.0
1988,Local goverment,Gjógv municipality,Proportion of seats held by women,0.0
1988,Local goverment,Gjógv municipality,Seats held by women,0.0
1988,Local goverment,Gjógv municipality,Number of seats,0.0
1990,Local goverment,Gjógv municipality,Proportion of seats held by women,0.0
1990,Local goverment,Gjógv municipality,Seats held by women,0.0
1990,Local goverment,Gjógv municipality,Number of seats,0.0
1992,Local goverment,Gjógv municipality,Proportion of seats held by women,0.0
1992,Local goverment,Gjógv municipality,Seats held by women,0.0
1992,Local goverment,Gjógv municipality,Number of seats,0.0
1994,Local goverment,Gjógv municipality,Proportion of seats held by women,0.0
1994,Local goverment,Gjógv municipality,Seats held by women,0.0
1994,Local goverment,Gjógv municipality,Number of seats,0.0
1996,Local goverment,Gjógv municipality,Proportion of seats held by women,0.0
1996,Local goverment,Gjógv municipality,Seats held by women,0.0
1996,Local goverment,Gjógv municipality,Number of seats,0.0
1998,Local goverment,Gjógv municipality,Proportion of seats held by women,0.0
1998,Local goverment,Gjógv municipality,Seats held by women,0.0
1998,Local goverment,Gjógv municipality,Number of seats,0.0
2000,Local goverment,Gjógv municipality,Proportion of seats held by women,0.0
2000,Local goverment,Gjógv municipality,Seats held by women,0.0
2000,Local goverment,Gjógv municipality,Number of seats,0.0
2002,Local goverment,Gjógv municipality,Proportion of seats held by women,0.0
2002,Local goverment,Gjógv municipality,Seats held by women,0.0
2002,Local goverment,Gjógv municipality,Number of seats,0.0
2004,Local goverment,Gjógv municipality,Proportion of seats held by women,0.0
2004,Local goverment,Gjógv municipality,Seats held by women,0.0
2004,Local goverment,Gjógv municipality,Number of seats,0.0
2008,Local goverment,Gjógv municipality,Proportion of seats held by women,0.0
2008,Local goverment,Gjógv municipality,Seats held by women,0.0
2008,Local goverment,Gjógv municipality,Number of seats,0.0
2011,Local goverment,Gjógv municipality,Proportion of seats held by women,0.0
2011,Local goverment,Gjógv municipality,Seats held by women,0.0
2011,Local goverment,Gjógv municipality,Number of seats,0.0
2012,Local goverment,Gjógv municipality,Proportion of seats held by women,0.0
2012,Local goverment,Gjógv municipality,Seats held by women,0.0
2012,Local goverment,Gjógv municipality,Number of seats,0.0
2015,Local goverment,Gjógv municipality,Proportion of seats held by women,0.0
2015,Local goverment,Gjógv municipality,Seats held by women,0.0
2015,Local goverment,Gjógv municipality,Number of seats,0.0
2016,Local goverment,Gjógv municipality,Proportion of seats held by women,0.0
2016,Local goverment,Gjógv municipality,Seats held by women,0.0
2016,Local goverment,Gjógv municipality,Number of seats,0.0
2019,Local goverment,Gjógv municipality,Proportion of seats held by women,0.0
2019,Local goverment,Gjógv municipality,Seats held by women,0.0
2019,Local goverment,Gjógv municipality,Number of seats,0.0
2020,Local goverment,Gjógv municipality,Proportion of seats held by women,0.0
2020,Local goverment,Gjógv municipality,Seats held by women,0.0
2020,Local goverment,Gjógv municipality,Number of seats,0.0
2022,Local goverment,Gjógv municipality,Proportion of seats held by women,0.0
2022,Local goverment,Gjógv municipality,Seats held by women,0.0
2022,Local goverment,Gjógv municipality,Number of seats,0.0
2024,Local goverment,Gjógv municipality,Proportion of seats held by women,0.0
2024,Local goverment,Gjógv municipality,Seats held by women,0.0
2024,Local goverment,Gjógv municipality,Number of seats,0.0
1984,Local goverment,Gøta municipality,Proportion of seats held by women,0.0
1984,Local goverment,Gøta municipality,Seats held by women,0.0
1984,Local goverment,Gøta municipality,Number of seats,0.0
1988,Local goverment,Gøta municipality,Proportion of seats held by women,0.0
1988,Local goverment,Gøta municipality,Seats held by women,0.0
1988,Local goverment,Gøta municipality,Number of seats,0.0
1990,Local goverment,Gøta municipality,Proportion of seats held by women,0.0
1990,Local goverment,Gøta municipality,Seats held by women,0.0
1990,Local goverment,Gøta municipality,Number of seats,0.0
1992,Local goverment,Gøta municipality,Proportion of seats held by women,0.0
1992,Local goverment,Gøta municipality,Seats held by women,0.0
1992,Local goverment,Gøta municipality,Number of seats,0.0
1994,Local goverment,Gøta municipality,Proportion of seats held by women,0.0
1994,Local goverment,Gøta municipality,Seats held by women,0.0
1994,Local goverment,Gøta municipality,Number of seats,0.0
1996,Local goverment,Gøta municipality,Proportion of seats held by women,0.0
1996,Local goverment,Gøta municipality,Seats held by women,0.0
1996,Local goverment,Gøta municipality,Number of seats,0.0
1998,Local goverment,Gøta municipality,Proportion of seats held by women,0.0
1998,Local goverment,Gøta municipality,Seats held by women,0.0
1998,Local goverment,Gøta municipality,Number of seats,0.0
2000,Local goverment,Gøta municipality,Proportion of seats held by women,0.0
2000,Local goverment,Gøta municipality,Seats held by women,0.0
2000,Local goverment,Gøta municipality,Number of seats,0.0
2002,Local goverment,Gøta municipality,Proportion of seats held by women,0.0
2002,Local goverment,Gøta municipality,Seats held by women,0.0
2002,Local goverment,Gøta municipality,Number of seats,0.0
2004,Local goverment,Gøta municipality,Proportion of seats held by women,0.0
2004,Local goverment,Gøta municipality,Seats held by women,0.0
2004,Local goverment,Gøta municipality,Number of seats,0.0
2008,Local goverment,Gøta municipality,Proportion of seats held by women,0.0
2008,Local goverment,Gøta municipality,Seats held by women,0.0
2008,Local goverment,Gøta municipality,Number of seats,0.0
2011,Local goverment,Gøta municipality,Proportion of seats held by women,0.0
2011,Local goverment,Gøta municipality,Seats held by women,0.0
2011,Local goverment,Gøta municipality,Number of seats,0.0
2012,Local goverment,Gøta municipality,Proportion of seats held by women,0.0
2012,Local goverment,Gøta municipality,Seats held by women,0.0
2012,Local goverment,Gøta municipality,Number of seats,0.0
2015,Local goverment,Gøta municipality,Proportion of seats held by women,0.0
2015,Local goverment,Gøta municipality,Seats held by women,0.0
2015,Local goverment,Gøta municipality,Number of seats,0.0
2016,Local goverment,Gøta municipality,Proportion of seats held by women,0.0
2016,Local goverment,Gøta municipality,Seats held by women,0.0
2016,Local goverment,Gøta municipality,Number of seats,0.0
2019,Local goverment,Gøta municipality,Proportion of seats held by women,0.0
2019,Local goverment,Gøta municipality,Seats held by women,0.0
2019,Local goverment,Gøta municipality,Number of seats,0.0
2020,Local goverment,Gøta municipality,Proportion of seats held by women,0.0
2020,Local goverment,Gøta municipality,Seats held by women,0.0
2020,Local goverment,Gøta municipality,Number of seats,0.0
2022,Local goverment,Gøta municipality,Proportion of seats held by women,0.0
2022,Local goverment,Gøta municipality,Seats held by women,0.0
2022,Local goverment,Gøta municipality,Number of seats,0.0
2024,Local goverment,Gøta municipality,Proportion of seats held by women,0.0
2024,Local goverment,Gøta municipality,Seats held by women,0.0
2024,Local goverment,Gøta municipality,Number of seats,0.0
1984,Local goverment,Haldórsvík municipality,Proportion of seats held by women,0.0
1984,Local goverment,Haldórsvík municipality,Seats held by women,0.0
1984,Local goverment,Haldórsvík municipality,Number of seats,0.0
1988,Local goverment,Haldórsvík municipality,Proportion of seats held by women,0.0
1988,Local goverment,Haldórsvík municipality,Seats held by women,0.0
1988,Local goverment,Haldórsvík municipality,Number of seats,0.0
1990,Local goverment,Haldórsvík municipality,Proportion of seats held by women,0.0
1990,Local goverment,Haldórsvík municipality,Seats held by women,0.0
1990,Local goverment,Haldórsvík municipality,Number of seats,0.0
1992,Local goverment,Haldórsvík municipality,Proportion of seats held by women,0.0
1992,Local goverment,Haldórsvík municipality,Seats held by women,0.0
1992,Local goverment,Haldórsvík municipality,Number of seats,0.0
1994,Local goverment,Haldórsvík municipality,Proportion of seats held by women,0.0
1994,Local goverment,Haldórsvík municipality,Seats held by women,0.0
1994,Local goverment,Haldórsvík municipality,Number of seats,0.0
1996,Local goverment,Haldórsvík municipality,Proportion of seats held by women,0.0
1996,Local goverment,Haldórsvík municipality,Seats held by women,0.0
1996,Local goverment,Haldórsvík municipality,Number of seats,0.0
1998,Local goverment,Haldórsvík municipality,Proportion of seats held by women,0.0
1998,Local goverment,Haldórsvík municipality,Seats held by women,0.0
1998,Local goverment,Haldórsvík municipality,Number of seats,0.0
2000,Local goverment,Haldórsvík municipality,Proportion of seats held by women,0.0
2000,Local goverment,Haldórsvík municipality,Seats held by women,0.0
2000,Local goverment,Haldórsvík municipality,Number of seats,0.0
2002,Local goverment,Haldórsvík municipality,Proportion of seats held by women,0.0
2002,Local goverment,Haldórsvík municipality,Seats held by women,0.0
2002,Local goverment,Haldórsvík municipality,Number of seats,0.0
2004,Local goverment,Haldórsvík municipality,Proportion of seats held by women,0.0
2004,Local goverment,Haldórsvík municipality,Seats held by women,0.0
2004,Local goverment,Haldórsvík municipality,Number of seats,0.0
2008,Local goverment,Haldórsvík municipality,Proportion of seats held by women,0.0
2008,Local goverment,Haldórsvík municipality,Seats held by women,0.0
2008,Local goverment,Haldórsvík municipality,Number of seats,0.0
2011,Local goverment,Haldórsvík municipality,Proportion of seats held by women,0.0
2011,Local goverment,Haldórsvík municipality,Seats held by women,0.0
2011,Local goverment,Haldórsvík municipality,Number of seats,0.0
2012,Local goverment,Haldórsvík municipality,Proportion of seats held by women,0.0
2012,Local goverment,Haldórsvík municipality,Seats held by women,0.0
2012,Local goverment,Haldórsvík municipality,Number of seats,0.0
2015,Local goverment,Haldórsvík municipality,Proportion of seats held by women,0.0
2015,Local goverment,Haldórsvík municipality,Seats held by women,0.0
2015,Local goverment,Haldórsvík municipality,Number of seats,0.0
2016,Local goverment,Haldórsvík municipality,Proportion of seats held by women,0.0
2016,Local goverment,Haldórsvík municipality,Seats held by women,0.0
2016,Local goverment,Haldórsvík municipality,Number of seats,0.0
2019,Local goverment,Haldórsvík municipality,Proportion of seats held by women,0.0
2019,Local goverment,Haldórsvík municipality,Seats held by women,0.0
2019,Local goverment,Haldórsvík municipality,Number of seats,0.0
2020,Local goverment,Haldórsvík municipality,Proportion of seats held by women,0.0
2020,Local goverment,Haldórsvík municipality,Seats held by women,0.0
2020,Local goverment,Haldórsvík municipality,Number of seats,0.0
2022,Local goverment,Haldórsvík municipality,Proportion of seats held by women,0.0
2022,Local goverment,Haldórsvík municipality,Seats held by women,0.0
2022,Local goverment,Haldórsvík municipality,Number of seats,0.0
2024,Local goverment,Haldórsvík municipality,Proportion of seats held by women,0.0
2024,Local goverment,Haldórsvík municipality,Seats held by women,0.0
2024,Local goverment,Haldórsvík municipality,Number of seats,0.0
1984,Local goverment,Hestur municipality,Proportion of seats held by women,0.0
1984,Local goverment,Hestur municipality,Seats held by women,0.0
1984,Local goverment,Hestur municipality,Number of seats,0.0
1988,Local goverment,Hestur municipality,Proportion of seats held by women,0.0
1988,Local goverment,Hestur municipality,Seats held by women,0.0
1988,Local goverment,Hestur municipality,Number of seats,0.0
1990,Local goverment,Hestur municipality,Proportion of seats held by women,0.0
1990,Local goverment,Hestur municipality,Seats held by women,0.0
1990,Local goverment,Hestur municipality,Number of seats,0.0
1992,Local goverment,Hestur municipality,Proportion of seats held by women,0.0
1992,Local goverment,Hestur municipality,Seats held by women,0.0
1992,Local goverment,Hestur municipality,Number of seats,0.0
1994,Local goverment,Hestur municipality,Proportion of seats held by women,0.0
1994,Local goverment,Hestur municipality,Seats held by women,0.0
1994,Local goverment,Hestur municipality,Number of seats,0.0
1996,Local goverment,Hestur municipality,Proportion of seats held by women,0.0
1996,Local goverment,Hestur municipality,Seats held by women,0.0
1996,Local goverment,Hestur municipality,Number of seats,0.0
1998,Local goverment,Hestur municipality,Proportion of seats held by women,0.0
1998,Local goverment,Hestur municipality,Seats held by women,0.0
1998,Local goverment,Hestur municipality,Number of seats,0.0
2000,Local goverment,Hestur municipality,Proportion of seats held by women,0.0
2000,Local goverment,Hestur municipality,Seats held by women,0.0
2000,Local goverment,Hestur municipality,Number of seats,0.0
2002,Local goverment,Hestur municipality,Proportion of seats held by women,0.0
2002,Local goverment,Hestur municipality,Seats held by women,0.0
2002,Local goverment,Hestur municipality,Number of seats,0.0
2004,Local goverment,Hestur municipality,Proportion of seats held by women,0.0
2004,Local goverment,Hestur municipality,Seats held by women,0.0
2004,Local goverment,Hestur municipality,Number of seats,0.0
2008,Local goverment,Hestur municipality,Proportion of seats held by women,0.0
2008,Local goverment,Hestur municipality,Seats held by women,0.0
2008,Local goverment,Hestur municipality,Number of seats,0.0
2011,Local goverment,Hestur municipality,Proportion of seats held by women,0.0
2011,Local goverment,Hestur municipality,Seats held by women,0.0
2011,Local goverment,Hestur municipality,Number of seats,0.0
2012,Local goverment,Hestur municipality,Proportion of seats held by women,0.0
2012,Local goverment,Hestur municipality,Seats held by women,0.0
2012,Local goverment,Hestur municipality,Number of seats,0.0
2015,Local goverment,Hestur municipality,Proportion of seats held by women,0.0
2015,Local goverment,Hestur municipality,Seats held by women,0.0
2015,Local goverment,Hestur municipality,Number of seats,0.0
2016,Local goverment,Hestur municipality,Proportion of seats held by women,0.0
2016,Local goverment,Hestur municipality,Seats held by women,0.0
2016,Local goverment,Hestur municipality,Number of seats,0.0
2019,Local goverment,Hestur municipality,Proportion of seats held by women,0.0
2019,Local goverment,Hestur municipality,Seats held by women,0.0
2019,Local goverment,Hestur municipality,Number of seats,0.0
2020,Local goverment,Hestur municipality,Proportion of seats held by women,0.0
2020,Local goverment,Hestur municipality,Seats held by women,0.0
2020,Local goverment,Hestur municipality,Number of seats,0.0
2022,Local goverment,Hestur municipality,Proportion of seats held by women,0.0
2022,Local goverment,Hestur municipality,Seats held by women,0.0
2022,Local goverment,Hestur municipality,Number of seats,0.0
2024,Local goverment,Hestur municipality,Proportion of seats held by women,0.0
2024,Local goverment,Hestur municipality,Seats held by women,0.0
2024,Local goverment,Hestur municipality,Number of seats,0.0
1984,Local goverment,Hósvík municipality,Proportion of seats held by women,0.0
1984,Local goverment,Hósvík municipality,Seats held by women,0.0
1984,Local goverment,Hósvík municipality,Number of seats,0.0
1988,Local goverment,Hósvík municipality,Proportion of seats held by women,0.0
1988,Local goverment,Hósvík municipality,Seats held by women,0.0
1988,Local goverment,Hósvík municipality,Number of seats,0.0
1990,Local goverment,Hósvík municipality,Proportion of seats held by women,0.0
1990,Local goverment,Hósvík municipality,Seats held by women,0.0
1990,Local goverment,Hósvík municipality,Number of seats,0.0
1992,Local goverment,Hósvík municipality,Proportion of seats held by women,0.0
1992,Local goverment,Hósvík municipality,Seats held by women,0.0
1992,Local goverment,Hósvík municipality,Number of seats,0.0
1994,Local goverment,Hósvík municipality,Proportion of seats held by women,0.0
1994,Local goverment,Hósvík municipality,Seats held by women,0.0
1994,Local goverment,Hósvík municipality,Number of seats,0.0
1996,Local goverment,Hósvík municipality,Proportion of seats held by women,0.0
1996,Local goverment,Hósvík municipality,Seats held by women,0.0
1996,Local goverment,Hósvík municipality,Number of seats,0.0
1998,Local goverment,Hósvík municipality,Proportion of seats held by women,0.0
1998,Local goverment,Hósvík municipality,Seats held by women,0.0
1998,Local goverment,Hósvík municipality,Number of seats,0.0
2000,Local goverment,Hósvík municipality,Proportion of seats held by women,0.0
2000,Local goverment,Hósvík municipality,Seats held by women,0.0
2000,Local goverment,Hósvík municipality,Number of seats,0.0
2002,Local goverment,Hósvík municipality,Proportion of seats held by women,0.0
2002,Local goverment,Hósvík municipality,Seats held by women,0.0
2002,Local goverment,Hósvík municipality,Number of seats,0.0
2004,Local goverment,Hósvík municipality,Proportion of seats held by women,0.0
2004,Local goverment,Hósvík municipality,Seats held by women,0.0
2004,Local goverment,Hósvík municipality,Number of seats,0.0
2008,Local goverment,Hósvík municipality,Proportion of seats held by women,0.0
2008,Local goverment,Hósvík municipality,Seats held by women,0.0
2008,Local goverment,Hósvík municipality,Number of seats,0.0
2011,Local goverment,Hósvík municipality,Proportion of seats held by women,0.0
2011,Local goverment,Hósvík municipality,Seats held by women,0.0
2011,Local goverment,Hósvík municipality,Number of seats,0.0
2012,Local goverment,Hósvík municipality,Proportion of seats held by women,0.0
2012,Local goverment,Hósvík municipality,Seats held by women,0.0
2012,Local goverment,Hósvík municipality,Number of seats,0.0
2015,Local goverment,Hósvík municipality,Proportion of seats held by women,0.0
2015,Local goverment,Hósvík municipality,Seats held by women,0.0
2015,Local goverment,Hósvík municipality,Number of seats,0.0
2016,Local goverment,Hósvík municipality,Proportion of seats held by women,0.0
2016,Local goverment,Hósvík municipality,Seats held by women,0.0
2016,Local goverment,Hósvík municipality,Number of seats,0.0
2019,Local goverment,Hósvík municipality,Proportion of seats held by women,0.0
2019,Local goverment,Hósvík municipality,Seats held by women,0.0
2019,Local goverment,Hósvík municipality,Number of seats,0.0
2020,Local goverment,Hósvík municipality,Proportion of seats held by women,0.0
2020,Local goverment,Hósvík municipality,Seats held by women,0.0
2020,Local goverment,Hósvík municipality,Number of seats,0.0
2022,Local goverment,Hósvík municipality,Proportion of seats held by women,0.0
2022,Local goverment,Hósvík municipality,Seats held by women,0.0
2022,Local goverment,Hósvík municipality,Number of seats,0.0
2024,Local goverment,Hósvík municipality,Proportion of seats held by women,0.0
2024,Local goverment,Hósvík municipality,Seats held by women,0.0
2024,Local goverment,Hósvík municipality,Number of seats,0.0
1984,Local goverment,Hov municipality,Proportion of seats held by women,0.0
1984,Local goverment,Hov municipality,Seats held by women,0.0
1984,Local goverment,Hov municipality,Number of seats,0.0
1988,Local goverment,Hov municipality,Proportion of seats held by women,0.0
1988,Local goverment,Hov municipality,Seats held by women,0.0
1988,Local goverment,Hov municipality,Number of seats,0.0
1990,Local goverment,Hov municipality,Proportion of seats held by women,0.0
1990,Local goverment,Hov municipality,Seats held by women,0.0
1990,Local goverment,Hov municipality,Number of seats,0.0
1992,Local goverment,Hov municipality,Proportion of seats held by women,0.0
1992,Local goverment,Hov municipality,Seats held by women,0.0
1992,Local goverment,Hov municipality,Number of seats,0.0
1994,Local goverment,Hov municipality,Proportion of seats held by women,0.0
1994,Local goverment,Hov municipality,Seats held by women,0.0
1994,Local goverment,Hov municipality,Number of seats,0.0
1996,Local goverment,Hov municipality,Proportion of seats held by women,0.0
1996,Local goverment,Hov municipality,Seats held by women,0.0
1996,Local goverment,Hov municipality,Number of seats,0.0
1998,Local goverment,Hov municipality,Proportion of seats held by women,0.0
1998,Local goverment,Hov municipality,Seats held by women,0.0
1998,Local goverment,Hov municipality,Number of seats,0.0
2000,Local goverment,Hov municipality,Proportion of seats held by women,0.0
2000,Local goverment,Hov municipality,Seats held by women,0.0
2000,Local goverment,Hov municipality,Number of seats,0.0
2002,Local goverment,Hov municipality,Proportion of seats held by women,0.0
2002,Local goverment,Hov municipality,Seats held by women,0.0
2002,Local goverment,Hov municipality,Number of seats,0.0
2004,Local goverment,Hov municipality,Proportion of seats held by women,0.0
2004,Local goverment,Hov municipality,Seats held by women,0.0
2004,Local goverment,Hov municipality,Number of seats,0.0
2008,Local goverment,Hov municipality,Proportion of seats held by women,0.0
2008,Local goverment,Hov municipality,Seats held by women,0.0
2008,Local goverment,Hov municipality,Number of seats,0.0
2011,Local goverment,Hov municipality,Proportion of seats held by women,0.0
2011,Local goverment,Hov municipality,Seats held by women,0.0
2011,Local goverment,Hov municipality,Number of seats,0.0
2012,Local goverment,Hov municipality,Proportion of seats held by women,0.0
2012,Local goverment,Hov municipality,Seats held by women,0.0
2012,Local goverment,Hov municipality,Number of seats,0.0
2015,Local goverment,Hov municipality,Proportion of seats held by women,0.0
2015,Local goverment,Hov municipality,Seats held by women,0.0
2015,Local goverment,Hov municipality,Number of seats,0.0
2016,Local goverment,Hov municipality,Proportion of seats held by women,0.0
2016,Local goverment,Hov municipality,Seats held by women,0.0
2016,Local goverment,Hov municipality,Number of seats,0.0
2019,Local goverment,Hov municipality,Proportion of seats held by women,0.0
2019,Local goverment,Hov municipality,Seats held by women,0.0
2019,Local goverment,Hov municipality,Number of seats,0.0
2020,Local goverment,Hov municipality,Proportion of seats held by women,0.0
2020,Local goverment,Hov municipality,Seats held by women,0.0
2020,Local goverment,Hov municipality,Number of seats,0.0
2022,Local goverment,Hov municipality,Proportion of seats held by women,0.0
2022,Local goverment,Hov municipality,Seats held by women,0.0
2022,Local goverment,Hov municipality,Number of seats,0.0
2024,Local goverment,Hov municipality,Proportion of seats held by women,0.0
2024,Local goverment,Hov municipality,Seats held by women,0.0
2024,Local goverment,Hov municipality,Number of seats,0.0
1984,Local goverment,Húsar municipality,Proportion of seats held by women,0.0
1984,Local goverment,Húsar municipality,Seats held by women,0.0
1984,Local goverment,Húsar municipality,Number of seats,0.0
1988,Local goverment,Húsar municipality,Proportion of seats held by women,0.0
1988,Local goverment,Húsar municipality,Seats held by women,0.0
1988,Local goverment,Húsar municipality,Number of seats,0.0
1990,Local goverment,Húsar municipality,Proportion of seats held by women,0.0
1990,Local goverment,Húsar municipality,Seats held by women,0.0
1990,Local goverment,Húsar municipality,Number of seats,0.0
1992,Local goverment,Húsar municipality,Proportion of seats held by women,0.0
1992,Local goverment,Húsar municipality,Seats held by women,0.0
1992,Local goverment,Húsar municipality,Number of seats,0.0
1994,Local goverment,Húsar municipality,Proportion of seats held by women,0.0
1994,Local goverment,Húsar municipality,Seats held by women,0.0
1994,Local goverment,Húsar municipality,Number of seats,0.0
1996,Local goverment,Húsar municipality,Proportion of seats held by women,0.0
1996,Local goverment,Húsar municipality,Seats held by women,0.0
1996,Local goverment,Húsar municipality,Number of seats,0.0
1998,Local goverment,Húsar municipality,Proportion of seats held by women,0.0
1998,Local goverment,Húsar municipality,Seats held by women,0.0
1998,Local goverment,Húsar municipality,Number of seats,0.0
2000,Local goverment,Húsar municipality,Proportion of seats held by women,0.0
2000,Local goverment,Húsar municipality,Seats held by women,0.0
2000,Local goverment,Húsar municipality,Number of seats,0.0
2002,Local goverment,Húsar municipality,Proportion of seats held by women,0.0
2002,Local goverment,Húsar municipality,Seats held by women,0.0
2002,Local goverment,Húsar municipality,Number of seats,0.0
2004,Local goverment,Húsar municipality,Proportion of seats held by women,0.0
2004,Local goverment,Húsar municipality,Seats held by women,0.0
2004,Local goverment,Húsar municipality,Number of seats,0.0
2008,Local goverment,Húsar municipality,Proportion of seats held by women,0.0
2008,Local goverment,Húsar municipality,Seats held by women,0.0
2008,Local goverment,Húsar municipality,Number of seats,0.0
2011,Local goverment,Húsar municipality,Proportion of seats held by women,0.0
2011,Local goverment,Húsar municipality,Seats held by women,0.0
2011,Local goverment,Húsar municipality,Number of seats,0.0
2012,Local goverment,Húsar municipality,Proportion of seats held by women,0.0
2012,Local goverment,Húsar municipality,Seats held by women,0.0
2012,Local goverment,Húsar municipality,Number of seats,0.0
2015,Local goverment,Húsar municipality,Proportion of seats held by women,0.0
2015,Local goverment,Húsar municipality,Seats held by women,0.0
2015,Local goverment,Húsar municipality,Number of seats,0.0
2016,Local goverment,Húsar municipality,Proportion of seats held by women,0.0
2016,Local goverment,Húsar municipality,Seats held by women,0.0
2016,Local goverment,Húsar municipality,Number of seats,0.0
2019,Local goverment,Húsar municipality,Proportion of seats held by women,0.0
2019,Local goverment,Húsar municipality,Seats held by women,0.0
2019,Local goverment,Húsar municipality,Number of seats,0.0
2020,Local goverment,Húsar municipality,Proportion of seats held by women,0.0
2020,Local goverment,Húsar municipality,Seats held by women,0.0
2020,Local goverment,Húsar municipality,Number of seats,0.0
2022,Local goverment,Húsar municipality,Proportion of seats held by women,0.0
2022,Local goverment,Húsar municipality,Seats held by women,0.0
2022,Local goverment,Húsar municipality,Number of seats,0.0
2024,Local goverment,Húsar municipality,Proportion of seats held by women,0.0
2024,Local goverment,Húsar municipality,Seats held by women,0.0
2024,Local goverment,Húsar municipality,Number of seats,0.0
1984,Local goverment,Húsavík municipality,Proportion of seats held by women,0.0
1984,Local goverment,Húsavík municipality,Seats held by women,0.0
1984,Local goverment,Húsavík municipality,Number of seats,0.0
1988,Local goverment,Húsavík municipality,Proportion of seats held by women,0.0
1988,Local goverment,Húsavík municipality,Seats held by women,0.0
1988,Local goverment,Húsavík municipality,Number of seats,0.0
1990,Local goverment,Húsavík municipality,Proportion of seats held by women,0.0
1990,Local goverment,Húsavík municipality,Seats held by women,0.0
1990,Local goverment,Húsavík municipality,Number of seats,0.0
1992,Local goverment,Húsavík municipality,Proportion of seats held by women,0.0
1992,Local goverment,Húsavík municipality,Seats held by women,0.0
1992,Local goverment,Húsavík municipality,Number of seats,0.0
1994,Local goverment,Húsavík municipality,Proportion of seats held by women,0.0
1994,Local goverment,Húsavík municipality,Seats held by women,0.0
1994,Local goverment,Húsavík municipality,Number of seats,0.0
1996,Local goverment,Húsavík municipality,Proportion of seats held by women,0.0
1996,Local goverment,Húsavík municipality,Seats held by women,0.0
1996,Local goverment,Húsavík municipality,Number of seats,0.0
1998,Local goverment,Húsavík municipality,Proportion of seats held by women,0.0
1998,Local goverment,Húsavík municipality,Seats held by women,0.0
1998,Local goverment,Húsavík municipality,Number of seats,0.0
2000,Local goverment,Húsavík municipality,Proportion of seats held by women,0.0
2000,Local goverment,Húsavík municipality,Seats held by women,0.0
2000,Local goverment,Húsavík municipality,Number of seats,0.0
2002,Local goverment,Húsavík municipality,Proportion of seats held by women,0.0
2002,Local goverment,Húsavík municipality,Seats held by women,0.0
2002,Local goverment,Húsavík municipality,Number of seats,0.0
2004,Local goverment,Húsavík municipality,Proportion of seats held by women,0.0
2004,Local goverment,Húsavík municipality,Seats held by women,0.0
2004,Local goverment,Húsavík municipality,Number of seats,0.0
2008,Local goverment,Húsavík municipality,Proportion of seats held by women,0.0
2008,Local goverment,Húsavík municipality,Seats held by women,0.0
2008,Local goverment,Húsavík municipality,Number of seats,0.0
2011,Local goverment,Húsavík municipality,Proportion of seats held by women,0.0
2011,Local goverment,Húsavík municipality,Seats held by women,0.0
2011,Local goverment,Húsavík municipality,Number of seats,0.0
2012,Local goverment,Húsavík municipality,Proportion of seats held by women,0.0
2012,Local goverment,Húsavík municipality,Seats held by women,0.0
2012,Local goverment,Húsavík municipality,Number of seats,0.0
2015,Local goverment,Húsavík municipality,Proportion of seats held by women,0.0
2015,Local goverment,Húsavík municipality,Seats held by women,0.0
2015,Local goverment,Húsavík municipality,Number of seats,0.0
2016,Local goverment,Húsavík municipality,Proportion of seats held by women,0.0
2016,Local goverment,Húsavík municipality,Seats held by women,0.0
2016,Local goverment,Húsavík municipality,Number of seats,0.0
2019,Local goverment,Húsavík municipality,Proportion of seats held by women,0.0
2019,Local goverment,Húsavík municipality,Seats held by women,0.0
2019,Local goverment,Húsavík municipality,Number of seats,0.0
2020,Local goverment,Húsavík municipality,Proportion of seats held by women,0.0
2020,Local goverment,Húsavík municipality,Seats held by women,0.0
2020,Local goverment,Húsavík municipality,Number of seats,0.0
2022,Local goverment,Húsavík municipality,Proportion of seats held by women,0.0
2022,Local goverment,Húsavík municipality,Seats held by women,0.0
2022,Local goverment,Húsavík municipality,Number of seats,0.0
2024,Local goverment,Húsavík municipality,Proportion of seats held by women,0.0
2024,Local goverment,Húsavík municipality,Seats held by women,0.0
2024,Local goverment,Húsavík municipality,Number of seats,0.0
1984,Local goverment,Hvalba municipality,Proportion of seats held by women,0.0
1984,Local goverment,Hvalba municipality,Seats held by women,0.0
1984,Local goverment,Hvalba municipality,Number of seats,0.0
1988,Local goverment,Hvalba municipality,Proportion of seats held by women,0.0
1988,Local goverment,Hvalba municipality,Seats held by women,0.0
1988,Local goverment,Hvalba municipality,Number of seats,0.0
1990,Local goverment,Hvalba municipality,Proportion of seats held by women,0.0
1990,Local goverment,Hvalba municipality,Seats held by women,0.0
1990,Local goverment,Hvalba municipality,Number of seats,0.0
1992,Local goverment,Hvalba municipality,Proportion of seats held by women,0.0
1992,Local goverment,Hvalba municipality,Seats held by women,0.0
1992,Local goverment,Hvalba municipality,Number of seats,0.0
1994,Local goverment,Hvalba municipality,Proportion of seats held by women,0.0
1994,Local goverment,Hvalba municipality,Seats held by women,0.0
1994,Local goverment,Hvalba municipality,Number of seats,0.0
1996,Local goverment,Hvalba municipality,Proportion of seats held by women,0.0
1996,Local goverment,Hvalba municipality,Seats held by women,0.0
1996,Local goverment,Hvalba municipality,Number of seats,0.0
1998,Local goverment,Hvalba municipality,Proportion of seats held by women,0.0
1998,Local goverment,Hvalba municipality,Seats held by women,0.0
1998,Local goverment,Hvalba municipality,Number of seats,0.0
2000,Local goverment,Hvalba municipality,Proportion of seats held by women,0.0
2000,Local goverment,Hvalba municipality,Seats held by women,0.0
2000,Local goverment,Hvalba municipality,Number of seats,0.0
2002,Local goverment,Hvalba municipality,Proportion of seats held by women,0.0
2002,Local goverment,Hvalba municipality,Seats held by women,0.0
2002,Local goverment,Hvalba municipality,Number of seats,0.0
2004,Local goverment,Hvalba municipality,Proportion of seats held by women,0.0
2004,Local goverment,Hvalba municipality,Seats held by women,0.0
2004,Local goverment,Hvalba municipality,Number of seats,0.0
2008,Local goverment,Hvalba municipality,Proportion of seats held by women,0.0
2008,Local goverment,Hvalba municipality,Seats held by women,0.0
2008,Local goverment,Hvalba municipality,Number of seats,0.0
2011,Local goverment,Hvalba municipality,Proportion of seats held by women,0.0
2011,Local goverment,Hvalba municipality,Seats held by women,0.0
2011,Local goverment,Hvalba municipality,Number of seats,0.0
2012,Local goverment,Hvalba municipality,Proportion of seats held by women,0.0
2012,Local goverment,Hvalba municipality,Seats held by women,0.0
2012,Local goverment,Hvalba municipality,Number of seats,0.0
2015,Local goverment,Hvalba municipality,Proportion of seats held by women,0.0
2015,Local goverment,Hvalba municipality,Seats held by women,0.0
2015,Local goverment,Hvalba municipality,Number of seats,0.0
2016,Local goverment,Hvalba municipality,Proportion of seats held by women,0.0
2016,Local goverment,Hvalba municipality,Seats held by women,0.0
2016,Local goverment,Hvalba municipality,Number of seats,0.0
2019,Local goverment,Hvalba municipality,Proportion of seats held by women,0.0
2019,Local goverment,Hvalba municipality,Seats held by women,0.0
2019,Local goverment,Hvalba municipality,Number of seats,0.0
2020,Local goverment,Hvalba municipality,Proportion of seats held by women,0.0
2020,Local goverment,Hvalba municipality,Seats held by women,0.0
2020,Local goverment,Hvalba municipality,Number of seats,0.0
2022,Local goverment,Hvalba municipality,Proportion of seats held by women,0.0
2022,Local goverment,Hvalba municipality,Seats held by women,0.0
2022,Local goverment,Hvalba municipality,Number of seats,0.0
2024,Local goverment,Hvalba municipality,Proportion of seats held by women,0.0
2024,Local goverment,Hvalba municipality,Seats held by women,0.0
2024,Local goverment,Hvalba municipality,Number of seats,0.0
1984,Local goverment,Hvalvík municipality,Proportion of seats held by women,0.0
1984,Local goverment,Hvalvík municipality,Seats held by women,0.0
1984,Local goverment,Hvalvík municipality,Number of seats,0.0
1988,Local goverment,Hvalvík municipality,Proportion of seats held by women,0.0
1988,Local goverment,Hvalvík municipality,Seats held by women,0.0
1988,Local goverment,Hvalvík municipality,Number of seats,0.0
1990,Local goverment,Hvalvík municipality,Proportion of seats held by women,0.0
1990,Local goverment,Hvalvík municipality,Seats held by women,0.0
1990,Local goverment,Hvalvík municipality,Number of seats,0.0
1992,Local goverment,Hvalvík municipality,Proportion of seats held by women,0.0
1992,Local goverment,Hvalvík municipality,Seats held by women,0.0
1992,Local goverment,Hvalvík municipality,Number of seats,0.0
1994,Local goverment,Hvalvík municipality,Proportion of seats held by women,0.0
1994,Local goverment,Hvalvík municipality,Seats held by women,0.0
1994,Local goverment,Hvalvík municipality,Number of seats,0.0
1996,Local goverment,Hvalvík municipality,Proportion of seats held by women,0.0
1996,Local goverment,Hvalvík municipality,Seats held by women,0.0
1996,Local goverment,Hvalvík municipality,Number of seats,0.0
1998,Local goverment,Hvalvík municipality,Proportion of seats held by women,0.0
1998,Local goverment,Hvalvík municipality,Seats held by women,0.0
1998,Local goverment,Hvalvík municipality,Number of seats,0.0
2000,Local goverment,Hvalvík municipality,Proportion of seats held by women,0.0
2000,Local goverment,Hvalvík municipality,Seats held by women,0.0
2000,Local goverment,Hvalvík municipality,Number of seats,0.0
2002,Local goverment,Hvalvík municipality,Proportion of seats held by women,0.0
2002,Local goverment,Hvalvík municipality,Seats held by women,0.0
2002,Local goverment,Hvalvík municipality,Number of seats,0.0
2004,Local goverment,Hvalvík municipality,Proportion of seats held by women,0.0
2004,Local goverment,Hvalvík municipality,Seats held by women,0.0
2004,Local goverment,Hvalvík municipality,Number of seats,0.0
2008,Local goverment,Hvalvík municipality,Proportion of seats held by women,0.0
2008,Local goverment,Hvalvík municipality,Seats held by women,0.0
2008,Local goverment,Hvalvík municipality,Number of seats,0.0
2011,Local goverment,Hvalvík municipality,Proportion of seats held by women,0.0
2011,Local goverment,Hvalvík municipality,Seats held by women,0.0
2011,Local goverment,Hvalvík municipality,Number of seats,0.0
2012,Local goverment,Hvalvík municipality,Proportion of seats held by women,0.0
2012,Local goverment,Hvalvík municipality,Seats held by women,0.0
2012,Local goverment,Hvalvík municipality,Number of seats,0.0
2015,Local goverment,Hvalvík municipality,Proportion of seats held by women,0.0
2015,Local goverment,Hvalvík municipality,Seats held by women,0.0
2015,Local goverment,Hvalvík municipality,Number of seats,0.0
2016,Local goverment,Hvalvík municipality,Proportion of seats held by women,0.0
2016,Local goverment,Hvalvík municipality,Seats held by women,0.0
2016,Local goverment,Hvalvík municipality,Number of seats,0.0
2019,Local goverment,Hvalvík municipality,Proportion of seats held by women,0.0
2019,Local goverment,Hvalvík municipality,Seats held by women,0.0
2019,Local goverment,Hvalvík municipality,Number of seats,0.0
2020,Local goverment,Hvalvík municipality,Proportion of seats held by women,0.0
2020,Local goverment,Hvalvík municipality,Seats held by women,0.0
2020,Local goverment,Hvalvík municipality,Number of seats,0.0
2022,Local goverment,Hvalvík municipality,Proportion of seats held by women,0.0
2022,Local goverment,Hvalvík municipality,Seats held by women,0.0
2022,Local goverment,Hvalvík municipality,Number of seats,0.0
2024,Local goverment,Hvalvík municipality,Proportion of seats held by women,0.0
2024,Local goverment,Hvalvík municipality,Seats held by women,0.0
2024,Local goverment,Hvalvík municipality,Number of seats,0.0
1984,Local goverment,Hvannasund municipality,Proportion of seats held by women,0.0
1984,Local goverment,Hvannasund municipality,Seats held by women,0.0
1984,Local goverment,Hvannasund municipality,Number of seats,0.0
1988,Local goverment,Hvannasund municipality,Proportion of seats held by women,0.0
1988,Local goverment,Hvannasund municipality,Seats held by women,0.0
1988,Local goverment,Hvannasund municipality,Number of seats,0.0
1990,Local goverment,Hvannasund municipality,Proportion of seats held by women,0.0
1990,Local goverment,Hvannasund municipality,Seats held by women,0.0
1990,Local goverment,Hvannasund municipality,Number of seats,0.0
1992,Local goverment,Hvannasund municipality,Proportion of seats held by women,0.0
1992,Local goverment,Hvannasund municipality,Seats held by women,0.0
1992,Local goverment,Hvannasund municipality,Number of seats,0.0
1994,Local goverment,Hvannasund municipality,Proportion of seats held by women,0.0
1994,Local goverment,Hvannasund municipality,Seats held by women,0.0
1994,Local goverment,Hvannasund municipality,Number of seats,0.0
1996,Local goverment,Hvannasund municipality,Proportion of seats held by women,0.0
1996,Local goverment,Hvannasund municipality,Seats held by women,0.0
1996,Local goverment,Hvannasund municipality,Number of seats,0.0
1998,Local goverment,Hvannasund municipality,Proportion of seats held by women,0.0
1998,Local goverment,Hvannasund municipality,Seats held by women,0.0
1998,Local goverment,Hvannasund municipality,Number of seats,0.0
2000,Local goverment,Hvannasund municipality,Proportion of seats held by women,0.0
2000,Local goverment,Hvannasund municipality,Seats held by women,0.0
2000,Local goverment,Hvannasund municipality,Number of seats,0.0
2002,Local goverment,Hvannasund municipality,Proportion of seats held by women,0.0
2002,Local goverment,Hvannasund municipality,Seats held by women,0.0
2002,Local goverment,Hvannasund municipality,Number of seats,0.0
2004,Local goverment,Hvannasund municipality,Proportion of seats held by women,0.0
2004,Local goverment,Hvannasund municipality,Seats held by women,0.0
2004,Local goverment,Hvannasund municipality,Number of seats,0.0
2008,Local goverment,Hvannasund municipality,Proportion of seats held by women,0.0
2008,Local goverment,Hvannasund municipality,Seats held by women,0.0
2008,Local goverment,Hvannasund municipality,Number of seats,0.0
2011,Local goverment,Hvannasund municipality,Proportion of seats held by women,0.0
2011,Local goverment,Hvannasund municipality,Seats held by women,0.0
2011,Local goverment,Hvannasund municipality,Number of seats,0.0
2012,Local goverment,Hvannasund municipality,Proportion of seats held by women,0.0
2012,Local goverment,Hvannasund municipality,Seats held by women,0.0
2012,Local goverment,Hvannasund municipality,Number of seats,0.0
2015,Local goverment,Hvannasund municipality,Proportion of seats held by women,0.0
2015,Local goverment,Hvannasund municipality,Seats held by women,0.0
2015,Local goverment,Hvannasund municipality,Number of seats,0.0
2016,Local goverment,Hvannasund municipality,Proportion of seats held by women,0.0
2016,Local goverment,Hvannasund municipality,Seats held by women,0.0
2016,Local goverment,Hvannasund municipality,Number of seats,0.0
2019,Local goverment,Hvannasund municipality,Proportion of seats held by women,0.0
2019,Local goverment,Hvannasund municipality,Seats held by women,0.0
2019,Local goverment,Hvannasund municipality,Number of seats,0.0
2020,Local goverment,Hvannasund municipality,Proportion of seats held by women,0.0
2020,Local goverment,Hvannasund municipality,Seats held by women,0.0
2020,Local goverment,Hvannasund municipality,Number of seats,0.0
2022,Local goverment,Hvannasund municipality,Proportion of seats held by women,0.0
2022,Local goverment,Hvannasund municipality,Seats held by women,0.0
2022,Local goverment,Hvannasund municipality,Number of seats,0.0
2024,Local goverment,Hvannasund municipality,Proportion of seats held by women,0.0
2024,Local goverment,Hvannasund municipality,Seats held by women,0.0
2024,Local goverment,Hvannasund municipality,Number of seats,0.0
1984,Local goverment,Kirkjubøur municipality,Proportion of seats held by women,0.0
1984,Local goverment,Kirkjubøur municipality,Seats held by women,0.0
1984,Local goverment,Kirkjubøur municipality,Number of seats,0.0
1988,Local goverment,Kirkjubøur municipality,Proportion of seats held by women,0.0
1988,Local goverment,Kirkjubøur municipality,Seats held by women,0.0
1988,Local goverment,Kirkjubøur municipality,Number of seats,0.0
1990,Local goverment,Kirkjubøur municipality,Proportion of seats held by women,0.0
1990,Local goverment,Kirkjubøur municipality,Seats held by women,0.0
1990,Local goverment,Kirkjubøur municipality,Number of seats,0.0
1992,Local goverment,Kirkjubøur municipality,Proportion of seats held by women,0.0
1992,Local goverment,Kirkjubøur municipality,Seats held by women,0.0
1992,Local goverment,Kirkjubøur municipality,Number of seats,0.0
1994,Local goverment,Kirkjubøur municipality,Proportion of seats held by women,0.0
1994,Local goverment,Kirkjubøur municipality,Seats held by women,0.0
1994,Local goverment,Kirkjubøur municipality,Number of seats,0.0
1996,Local goverment,Kirkjubøur municipality,Proportion of seats held by women,0.0
1996,Local goverment,Kirkjubøur municipality,Seats held by women,0.0
1996,Local goverment,Kirkjubøur municipality,Number of seats,0.0
1998,Local goverment,Kirkjubøur municipality,Proportion of seats held by women,0.0
1998,Local goverment,Kirkjubøur municipality,Seats held by women,0.0
1998,Local goverment,Kirkjubøur municipality,Number of seats,0.0
2000,Local goverment,Kirkjubøur municipality,Proportion of seats held by women,0.0
2000,Local goverment,Kirkjubøur municipality,Seats held by women,0.0
2000,Local goverment,Kirkjubøur municipality,Number of seats,0.0
2002,Local goverment,Kirkjubøur municipality,Proportion of seats held by women,0.0
2002,Local goverment,Kirkjubøur municipality,Seats held by women,0.0
2002,Local goverment,Kirkjubøur municipality,Number of seats,0.0
2004,Local goverment,Kirkjubøur municipality,Proportion of seats held by women,0.0
2004,Local goverment,Kirkjubøur municipality,Seats held by women,0.0
2004,Local goverment,Kirkjubøur municipality,Number of seats,0.0
2008,Local goverment,Kirkjubøur municipality,Proportion of seats held by women,0.0
2008,Local goverment,Kirkjubøur municipality,Seats held by women,0.0
2008,Local goverment,Kirkjubøur municipality,Number of seats,0.0
2011,Local goverment,Kirkjubøur municipality,Proportion of seats held by women,0.0
2011,Local goverment,Kirkjubøur municipality,Seats held by women,0.0
2011,Local goverment,Kirkjubøur municipality,Number of seats,0.0
2012,Local goverment,Kirkjubøur municipality,Proportion of seats held by women,0.0
2012,Local goverment,Kirkjubøur municipality,Seats held by women,0.0
2012,Local goverment,Kirkjubøur municipality,Number of seats,0.0
2015,Local goverment,Kirkjubøur municipality,Proportion of seats held by women,0.0
2015,Local goverment,Kirkjubøur municipality,Seats held by women,0.0
2015,Local goverment,Kirkjubøur municipality,Number of seats,0.0
2016,Local goverment,Kirkjubøur municipality,Proportion of seats held by women,0.0
2016,Local goverment,Kirkjubøur municipality,Seats held by women,0.0
2016,Local goverment,Kirkjubøur municipality,Number of seats,0.0
2019,Local goverment,Kirkjubøur municipality,Proportion of seats held by women,0.0
2019,Local goverment,Kirkjubøur municipality,Seats held by women,0.0
2019,Local goverment,Kirkjubøur municipality,Number of seats,0.0
2020,Local goverment,Kirkjubøur municipality,Proportion of seats held by women,0.0
2020,Local goverment,Kirkjubøur municipality,Seats held by women,0.0
2020,Local goverment,Kirkjubøur municipality,Number of seats,0.0
2022,Local goverment,Kirkjubøur municipality,Proportion of seats held by women,0.0
2022,Local goverment,Kirkjubøur municipality,Seats held by women,0.0
2022,Local goverment,Kirkjubøur municipality,Number of seats,0.0
2024,Local goverment,Kirkjubøur municipality,Proportion of seats held by women,0.0
2024,Local goverment,Kirkjubøur municipality,Seats held by women,0.0
2024,Local goverment,Kirkjubøur municipality,Number of seats,0.0
1984,Local goverment,Klaksvík municipality,Proportion of seats held by women,0.0
1984,Local goverment,Klaksvík municipality,Seats held by women,0.0
1984,Local goverment,Klaksvík municipality,Number of seats,0.0
1988,Local goverment,Klaksvík municipality,Proportion of seats held by women,0.0
1988,Local goverment,Klaksvík municipality,Seats held by women,0.0
1988,Local goverment,Klaksvík municipality,Number of seats,0.0
1990,Local goverment,Klaksvík municipality,Proportion of seats held by women,0.0
1990,Local goverment,Klaksvík municipality,Seats held by women,0.0
1990,Local goverment,Klaksvík municipality,Number of seats,0.0
1992,Local goverment,Klaksvík municipality,Proportion of seats held by women,0.0
1992,Local goverment,Klaksvík municipality,Seats held by women,0.0
1992,Local goverment,Klaksvík municipality,Number of seats,0.0
1994,Local goverment,Klaksvík municipality,Proportion of seats held by women,0.0
1994,Local goverment,Klaksvík municipality,Seats held by women,0.0
1994,Local goverment,Klaksvík municipality,Number of seats,0.0
1996,Local goverment,Klaksvík municipality,Proportion of seats held by women,0.0
1996,Local goverment,Klaksvík municipality,Seats held by women,0.0
1996,Local goverment,Klaksvík municipality,Number of seats,0.0
1998,Local goverment,Klaksvík municipality,Proportion of seats held by women,0.0
1998,Local goverment,Klaksvík municipality,Seats held by women,0.0
1998,Local goverment,Klaksvík municipality,Number of seats,0.0
2000,Local goverment,Klaksvík municipality,Proportion of seats held by women,0.0
2000,Local goverment,Klaksvík municipality,Seats held by women,0.0
2000,Local goverment,Klaksvík municipality,Number of seats,0.0
2002,Local goverment,Klaksvík municipality,Proportion of seats held by women,0.0
2002,Local goverment,Klaksvík municipality,Seats held by women,0.0
2002,Local goverment,Klaksvík municipality,Number of seats,0.0
2004,Local goverment,Klaksvík municipality,Proportion of seats held by women,0.0
2004,Local goverment,Klaksvík municipality,Seats held by women,0.0
2004,Local goverment,Klaksvík municipality,Number of seats,0.0
2008,Local goverment,Klaksvík municipality,Proportion of seats held by women,0.0
2008,Local goverment,Klaksvík municipality,Seats held by women,0.0
2008,Local goverment,Klaksvík municipality,Number of seats,0.0
2011,Local goverment,Klaksvík municipality,Proportion of seats held by women,0.0
2011,Local goverment,Klaksvík municipality,Seats held by women,0.0
2011,Local goverment,Klaksvík municipality,Number of seats,0.0
2012,Local goverment,Klaksvík municipality,Proportion of seats held by women,0.0
2012,Local goverment,Klaksvík municipality,Seats held by women,0.0
2012,Local goverment,Klaksvík municipality,Number of seats,0.0
2015,Local goverment,Klaksvík municipality,Proportion of seats held by women,0.0
2015,Local goverment,Klaksvík municipality,Seats held by women,0.0
2015,Local goverment,Klaksvík municipality,Number of seats,0.0
2016,Local goverment,Klaksvík municipality,Proportion of seats held by women,0.0
2016,Local goverment,Klaksvík municipality,Seats held by women,0.0
2016,Local goverment,Klaksvík municipality,Number of seats,0.0
2019,Local goverment,Klaksvík municipality,Proportion of seats held by women,0.0
2019,Local goverment,Klaksvík municipality,Seats held by women,0.0
2019,Local goverment,Klaksvík municipality,Number of seats,0.0
2020,Local goverment,Klaksvík municipality,Proportion of seats held by women,0.0
2020,Local goverment,Klaksvík municipality,Seats held by women,0.0
2020,Local goverment,Klaksvík municipality,Number of seats,0.0
2022,Local goverment,Klaksvík municipality,Proportion of seats held by women,0.0
2022,Local goverment,Klaksvík municipality,Seats held by women,0.0
2022,Local goverment,Klaksvík municipality,Number of seats,0.0
2024,Local goverment,Klaksvík municipality,Proportion of seats held by women,0.0
2024,Local goverment,Klaksvík municipality,Seats held by women,0.0
2024,Local goverment,Klaksvík municipality,Number of seats,0.0
1984,Local goverment,Kollafjørður municipality,Proportion of seats held by women,0.0
1984,Local goverment,Kollafjørður municipality,Seats held by women,0.0
1984,Local goverment,Kollafjørður municipality,Number of seats,0.0
1988,Local goverment,Kollafjørður municipality,Proportion of seats held by women,0.0
1988,Local goverment,Kollafjørður municipality,Seats held by women,0.0
1988,Local goverment,Kollafjørður municipality,Number of seats,0.0
1990,Local goverment,Kollafjørður municipality,Proportion of seats held by women,0.0
1990,Local goverment,Kollafjørður municipality,Seats held by women,0.0
1990,Local goverment,Kollafjørður municipality,Number of seats,0.0
1992,Local goverment,Kollafjørður municipality,Proportion of seats held by women,0.0
1992,Local goverment,Kollafjørður municipality,Seats held by women,0.0
1992,Local goverment,Kollafjørður municipality,Number of seats,0.0
1994,Local goverment,Kollafjørður municipality,Proportion of seats held by women,0.0
1994,Local goverment,Kollafjørður municipality,Seats held by women,0.0
1994,Local goverment,Kollafjørður municipality,Number of seats,0.0
1996,Local goverment,Kollafjørður municipality,Proportion of seats held by women,0.0
1996,Local goverment,Kollafjørður municipality,Seats held by women,0.0
1996,Local goverment,Kollafjørður municipality,Number of seats,0.0
1998,Local goverment,Kollafjørður municipality,Proportion of seats held by women,0.0
1998,Local goverment,Kollafjørður municipality,Seats held by women,0.0
1998,Local goverment,Kollafjørður municipality,Number of seats,0.0
2000,Local goverment,Kollafjørður municipality,Proportion of seats held by women,0.0
2000,Local goverment,Kollafjørður municipality,Seats held by women,0.0
2000,Local goverment,Kollafjørður municipality,Number of seats,0.0
2002,Local goverment,Kollafjørður municipality,Proportion of seats held by women,0.0
2002,Local goverment,Kollafjørður municipality,Seats held by women,0.0
2002,Local goverment,Kollafjørður municipality,Number of seats,0.0
2004,Local goverment,Kollafjørður municipality,Proportion of seats held by women,0.0
2004,Local goverment,Kollafjørður municipality,Seats held by women,0.0
2004,Local goverment,Kollafjørður municipality,Number of seats,0.0
2008,Local goverment,Kollafjørður municipality,Proportion of seats held by women,0.0
2008,Local goverment,Kollafjørður municipality,Seats held by women,0.0
2008,Local goverment,Kollafjørður municipality,Number of seats,0.0
2011,Local goverment,Kollafjørður municipality,Proportion of seats held by women,0.0
2011,Local goverment,Kollafjørður municipality,Seats held by women,0.0
2011,Local goverment,Kollafjørður municipality,Number of seats,0.0
2012,Local goverment,Kollafjørður municipality,Proportion of seats held by women,0.0
2012,Local goverment,Kollafjørður municipality,Seats held by women,0.0
2012,Local goverment,Kollafjørður municipality,Number of seats,0.0
2015,Local goverment,Kollafjørður municipality,Proportion of seats held by women,0.0
2015,Local goverment,Kollafjørður municipality,Seats held by women,0.0
2015,Local goverment,Kollafjørður municipality,Number of seats,0.0
2016,Local goverment,Kollafjørður municipality,Proportion of seats held by women,0.0
2016,Local goverment,Kollafjørður municipality,Seats held by women,0.0
2016,Local goverment,Kollafjørður municipality,Number of seats,0.0
2019,Local goverment,Kollafjørður municipality,Proportion of seats held by women,0.0
2019,Local goverment,Kollafjørður municipality,Seats held by women,0.0
2019,Local goverment,Kollafjørður municipality,Number of seats,0.0
2020,Local goverment,Kollafjørður municipality,Proportion of seats held by women,0.0
2020,Local goverment,Kollafjørður municipality,Seats held by women,0.0
2020,Local goverment,Kollafjørður municipality,Number of seats,0.0
2022,Local goverment,Kollafjørður municipality,Proportion of seats held by women,0.0
2022,Local goverment,Kollafjørður municipality,Seats held by women,0.0
2022,Local goverment,Kollafjørður municipality,Number of seats,0.0
2024,Local goverment,Kollafjørður municipality,Proportion of seats held by women,0.0
2024,Local goverment,Kollafjørður municipality,Seats held by women,0.0
2024,Local goverment,Kollafjørður municipality,Number of seats,0.0
1984,Local goverment,Kunoy municipality,Proportion of seats held by women,0.0
1984,Local goverment,Kunoy municipality,Seats held by women,0.0
1984,Local goverment,Kunoy municipality,Number of seats,0.0
1988,Local goverment,Kunoy municipality,Proportion of seats held by women,0.0
1988,Local goverment,Kunoy municipality,Seats held by women,0.0
1988,Local goverment,Kunoy municipality,Number of seats,0.0
1990,Local goverment,Kunoy municipality,Proportion of seats held by women,0.0
1990,Local goverment,Kunoy municipality,Seats held by women,0.0
1990,Local goverment,Kunoy municipality,Number of seats,0.0
1992,Local goverment,Kunoy municipality,Proportion of seats held by women,0.0
1992,Local goverment,Kunoy municipality,Seats held by women,0.0
1992,Local goverment,Kunoy municipality,Number of seats,0.0
1994,Local goverment,Kunoy municipality,Proportion of seats held by women,0.0
1994,Local goverment,Kunoy municipality,Seats held by women,0.0
1994,Local goverment,Kunoy municipality,Number of seats,0.0
1996,Local goverment,Kunoy municipality,Proportion of seats held by women,0.0
1996,Local goverment,Kunoy municipality,Seats held by women,0.0
1996,Local goverment,Kunoy municipality,Number of seats,0.0
1998,Local goverment,Kunoy municipality,Proportion of seats held by women,0.0
1998,Local goverment,Kunoy municipality,Seats held by women,0.0
1998,Local goverment,Kunoy municipality,Number of seats,0.0
2000,Local goverment,Kunoy municipality,Proportion of seats held by women,0.0
2000,Local goverment,Kunoy municipality,Seats held by women,0.0
2000,Local goverment,Kunoy municipality,Number of seats,0.0
2002,Local goverment,Kunoy municipality,Proportion of seats held by women,0.0
2002,Local goverment,Kunoy municipality,Seats held by women,0.0
2002,Local goverment,Kunoy municipality,Number of seats,0.0
2004,Local goverment,Kunoy municipality,Proportion of seats held by women,0.0
2004,Local goverment,Kunoy municipality,Seats held by women,0.0
2004,Local goverment,Kunoy municipality,Number of seats,0.0
2008,Local goverment,Kunoy municipality,Proportion of seats held by women,0.0
2008,Local goverment,Kunoy municipality,Seats held by women,0.0
2008,Local goverment,Kunoy municipality,Number of seats,0.0
2011,Local goverment,Kunoy municipality,Proportion of seats held by women,0.0
2011,Local goverment,Kunoy municipality,Seats held by women,0.0
2011,Local goverment,Kunoy municipality,Number of seats,0.0
2012,Local goverment,Kunoy municipality,Proportion of seats held by women,0.0
2012,Local goverment,Kunoy municipality,Seats held by women,0.0
2012,Local goverment,Kunoy municipality,Number of seats,0.0
2015,Local goverment,Kunoy municipality,Proportion of seats held by women,0.0
2015,Local goverment,Kunoy municipality,Seats held by women,0.0
2015,Local goverment,Kunoy municipality,Number of seats,0.0
2016,Local goverment,Kunoy municipality,Proportion of seats held by women,0.0
2016,Local goverment,Kunoy municipality,Seats held by women,0.0
2016,Local goverment,Kunoy municipality,Number of seats,0.0
2019,Local goverment,Kunoy municipality,Proportion of seats held by women,0.0
2019,Local goverment,Kunoy municipality,Seats held by women,0.0
2019,Local goverment,Kunoy municipality,Number of seats,0.0
2020,Local goverment,Kunoy municipality,Proportion of seats held by women,0.0
2020,Local goverment,Kunoy municipality,Seats held by women,0.0
2020,Local goverment,Kunoy municipality,Number of seats,0.0
2022,Local goverment,Kunoy municipality,Proportion of seats held by women,0.0
2022,Local goverment,Kunoy municipality,Seats held by women,0.0
2022,Local goverment,Kunoy municipality,Number of seats,0.0
2024,Local goverment,Kunoy municipality,Proportion of seats held by women,0.0
2024,Local goverment,Kunoy municipality,Seats held by women,0.0
2024,Local goverment,Kunoy municipality,Number of seats,0.0
1984,Local goverment,Kvívík municipality,Proportion of seats held by women,0.0
1984,Local goverment,Kvívík municipality,Seats held by women,0.0
1984,Local goverment,Kvívík municipality,Number of seats,0.0
1988,Local goverment,Kvívík municipality,Proportion of seats held by women,0.0
1988,Local goverment,Kvívík municipality,Seats held by women,0.0
1988,Local goverment,Kvívík municipality,Number of seats,0.0
1990,Local goverment,Kvívík municipality,Proportion of seats held by women,0.0
1990,Local goverment,Kvívík municipality,Seats held by women,0.0
1990,Local goverment,Kvívík municipality,Number of seats,0.0
1992,Local goverment,Kvívík municipality,Proportion of seats held by women,0.0
1992,Local goverment,Kvívík municipality,Seats held by women,0.0
1992,Local goverment,Kvívík municipality,Number of seats,0.0
1994,Local goverment,Kvívík municipality,Proportion of seats held by women,0.0
1994,Local goverment,Kvívík municipality,Seats held by women,0.0
1994,Local goverment,Kvívík municipality,Number of seats,0.0
1996,Local goverment,Kvívík municipality,Proportion of seats held by women,0.0
1996,Local goverment,Kvívík municipality,Seats held by women,0.0
1996,Local goverment,Kvívík municipality,Number of seats,0.0
1998,Local goverment,Kvívík municipality,Proportion of seats held by women,0.0
1998,Local goverment,Kvívík municipality,Seats held by women,0.0
1998,Local goverment,Kvívík municipality,Number of seats,0.0
2000,Local goverment,Kvívík municipality,Proportion of seats held by women,0.0
2000,Local goverment,Kvívík municipality,Seats held by women,0.0
2000,Local goverment,Kvívík municipality,Number of seats,0.0
2002,Local goverment,Kvívík municipality,Proportion of seats held by women,0.0
2002,Local goverment,Kvívík municipality,Seats held by women,0.0
2002,Local goverment,Kvívík municipality,Number of seats,0.0
2004,Local goverment,Kvívík municipality,Proportion of seats held by women,0.0
2004,Local goverment,Kvívík municipality,Seats held by women,0.0
2004,Local goverment,Kvívík municipality,Number of seats,0.0
2008,Local goverment,Kvívík municipality,Proportion of seats held by women,0.0
2008,Local goverment,Kvívík municipality,Seats held by women,0.0
2008,Local goverment,Kvívík municipality,Number of seats,0.0
2011,Local goverment,Kvívík municipality,Proportion of seats held by women,0.0
2011,Local goverment,Kvívík municipality,Seats held by women,0.0
2011,Local goverment,Kvívík municipality,Number of seats,0.0
2012,Local goverment,Kvívík municipality,Proportion of seats held by women,0.0
2012,Local goverment,Kvívík municipality,Seats held by women,0.0
2012,Local goverment,Kvívík municipality,Number of seats,0.0
2015,Local goverment,Kvívík municipality,Proportion of seats held by women,0.0
2015,Local goverment,Kvívík municipality,Seats held by women,0.0
2015,Local goverment,Kvívík municipality,Number of seats,0.0
2016,Local goverment,Kvívík municipality,Proportion of seats held by women,0.0
2016,Local goverment,Kvívík municipality,Seats held by women,0.0
2016,Local goverment,Kvívík municipality,Number of seats,0.0
2019,Local goverment,Kvívík municipality,Proportion of seats held by women,0.0
2019,Local goverment,Kvívík municipality,Seats held by women,0.0
2019,Local goverment,Kvívík municipality,Number of seats,0.0
2020,Local goverment,Kvívík municipality,Proportion of seats held by women,0.0
2020,Local goverment,Kvívík municipality,Seats held by women,0.0
2020,Local goverment,Kvívík municipality,Number of seats,0.0
2022,Local goverment,Kvívík municipality,Proportion of seats held by women,0.0
2022,Local goverment,Kvívík municipality,Seats held by women,0.0
2022,Local goverment,Kvívík municipality,Number of seats,0.0
2024,Local goverment,Kvívík municipality,Proportion of seats held by women,0.0
2024,Local goverment,Kvívík municipality,Seats held by women,0.0
2024,Local goverment,Kvívík municipality,Number of seats,0.0
1984,Local goverment,Leirvík municipality,Proportion of seats held by women,0.0
1984,Local goverment,Leirvík municipality,Seats held by women,0.0
1984,Local goverment,Leirvík municipality,Number of seats,0.0
1988,Local goverment,Leirvík municipality,Proportion of seats held by women,0.0
1988,Local goverment,Leirvík municipality,Seats held by women,0.0
1988,Local goverment,Leirvík municipality,Number of seats,0.0
1990,Local goverment,Leirvík municipality,Proportion of seats held by women,0.0
1990,Local goverment,Leirvík municipality,Seats held by women,0.0
1990,Local goverment,Leirvík municipality,Number of seats,0.0
1992,Local goverment,Leirvík municipality,Proportion of seats held by women,0.0
1992,Local goverment,Leirvík municipality,Seats held by women,0.0
1992,Local goverment,Leirvík municipality,Number of seats,0.0
1994,Local goverment,Leirvík municipality,Proportion of seats held by women,0.0
1994,Local goverment,Leirvík municipality,Seats held by women,0.0
1994,Local goverment,Leirvík municipality,Number of seats,0.0
1996,Local goverment,Leirvík municipality,Proportion of seats held by women,0.0
1996,Local goverment,Leirvík municipality,Seats held by women,0.0
1996,Local goverment,Leirvík municipality,Number of seats,0.0
1998,Local goverment,Leirvík municipality,Proportion of seats held by women,0.0
1998,Local goverment,Leirvík municipality,Seats held by women,0.0
1998,Local goverment,Leirvík municipality,Number of seats,0.0
2000,Local goverment,Leirvík municipality,Proportion of seats held by women,0.0
2000,Local goverment,Leirvík municipality,Seats held by women,0.0
2000,Local goverment,Leirvík municipality,Number of seats,0.0
2002,Local goverment,Leirvík municipality,Proportion of seats held by women,0.0
2002,Local goverment,Leirvík municipality,Seats held by women,0.0
2002,Local goverment,Leirvík municipality,Number of seats,0.0
2004,Local goverment,Leirvík municipality,Proportion of seats held by women,0.0
2004,Local goverment,Leirvík municipality,Seats held by women,0.0
2004,Local goverment,Leirvík municipality,Number of seats,0.0
2008,Local goverment,Leirvík municipality,Proportion of seats held by women,0.0
2008,Local goverment,Leirvík municipality,Seats held by women,0.0
2008,Local goverment,Leirvík municipality,Number of seats,0.0
2011,Local goverment,Leirvík municipality,Proportion of seats held by women,0.0
2011,Local goverment,Leirvík municipality,Seats held by women,0.0
2011,Local goverment,Leirvík municipality,Number of seats,0.0
2012,Local goverment,Leirvík municipality,Proportion of seats held by women,0.0
2012,Local goverment,Leirvík municipality,Seats held by women,0.0
2012,Local goverment,Leirvík municipality,Number of seats,0.0
2015,Local goverment,Leirvík municipality,Proportion of seats held by women,0.0
2015,Local goverment,Leirvík municipality,Seats held by women,0.0
2015,Local goverment,Leirvík municipality,Number of seats,0.0
2016,Local goverment,Leirvík municipality,Proportion of seats held by women,0.0
2016,Local goverment,Leirvík municipality,Seats held by women,0.0
2016,Local goverment,Leirvík municipality,Number of seats,0.0
2019,Local goverment,Leirvík municipality,Proportion of seats held by women,0.0
2019,Local goverment,Leirvík municipality,Seats held by women,0.0
2019,Local goverment,Leirvík municipality,Number of seats,0.0
2020,Local goverment,Leirvík municipality,Proportion of seats held by women,0.0
2020,Local goverment,Leirvík municipality,Seats held by women,0.0
2020,Local goverment,Leirvík municipality,Number of seats,0.0
2022,Local goverment,Leirvík municipality,Proportion of seats held by women,0.0
2022,Local goverment,Leirvík municipality,Seats held by women,0.0
2022,Local goverment,Leirvík municipality,Number of seats,0.0
2024,Local goverment,Leirvík municipality,Proportion of seats held by women,0.0
2024,Local goverment,Leirvík municipality,Seats held by women,0.0
2024,Local goverment,Leirvík municipality,Number of seats,0.0
1984,Local goverment,Miðvágur municipality,Proportion of seats held by women,0.0
1984,Local goverment,Miðvágur municipality,Seats held by women,0.0
1984,Local goverment,Miðvágur municipality,Number of seats,0.0
1988,Local goverment,Miðvágur municipality,Proportion of seats held by women,0.0
1988,Local goverment,Miðvágur municipality,Seats held by women,0.0
1988,Local goverment,Miðvágur municipality,Number of seats,0.0
1990,Local goverment,Miðvágur municipality,Proportion of seats held by women,0.0
1990,Local goverment,Miðvágur municipality,Seats held by women,0.0
1990,Local goverment,Miðvágur municipality,Number of seats,0.0
1992,Local goverment,Miðvágur municipality,Proportion of seats held by women,0.0
1992,Local goverment,Miðvágur municipality,Seats held by women,0.0
1992,Local goverment,Miðvágur municipality,Number of seats,0.0
1994,Local goverment,Miðvágur municipality,Proportion of seats held by women,0.0
1994,Local goverment,Miðvágur municipality,Seats held by women,0.0
1994,Local goverment,Miðvágur municipality,Number of seats,0.0
1996,Local goverment,Miðvágur municipality,Proportion of seats held by women,0.0
1996,Local goverment,Miðvágur municipality,Seats held by women,0.0
1996,Local goverment,Miðvágur municipality,Number of seats,0.0
1998,Local goverment,Miðvágur municipality,Proportion of seats held by women,0.0
1998,Local goverment,Miðvágur municipality,Seats held by women,0.0
1998,Local goverment,Miðvágur municipality,Number of seats,0.0
2000,Local goverment,Miðvágur municipality,Proportion of seats held by women,0.0
2000,Local goverment,Miðvágur municipality,Seats held by women,0.0
2000,Local goverment,Miðvágur municipality,Number of seats,0.0
2002,Local goverment,Miðvágur municipality,Proportion of seats held by women,0.0
2002,Local goverment,Miðvágur municipality,Seats held by women,0.0
2002,Local goverment,Miðvágur municipality,Number of seats,0.0
2004,Local goverment,Miðvágur municipality,Proportion of seats held by women,0.0
2004,Local goverment,Miðvágur municipality,Seats held by women,0.0
2004,Local goverment,Miðvágur municipality,Number of seats,0.0
2008,Local goverment,Miðvágur municipality,Proportion of seats held by women,0.0
2008,Local goverment,Miðvágur municipality,Seats held by women,0.0
2008,Local goverment,Miðvágur municipality,Number of seats,0.0
2011,Local goverment,Miðvágur municipality,Proportion of seats held by women,0.0
2011,Local goverment,Miðvágur municipality,Seats held by women,0.0
2011,Local goverment,Miðvágur municipality,Number of seats,0.0
2012,Local goverment,Miðvágur municipality,Proportion of seats held by women,0.0
2012,Local goverment,Miðvágur municipality,Seats held by women,0.0
2012,Local goverment,Miðvágur municipality,Number of seats,0.0
2015,Local goverment,Miðvágur municipality,Proportion of seats held by women,0.0
2015,Local goverment,Miðvágur municipality,Seats held by women,0.0
2015,Local goverment,Miðvágur municipality,Number of seats,0.0
2016,Local goverment,Miðvágur municipality,Proportion of seats held by women,0.0
2016,Local goverment,Miðvágur municipality,Seats held by women,0.0
2016,Local goverment,Miðvágur municipality,Number of seats,0.0
2019,Local goverment,Miðvágur municipality,Proportion of seats held by women,0.0
2019,Local goverment,Miðvágur municipality,Seats held by women,0.0
2019,Local goverment,Miðvágur municipality,Number of seats,0.0
2020,Local goverment,Miðvágur municipality,Proportion of seats held by women,0.0
2020,Local goverment,Miðvágur municipality,Seats held by women,0.0
2020,Local goverment,Miðvágur municipality,Number of seats,0.0
2022,Local goverment,Miðvágur municipality,Proportion of seats held by women,0.0
2022,Local goverment,Miðvágur municipality,Seats held by women,0.0
2022,Local goverment,Miðvágur municipality,Number of seats,0.0
2024,Local goverment,Miðvágur municipality,Proportion of seats held by women,0.0
2024,Local goverment,Miðvágur municipality,Seats held by women,0.0
2024,Local goverment,Miðvágur municipality,Number of seats,0.0
1984,Local goverment,Mikladalur municipality,Proportion of seats held by women,0.0
1984,Local goverment,Mikladalur municipality,Seats held by women,0.0
1984,Local goverment,Mikladalur municipality,Number of seats,0.0
1988,Local goverment,Mikladalur municipality,Proportion of seats held by women,0.0
1988,Local goverment,Mikladalur municipality,Seats held by women,0.0
1988,Local goverment,Mikladalur municipality,Number of seats,0.0
1990,Local goverment,Mikladalur municipality,Proportion of seats held by women,0.0
1990,Local goverment,Mikladalur municipality,Seats held by women,0.0
1990,Local goverment,Mikladalur municipality,Number of seats,0.0
1992,Local goverment,Mikladalur municipality,Proportion of seats held by women,0.0
1992,Local goverment,Mikladalur municipality,Seats held by women,0.0
1992,Local goverment,Mikladalur municipality,Number of seats,0.0
1994,Local goverment,Mikladalur municipality,Proportion of seats held by women,0.0
1994,Local goverment,Mikladalur municipality,Seats held by women,0.0
1994,Local goverment,Mikladalur municipality,Number of seats,0.0
1996,Local goverment,Mikladalur municipality,Proportion of seats held by women,0.0
1996,Local goverment,Mikladalur municipality,Seats held by women,0.0
1996,Local goverment,Mikladalur municipality,Number of seats,0.0
1998,Local goverment,Mikladalur municipality,Proportion of seats held by women,0.0
1998,Local goverment,Mikladalur municipality,Seats held by women,0.0
1998,Local goverment,Mikladalur municipality,Number of seats,0.0
2000,Local goverment,Mikladalur municipality,Proportion of seats held by women,0.0
2000,Local goverment,Mikladalur municipality,Seats held by women,0.0
2000,Local goverment,Mikladalur municipality,Number of seats,0.0
2002,Local goverment,Mikladalur municipality,Proportion of seats held by women,0.0
2002,Local goverment,Mikladalur municipality,Seats held by women,0.0
2002,Local goverment,Mikladalur municipality,Number of seats,0.0
2004,Local goverment,Mikladalur municipality,Proportion of seats held by women,0.0
2004,Local goverment,Mikladalur municipality,Seats held by women,0.0
2004,Local goverment,Mikladalur municipality,Number of seats,0.0
2008,Local goverment,Mikladalur municipality,Proportion of seats held by women,0.0
2008,Local goverment,Mikladalur municipality,Seats held by women,0.0
2008,Local goverment,Mikladalur municipality,Number of seats,0.0
2011,Local goverment,Mikladalur municipality,Proportion of seats held by women,0.0
2011,Local goverment,Mikladalur municipality,Seats held by women,0.0
2011,Local goverment,Mikladalur municipality,Number of seats,0.0
2012,Local goverment,Mikladalur municipality,Proportion of seats held by women,0.0
2012,Local goverment,Mikladalur municipality,Seats held by women,0.0
2012,Local goverment,Mikladalur municipality,Number of seats,0.0
2015,Local goverment,Mikladalur municipality,Proportion of seats held by women,0.0
2015,Local goverment,Mikladalur municipality,Seats held by women,0.0
2015,Local goverment,Mikladalur municipality,Number of seats,0.0
2016,Local goverment,Mikladalur municipality,Proportion of seats held by women,0.0
2016,Local goverment,Mikladalur municipality,Seats held by women,0.0
2016,Local goverment,Mikladalur municipality,Number of seats,0.0
2019,Local goverment,Mikladalur municipality,Proportion of seats held by women,0.0
2019,Local goverment,Mikladalur municipality,Seats held by women,0.0
2019,Local goverment,Mikladalur municipality,Number of seats,0.0
2020,Local goverment,Mikladalur municipality,Proportion of seats held by women,0.0
2020,Local goverment,Mikladalur municipality,Seats held by women,0.0
2020,Local goverment,Mikladalur municipality,Number of seats,0.0
2022,Local goverment,Mikladalur municipality,Proportion of seats held by women,0.0
2022,Local goverment,Mikladalur municipality,Seats held by women,0.0
2022,Local goverment,Mikladalur municipality,Number of seats,0.0
2024,Local goverment,Mikladalur municipality,Proportion of seats held by women,0.0
2024,Local goverment,Mikladalur municipality,Seats held by women,0.0
2024,Local goverment,Mikladalur municipality,Number of seats,0.0
1984,Local goverment,Mykines municipality,Proportion of seats held by women,0.0
1984,Local goverment,Mykines municipality,Seats held by women,0.0
1984,Local goverment,Mykines municipality,Number of seats,0.0
1988,Local goverment,Mykines municipality,Proportion of seats held by women,0.0
1988,Local goverment,Mykines municipality,Seats held by women,0.0
1988,Local goverment,Mykines municipality,Number of seats,0.0
1990,Local goverment,Mykines municipality,Proportion of seats held by women,0.0
1990,Local goverment,Mykines municipality,Seats held by women,0.0
1990,Local goverment,Mykines municipality,Number of seats,0.0
1992,Local goverment,Mykines municipality,Proportion of seats held by women,0.0
1992,Local goverment,Mykines municipality,Seats held by women,0.0
1992,Local goverment,Mykines municipality,Number of seats,0.0
1994,Local goverment,Mykines municipality,Proportion of seats held by women,0.0
1994,Local goverment,Mykines municipality,Seats held by women,0.0
1994,Local goverment,Mykines municipality,Number of seats,0.0
1996,Local goverment,Mykines municipality,Proportion of seats held by women,0.0
1996,Local goverment,Mykines municipality,Seats held by women,0.0
1996,Local goverment,Mykines municipality,Number of seats,0.0
1998,Local goverment,Mykines municipality,Proportion of seats held by women,0.0
1998,Local goverment,Mykines municipality,Seats held by women,0.0
1998,Local goverment,Mykines municipality,Number of seats,0.0
2000,Local goverment,Mykines municipality,Proportion of seats held by women,0.0
2000,Local goverment,Mykines municipality,Seats held by women,0.0
2000,Local goverment,Mykines municipality,Number of seats,0.0
2002,Local goverment,Mykines municipality,Proportion of seats held by women,0.0
2002,Local goverment,Mykines municipality,Seats held by women,0.0
2002,Local goverment,Mykines municipality,Number of seats,0.0
2004,Local goverment,Mykines municipality,Proportion of seats held by women,0.0
2004,Local goverment,Mykines municipality,Seats held by women,0.0
2004,Local goverment,Mykines municipality,Number of seats,0.0
2008,Local goverment,Mykines municipality,Proportion of seats held by women,0.0
2008,Local goverment,Mykines municipality,Seats held by women,0.0
2008,Local goverment,Mykines municipality,Number of seats,0.0
2011,Local goverment,Mykines municipality,Proportion of seats held by women,0.0
2011,Local goverment,Mykines municipality,Seats held by women,0.0
2011,Local goverment,Mykines municipality,Number of seats,0.0
2012,Local goverment,Mykines municipality,Proportion of seats held by women,0.0
2012,Local goverment,Mykines municipality,Seats held by women,0.0
2012,Local goverment,Mykines municipality,Number of seats,0.0
2015,Local goverment,Mykines municipality,Proportion of seats held by women,0.0
2015,Local goverment,Mykines municipality,Seats held by women,0.0
2015,Local goverment,Mykines municipality,Number of seats,0.0
2016,Local goverment,Mykines municipality,Proportion of seats held by women,0.0
2016,Local goverment,Mykines municipality,Seats held by women,0.0
2016,Local goverment,Mykines municipality,Number of seats,0.0
2019,Local goverment,Mykines municipality,Proportion of seats held by women,0.0
2019,Local goverment,Mykines municipality,Seats held by women,0.0
2019,Local goverment,Mykines municipality,Number of seats,0.0
2020,Local goverment,Mykines municipality,Proportion of seats held by women,0.0
2020,Local goverment,Mykines municipality,Seats held by women,0.0
2020,Local goverment,Mykines municipality,Number of seats,0.0
2022,Local goverment,Mykines municipality,Proportion of seats held by women,0.0
2022,Local goverment,Mykines municipality,Seats held by women,0.0
2022,Local goverment,Mykines municipality,Number of seats,0.0
2024,Local goverment,Mykines municipality,Proportion of seats held by women,0.0
2024,Local goverment,Mykines municipality,Seats held by women,0.0
2024,Local goverment,Mykines municipality,Number of seats,0.0
1984,Local goverment,Nes municipality,Proportion of seats held by women,0.0
1984,Local goverment,Nes municipality,Seats held by women,0.0
1984,Local goverment,Nes municipality,Number of seats,0.0
1988,Local goverment,Nes municipality,Proportion of seats held by women,0.0
1988,Local goverment,Nes municipality,Seats held by women,0.0
1988,Local goverment,Nes municipality,Number of seats,0.0
1990,Local goverment,Nes municipality,Proportion of seats held by women,0.0
1990,Local goverment,Nes municipality,Seats held by women,0.0
1990,Local goverment,Nes municipality,Number of seats,0.0
1992,Local goverment,Nes municipality,Proportion of seats held by women,0.0
1992,Local goverment,Nes municipality,Seats held by women,0.0
1992,Local goverment,Nes municipality,Number of seats,0.0
1994,Local goverment,Nes municipality,Proportion of seats held by women,0.0
1994,Local goverment,Nes municipality,Seats held by women,0.0
1994,Local goverment,Nes municipality,Number of seats,0.0
1996,Local goverment,Nes municipality,Proportion of seats held by women,0.0
1996,Local goverment,Nes municipality,Seats held by women,0.0
1996,Local goverment,Nes municipality,Number of seats,0.0
1998,Local goverment,Nes municipality,Proportion of seats held by women,0.0
1998,Local goverment,Nes municipality,Seats held by women,0.0
1998,Local goverment,Nes municipality,Number of seats,0.0
2000,Local goverment,Nes municipality,Proportion of seats held by women,0.0
2000,Local goverment,Nes municipality,Seats held by women,0.0
2000,Local goverment,Nes municipality,Number of seats,0.0
2002,Local goverment,Nes municipality,Proportion of seats held by women,0.0
2002,Local goverment,Nes municipality,Seats held by women,0.0
2002,Local goverment,Nes municipality,Number of seats,0.0
2004,Local goverment,Nes municipality,Proportion of seats held by women,0.0
2004,Local goverment,Nes municipality,Seats held by women,0.0
2004,Local goverment,Nes municipality,Number of seats,0.0
2008,Local goverment,Nes municipality,Proportion of seats held by women,0.0
2008,Local goverment,Nes municipality,Seats held by women,0.0
2008,Local goverment,Nes municipality,Number of seats,0.0
2011,Local goverment,Nes municipality,Proportion of seats held by women,0.0
2011,Local goverment,Nes municipality,Seats held by women,0.0
2011,Local goverment,Nes municipality,Number of seats,0.0
2012,Local goverment,Nes municipality,Proportion of seats held by women,0.0
2012,Local goverment,Nes municipality,Seats held by women,0.0
2012,Local goverment,Nes municipality,Number of seats,0.0
2015,Local goverment,Nes municipality,Proportion of seats held by women,0.0
2015,Local goverment,Nes municipality,Seats held by women,0.0
2015,Local goverment,Nes municipality,Number of seats,0.0
2016,Local goverment,Nes municipality,Proportion of seats held by women,0.0
2016,Local goverment,Nes municipality,Seats held by women,0.0
2016,Local goverment,Nes municipality,Number of seats,0.0
2019,Local goverment,Nes municipality,Proportion of seats held by women,0.0
2019,Local goverment,Nes municipality,Seats held by women,0.0
2019,Local goverment,Nes municipality,Number of seats,0.0
2020,Local goverment,Nes municipality,Proportion of seats held by women,0.0
2020,Local goverment,Nes municipality,Seats held by women,0.0
2020,Local goverment,Nes municipality,Number of seats,0.0
2022,Local goverment,Nes municipality,Proportion of seats held by women,0.0
2022,Local goverment,Nes municipality,Seats held by women,0.0
2022,Local goverment,Nes municipality,Number of seats,0.0
2024,Local goverment,Nes municipality,Proportion of seats held by women,0.0
2024,Local goverment,Nes municipality,Seats held by women,0.0
2024,Local goverment,Nes municipality,Number of seats,0.0
1984,Local goverment,Nólsoy municipality,Proportion of seats held by women,0.0
1984,Local goverment,Nólsoy municipality,Seats held by women,0.0
1984,Local goverment,Nólsoy municipality,Number of seats,0.0
1988,Local goverment,Nólsoy municipality,Proportion of seats held by women,0.0
1988,Local goverment,Nólsoy municipality,Seats held by women,0.0
1988,Local goverment,Nólsoy municipality,Number of seats,0.0
1990,Local goverment,Nólsoy municipality,Proportion of seats held by women,0.0
1990,Local goverment,Nólsoy municipality,Seats held by women,0.0
1990,Local goverment,Nólsoy municipality,Number of seats,0.0
1992,Local goverment,Nólsoy municipality,Proportion of seats held by women,0.0
1992,Local goverment,Nólsoy municipality,Seats held by women,0.0
1992,Local goverment,Nólsoy municipality,Number of seats,0.0
1994,Local goverment,Nólsoy municipality,Proportion of seats held by women,0.0
1994,Local goverment,Nólsoy municipality,Seats held by women,0.0
1994,Local goverment,Nólsoy municipality,Number of seats,0.0
1996,Local goverment,Nólsoy municipality,Proportion of seats held by women,0.0
1996,Local goverment,Nólsoy municipality,Seats held by women,0.0
1996,Local goverment,Nólsoy municipality,Number of seats,0.0
1998,Local goverment,Nólsoy municipality,Proportion of seats held by women,0.0
1998,Local goverment,Nólsoy municipality,Seats held by women,0.0
1998,Local goverment,Nólsoy municipality,Number of seats,0.0
2000,Local goverment,Nólsoy municipality,Proportion of seats held by women,0.0
2000,Local goverment,Nólsoy municipality,Seats held by women,0.0
2000,Local goverment,Nólsoy municipality,Number of seats,0.0
2002,Local goverment,Nólsoy municipality,Proportion of seats held by women,0.0
2002,Local goverment,Nólsoy municipality,Seats held by women,0.0
2002,Local goverment,Nólsoy municipality,Number of seats,0.0
2004,Local goverment,Nólsoy municipality,Proportion of seats held by women,0.0
2004,Local goverment,Nólsoy municipality,Seats held by women,0.0
2004,Local goverment,Nólsoy municipality,Number of seats,0.0
2008,Local goverment,Nólsoy municipality,Proportion of seats held by women,0.0
2008,Local goverment,Nólsoy municipality,Seats held by women,0.0
2008,Local goverment,Nólsoy municipality,Number of seats,0.0
2011,Local goverment,Nólsoy municipality,Proportion of seats held by women,0.0
2011,Local goverment,Nólsoy municipality,Seats held by women,0.0
2011,Local goverment,Nólsoy municipality,Number of seats,0.0
2012,Local goverment,Nólsoy municipality,Proportion of seats held by women,0.0
2012,Local goverment,Nólsoy municipality,Seats held by women,0.0
2012,Local goverment,Nólsoy municipality,Number of seats,0.0
2015,Local goverment,Nólsoy municipality,Proportion of seats held by women,0.0
2015,Local goverment,Nólsoy municipality,Seats held by women,0.0
2015,Local goverment,Nólsoy municipality,Number of seats,0.0
2016,Local goverment,Nólsoy municipality,Proportion of seats held by women,0.0
2016,Local goverment,Nólsoy municipality,Seats held by women,0.0
2016,Local goverment,Nólsoy municipality,Number of seats,0.0
2019,Local goverment,Nólsoy municipality,Proportion of seats held by women,0.0
2019,Local goverment,Nólsoy municipality,Seats held by women,0.0
2019,Local goverment,Nólsoy municipality,Number of seats,0.0
2020,Local goverment,Nólsoy municipality,Proportion of seats held by women,0.0
2020,Local goverment,Nólsoy municipality,Seats held by women,0.0
2020,Local goverment,Nólsoy municipality,Number of seats,0.0
2022,Local goverment,Nólsoy municipality,Proportion of seats held by women,0.0
2022,Local goverment,Nólsoy municipality,Seats held by women,0.0
2022,Local goverment,Nólsoy municipality,Number of seats,0.0
2024,Local goverment,Nólsoy municipality,Proportion of seats held by women,0.0
2024,Local goverment,Nólsoy municipality,Seats held by women,0.0
2024,Local goverment,Nólsoy municipality,Number of seats,0.0
1984,Local goverment,Oyndarfjørður municipality,Proportion of seats held by women,0.0
1984,Local goverment,Oyndarfjørður municipality,Seats held by women,0.0
1984,Local goverment,Oyndarfjørður municipality,Number of seats,0.0
1988,Local goverment,Oyndarfjørður municipality,Proportion of seats held by women,0.0
1988,Local goverment,Oyndarfjørður municipality,Seats held by women,0.0
1988,Local goverment,Oyndarfjørður municipality,Number of seats,0.0
1990,Local goverment,Oyndarfjørður municipality,Proportion of seats held by women,0.0
1990,Local goverment,Oyndarfjørður municipality,Seats held by women,0.0
1990,Local goverment,Oyndarfjørður municipality,Number of seats,0.0
1992,Local goverment,Oyndarfjørður municipality,Proportion of seats held by women,0.0
1992,Local goverment,Oyndarfjørður municipality,Seats held by women,0.0
1992,Local goverment,Oyndarfjørður municipality,Number of seats,0.0
1994,Local goverment,Oyndarfjørður municipality,Proportion of seats held by women,0.0
1994,Local goverment,Oyndarfjørður municipality,Seats held by women,0.0
1994,Local goverment,Oyndarfjørður municipality,Number of seats,0.0
1996,Local goverment,Oyndarfjørður municipality,Proportion of seats held by women,0.0
1996,Local goverment,Oyndarfjørður municipality,Seats held by women,0.0
1996,Local goverment,Oyndarfjørður municipality,Number of seats,0.0
1998,Local goverment,Oyndarfjørður municipality,Proportion of seats held by women,0.0
1998,Local goverment,Oyndarfjørður municipality,Seats held by women,0.0
1998,Local goverment,Oyndarfjørður municipality,Number of seats,0.0
2000,Local goverment,Oyndarfjørður municipality,Proportion of seats held by women,0.0
2000,Local goverment,Oyndarfjørður municipality,Seats held by women,0.0
2000,Local goverment,Oyndarfjørður municipality,Number of seats,0.0
2002,Local goverment,Oyndarfjørður municipality,Proportion of seats held by women,0.0
2002,Local goverment,Oyndarfjørður municipality,Seats held by women,0.0
2002,Local goverment,Oyndarfjørður municipality,Number of seats,0.0
2004,Local goverment,Oyndarfjørður municipality,Proportion of seats held by women,0.0
2004,Local goverment,Oyndarfjørður municipality,Seats held by women,0.0
2004,Local goverment,Oyndarfjørður municipality,Number of seats,0.0
2008,Local goverment,Oyndarfjørður municipality,Proportion of seats held by women,0.0
2008,Local goverment,Oyndarfjørður municipality,Seats held by women,0.0
2008,Local goverment,Oyndarfjørður municipality,Number of seats,0.0
2011,Local goverment,Oyndarfjørður municipality,Proportion of seats held by women,0.0
2011,Local goverment,Oyndarfjørður municipality,Seats held by women,0.0
2011,Local goverment,Oyndarfjørður municipality,Number of seats,0.0
2012,Local goverment,Oyndarfjørður municipality,Proportion of seats held by women,0.0
2012,Local goverment,Oyndarfjørður municipality,Seats held by women,0.0
2012,Local goverment,Oyndarfjørður municipality,Number of seats,0.0
2015,Local goverment,Oyndarfjørður municipality,Proportion of seats held by women,0.0
2015,Local goverment,Oyndarfjørður municipality,Seats held by women,0.0
2015,Local goverment,Oyndarfjørður municipality,Number of seats,0.0
2016,Local goverment,Oyndarfjørður municipality,Proportion of seats held by women,0.0
2016,Local goverment,Oyndarfjørður municipality,Seats held by women,0.0
2016,Local goverment,Oyndarfjørður municipality,Number of seats,0.0
2019,Local goverment,Oyndarfjørður municipality,Proportion of seats held by women,0.0
2019,Local goverment,Oyndarfjørður municipality,Seats held by women,0.0
2019,Local goverment,Oyndarfjørður municipality,Number of seats,0.0
2020,Local goverment,Oyndarfjørður municipality,Proportion of seats held by women,0.0
2020,Local goverment,Oyndarfjørður municipality,Seats held by women,0.0
2020,Local goverment,Oyndarfjørður municipality,Number of seats,0.0
2022,Local goverment,Oyndarfjørður municipality,Proportion of seats held by women,0.0
2022,Local goverment,Oyndarfjørður municipality,Seats held by women,0.0
2022,Local goverment,Oyndarfjørður municipality,Number of seats,0.0
2024,Local goverment,Oyndarfjørður municipality,Proportion of seats held by women,0.0
2024,Local goverment,Oyndarfjørður municipality,Seats held by women,0.0
2024,Local goverment,Oyndarfjørður municipality,Number of seats,0.0
1984,Local goverment,Porkeri municipality,Proportion of seats held by women,0.0
1984,Local goverment,Porkeri municipality,Seats held by women,0.0
1984,Local goverment,Porkeri municipality,Number of seats,0.0
1988,Local goverment,Porkeri municipality,Proportion of seats held by women,0.0
1988,Local goverment,Porkeri municipality,Seats held by women,0.0
1988,Local goverment,Porkeri municipality,Number of seats,0.0
1990,Local goverment,Porkeri municipality,Proportion of seats held by women,0.0
1990,Local goverment,Porkeri municipality,Seats held by women,0.0
1990,Local goverment,Porkeri municipality,Number of seats,0.0
1992,Local goverment,Porkeri municipality,Proportion of seats held by women,0.0
1992,Local goverment,Porkeri municipality,Seats held by women,0.0
1992,Local goverment,Porkeri municipality,Number of seats,0.0
1994,Local goverment,Porkeri municipality,Proportion of seats held by women,0.0
1994,Local goverment,Porkeri municipality,Seats held by women,0.0
1994,Local goverment,Porkeri municipality,Number of seats,0.0
1996,Local goverment,Porkeri municipality,Proportion of seats held by women,0.0
1996,Local goverment,Porkeri municipality,Seats held by women,0.0
1996,Local goverment,Porkeri municipality,Number of seats,0.0
1998,Local goverment,Porkeri municipality,Proportion of seats held by women,0.0
1998,Local goverment,Porkeri municipality,Seats held by women,0.0
1998,Local goverment,Porkeri municipality,Number of seats,0.0
2000,Local goverment,Porkeri municipality,Proportion of seats held by women,0.0
2000,Local goverment,Porkeri municipality,Seats held by women,0.0
2000,Local goverment,Porkeri municipality,Number of seats,0.0
2002,Local goverment,Porkeri municipality,Proportion of seats held by women,0.0
2002,Local goverment,Porkeri municipality,Seats held by women,0.0
2002,Local goverment,Porkeri municipality,Number of seats,0.0
2004,Local goverment,Porkeri municipality,Proportion of seats held by women,0.0
2004,Local goverment,Porkeri municipality,Seats held by women,0.0
2004,Local goverment,Porkeri municipality,Number of seats,0.0
2008,Local goverment,Porkeri municipality,Proportion of seats held by women,0.0
2008,Local goverment,Porkeri municipality,Seats held by women,0.0
2008,Local goverment,Porkeri municipality,Number of seats,0.0
2011,Local goverment,Porkeri municipality,Proportion of seats held by women,0.0
2011,Local goverment,Porkeri municipality,Seats held by women,0.0
2011,Local goverment,Porkeri municipality,Number of seats,0.0
2012,Local goverment,Porkeri municipality,Proportion of seats held by women,0.0
2012,Local goverment,Porkeri municipality,Seats held by women,0.0
2012,Local goverment,Porkeri municipality,Number of seats,0.0
2015,Local goverment,Porkeri municipality,Proportion of seats held by women,0.0
2015,Local goverment,Porkeri municipality,Seats held by women,0.0
2015,Local goverment,Porkeri municipality,Number of seats,0.0
2016,Local goverment,Porkeri municipality,Proportion of seats held by women,0.0
2016,Local goverment,Porkeri municipality,Seats held by women,0.0
2016,Local goverment,Porkeri municipality,Number of seats,0.0
2019,Local goverment,Porkeri municipality,Proportion of seats held by women,0.0
2019,Local goverment,Porkeri municipality,Seats held by women,0.0
2019,Local goverment,Porkeri municipality,Number of seats,0.0
2020,Local goverment,Porkeri municipality,Proportion of seats held by women,0.0
2020,Local goverment,Porkeri municipality,Seats held by women,0.0
2020,Local goverment,Porkeri municipality,Number of seats,0.0
2022,Local goverment,Porkeri municipality,Proportion of seats held by women,0.0
2022,Local goverment,Porkeri municipality,Seats held by women,0.0
2022,Local goverment,Porkeri municipality,Number of seats,0.0
2024,Local goverment,Porkeri municipality,Proportion of seats held by women,0.0
2024,Local goverment,Porkeri municipality,Seats held by women,0.0
2024,Local goverment,Porkeri municipality,Number of seats,0.0
1984,Local goverment,Runavík municipality,Proportion of seats held by women,0.0
1984,Local goverment,Runavík municipality,Seats held by women,0.0
1984,Local goverment,Runavík municipality,Number of seats,0.0
1988,Local goverment,Runavík municipality,Proportion of seats held by women,0.0
1988,Local goverment,Runavík municipality,Seats held by women,0.0
1988,Local goverment,Runavík municipality,Number of seats,0.0
1990,Local goverment,Runavík municipality,Proportion of seats held by women,0.0
1990,Local goverment,Runavík municipality,Seats held by women,0.0
1990,Local goverment,Runavík municipality,Number of seats,0.0
1992,Local goverment,Runavík municipality,Proportion of seats held by women,0.0
1992,Local goverment,Runavík municipality,Seats held by women,0.0
1992,Local goverment,Runavík municipality,Number of seats,0.0
1994,Local goverment,Runavík municipality,Proportion of seats held by women,0.0
1994,Local goverment,Runavík municipality,Seats held by women,0.0
1994,Local goverment,Runavík municipality,Number of seats,0.0
1996,Local goverment,Runavík municipality,Proportion of seats held by women,0.0
1996,Local goverment,Runavík municipality,Seats held by women,0.0
1996,Local goverment,Runavík municipality,Number of seats,0.0
1998,Local goverment,Runavík municipality,Proportion of seats held by women,0.0
1998,Local goverment,Runavík municipality,Seats held by women,0.0
1998,Local goverment,Runavík municipality,Number of seats,0.0
2000,Local goverment,Runavík municipality,Proportion of seats held by women,0.0
2000,Local goverment,Runavík municipality,Seats held by women,0.0
2000,Local goverment,Runavík municipality,Number of seats,0.0
2002,Local goverment,Runavík municipality,Proportion of seats held by women,0.0
2002,Local goverment,Runavík municipality,Seats held by women,0.0
2002,Local goverment,Runavík municipality,Number of seats,0.0
2004,Local goverment,Runavík municipality,Proportion of seats held by women,0.0
2004,Local goverment,Runavík municipality,Seats held by women,0.0
2004,Local goverment,Runavík municipality,Number of seats,0.0
2008,Local goverment,Runavík municipality,Proportion of seats held by women,0.0
2008,Local goverment,Runavík municipality,Seats held by women,0.0
2008,Local goverment,Runavík municipality,Number of seats,0.0
2011,Local goverment,Runavík municipality,Proportion of seats held by women,0.0
2011,Local goverment,Runavík municipality,Seats held by women,0.0
2011,Local goverment,Runavík municipality,Number of seats,0.0
2012,Local goverment,Runavík municipality,Proportion of seats held by women,0.0
2012,Local goverment,Runavík municipality,Seats held by women,0.0
2012,Local goverment,Runavík municipality,Number of seats,0.0
2015,Local goverment,Runavík municipality,Proportion of seats held by women,0.0
2015,Local goverment,Runavík municipality,Seats held by women,0.0
2015,Local goverment,Runavík municipality,Number of seats,0.0
2016,Local goverment,Runavík municipality,Proportion of seats held by women,0.0
2016,Local goverment,Runavík municipality,Seats held by women,0.0
2016,Local goverment,Runavík municipality,Number of seats,0.0
2019,Local goverment,Runavík municipality,Proportion of seats held by women,0.0
2019,Local goverment,Runavík municipality,Seats held by women,0.0
2019,Local goverment,Runavík municipality,Number of seats,0.0
2020,Local goverment,Runavík municipality,Proportion of seats held by women,0.0
2020,Local goverment,Runavík municipality,Seats held by women,0.0
2020,Local goverment,Runavík municipality,Number of seats,0.0
2022,Local goverment,Runavík municipality,Proportion of seats held by women,0.0
2022,Local goverment,Runavík municipality,Seats held by women,0.0
2022,Local goverment,Runavík municipality,Number of seats,0.0
2024,Local goverment,Runavík municipality,Proportion of seats held by women,0.0
2024,Local goverment,Runavík municipality,Seats held by women,0.0
2024,Local goverment,Runavík municipality,Number of seats,0.0
1984,Local goverment,Saksun municipality,Proportion of seats held by women,0.0
1984,Local goverment,Saksun municipality,Seats held by women,0.0
1984,Local goverment,Saksun municipality,Number of seats,0.0
1988,Local goverment,Saksun municipality,Proportion of seats held by women,0.0
1988,Local goverment,Saksun municipality,Seats held by women,0.0
1988,Local goverment,Saksun municipality,Number of seats,0.0
1990,Local goverment,Saksun municipality,Proportion of seats held by women,0.0
1990,Local goverment,Saksun municipality,Seats held by women,0.0
1990,Local goverment,Saksun municipality,Number of seats,0.0
1992,Local goverment,Saksun municipality,Proportion of seats held by women,0.0
1992,Local goverment,Saksun municipality,Seats held by women,0.0
1992,Local goverment,Saksun municipality,Number of seats,0.0
1994,Local goverment,Saksun municipality,Proportion of seats held by women,0.0
1994,Local goverment,Saksun municipality,Seats held by women,0.0
1994,Local goverment,Saksun municipality,Number of seats,0.0
1996,Local goverment,Saksun municipality,Proportion of seats held by women,0.0
1996,Local goverment,Saksun municipality,Seats held by women,0.0
1996,Local goverment,Saksun municipality,Number of seats,0.0
1998,Local goverment,Saksun municipality,Proportion of seats held by women,0.0
1998,Local goverment,Saksun municipality,Seats held by women,0.0
1998,Local goverment,Saksun municipality,Number of seats,0.0
2000,Local goverment,Saksun municipality,Proportion of seats held by women,0.0
2000,Local goverment,Saksun municipality,Seats held by women,0.0
2000,Local goverment,Saksun municipality,Number of seats,0.0
2002,Local goverment,Saksun municipality,Proportion of seats held by women,0.0
2002,Local goverment,Saksun municipality,Seats held by women,0.0
2002,Local goverment,Saksun municipality,Number of seats,0.0
2004,Local goverment,Saksun municipality,Proportion of seats held by women,0.0
2004,Local goverment,Saksun municipality,Seats held by women,0.0
2004,Local goverment,Saksun municipality,Number of seats,0.0
2008,Local goverment,Saksun municipality,Proportion of seats held by women,0.0
2008,Local goverment,Saksun municipality,Seats held by women,0.0
2008,Local goverment,Saksun municipality,Number of seats,0.0
2011,Local goverment,Saksun municipality,Proportion of seats held by women,0.0
2011,Local goverment,Saksun municipality,Seats held by women,0.0
2011,Local goverment,Saksun municipality,Number of seats,0.0
2012,Local goverment,Saksun municipality,Proportion of seats held by women,0.0
2012,Local goverment,Saksun municipality,Seats held by women,0.0
2012,Local goverment,Saksun municipality,Number of seats,0.0
2015,Local goverment,Saksun municipality,Proportion of seats held by women,0.0
2015,Local goverment,Saksun municipality,Seats held by women,0.0
2015,Local goverment,Saksun municipality,Number of seats,0.0
2016,Local goverment,Saksun municipality,Proportion of seats held by women,0.0
2016,Local goverment,Saksun municipality,Seats held by women,0.0
2016,Local goverment,Saksun municipality,Number of seats,0.0
2019,Local goverment,Saksun municipality,Proportion of seats held by women,0.0
2019,Local goverment,Saksun municipality,Seats held by women,0.0
2019,Local goverment,Saksun municipality,Number of seats,0.0
2020,Local goverment,Saksun municipality,Proportion of seats held by women,0.0
2020,Local goverment,Saksun municipality,Seats held by women,0.0
2020,Local goverment,Saksun municipality,Number of seats,0.0
2022,Local goverment,Saksun municipality,Proportion of seats held by women,0.0
2022,Local goverment,Saksun municipality,Seats held by women,0.0
2022,Local goverment,Saksun municipality,Number of seats,0.0
2024,Local goverment,Saksun municipality,Proportion of seats held by women,0.0
2024,Local goverment,Saksun municipality,Seats held by women,0.0
2024,Local goverment,Saksun municipality,Number of seats,0.0
1984,Local goverment,Sandavágur municipality,Proportion of seats held by women,0.0
1984,Local goverment,Sandavágur municipality,Seats held by women,0.0
1984,Local goverment,Sandavágur municipality,Number of seats,0.0
1988,Local goverment,Sandavágur municipality,Proportion of seats held by women,0.0
1988,Local goverment,Sandavágur municipality,Seats held by women,0.0
1988,Local goverment,Sandavágur municipality,Number of seats,0.0
1990,Local goverment,Sandavágur municipality,Proportion of seats held by women,0.0
1990,Local goverment,Sandavágur municipality,Seats held by women,0.0
1990,Local goverment,Sandavágur municipality,Number of seats,0.0
1992,Local goverment,Sandavágur municipality,Proportion of seats held by women,0.0
1992,Local goverment,Sandavágur municipality,Seats held by women,0.0
1992,Local goverment,Sandavágur municipality,Number of seats,0.0
1994,Local goverment,Sandavágur municipality,Proportion of seats held by women,0.0
1994,Local goverment,Sandavágur municipality,Seats held by women,0.0
1994,Local goverment,Sandavágur municipality,Number of seats,0.0
1996,Local goverment,Sandavágur municipality,Proportion of seats held by women,0.0
1996,Local goverment,Sandavágur municipality,Seats held by women,0.0
1996,Local goverment,Sandavágur municipality,Number of seats,0.0
1998,Local goverment,Sandavágur municipality,Proportion of seats held by women,0.0
1998,Local goverment,Sandavágur municipality,Seats held by women,0.0
1998,Local goverment,Sandavágur municipality,Number of seats,0.0
2000,Local goverment,Sandavágur municipality,Proportion of seats held by women,0.0
2000,Local goverment,Sandavágur municipality,Seats held by women,0.0
2000,Local goverment,Sandavágur municipality,Number of seats,0.0
2002,Local goverment,Sandavágur municipality,Proportion of seats held by women,0.0
2002,Local goverment,Sandavágur municipality,Seats held by women,0.0
2002,Local goverment,Sandavágur municipality,Number of seats,0.0
2004,Local goverment,Sandavágur municipality,Proportion of seats held by women,0.0
2004,Local goverment,Sandavágur municipality,Seats held by women,0.0
2004,Local goverment,Sandavágur municipality,Number of seats,0.0
2008,Local goverment,Sandavágur municipality,Proportion of seats held by women,0.0
2008,Local goverment,Sandavágur municipality,Seats held by women,0.0
2008,Local goverment,Sandavágur municipality,Number of seats,0.0
2011,Local goverment,Sandavágur municipality,Proportion of seats held by women,0.0
2011,Local goverment,Sandavágur municipality,Seats held by women,0.0
2011,Local goverment,Sandavágur municipality,Number of seats,0.0
2012,Local goverment,Sandavágur municipality,Proportion of seats held by women,0.0
2012,Local goverment,Sandavágur municipality,Seats held by women,0.0
2012,Local goverment,Sandavágur municipality,Number of seats,0.0
2015,Local goverment,Sandavágur municipality,Proportion of seats held by women,0.0
2015,Local goverment,Sandavágur municipality,Seats held by women,0.0
2015,Local goverment,Sandavágur municipality,Number of seats,0.0
2016,Local goverment,Sandavágur municipality,Proportion of seats held by women,0.0
2016,Local goverment,Sandavágur municipality,Seats held by women,0.0
2016,Local goverment,Sandavágur municipality,Number of seats,0.0
2019,Local goverment,Sandavágur municipality,Proportion of seats held by women,0.0
2019,Local goverment,Sandavágur municipality,Seats held by women,0.0
2019,Local goverment,Sandavágur municipality,Number of seats,0.0
2020,Local goverment,Sandavágur municipality,Proportion of seats held by women,0.0
2020,Local goverment,Sandavágur municipality,Seats held by women,0.0
2020,Local goverment,Sandavágur municipality,Number of seats,0.0
2022,Local goverment,Sandavágur municipality,Proportion of seats held by women,0.0
2022,Local goverment,Sandavágur municipality,Seats held by women,0.0
2022,Local goverment,Sandavágur municipality,Number of seats,0.0
2024,Local goverment,Sandavágur municipality,Proportion of seats held by women,0.0
2024,Local goverment,Sandavágur municipality,Seats held by women,0.0
2024,Local goverment,Sandavágur municipality,Number of seats,0.0
1984,Local goverment,Sandur municipality,Proportion of seats held by women,0.0
1984,Local goverment,Sandur municipality,Seats held by women,0.0
1984,Local goverment,Sandur municipality,Number of seats,0.0
1988,Local goverment,Sandur municipality,Proportion of seats held by women,0.0
1988,Local goverment,Sandur municipality,Seats held by women,0.0
1988,Local goverment,Sandur municipality,Number of seats,0.0
1990,Local goverment,Sandur municipality,Proportion of seats held by women,0.0
1990,Local goverment,Sandur municipality,Seats held by women,0.0
1990,Local goverment,Sandur municipality,Number of seats,0.0
1992,Local goverment,Sandur municipality,Proportion of seats held by women,0.0
1992,Local goverment,Sandur municipality,Seats held by women,0.0
1992,Local goverment,Sandur municipality,Number of seats,0.0
1994,Local goverment,Sandur municipality,Proportion of seats held by women,0.0
1994,Local goverment,Sandur municipality,Seats held by women,0.0
1994,Local goverment,Sandur municipality,Number of seats,0.0
1996,Local goverment,Sandur municipality,Proportion of seats held by women,0.0
1996,Local goverment,Sandur municipality,Seats held by women,0.0
1996,Local goverment,Sandur municipality,Number of seats,0.0
1998,Local goverment,Sandur municipality,Proportion of seats held by women,0.0
1998,Local goverment,Sandur municipality,Seats held by women,0.0
1998,Local goverment,Sandur municipality,Number of seats,0.0
2000,Local goverment,Sandur municipality,Proportion of seats held by women,0.0
2000,Local goverment,Sandur municipality,Seats held by women,0.0
2000,Local goverment,Sandur municipality,Number of seats,0.0
2002,Local goverment,Sandur municipality,Proportion of seats held by women,0.0
2002,Local goverment,Sandur municipality,Seats held by women,0.0
2002,Local goverment,Sandur municipality,Number of seats,0.0
2004,Local goverment,Sandur municipality,Proportion of seats held by women,0.0
2004,Local goverment,Sandur municipality,Seats held by women,0.0
2004,Local goverment,Sandur municipality,Number of seats,0.0
2008,Local goverment,Sandur municipality,Proportion of seats held by women,0.0
2008,Local goverment,Sandur municipality,Seats held by women,0.0
2008,Local goverment,Sandur municipality,Number of seats,0.0
2011,Local goverment,Sandur municipality,Proportion of seats held by women,0.0
2011,Local goverment,Sandur municipality,Seats held by women,0.0
2011,Local goverment,Sandur municipality,Number of seats,0.0
2012,Local goverment,Sandur municipality,Proportion of seats held by women,0.0
2012,Local goverment,Sandur municipality,Seats held by women,0.0
2012,Local goverment,Sandur municipality,Number of seats,0.0
2015,Local goverment,Sandur municipality,Proportion of seats held by women,0.0
2015,Local goverment,Sandur municipality,Seats held by women,0.0
2015,Local goverment,Sandur municipality,Number of seats,0.0
2016,Local goverment,Sandur municipality,Proportion of seats held by women,0.0
2016,Local goverment,Sandur municipality,Seats held by women,0.0
2016,Local goverment,Sandur municipality,Number of seats,0.0
2019,Local goverment,Sandur municipality,Proportion of seats held by women,0.0
2019,Local goverment,Sandur municipality,Seats held by women,0.0
2019,Local goverment,Sandur municipality,Number of seats,0.0
2020,Local goverment,Sandur municipality,Proportion of seats held by women,0.0
2020,Local goverment,Sandur municipality,Seats held by women,0.0
2020,Local goverment,Sandur municipality,Number of seats,0.0
2022,Local goverment,Sandur municipality,Proportion of seats held by women,0.0
2022,Local goverment,Sandur municipality,Seats held by women,0.0
2022,Local goverment,Sandur municipality,Number of seats,0.0
2024,Local goverment,Sandur municipality,Proportion of seats held by women,0.0
2024,Local goverment,Sandur municipality,Seats held by women,0.0
2024,Local goverment,Sandur municipality,Number of seats,0.0
1984,Local goverment,Sjóvar municipality,Proportion of seats held by women,0.0
1984,Local goverment,Sjóvar municipality,Seats held by women,0.0
1984,Local goverment,Sjóvar municipality,Number of seats,0.0
1988,Local goverment,Sjóvar municipality,Proportion of seats held by women,0.0
1988,Local goverment,Sjóvar municipality,Seats held by women,0.0
1988,Local goverment,Sjóvar municipality,Number of seats,0.0
1990,Local goverment,Sjóvar municipality,Proportion of seats held by women,0.0
1990,Local goverment,Sjóvar municipality,Seats held by women,0.0
1990,Local goverment,Sjóvar municipality,Number of seats,0.0
1992,Local goverment,Sjóvar municipality,Proportion of seats held by women,0.0
1992,Local goverment,Sjóvar municipality,Seats held by women,0.0
1992,Local goverment,Sjóvar municipality,Number of seats,0.0
1994,Local goverment,Sjóvar municipality,Proportion of seats held by women,0.0
1994,Local goverment,Sjóvar municipality,Seats held by women,0.0
1994,Local goverment,Sjóvar municipality,Number of seats,0.0
1996,Local goverment,Sjóvar municipality,Proportion of seats held by women,0.0
1996,Local goverment,Sjóvar municipality,Seats held by women,0.0
1996,Local goverment,Sjóvar municipality,Number of seats,0.0
1998,Local goverment,Sjóvar municipality,Proportion of seats held by women,0.0
1998,Local goverment,Sjóvar municipality,Seats held by women,0.0
1998,Local goverment,Sjóvar municipality,Number of seats,0.0
2000,Local goverment,Sjóvar municipality,Proportion of seats held by women,0.0
2000,Local goverment,Sjóvar municipality,Seats held by women,0.0
2000,Local goverment,Sjóvar municipality,Number of seats,0.0
2002,Local goverment,Sjóvar municipality,Proportion of seats held by women,0.0
2002,Local goverment,Sjóvar municipality,Seats held by women,0.0
2002,Local goverment,Sjóvar municipality,Number of seats,0.0
2004,Local goverment,Sjóvar municipality,Proportion of seats held by women,0.0
2004,Local goverment,Sjóvar municipality,Seats held by women,0.0
2004,Local goverment,Sjóvar municipality,Number of seats,0.0
2008,Local goverment,Sjóvar municipality,Proportion of seats held by women,0.0
2008,Local goverment,Sjóvar municipality,Seats held by women,0.0
2008,Local goverment,Sjóvar municipality,Number of seats,0.0
2011,Local goverment,Sjóvar municipality,Proportion of seats held by women,0.0
2011,Local goverment,Sjóvar municipality,Seats held by women,0.0
2011,Local goverment,Sjóvar municipality,Number of seats,0.0
2012,Local goverment,Sjóvar municipality,Proportion of seats held by women,0.0
2012,Local goverment,Sjóvar municipality,Seats held by women,0.0
2012,Local goverment,Sjóvar municipality,Number of seats,0.0
2015,Local goverment,Sjóvar municipality,Proportion of seats held by women,0.0
2015,Local goverment,Sjóvar municipality,Seats held by women,0.0
2015,Local goverment,Sjóvar municipality,Number of seats,0.0
2016,Local goverment,Sjóvar municipality,Proportion of seats held by women,0.0
2016,Local goverment,Sjóvar municipality,Seats held by women,0.0
2016,Local goverment,Sjóvar municipality,Number of seats,0.0
2019,Local goverment,Sjóvar municipality,Proportion of seats held by women,0.0
2019,Local goverment,Sjóvar municipality,Seats held by women,0.0
2019,Local goverment,Sjóvar municipality,Number of seats,0.0
2020,Local goverment,Sjóvar municipality,Proportion of seats held by women,0.0
2020,Local goverment,Sjóvar municipality,Seats held by women,0.0
2020,Local goverment,Sjóvar municipality,Number of seats,0.0
2022,Local goverment,Sjóvar municipality,Proportion of seats held by women,0.0
2022,Local goverment,Sjóvar municipality,Seats held by women,0.0
2022,Local goverment,Sjóvar municipality,Number of seats,0.0
2024,Local goverment,Sjóvar municipality,Proportion of seats held by women,0.0
2024,Local goverment,Sjóvar municipality,Seats held by women,0.0
2024,Local goverment,Sjóvar municipality,Number of seats,0.0
1984,Local goverment,Skála municipality,Proportion of seats held by women,0.0
1984,Local goverment,Skála municipality,Seats held by women,0.0
1984,Local goverment,Skála municipality,Number of seats,0.0
1988,Local goverment,Skála municipality,Proportion of seats held by women,0.0
1988,Local goverment,Skála municipality,Seats held by women,0.0
1988,Local goverment,Skála municipality,Number of seats,0.0
1990,Local goverment,Skála municipality,Proportion of seats held by women,0.0
1990,Local goverment,Skála municipality,Seats held by women,0.0
1990,Local goverment,Skála municipality,Number of seats,0.0
1992,Local goverment,Skála municipality,Proportion of seats held by women,0.0
1992,Local goverment,Skála municipality,Seats held by women,0.0
1992,Local goverment,Skála municipality,Number of seats,0.0
1994,Local goverment,Skála municipality,Proportion of seats held by women,0.0
1994,Local goverment,Skála municipality,Seats held by women,0.0
1994,Local goverment,Skála municipality,Number of seats,0.0
1996,Local goverment,Skála municipality,Proportion of seats held by women,0.0
1996,Local goverment,Skála municipality,Seats held by women,0.0
1996,Local goverment,Skála municipality,Number of seats,0.0
1998,Local goverment,Skála municipality,Proportion of seats held by women,0.0
1998,Local goverment,Skála municipality,Seats held by women,0.0
1998,Local goverment,Skála municipality,Number of seats,0.0
2000,Local goverment,Skála municipality,Proportion of seats held by women,0.0
2000,Local goverment,Skála municipality,Seats held by women,0.0
2000,Local goverment,Skála municipality,Number of seats,0.0
2002,Local goverment,Skála municipality,Proportion of seats held by women,0.0
2002,Local goverment,Skála municipality,Seats held by women,0.0
2002,Local goverment,Skála municipality,Number of seats,0.0
2004,Local goverment,Skála municipality,Proportion of seats held by women,0.0
2004,Local goverment,Skála municipality,Seats held by women,0.0
2004,Local goverment,Skála municipality,Number of seats,0.0
2008,Local goverment,Skála municipality,Proportion of seats held by women,0.0
2008,Local goverment,Skála municipality,Seats held by women,0.0
2008,Local goverment,Skála municipality,Number of seats,0.0
2011,Local goverment,Skála municipality,Proportion of seats held by women,0.0
2011,Local goverment,Skála municipality,Seats held by women,0.0
2011,Local goverment,Skála municipality,Number of seats,0.0
2012,Local goverment,Skála municipality,Proportion of seats held by women,0.0
2012,Local goverment,Skála municipality,Seats held by women,0.0
2012,Local goverment,Skála municipality,Number of seats,0.0
2015,Local goverment,Skála municipality,Proportion of seats held by women,0.0
2015,Local goverment,Skála municipality,Seats held by women,0.0
2015,Local goverment,Skála municipality,Number of seats,0.0
2016,Local goverment,Skála municipality,Proportion of seats held by women,0.0
2016,Local goverment,Skála municipality,Seats held by women,0.0
2016,Local goverment,Skála municipality,Number of seats,0.0
2019,Local goverment,Skála municipality,Proportion of seats held by women,0.0
2019,Local goverment,Skála municipality,Seats held by women,0.0
2019,Local goverment,Skála municipality,Number of seats,0.0
2020,Local goverment,Skála municipality,Proportion of seats held by women,0.0
2020,Local goverment,Skála municipality,Seats held by women,0.0
2020,Local goverment,Skála municipality,Number of seats,0.0
2022,Local goverment,Skála municipality,Proportion of seats held by women,0.0
2022,Local goverment,Skála municipality,Seats held by women,0.0
2022,Local goverment,Skála municipality,Number of seats,0.0
2024,Local goverment,Skála municipality,Proportion of seats held by women,0.0
2024,Local goverment,Skála municipality,Seats held by women,0.0
2024,Local goverment,Skála municipality,Number of seats,0.0
1984,Local goverment,Skálavík municipality,Proportion of seats held by women,0.0
1984,Local goverment,Skálavík municipality,Seats held by women,0.0
1984,Local goverment,Skálavík municipality,Number of seats,0.0
1988,Local goverment,Skálavík municipality,Proportion of seats held by women,0.0
1988,Local goverment,Skálavík municipality,Seats held by women,0.0
1988,Local goverment,Skálavík municipality,Number of seats,0.0
1990,Local goverment,Skálavík municipality,Proportion of seats held by women,0.0
1990,Local goverment,Skálavík municipality,Seats held by women,0.0
1990,Local goverment,Skálavík municipality,Number of seats,0.0
1992,Local goverment,Skálavík municipality,Proportion of seats held by women,0.0
1992,Local goverment,Skálavík municipality,Seats held by women,0.0
1992,Local goverment,Skálavík municipality,Number of seats,0.0
1994,Local goverment,Skálavík municipality,Proportion of seats held by women,0.0
1994,Local goverment,Skálavík municipality,Seats held by women,0.0
1994,Local goverment,Skálavík municipality,Number of seats,0.0
1996,Local goverment,Skálavík municipality,Proportion of seats held by women,0.0
1996,Local goverment,Skálavík municipality,Seats held by women,0.0
1996,Local goverment,Skálavík municipality,Number of seats,0.0
1998,Local goverment,Skálavík municipality,Proportion of seats held by women,0.0
1998,Local goverment,Skálavík municipality,Seats held by women,0.0
1998,Local goverment,Skálavík municipality,Number of seats,0.0
2000,Local goverment,Skálavík municipality,Proportion of seats held by women,0.0
2000,Local goverment,Skálavík municipality,Seats held by women,0.0
2000,Local goverment,Skálavík municipality,Number of seats,0.0
2002,Local goverment,Skálavík municipality,Proportion of seats held by women,0.0
2002,Local goverment,Skálavík municipality,Seats held by women,0.0
2002,Local goverment,Skálavík municipality,Number of seats,0.0
2004,Local goverment,Skálavík municipality,Proportion of seats held by women,0.0
2004,Local goverment,Skálavík municipality,Seats held by women,0.0
2004,Local goverment,Skálavík municipality,Number of seats,0.0
2008,Local goverment,Skálavík municipality,Proportion of seats held by women,0.0
2008,Local goverment,Skálavík municipality,Seats held by women,0.0
2008,Local goverment,Skálavík municipality,Number of seats,0.0
2011,Local goverment,Skálavík municipality,Proportion of seats held by women,0.0
2011,Local goverment,Skálavík municipality,Seats held by women,0.0
2011,Local goverment,Skálavík municipality,Number of seats,0.0
2012,Local goverment,Skálavík municipality,Proportion of seats held by women,0.0
2012,Local goverment,Skálavík municipality,Seats held by women,0.0
2012,Local goverment,Skálavík municipality,Number of seats,0.0
2015,Local goverment,Skálavík municipality,Proportion of seats held by women,0.0
2015,Local goverment,Skálavík municipality,Seats held by women,0.0
2015,Local goverment,Skálavík municipality,Number of seats,0.0
2016,Local goverment,Skálavík municipality,Proportion of seats held by women,0.0
2016,Local goverment,Skálavík municipality,Seats held by women,0.0
2016,Local goverment,Skálavík municipality,Number of seats,0.0
2019,Local goverment,Skálavík municipality,Proportion of seats held by women,0.0
2019,Local goverment,Skálavík municipality,Seats held by women,0.0
2019,Local goverment,Skálavík municipality,Number of seats,0.0
2020,Local goverment,Skálavík municipality,Proportion of seats held by women,0.0
2020,Local goverment,Skálavík municipality,Seats held by women,0.0
2020,Local goverment,Skálavík municipality,Number of seats,0.0
2022,Local goverment,Skálavík municipality,Proportion of seats held by women,0.0
2022,Local goverment,Skálavík municipality,Seats held by women,0.0
2022,Local goverment,Skálavík municipality,Number of seats,0.0
2024,Local goverment,Skálavík municipality,Proportion of seats held by women,0.0
2024,Local goverment,Skálavík municipality,Seats held by women,0.0
2024,Local goverment,Skálavík municipality,Number of seats,0.0
1984,Local goverment,Skopun municipality,Proportion of seats held by women,0.0
1984,Local goverment,Skopun municipality,Seats held by women,0.0
1984,Local goverment,Skopun municipality,Number of seats,0.0
1988,Local goverment,Skopun municipality,Proportion of seats held by women,0.0
1988,Local goverment,Skopun municipality,Seats held by women,0.0
1988,Local goverment,Skopun municipality,Number of seats,0.0
1990,Local goverment,Skopun municipality,Proportion of seats held by women,0.0
1990,Local goverment,Skopun municipality,Seats held by women,0.0
1990,Local goverment,Skopun municipality,Number of seats,0.0
1992,Local goverment,Skopun municipality,Proportion of seats held by women,0.0
1992,Local goverment,Skopun municipality,Seats held by women,0.0
1992,Local goverment,Skopun municipality,Number of seats,0.0
1994,Local goverment,Skopun municipality,Proportion of seats held by women,0.0
1994,Local goverment,Skopun municipality,Seats held by women,0.0
1994,Local goverment,Skopun municipality,Number of seats,0.0
1996,Local goverment,Skopun municipality,Proportion of seats held by women,0.0
1996,Local goverment,Skopun municipality,Seats held by women,0.0
1996,Local goverment,Skopun municipality,Number of seats,0.0
1998,Local goverment,Skopun municipality,Proportion of seats held by women,0.0
1998,Local goverment,Skopun municipality,Seats held by women,0.0
1998,Local goverment,Skopun municipality,Number of seats,0.0
2000,Local goverment,Skopun municipality,Proportion of seats held by women,0.0
2000,Local goverment,Skopun municipality,Seats held by women,0.0
2000,Local goverment,Skopun municipality,Number of seats,0.0
2002,Local goverment,Skopun municipality,Proportion of seats held by women,0.0
2002,Local goverment,Skopun municipality,Seats held by women,0.0
2002,Local goverment,Skopun municipality,Number of seats,0.0
2004,Local goverment,Skopun municipality,Proportion of seats held by women,0.0
2004,Local goverment,Skopun municipality,Seats held by women,0.0
2004,Local goverment,Skopun municipality,Number of seats,0.0
2008,Local goverment,Skopun municipality,Proportion of seats held by women,0.0
2008,Local goverment,Skopun municipality,Seats held by women,0.0
2008,Local goverment,Skopun municipality,Number of seats,0.0
2011,Local goverment,Skopun municipality,Proportion of seats held by women,0.0
2011,Local goverment,Skopun municipality,Seats held by women,0.0
2011,Local goverment,Skopun municipality,Number of seats,0.0
2012,Local goverment,Skopun municipality,Proportion of seats held by women,0.0
2012,Local goverment,Skopun municipality,Seats held by women,0.0
2012,Local goverment,Skopun municipality,Number of seats,0.0
2015,Local goverment,Skopun municipality,Proportion of seats held by women,0.0
2015,Local goverment,Skopun municipality,Seats held by women,0.0
2015,Local goverment,Skopun municipality,Number of seats,0.0
2016,Local goverment,Skopun municipality,Proportion of seats held by women,0.0
2016,Local goverment,Skopun municipality,Seats held by women,0.0
2016,Local goverment,Skopun municipality,Number of seats,0.0
2019,Local goverment,Skopun municipality,Proportion of seats held by women,0.0
2019,Local goverment,Skopun municipality,Seats held by women,0.0
2019,Local goverment,Skopun municipality,Number of seats,0.0
2020,Local goverment,Skopun municipality,Proportion of seats held by women,0.0
2020,Local goverment,Skopun municipality,Seats held by women,0.0
2020,Local goverment,Skopun municipality,Number of seats,0.0
2022,Local goverment,Skopun municipality,Proportion of seats held by women,0.0
2022,Local goverment,Skopun municipality,Seats held by women,0.0
2022,Local goverment,Skopun municipality,Number of seats,0.0
2024,Local goverment,Skopun municipality,Proportion of seats held by women,0.0
2024,Local goverment,Skopun municipality,Seats held by women,0.0
2024,Local goverment,Skopun municipality,Number of seats,0.0
1984,Local goverment,Skúgvoy municipality,Proportion of seats held by women,0.0
1984,Local goverment,Skúgvoy municipality,Seats held by women,0.0
1984,Local goverment,Skúgvoy municipality,Number of seats,0.0
1988,Local goverment,Skúgvoy municipality,Proportion of seats held by women,0.0
1988,Local goverment,Skúgvoy municipality,Seats held by women,0.0
1988,Local goverment,Skúgvoy municipality,Number of seats,0.0
1990,Local goverment,Skúgvoy municipality,Proportion of seats held by women,0.0
1990,Local goverment,Skúgvoy municipality,Seats held by women,0.0
1990,Local goverment,Skúgvoy municipality,Number of seats,0.0
1992,Local goverment,Skúgvoy municipality,Proportion of seats held by women,0.0
1992,Local goverment,Skúgvoy municipality,Seats held by women,0.0
1992,Local goverment,Skúgvoy municipality,Number of seats,0.0
1994,Local goverment,Skúgvoy municipality,Proportion of seats held by women,0.0
1994,Local goverment,Skúgvoy municipality,Seats held by women,0.0
1994,Local goverment,Skúgvoy municipality,Number of seats,0.0
1996,Local goverment,Skúgvoy municipality,Proportion of seats held by women,0.0
1996,Local goverment,Skúgvoy municipality,Seats held by women,0.0
1996,Local goverment,Skúgvoy municipality,Number of seats,0.0
1998,Local goverment,Skúgvoy municipality,Proportion of seats held by women,0.0
1998,Local goverment,Skúgvoy municipality,Seats held by women,0.0
1998,Local goverment,Skúgvoy municipality,Number of seats,0.0
2000,Local goverment,Skúgvoy municipality,Proportion of seats held by women,0.0
2000,Local goverment,Skúgvoy municipality,Seats held by women,0.0
2000,Local goverment,Skúgvoy municipality,Number of seats,0.0
2002,Local goverment,Skúgvoy municipality,Proportion of seats held by women,0.0
2002,Local goverment,Skúgvoy municipality,Seats held by women,0.0
2002,Local goverment,Skúgvoy municipality,Number of seats,0.0
2004,Local goverment,Skúgvoy municipality,Proportion of seats held by women,0.0
2004,Local goverment,Skúgvoy municipality,Seats held by women,0.0
2004,Local goverment,Skúgvoy municipality,Number of seats,0.0
2008,Local goverment,Skúgvoy municipality,Proportion of seats held by women,0.0
2008,Local goverment,Skúgvoy municipality,Seats held by women,0.0
2008,Local goverment,Skúgvoy municipality,Number of seats,0.0
2011,Local goverment,Skúgvoy municipality,Proportion of seats held by women,0.0
2011,Local goverment,Skúgvoy municipality,Seats held by women,0.0
2011,Local goverment,Skúgvoy municipality,Number of seats,0.0
2012,Local goverment,Skúgvoy municipality,Proportion of seats held by women,0.0
2012,Local goverment,Skúgvoy municipality,Seats held by women,0.0
2012,Local goverment,Skúgvoy municipality,Number of seats,0.0
2015,Local goverment,Skúgvoy municipality,Proportion of seats held by women,0.0
2015,Local goverment,Skúgvoy municipality,Seats held by women,0.0
2015,Local goverment,Skúgvoy municipality,Number of seats,0.0
2016,Local goverment,Skúgvoy municipality,Proportion of seats held by women,0.0
2016,Local goverment,Skúgvoy municipality,Seats held by women,0.0
2016,Local goverment,Skúgvoy municipality,Number of seats,0.0
2019,Local goverment,Skúgvoy municipality,Proportion of seats held by women,0.0
2019,Local goverment,Skúgvoy municipality,Seats held by women,0.0
2019,Local goverment,Skúgvoy municipality,Number of seats,0.0
2020,Local goverment,Skúgvoy municipality,Proportion of seats held by women,0.0
2020,Local goverment,Skúgvoy municipality,Seats held by women,0.0
2020,Local goverment,Skúgvoy municipality,Number of seats,0.0
2022,Local goverment,Skúgvoy municipality,Proportion of seats held by women,0.0
2022,Local goverment,Skúgvoy municipality,Seats held by women,0.0
2022,Local goverment,Skúgvoy municipality,Number of seats,0.0
2024,Local goverment,Skúgvoy municipality,Proportion of seats held by women,0.0
2024,Local goverment,Skúgvoy municipality,Seats held by women,0.0
2024,Local goverment,Skúgvoy municipality,Number of seats,0.0
1984,Local goverment,Sørvágur municipality,Proportion of seats held by women,0.0
1984,Local goverment,Sørvágur municipality,Seats held by women,0.0
1984,Local goverment,Sørvágur municipality,Number of seats,0.0
1988,Local goverment,Sørvágur municipality,Proportion of seats held by women,0.0
1988,Local goverment,Sørvágur municipality,Seats held by women,0.0
1988,Local goverment,Sørvágur municipality,Number of seats,0.0
1990,Local goverment,Sørvágur municipality,Proportion of seats held by women,0.0
1990,Local goverment,Sørvágur municipality,Seats held by women,0.0
1990,Local goverment,Sørvágur municipality,Number of seats,0.0
1992,Local goverment,Sørvágur municipality,Proportion of seats held by women,0.0
1992,Local goverment,Sørvágur municipality,Seats held by women,0.0
1992,Local goverment,Sørvágur municipality,Number of seats,0.0
1994,Local goverment,Sørvágur municipality,Proportion of seats held by women,0.0
1994,Local goverment,Sørvágur municipality,Seats held by women,0.0
1994,Local goverment,Sørvágur municipality,Number of seats,0.0
1996,Local goverment,Sørvágur municipality,Proportion of seats held by women,0.0
1996,Local goverment,Sørvágur municipality,Seats held by women,0.0
1996,Local goverment,Sørvágur municipality,Number of seats,0.0
1998,Local goverment,Sørvágur municipality,Proportion of seats held by women,0.0
1998,Local goverment,Sørvágur municipality,Seats held by women,0.0
1998,Local goverment,Sørvágur municipality,Number of seats,0.0
2000,Local goverment,Sørvágur municipality,Proportion of seats held by women,0.0
2000,Local goverment,Sørvágur municipality,Seats held by women,0.0
2000,Local goverment,Sørvágur municipality,Number of seats,0.0
2002,Local goverment,Sørvágur municipality,Proportion of seats held by women,0.0
2002,Local goverment,Sørvágur municipality,Seats held by women,0.0
2002,Local goverment,Sørvágur municipality,Number of seats,0.0
2004,Local goverment,Sørvágur municipality,Proportion of seats held by women,0.0
2004,Local goverment,Sørvágur municipality,Seats held by women,0.0
2004,Local goverment,Sørvágur municipality,Number of seats,0.0
2008,Local goverment,Sørvágur municipality,Proportion of seats held by women,0.0
2008,Local goverment,Sørvágur municipality,Seats held by women,0.0
2008,Local goverment,Sørvágur municipality,Number of seats,0.0
2011,Local goverment,Sørvágur municipality,Proportion of seats held by women,0.0
2011,Local goverment,Sørvágur municipality,Seats held by women,0.0
2011,Local goverment,Sørvágur municipality,Number of seats,0.0
2012,Local goverment,Sørvágur municipality,Proportion of seats held by women,0.0
2012,Local goverment,Sørvágur municipality,Seats held by women,0.0
2012,Local goverment,Sørvágur municipality,Number of seats,0.0
2015,Local goverment,Sørvágur municipality,Proportion of seats held by women,0.0
2015,Local goverment,Sørvágur municipality,Seats held by women,0.0
2015,Local goverment,Sørvágur municipality,Number of seats,0.0
2016,Local goverment,Sørvágur municipality,Proportion of seats held by women,0.0
2016,Local goverment,Sørvágur municipality,Seats held by women,0.0
2016,Local goverment,Sørvágur municipality,Number of seats,0.0
2019,Local goverment,Sørvágur municipality,Proportion of seats held by women,0.0
2019,Local goverment,Sørvágur municipality,Seats held by women,0.0
2019,Local goverment,Sørvágur municipality,Number of seats,0.0
2020,Local goverment,Sørvágur municipality,Proportion of seats held by women,0.0
2020,Local goverment,Sørvágur municipality,Seats held by women,0.0
2020,Local goverment,Sørvágur municipality,Number of seats,0.0
2022,Local goverment,Sørvágur municipality,Proportion of seats held by women,0.0
2022,Local goverment,Sørvágur municipality,Seats held by women,0.0
2022,Local goverment,Sørvágur municipality,Number of seats,0.0
2024,Local goverment,Sørvágur municipality,Proportion of seats held by women,0.0
2024,Local goverment,Sørvágur municipality,Seats held by women,0.0
2024,Local goverment,Sørvágur municipality,Number of seats,0.0
1984,Local goverment,Sumba municipality,Proportion of seats held by women,0.0
1984,Local goverment,Sumba municipality,Seats held by women,0.0
1984,Local goverment,Sumba municipality,Number of seats,0.0
1988,Local goverment,Sumba municipality,Proportion of seats held by women,0.0
1988,Local goverment,Sumba municipality,Seats held by women,0.0
1988,Local goverment,Sumba municipality,Number of seats,0.0
1990,Local goverment,Sumba municipality,Proportion of seats held by women,0.0
1990,Local goverment,Sumba municipality,Seats held by women,0.0
1990,Local goverment,Sumba municipality,Number of seats,0.0
1992,Local goverment,Sumba municipality,Proportion of seats held by women,0.0
1992,Local goverment,Sumba municipality,Seats held by women,0.0
1992,Local goverment,Sumba municipality,Number of seats,0.0
1994,Local goverment,Sumba municipality,Proportion of seats held by women,0.0
1994,Local goverment,Sumba municipality,Seats held by women,0.0
1994,Local goverment,Sumba municipality,Number of seats,0.0
1996,Local goverment,Sumba municipality,Proportion of seats held by women,0.0
1996,Local goverment,Sumba municipality,Seats held by women,0.0
1996,Local goverment,Sumba municipality,Number of seats,0.0
1998,Local goverment,Sumba municipality,Proportion of seats held by women,0.0
1998,Local goverment,Sumba municipality,Seats held by women,0.0
1998,Local goverment,Sumba municipality,Number of seats,0.0
2000,Local goverment,Sumba municipality,Proportion of seats held by women,0.0
2000,Local goverment,Sumba municipality,Seats held by women,0.0
2000,Local goverment,Sumba municipality,Number of seats,0.0
2002,Local goverment,Sumba municipality,Proportion of seats held by women,0.0
2002,Local goverment,Sumba municipality,Seats held by women,0.0
2002,Local goverment,Sumba municipality,Number of seats,0.0
2004,Local goverment,Sumba municipality,Proportion of seats held by women,0.0
2004,Local goverment,Sumba municipality,Seats held by women,0.0
2004,Local goverment,Sumba municipality,Number of seats,0.0
2008,Local goverment,Sumba municipality,Proportion of seats held by women,0.0
2008,Local goverment,Sumba municipality,Seats held by women,0.0
2008,Local goverment,Sumba municipality,Number of seats,0.0
2011,Local goverment,Sumba municipality,Proportion of seats held by women,0.0
2011,Local goverment,Sumba municipality,Seats held by women,0.0
2011,Local goverment,Sumba municipality,Number of seats,0.0
2012,Local goverment,Sumba municipality,Proportion of seats held by women,0.0
2012,Local goverment,Sumba municipality,Seats held by women,0.0
2012,Local goverment,Sumba municipality,Number of seats,0.0
2015,Local goverment,Sumba municipality,Proportion of seats held by women,0.0
2015,Local goverment,Sumba municipality,Seats held by women,0.0
2015,Local goverment,Sumba municipality,Number of seats,0.0
2016,Local goverment,Sumba municipality,Proportion of seats held by women,0.0
2016,Local goverment,Sumba municipality,Seats held by women,0.0
2016,Local goverment,Sumba municipality,Number of seats,0.0
2019,Local goverment,Sumba municipality,Proportion of seats held by women,0.0
2019,Local goverment,Sumba municipality,Seats held by women,0.0
2019,Local goverment,Sumba municipality,Number of seats,0.0
2020,Local goverment,Sumba municipality,Proportion of seats held by women,0.0
2020,Local goverment,Sumba municipality,Seats held by women,0.0
2020,Local goverment,Sumba municipality,Number of seats,0.0
2022,Local goverment,Sumba municipality,Proportion of seats held by women,0.0
2022,Local goverment,Sumba municipality,Seats held by women,0.0
2022,Local goverment,Sumba municipality,Number of seats,0.0
2024,Local goverment,Sumba municipality,Proportion of seats held by women,0.0
2024,Local goverment,Sumba municipality,Seats held by women,0.0
2024,Local goverment,Sumba municipality,Number of seats,0.0
1984,Local goverment,Sunda municipality,Proportion of seats held by women,0.0
1984,Local goverment,Sunda municipality,Seats held by women,0.0
1984,Local goverment,Sunda municipality,Number of seats,0.0
1988,Local goverment,Sunda municipality,Proportion of seats held by women,0.0
1988,Local goverment,Sunda municipality,Seats held by women,0.0
1988,Local goverment,Sunda municipality,Number of seats,0.0
1990,Local goverment,Sunda municipality,Proportion of seats held by women,0.0
1990,Local goverment,Sunda municipality,Seats held by women,0.0
1990,Local goverment,Sunda municipality,Number of seats,0.0
1992,Local goverment,Sunda municipality,Proportion of seats held by women,0.0
1992,Local goverment,Sunda municipality,Seats held by women,0.0
1992,Local goverment,Sunda municipality,Number of seats,0.0
1994,Local goverment,Sunda municipality,Proportion of seats held by women,0.0
1994,Local goverment,Sunda municipality,Seats held by women,0.0
1994,Local goverment,Sunda municipality,Number of seats,0.0
1996,Local goverment,Sunda municipality,Proportion of seats held by women,0.0
1996,Local goverment,Sunda municipality,Seats held by women,0.0
1996,Local goverment,Sunda municipality,Number of seats,0.0
1998,Local goverment,Sunda municipality,Proportion of seats held by women,0.0
1998,Local goverment,Sunda municipality,Seats held by women,0.0
1998,Local goverment,Sunda municipality,Number of seats,0.0
2000,Local goverment,Sunda municipality,Proportion of seats held by women,0.0
2000,Local goverment,Sunda municipality,Seats held by women,0.0
2000,Local goverment,Sunda municipality,Number of seats,0.0
2002,Local goverment,Sunda municipality,Proportion of seats held by women,0.0
2002,Local goverment,Sunda municipality,Seats held by women,0.0
2002,Local goverment,Sunda municipality,Number of seats,0.0
2004,Local goverment,Sunda municipality,Proportion of seats held by women,0.0
2004,Local goverment,Sunda municipality,Seats held by women,0.0
2004,Local goverment,Sunda municipality,Number of seats,0.0
2008,Local goverment,Sunda municipality,Proportion of seats held by women,0.0
2008,Local goverment,Sunda municipality,Seats held by women,0.0
2008,Local goverment,Sunda municipality,Number of seats,0.0
2011,Local goverment,Sunda municipality,Proportion of seats held by women,0.0
2011,Local goverment,Sunda municipality,Seats held by women,0.0
2011,Local goverment,Sunda municipality,Number of seats,0.0
2012,Local goverment,Sunda municipality,Proportion of seats held by women,0.0
2012,Local goverment,Sunda municipality,Seats held by women,0.0
2012,Local goverment,Sunda municipality,Number of seats,0.0
2015,Local goverment,Sunda municipality,Proportion of seats held by women,0.0
2015,Local goverment,Sunda municipality,Seats held by women,0.0
2015,Local goverment,Sunda municipality,Number of seats,0.0
2016,Local goverment,Sunda municipality,Proportion of seats held by women,0.0
2016,Local goverment,Sunda municipality,Seats held by women,0.0
2016,Local goverment,Sunda municipality,Number of seats,0.0
2019,Local goverment,Sunda municipality,Proportion of seats held by women,0.0
2019,Local goverment,Sunda municipality,Seats held by women,0.0
2019,Local goverment,Sunda municipality,Number of seats,0.0
2020,Local goverment,Sunda municipality,Proportion of seats held by women,0.0
2020,Local goverment,Sunda municipality,Seats held by women,0.0
2020,Local goverment,Sunda municipality,Number of seats,0.0
2022,Local goverment,Sunda municipality,Proportion of seats held by women,0.0
2022,Local goverment,Sunda municipality,Seats held by women,0.0
2022,Local goverment,Sunda municipality,Number of seats,0.0
2024,Local goverment,Sunda municipality,Proportion of seats held by women,0.0
2024,Local goverment,Sunda municipality,Seats held by women,0.0
2024,Local goverment,Sunda municipality,Number of seats,0.0
1984,Local goverment,Svínoy municipality,Proportion of seats held by women,0.0
1984,Local goverment,Svínoy municipality,Seats held by women,0.0
1984,Local goverment,Svínoy municipality,Number of seats,0.0
1988,Local goverment,Svínoy municipality,Proportion of seats held by women,0.0
1988,Local goverment,Svínoy municipality,Seats held by women,0.0
1988,Local goverment,Svínoy municipality,Number of seats,0.0
1990,Local goverment,Svínoy municipality,Proportion of seats held by women,0.0
1990,Local goverment,Svínoy municipality,Seats held by women,0.0
1990,Local goverment,Svínoy municipality,Number of seats,0.0
1992,Local goverment,Svínoy municipality,Proportion of seats held by women,0.0
1992,Local goverment,Svínoy municipality,Seats held by women,0.0
1992,Local goverment,Svínoy municipality,Number of seats,0.0
1994,Local goverment,Svínoy municipality,Proportion of seats held by women,0.0
1994,Local goverment,Svínoy municipality,Seats held by women,0.0
1994,Local goverment,Svínoy municipality,Number of seats,0.0
1996,Local goverment,Svínoy municipality,Proportion of seats held by women,0.0
1996,Local goverment,Svínoy municipality,Seats held by women,0.0
1996,Local goverment,Svínoy municipality,Number of seats,0.0
1998,Local goverment,Svínoy municipality,Proportion of seats held by women,0.0
1998,Local goverment,Svínoy municipality,Seats held by women,0.0
1998,Local goverment,Svínoy municipality,Number of seats,0.0
2000,Local goverment,Svínoy municipality,Proportion of seats held by women,0.0
2000,Local goverment,Svínoy municipality,Seats held by women,0.0
2000,Local goverment,Svínoy municipality,Number of seats,0.0
2002,Local goverment,Svínoy municipality,Proportion of seats held by women,0.0
2002,Local goverment,Svínoy municipality,Seats held by women,0.0
2002,Local goverment,Svínoy municipality,Number of seats,0.0
2004,Local goverment,Svínoy municipality,Proportion of seats held by women,0.0
2004,Local goverment,Svínoy municipality,Seats held by women,0.0
2004,Local goverment,Svínoy municipality,Number of seats,0.0
2008,Local goverment,Svínoy municipality,Proportion of seats held by women,0.0
2008,Local goverment,Svínoy municipality,Seats held by women,0.0
2008,Local goverment,Svínoy municipality,Number of seats,0.0
2011,Local goverment,Svínoy municipality,Proportion of seats held by women,0.0
2011,Local goverment,Svínoy municipality,Seats held by women,0.0
2011,Local goverment,Svínoy municipality,Number of seats,0.0
2012,Local goverment,Svínoy municipality,Proportion of seats held by women,0.0
2012,Local goverment,Svínoy municipality,Seats held by women,0.0
2012,Local goverment,Svínoy municipality,Number of seats,0.0
2015,Local goverment,Svínoy municipality,Proportion of seats held by women,0.0
2015,Local goverment,Svínoy municipality,Seats held by women,0.0
2015,Local goverment,Svínoy municipality,Number of seats,0.0
2016,Local goverment,Svínoy municipality,Proportion of seats held by women,0.0
2016,Local goverment,Svínoy municipality,Seats held by women,0.0
2016,Local goverment,Svínoy municipality,Number of seats,0.0
2019,Local goverment,Svínoy municipality,Proportion of seats held by women,0.0
2019,Local goverment,Svínoy municipality,Seats held by women,0.0
2019,Local goverment,Svínoy municipality,Number of seats,0.0
2020,Local goverment,Svínoy municipality,Proportion of seats held by women,0.0
2020,Local goverment,Svínoy municipality,Seats held by women,0.0
2020,Local goverment,Svínoy municipality,Number of seats,0.0
2022,Local goverment,Svínoy municipality,Proportion of seats held by women,0.0
2022,Local goverment,Svínoy municipality,Seats held by women,0.0
2022,Local goverment,Svínoy municipality,Number of seats,0.0
2024,Local goverment,Svínoy municipality,Proportion of seats held by women,0.0
2024,Local goverment,Svínoy municipality,Seats held by women,0.0
2024,Local goverment,Svínoy municipality,Number of seats,0.0
1984,Local goverment,Tórshavn municipality,Proportion of seats held by women,0.0
1984,Local goverment,Tórshavn municipality,Seats held by women,0.0
1984,Local goverment,Tórshavn municipality,Number of seats,0.0
1988,Local goverment,Tórshavn municipality,Proportion of seats held by women,0.0
1988,Local goverment,Tórshavn municipality,Seats held by women,0.0
1988,Local goverment,Tórshavn municipality,Number of seats,0.0
1990,Local goverment,Tórshavn municipality,Proportion of seats held by women,0.0
1990,Local goverment,Tórshavn municipality,Seats held by women,0.0
1990,Local goverment,Tórshavn municipality,Number of seats,0.0
1992,Local goverment,Tórshavn municipality,Proportion of seats held by women,0.0
1992,Local goverment,Tórshavn municipality,Seats held by women,0.0
1992,Local goverment,Tórshavn municipality,Number of seats,0.0
1994,Local goverment,Tórshavn municipality,Proportion of seats held by women,0.0
1994,Local goverment,Tórshavn municipality,Seats held by women,0.0
1994,Local goverment,Tórshavn municipality,Number of seats,0.0
1996,Local goverment,Tórshavn municipality,Proportion of seats held by women,0.0
1996,Local goverment,Tórshavn municipality,Seats held by women,0.0
1996,Local goverment,Tórshavn municipality,Number of seats,0.0
1998,Local goverment,Tórshavn municipality,Proportion of seats held by women,0.0
1998,Local goverment,Tórshavn municipality,Seats held by women,0.0
1998,Local goverment,Tórshavn municipality,Number of seats,0.0
2000,Local goverment,Tórshavn municipality,Proportion of seats held by women,0.0
2000,Local goverment,Tórshavn municipality,Seats held by women,0.0
2000,Local goverment,Tórshavn municipality,Number of seats,0.0
2002,Local goverment,Tórshavn municipality,Proportion of seats held by women,0.0
2002,Local goverment,Tórshavn municipality,Seats held by women,0.0
2002,Local goverment,Tórshavn municipality,Number of seats,0.0
2004,Local goverment,Tórshavn municipality,Proportion of seats held by women,0.0
2004,Local goverment,Tórshavn municipality,Seats held by women,0.0
2004,Local goverment,Tórshavn municipality,Number of seats,0.0
2008,Local goverment,Tórshavn municipality,Proportion of seats held by women,0.0
2008,Local goverment,Tórshavn municipality,Seats held by women,0.0
2008,Local goverment,Tórshavn municipality,Number of seats,0.0
2011,Local goverment,Tórshavn municipality,Proportion of seats held by women,0.0
2011,Local goverment,Tórshavn municipality,Seats held by women,0.0
2011,Local goverment,Tórshavn municipality,Number of seats,0.0
2012,Local goverment,Tórshavn municipality,Proportion of seats held by women,0.0
2012,Local goverment,Tórshavn municipality,Seats held by women,0.0
2012,Local goverment,Tórshavn municipality,Number of seats,0.0
2015,Local goverment,Tórshavn municipality,Proportion of seats held by women,0.0
2015,Local goverment,Tórshavn municipality,Seats held by women,0.0
2015,Local goverment,Tórshavn municipality,Number of seats,0.0
2016,Local goverment,Tórshavn municipality,Proportion of seats held by women,0.0
2016,Local goverment,Tórshavn municipality,Seats held by women,0.0
2016,Local goverment,Tórshavn municipality,Number of seats,0.0
2019,Local goverment,Tórshavn municipality,Proportion of seats held by women,0.0
2019,Local goverment,Tórshavn municipality,Seats held by women,0.0
2019,Local goverment,Tórshavn municipality,Number of seats,0.0
2020,Local goverment,Tórshavn municipality,Proportion of seats held by women,0.0
2020,Local goverment,Tórshavn municipality,Seats held by women,0.0
2020,Local goverment,Tórshavn municipality,Number of seats,0.0
2022,Local goverment,Tórshavn municipality,Proportion of seats held by women,0.0
2022,Local goverment,Tórshavn municipality,Seats held by women,0.0
2022,Local goverment,Tórshavn municipality,Number of seats,0.0
2024,Local goverment,Tórshavn municipality,Proportion of seats held by women,0.0
2024,Local goverment,Tórshavn municipality,Seats held by women,0.0
2024,Local goverment,Tórshavn municipality,Number of seats,0.0
1984,Local goverment,Tvøroyri municipality,Proportion of seats held by women,0.0
1984,Local goverment,Tvøroyri municipality,Seats held by women,0.0
1984,Local goverment,Tvøroyri municipality,Number of seats,0.0
1988,Local goverment,Tvøroyri municipality,Proportion of seats held by women,0.0
1988,Local goverment,Tvøroyri municipality,Seats held by women,0.0
1988,Local goverment,Tvøroyri municipality,Number of seats,0.0
1990,Local goverment,Tvøroyri municipality,Proportion of seats held by women,0.0
1990,Local goverment,Tvøroyri municipality,Seats held by women,0.0
1990,Local goverment,Tvøroyri municipality,Number of seats,0.0
1992,Local goverment,Tvøroyri municipality,Proportion of seats held by women,0.0
1992,Local goverment,Tvøroyri municipality,Seats held by women,0.0
1992,Local goverment,Tvøroyri municipality,Number of seats,0.0
1994,Local goverment,Tvøroyri municipality,Proportion of seats held by women,0.0
1994,Local goverment,Tvøroyri municipality,Seats held by women,0.0
1994,Local goverment,Tvøroyri municipality,Number of seats,0.0
1996,Local goverment,Tvøroyri municipality,Proportion of seats held by women,0.0
1996,Local goverment,Tvøroyri municipality,Seats held by women,0.0
1996,Local goverment,Tvøroyri municipality,Number of seats,0.0
1998,Local goverment,Tvøroyri municipality,Proportion of seats held by women,0.0
1998,Local goverment,Tvøroyri municipality,Seats held by women,0.0
1998,Local goverment,Tvøroyri municipality,Number of seats,0.0
2000,Local goverment,Tvøroyri municipality,Proportion of seats held by women,0.0
2000,Local goverment,Tvøroyri municipality,Seats held by women,0.0
2000,Local goverment,Tvøroyri municipality,Number of seats,0.0
2002,Local goverment,Tvøroyri municipality,Proportion of seats held by women,0.0
2002,Local goverment,Tvøroyri municipality,Seats held by women,0.0
2002,Local goverment,Tvøroyri municipality,Number of seats,0.0
2004,Local goverment,Tvøroyri municipality,Proportion of seats held by women,0.0
2004,Local goverment,Tvøroyri municipality,Seats held by women,0.0
2004,Local goverment,Tvøroyri municipality,Number of seats,0.0
2008,Local goverment,Tvøroyri municipality,Proportion of seats held by women,0.0
2008,Local goverment,Tvøroyri municipality,Seats held by women,0.0
2008,Local goverment,Tvøroyri municipality,Number of seats,0.0
2011,Local goverment,Tvøroyri municipality,Proportion of seats held by women,0.0
2011,Local goverment,Tvøroyri municipality,Seats held by women,0.0
2011,Local goverment,Tvøroyri municipality,Number of seats,0.0
2012,Local goverment,Tvøroyri municipality,Proportion of seats held by women,0.0
2012,Local goverment,Tvøroyri municipality,Seats held by women,0.0
2012,Local goverment,Tvøroyri municipality,Number of seats,0.0
2015,Local goverment,Tvøroyri municipality,Proportion of seats held by women,0.0
2015,Local goverment,Tvøroyri municipality,Seats held by women,0.0
2015,Local goverment,Tvøroyri municipality,Number of seats,0.0
2016,Local goverment,Tvøroyri municipality,Proportion of seats held by women,0.0
2016,Local goverment,Tvøroyri municipality,Seats held by women,0.0
2016,Local goverment,Tvøroyri municipality,Number of seats,0.0
2019,Local goverment,Tvøroyri municipality,Proportion of seats held by women,0.0
2019,Local goverment,Tvøroyri municipality,Seats held by women,0.0
2019,Local goverment,Tvøroyri municipality,Number of seats,0.0
2020,Local goverment,Tvøroyri municipality,Proportion of seats held by women,0.0
2020,Local goverment,Tvøroyri municipality,Seats held by women,0.0
2020,Local goverment,Tvøroyri municipality,Number of seats,0.0
2022,Local goverment,Tvøroyri municipality,Proportion of seats held by women,0.0
2022,Local goverment,Tvøroyri municipality,Seats held by women,0.0
2022,Local goverment,Tvøroyri municipality,Number of seats,0.0
2024,Local goverment,Tvøroyri municipality,Proportion of seats held by women,0.0
2024,Local goverment,Tvøroyri municipality,Seats held by women,0.0
2024,Local goverment,Tvøroyri municipality,Number of seats,0.0
1984,Local goverment,Vágar municipality,Proportion of seats held by women,0.0
1984,Local goverment,Vágar municipality,Seats held by women,0.0
1984,Local goverment,Vágar municipality,Number of seats,0.0
1988,Local goverment,Vágar municipality,Proportion of seats held by women,0.0
1988,Local goverment,Vágar municipality,Seats held by women,0.0
1988,Local goverment,Vágar municipality,Number of seats,0.0
1990,Local goverment,Vágar municipality,Proportion of seats held by women,0.0
1990,Local goverment,Vágar municipality,Seats held by women,0.0
1990,Local goverment,Vágar municipality,Number of seats,0.0
1992,Local goverment,Vágar municipality,Proportion of seats held by women,0.0
1992,Local goverment,Vágar municipality,Seats held by women,0.0
1992,Local goverment,Vágar municipality,Number of seats,0.0
1994,Local goverment,Vágar municipality,Proportion of seats held by women,0.0
1994,Local goverment,Vágar municipality,Seats held by women,0.0
1994,Local goverment,Vágar municipality,Number of seats,0.0
1996,Local goverment,Vágar municipality,Proportion of seats held by women,0.0
1996,Local goverment,Vágar municipality,Seats held by women,0.0
1996,Local goverment,Vágar municipality,Number of seats,0.0
1998,Local goverment,Vágar municipality,Proportion of seats held by women,0.0
1998,Local goverment,Vágar municipality,Seats held by women,0.0
1998,Local goverment,Vágar municipality,Number of seats,0.0
2000,Local goverment,Vágar municipality,Proportion of seats held by women,0.0
2000,Local goverment,Vágar municipality,Seats held by women,0.0
2000,Local goverment,Vágar municipality,Number of seats,0.0
2002,Local goverment,Vágar municipality,Proportion of seats held by women,0.0
2002,Local goverment,Vágar municipality,Seats held by women,0.0
2002,Local goverment,Vágar municipality,Number of seats,0.0
2004,Local goverment,Vágar municipality,Proportion of seats held by women,0.0
2004,Local goverment,Vágar municipality,Seats held by women,0.0
2004,Local goverment,Vágar municipality,Number of seats,0.0
2008,Local goverment,Vágar municipality,Proportion of seats held by women,0.0
2008,Local goverment,Vágar municipality,Seats held by women,0.0
2008,Local goverment,Vágar municipality,Number of seats,0.0
2011,Local goverment,Vágar municipality,Proportion of seats held by women,0.0
2011,Local goverment,Vágar municipality,Seats held by women,0.0
2011,Local goverment,Vágar municipality,Number of seats,0.0
2012,Local goverment,Vágar municipality,Proportion of seats held by women,0.0
2012,Local goverment,Vágar municipality,Seats held by women,0.0
2012,Local goverment,Vágar municipality,Number of seats,0.0
2015,Local goverment,Vágar municipality,Proportion of seats held by women,0.0
2015,Local goverment,Vágar municipality,Seats held by women,0.0
2015,Local goverment,Vágar municipality,Number of seats,0.0
2016,Local goverment,Vágar municipality,Proportion of seats held by women,0.0
2016,Local goverment,Vágar municipality,Seats held by women,0.0
2016,Local goverment,Vágar municipality,Number of seats,0.0
2019,Local goverment,Vágar municipality,Proportion of seats held by women,0.0
2019,Local goverment,Vágar municipality,Seats held by women,0.0
2019,Local goverment,Vágar municipality,Number of seats,0.0
2020,Local goverment,Vágar municipality,Proportion of seats held by women,0.0
2020,Local goverment,Vágar municipality,Seats held by women,0.0
2020,Local goverment,Vágar municipality,Number of seats,0.0
2022,Local goverment,Vágar municipality,Proportion of seats held by women,0.0
2022,Local goverment,Vágar municipality,Seats held by women,0.0
2022,Local goverment,Vágar municipality,Number of seats,0.0
2024,Local goverment,Vágar municipality,Proportion of seats held by women,0.0
2024,Local goverment,Vágar municipality,Seats held by women,0.0
2024,Local goverment,Vágar municipality,Number of seats,0.0
1984,Local goverment,Vágur municipality,Proportion of seats held by women,0.0
1984,Local goverment,Vágur municipality,Seats held by women,0.0
1984,Local goverment,Vágur municipality,Number of seats,0.0
1988,Local goverment,Vágur municipality,Proportion of seats held by women,0.0
1988,Local goverment,Vágur municipality,Seats held by women,0.0
1988,Local goverment,Vágur municipality,Number of seats,0.0
1990,Local goverment,Vágur municipality,Proportion of seats held by women,0.0
1990,Local goverment,Vágur municipality,Seats held by women,0.0
1990,Local goverment,Vágur municipality,Number of seats,0.0
1992,Local goverment,Vágur municipality,Proportion of seats held by women,0.0
1992,Local goverment,Vágur municipality,Seats held by women,0.0
1992,Local goverment,Vágur municipality,Number of seats,0.0
1994,Local goverment,Vágur municipality,Proportion of seats held by women,0.0
1994,Local goverment,Vágur municipality,Seats held by women,0.0
1994,Local goverment,Vágur municipality,Number of seats,0.0
1996,Local goverment,Vágur municipality,Proportion of seats held by women,0.0
1996,Local goverment,Vágur municipality,Seats held by women,0.0
1996,Local goverment,Vágur municipality,Number of seats,0.0
1998,Local goverment,Vágur municipality,Proportion of seats held by women,0.0
1998,Local goverment,Vágur municipality,Seats held by women,0.0
1998,Local goverment,Vágur municipality,Number of seats,0.0
2000,Local goverment,Vágur municipality,Proportion of seats held by women,0.0
2000,Local goverment,Vágur municipality,Seats held by women,0.0
2000,Local goverment,Vágur municipality,Number of seats,0.0
2002,Local goverment,Vágur municipality,Proportion of seats held by women,0.0
2002,Local goverment,Vágur municipality,Seats held by women,0.0
2002,Local goverment,Vágur municipality,Number of seats,0.0
2004,Local goverment,Vágur municipality,Proportion of seats held by women,0.0
2004,Local goverment,Vágur municipality,Seats held by women,0.0
2004,Local goverment,Vágur municipality,Number of seats,0.0
2008,Local goverment,Vágur municipality,Proportion of seats held by women,0.0
2008,Local goverment,Vágur municipality,Seats held by women,0.0
2008,Local goverment,Vágur municipality,Number of seats,0.0
2011,Local goverment,Vágur municipality,Proportion of seats held by women,0.0
2011,Local goverment,Vágur municipality,Seats held by women,0.0
2011,Local goverment,Vágur municipality,Number of seats,0.0
2012,Local goverment,Vágur municipality,Proportion of seats held by women,0.0
2012,Local goverment,Vágur municipality,Seats held by women,0.0
2012,Local goverment,Vágur municipality,Number of seats,0.0
2015,Local goverment,Vágur municipality,Proportion of seats held by women,0.0
2015,Local goverment,Vágur municipality,Seats held by women,0.0
2015,Local goverment,Vágur municipality,Number of seats,0.0
2016,Local goverment,Vágur municipality,Proportion of seats held by women,0.0
2016,Local goverment,Vágur municipality,Seats held by women,0.0
2016,Local goverment,Vágur municipality,Number of seats,0.0
2019,Local goverment,Vágur municipality,Proportion of seats held by women,0.0
2019,Local goverment,Vágur municipality,Seats held by women,0.0
2019,Local goverment,Vágur municipality,Number of seats,0.0
2020,Local goverment,Vágur municipality,Proportion of seats held by women,0.0
2020,Local goverment,Vágur municipality,Seats held by women,0.0
2020,Local goverment,Vágur municipality,Number of seats,0.0
2022,Local goverment,Vágur municipality,Proportion of seats held by women,0.0
2022,Local goverment,Vágur municipality,Seats held by women,0.0
2022,Local goverment,Vágur municipality,Number of seats,0.0
2024,Local goverment,Vágur municipality,Proportion of seats held by women,0.0
2024,Local goverment,Vágur municipality,Seats held by women,0.0
2024,Local goverment,Vágur municipality,Number of seats,0.0
1984,Local goverment,Vestmanna municipality,Proportion of seats held by women,0.0
1984,Local goverment,Vestmanna municipality,Seats held by women,0.0
1984,Local goverment,Vestmanna municipality,Number of seats,0.0
1988,Local goverment,Vestmanna municipality,Proportion of seats held by women,0.0
1988,Local goverment,Vestmanna municipality,Seats held by women,0.0
1988,Local goverment,Vestmanna municipality,Number of seats,0.0
1990,Local goverment,Vestmanna municipality,Proportion of seats held by women,0.0
1990,Local goverment,Vestmanna municipality,Seats held by women,0.0
1990,Local goverment,Vestmanna municipality,Number of seats,0.0
1992,Local goverment,Vestmanna municipality,Proportion of seats held by women,0.0
1992,Local goverment,Vestmanna municipality,Seats held by women,0.0
1992,Local goverment,Vestmanna municipality,Number of seats,0.0
1994,Local goverment,Vestmanna municipality,Proportion of seats held by women,0.0
1994,Local goverment,Vestmanna municipality,Seats held by women,0.0
1994,Local goverment,Vestmanna municipality,Number of seats,0.0
1996,Local goverment,Vestmanna municipality,Proportion of seats held by women,0.0
1996,Local goverment,Vestmanna municipality,Seats held by women,0.0
1996,Local goverment,Vestmanna municipality,Number of seats,0.0
1998,Local goverment,Vestmanna municipality,Proportion of seats held by women,0.0
1998,Local goverment,Vestmanna municipality,Seats held by women,0.0
1998,Local goverment,Vestmanna municipality,Number of seats,0.0
2000,Local goverment,Vestmanna municipality,Proportion of seats held by women,0.0
2000,Local goverment,Vestmanna municipality,Seats held by women,0.0
2000,Local goverment,Vestmanna municipality,Number of seats,0.0
2002,Local goverment,Vestmanna municipality,Proportion of seats held by women,0.0
2002,Local goverment,Vestmanna municipality,Seats held by women,0.0
2002,Local goverment,Vestmanna municipality,Number of seats,0.0
2004,Local goverment,Vestmanna municipality,Proportion of seats held by women,0.0
2004,Local goverment,Vestmanna municipality,Seats held by women,0.0
2004,Local goverment,Vestmanna municipality,Number of seats,0.0
2008,Local goverment,Vestmanna municipality,Proportion of seats held by women,0.0
2008,Local goverment,Vestmanna municipality,Seats held by women,0.0
2008,Local goverment,Vestmanna municipality,Number of seats,0.0
2011,Local goverment,Vestmanna municipality,Proportion of seats held by women,0.0
2011,Local goverment,Vestmanna municipality,Seats held by women,0.0
2011,Local goverment,Vestmanna municipality,Number of seats,0.0
2012,Local goverment,Vestmanna municipality,Proportion of seats held by women,0.0
2012,Local goverment,Vestmanna municipality,Seats held by women,0.0
2012,Local goverment,Vestmanna municipality,Number of seats,0.0
2015,Local goverment,Vestmanna municipality,Proportion of seats held by women,0.0
2015,Local goverment,Vestmanna municipality,Seats held by women,0.0
2015,Local goverment,Vestmanna municipality,Number of seats,0.0
2016,Local goverment,Vestmanna municipality,Proportion of seats held by women,0.0
2016,Local goverment,Vestmanna municipality,Seats held by women,0.0
2016,Local goverment,Vestmanna municipality,Number of seats,0.0
2019,Local goverment,Vestmanna municipality,Proportion of seats held by women,0.0
2019,Local goverment,Vestmanna municipality,Seats held by women,0.0
2019,Local goverment,Vestmanna municipality,Number of seats,0.0
2020,Local goverment,Vestmanna municipality,Proportion of seats held by women,0.0
2020,Local goverment,Vestmanna municipality,Seats held by women,0.0
2020,Local goverment,Vestmanna municipality,Number of seats,0.0
2022,Local goverment,Vestmanna municipality,Proportion of seats held by women,0.0
2022,Local goverment,Vestmanna municipality,Seats held by women,0.0
2022,Local goverment,Vestmanna municipality,Number of seats,0.0
2024,Local goverment,Vestmanna municipality,Proportion of seats held by women,0.0
2024,Local goverment,Vestmanna municipality,Seats held by women,0.0
2024,Local goverment,Vestmanna municipality,Number of seats,0.0
1984,Local goverment,Viðareiði municipality,Proportion of seats held by women,0.0
1984,Local goverment,Viðareiði municipality,Seats held by women,0.0
1984,Local goverment,Viðareiði municipality,Number of seats,0.0
1988,Local goverment,Viðareiði municipality,Proportion of seats held by women,0.0
1988,Local goverment,Viðareiði municipality,Seats held by women,0.0
1988,Local goverment,Viðareiði municipality,Number of seats,0.0
1990,Local goverment,Viðareiði municipality,Proportion of seats held by women,0.0
1990,Local goverment,Viðareiði municipality,Seats held by women,0.0
1990,Local goverment,Viðareiði municipality,Number of seats,0.0
1992,Local goverment,Viðareiði municipality,Proportion of seats held by women,0.0
1992,Local goverment,Viðareiði municipality,Seats held by women,0.0
1992,Local goverment,Viðareiði municipality,Number of seats,0.0
1994,Local goverment,Viðareiði municipality,Proportion of seats held by women,0.0
1994,Local goverment,Viðareiði municipality,Seats held by women,0.0
1994,Local goverment,Viðareiði municipality,Number of seats,0.0
1996,Local goverment,Viðareiði municipality,Proportion of seats held by women,0.0
1996,Local goverment,Viðareiði municipality,Seats held by women,0.0
1996,Local goverment,Viðareiði municipality,Number of seats,0.0
1998,Local goverment,Viðareiði municipality,Proportion of seats held by women,0.0
1998,Local goverment,Viðareiði municipality,Seats held by women,0.0
1998,Local goverment,Viðareiði municipality,Number of seats,0.0
2000,Local goverment,Viðareiði municipality,Proportion of seats held by women,0.0
2000,Local goverment,Viðareiði municipality,Seats held by women,0.0
2000,Local goverment,Viðareiði municipality,Number of seats,0.0
2002,Local goverment,Viðareiði municipality,Proportion of seats held by women,0.0
2002,Local goverment,Viðareiði municipality,Seats held by women,0.0
2002,Local goverment,Viðareiði municipality,Number of seats,0.0
2004,Local goverment,Viðareiði municipality,Proportion of seats held by women,0.0
2004,Local goverment,Viðareiði municipality,Seats held by women,0.0
2004,Local goverment,Viðareiði municipality,Number of seats,0.0
2008,Local goverment,Viðareiði municipality,Proportion of seats held by women,0.0
2008,Local goverment,Viðareiði municipality,Seats held by women,0.0
2008,Local goverment,Viðareiði municipality,Number of seats,0.0
2011,Local goverment,Viðareiði municipality,Proportion of seats held by women,0.0
2011,Local goverment,Viðareiði municipality,Seats held by women,0.0
2011,Local goverment,Viðareiði municipality,Number of seats,0.0
2012,Local goverment,Viðareiði municipality,Proportion of seats held by women,0.0
2012,Local goverment,Viðareiði municipality,Seats held by women,0.0
2012,Local goverment,Viðareiði municipality,Number of seats,0.0
2015,Local goverment,Viðareiði municipality,Proportion of seats held by women,0.0
2015,Local goverment,Viðareiði municipality,Seats held by women,0.0
2015,Local goverment,Viðareiði municipality,Number of seats,0.0
2016,Local goverment,Viðareiði municipality,Proportion of seats held by women,0.0
2016,Local goverment,Viðareiði municipality,Seats held by women,0.0
2016,Local goverment,Viðareiði municipality,Number of seats,0.0
2019,Local goverment,Viðareiði municipality,Proportion of seats held by women,0.0
2019,Local goverment,Viðareiði municipality,Seats held by women,0.0
2019,Local goverment,Viðareiði municipality,Number of seats,0.0
2020,Local goverment,Viðareiði municipality,Proportion of seats held by women,0.0
2020,Local goverment,Viðareiði municipality,Seats held by women,0.0
2020,Local goverment,Viðareiði municipality,Number of seats,0.0
2022,Local goverment,Viðareiði municipality,Proportion of seats held by women,0.0
2022,Local goverment,Viðareiði municipality,Seats held by women,0.0
2022,Local goverment,Viðareiði municipality,Number of seats,0.0
2024,Local goverment,Viðareiði municipality,Proportion of seats held by women,0.0
2024,Local goverment,Viðareiði municipality,Seats held by women,0.0
2024,Local goverment,Viðareiði municipality,Number of seats,0.0
