Year,Value
2012,4.67886430473242
2013,5.66751627459578
2014,7.01798135358697
2015,8.57619532347439
2016,7.21650988627583
2017,8.6019408074778
2018,8.01615721371945
2019,7.92758304955724
2020,7.98498436760728
2021,8.15567887814746
