Year,Value
2000,2.77
2001,2.56
2002,3.4
2003,3.11
2004,3.42
2005,3.84
2006,4.3
2007,4.54
2008,4.51
2009,5.12
2010,3.38
2011,5.0
2012,4.67886430473242
2013,5.66751627459578
2014,7.01798135358697
2015,8.57619532347439
2016,7.21650988627583
2017,8.6019408074778
2018,8.01615721371945
2019,7.92758304955724
2020,7.98498436760728
2021,8.15567887814746
