Year,Series,party,Units,Value
1984,NP,TOT,SG_GEN_PARL,3.1
1984,NP,TOT,SG_GEN_PARLN,1.0
1984,NP,TOT,SG_GEN_PARLNT,32.0
1988,NP,TOT,SG_GEN_PARL,9.4
1988,NP,TOT,SG_GEN_PARLN,3.0
1988,NP,TOT,SG_GEN_PARLNT,32.0
1990,NP,TOT,SG_GEN_PARL,9.4
1990,NP,TOT,SG_GEN_PARLN,3.0
1990,NP,TOT,SG_GEN_PARLNT,32.0
1994,NP,TOT,SG_GEN_PARL,15.6
1994,NP,TOT,SG_GEN_PARLN,5.0
1994,NP,TOT,SG_GEN_PARLNT,32.0
1998,NP,TOT,SG_GEN_PARL,12.5
1998,NP,TOT,SG_GEN_PARLN,4.0
1998,NP,TOT,SG_GEN_PARLNT,32.0
2002,NP,TOT,SG_GEN_PARL,12.5
2002,NP,TOT,SG_GEN_PARLN,4.0
2002,NP,TOT,SG_GEN_PARLNT,32.0
2004,NP,TOT,SG_GEN_PARL,9.4
2004,NP,TOT,SG_GEN_PARLN,3.0
2004,NP,TOT,SG_GEN_PARLNT,32.0
2008,NP,TOT,SG_GEN_PARL,21.2
2008,NP,TOT,SG_GEN_PARLN,7.0
2008,NP,TOT,SG_GEN_PARLNT,33.0
2011,NP,TOT,SG_GEN_PARL,30.3
2011,NP,TOT,SG_GEN_PARLN,10.0
2011,NP,TOT,SG_GEN_PARLNT,33.0
2015,NP,TOT,SG_GEN_PARL,30.3
2015,NP,TOT,SG_GEN_PARLN,10.0
2015,NP,TOT,SG_GEN_PARLNT,33.0
2019,NP,TOT,SG_GEN_PARL,24.2
2019,NP,TOT,SG_GEN_PARLN,8.0
2019,NP,TOT,SG_GEN_PARLNT,33.0
2022,NP,TOT,SG_GEN_PARL,30.3
2022,NP,TOT,SG_GEN_PARLN,10.0
2022,NP,TOT,SG_GEN_PARLNT,33.0
1984,NP,A,SG_GEN_PARL,0.0
1984,NP,A,SG_GEN_PARLN,0.0
1984,NP,A,SG_GEN_PARLNT,7.0
1988,NP,A,SG_GEN_PARL,0.0
1988,NP,A,SG_GEN_PARLN,0.0
1988,NP,A,SG_GEN_PARLNT,8.0
1990,NP,A,SG_GEN_PARL,0.0
1990,NP,A,SG_GEN_PARLN,0.0
1990,NP,A,SG_GEN_PARLNT,7.0
1994,NP,A,SG_GEN_PARL,0.0
1994,NP,A,SG_GEN_PARLN,0.0
1994,NP,A,SG_GEN_PARLNT,6.0
1998,NP,A,SG_GEN_PARL,0.0
1998,NP,A,SG_GEN_PARLN,0.0
1998,NP,A,SG_GEN_PARLNT,8.0
2002,NP,A,SG_GEN_PARL,0.0
2002,NP,A,SG_GEN_PARLN,0.0
2002,NP,A,SG_GEN_PARLNT,7.0
2004,NP,A,SG_GEN_PARL,0.0
2004,NP,A,SG_GEN_PARLN,0.0
2004,NP,A,SG_GEN_PARLNT,7.0
2008,NP,A,SG_GEN_PARL,14.3
2008,NP,A,SG_GEN_PARLN,1.0
2008,NP,A,SG_GEN_PARLNT,7.0
2011,NP,A,SG_GEN_PARL,25.0
2011,NP,A,SG_GEN_PARLN,2.0
2011,NP,A,SG_GEN_PARLNT,8.0
2015,NP,A,SG_GEN_PARL,33.3
2015,NP,A,SG_GEN_PARLN,2.0
2015,NP,A,SG_GEN_PARLNT,6.0
2019,NP,A,SG_GEN_PARL,12.5
2019,NP,A,SG_GEN_PARLN,1.0
2019,NP,A,SG_GEN_PARLNT,8.0
2022,NP,A,SG_GEN_PARL,16.7
2022,NP,A,SG_GEN_PARLN,1.0
2022,NP,A,SG_GEN_PARLNT,6.0
1984,NP,FBF,SG_GEN_PARL,0.0
1984,NP,FBF,SG_GEN_PARLN,0.0
1984,NP,FBF,SG_GEN_PARLNT,2.0
2011,NP,F,SG_GEN_PARL,0.0
2011,NP,F,SG_GEN_PARLN,0.0
2011,NP,F,SG_GEN_PARLNT,2.0
2015,NP,F,SG_GEN_PARL,50.0
2015,NP,F,SG_GEN_PARLN,1.0
2015,NP,F,SG_GEN_PARLNT,2.0
2019,NP,F,SG_GEN_PARL,0.0
2019,NP,F,SG_GEN_PARLN,0.0
2019,NP,F,SG_GEN_PARLNT,2.0
2022,NP,F,SG_GEN_PARL,33.3
2022,NP,F,SG_GEN_PARLN,1.0
2022,NP,F,SG_GEN_PARLNT,3.0
1984,NP,C,SG_GEN_PARL,0.0
1984,NP,C,SG_GEN_PARLN,0.0
1984,NP,C,SG_GEN_PARLNT,8.0
1988,NP,C,SG_GEN_PARL,14.3
1988,NP,C,SG_GEN_PARLN,1.0
1988,NP,C,SG_GEN_PARLNT,7.0
1990,NP,C,SG_GEN_PARL,10.0
1990,NP,C,SG_GEN_PARLN,1.0
1990,NP,C,SG_GEN_PARLNT,10.0
1994,NP,C,SG_GEN_PARL,20.0
1994,NP,C,SG_GEN_PARLN,1.0
1994,NP,C,SG_GEN_PARLNT,5.0
1998,NP,C,SG_GEN_PARL,14.3
1998,NP,C,SG_GEN_PARLN,1.0
1998,NP,C,SG_GEN_PARLNT,7.0
2002,NP,C,SG_GEN_PARL,14.3
2002,NP,C,SG_GEN_PARLN,1.0
2002,NP,C,SG_GEN_PARLNT,7.0
2004,NP,C,SG_GEN_PARL,0.0
2004,NP,C,SG_GEN_PARLN,0.0
2004,NP,C,SG_GEN_PARLNT,7.0
2008,NP,C,SG_GEN_PARL,33.3
2008,NP,C,SG_GEN_PARLN,2.0
2008,NP,C,SG_GEN_PARLNT,6.0
2011,NP,C,SG_GEN_PARL,33.3
2011,NP,C,SG_GEN_PARLN,2.0
2011,NP,C,SG_GEN_PARLNT,6.0
2015,NP,C,SG_GEN_PARL,37.5
2015,NP,C,SG_GEN_PARLN,3.0
2015,NP,C,SG_GEN_PARLNT,8.0
2019,NP,C,SG_GEN_PARL,14.3
2019,NP,C,SG_GEN_PARLN,1.0
2019,NP,C,SG_GEN_PARLNT,7.0
2022,NP,C,SG_GEN_PARL,33.3
2022,NP,C,SG_GEN_PARLN,3.0
2022,NP,C,SG_GEN_PARLNT,9.0
1988,NP,KF,SG_GEN_PARL,0.0
1988,NP,KF,SG_GEN_PARLN,0.0
1988,NP,KF,SG_GEN_PARLNT,2.0
1990,NP,KF,SG_GEN_PARL,0.0
1990,NP,KF,SG_GEN_PARLN,0.0
1990,NP,KF,SG_GEN_PARLNT,2.0
1994,NP,KF,SG_GEN_PARL,0.0
1994,NP,KF,SG_GEN_PARLN,0.0
1994,NP,KF,SG_GEN_PARLNT,2.0
1994,NP,H,SG_GEN_PARL,0.0
1994,NP,H,SG_GEN_PARLN,0.0
1994,NP,H,SG_GEN_PARLNT,2.0
1998,NP,H,SG_GEN_PARL,0.0
1998,NP,H,SG_GEN_PARLN,0.0
1998,NP,H,SG_GEN_PARLNT,1.0
2002,NP,H,SG_GEN_PARL,0.0
2002,NP,H,SG_GEN_PARLN,0.0
2002,NP,H,SG_GEN_PARLNT,1.0
2004,NP,H,SG_GEN_PARL,0.0
2004,NP,H,SG_GEN_PARLN,0.0
2004,NP,H,SG_GEN_PARLNT,2.0
2008,NP,H,SG_GEN_PARL,0.0
2008,NP,H,SG_GEN_PARLN,0.0
2008,NP,H,SG_GEN_PARLNT,3.0
2011,NP,H,SG_GEN_PARL,0.0
2011,NP,H,SG_GEN_PARLN,0.0
2011,NP,H,SG_GEN_PARLNT,2.0
2015,NP,H,SG_GEN_PARL,0.0
2015,NP,H,SG_GEN_PARLN,0.0
2015,NP,H,SG_GEN_PARLNT,2.0
2019,NP,H,SG_GEN_PARL,0.0
2019,NP,H,SG_GEN_PARLN,0.0
2019,NP,H,SG_GEN_PARLNT,2.0
2022,NP,H,SG_GEN_PARL,0.0
2022,NP,H,SG_GEN_PARLN,0.0
2022,NP,H,SG_GEN_PARLNT,2.0
1984,NP,B,SG_GEN_PARL,0.0
1984,NP,B,SG_GEN_PARLN,0.0
1984,NP,B,SG_GEN_PARLNT,7.0
1988,NP,B,SG_GEN_PARL,0.0
1988,NP,B,SG_GEN_PARLN,0.0
1988,NP,B,SG_GEN_PARLNT,7.0
1990,NP,B,SG_GEN_PARL,16.7
1990,NP,B,SG_GEN_PARLN,1.0
1990,NP,B,SG_GEN_PARLNT,6.0
1994,NP,B,SG_GEN_PARL,25.0
1994,NP,B,SG_GEN_PARLN,2.0
1994,NP,B,SG_GEN_PARLNT,8.0
1998,NP,B,SG_GEN_PARL,16.7
1998,NP,B,SG_GEN_PARLN,1.0
1998,NP,B,SG_GEN_PARLNT,6.0
2002,NP,B,SG_GEN_PARL,12.5
2002,NP,B,SG_GEN_PARLN,1.0
2002,NP,B,SG_GEN_PARLNT,8.0
2004,NP,B,SG_GEN_PARL,14.3
2004,NP,B,SG_GEN_PARLN,1.0
2004,NP,B,SG_GEN_PARLNT,7.0
2008,NP,B,SG_GEN_PARL,14.3
2008,NP,B,SG_GEN_PARLN,1.0
2008,NP,B,SG_GEN_PARLNT,7.0
2011,NP,B,SG_GEN_PARL,25.0
2011,NP,B,SG_GEN_PARLN,2.0
2011,NP,B,SG_GEN_PARLNT,8.0
2015,NP,B,SG_GEN_PARL,0.0
2015,NP,B,SG_GEN_PARLN,0.0
2015,NP,B,SG_GEN_PARLNT,6.0
2019,NP,B,SG_GEN_PARL,14.3
2019,NP,B,SG_GEN_PARLN,1.0
2019,NP,B,SG_GEN_PARLNT,7.0
2022,NP,B,SG_GEN_PARL,14.3
2022,NP,B,SG_GEN_PARLN,1.0
2022,NP,B,SG_GEN_PARLNT,7.0
1984,NP,D,SG_GEN_PARL,0.0
1984,NP,D,SG_GEN_PARLN,0.0
1984,NP,D,SG_GEN_PARLNT,2.0
1988,NP,D,SG_GEN_PARL,0.0
1988,NP,D,SG_GEN_PARLN,0.0
1988,NP,D,SG_GEN_PARLNT,2.0
1990,NP,D,SG_GEN_PARL,33.3
1990,NP,D,SG_GEN_PARLN,1.0
1990,NP,D,SG_GEN_PARLNT,3.0
1994,NP,D,SG_GEN_PARL,50.0
1994,NP,D,SG_GEN_PARLN,1.0
1994,NP,D,SG_GEN_PARLNT,2.0
1998,NP,D,SG_GEN_PARL,50.0
1998,NP,D,SG_GEN_PARLN,1.0
1998,NP,D,SG_GEN_PARLNT,2.0
2002,NP,D,SG_GEN_PARL,0.0
2002,NP,D,SG_GEN_PARLN,0.0
2002,NP,D,SG_GEN_PARLNT,1.0
2004,NP,D,SG_GEN_PARL,0.0
2004,NP,D,SG_GEN_PARLN,0.0
2004,NP,D,SG_GEN_PARLNT,1.0
2008,NP,D,SG_GEN_PARL,0.0
2008,NP,D,SG_GEN_PARLN,0.0
2008,NP,D,SG_GEN_PARLNT,2.0
2011,NP,D,SG_GEN_PARL,0.0
2011,NP,D,SG_GEN_PARLN,0.0
2011,NP,D,SG_GEN_PARLNT,1.0
2015,NP,D,SG_GEN_PARL,0.0
2015,NP,D,SG_GEN_PARLN,0.0
2015,NP,D,SG_GEN_PARLNT,2.0
2019,NP,D,SG_GEN_PARL,0.0
2019,NP,D,SG_GEN_PARLN,0.0
2019,NP,D,SG_GEN_PARLNT,1.0
1984,NP,E,SG_GEN_PARL,16.7
1984,NP,E,SG_GEN_PARLN,1.0
1984,NP,E,SG_GEN_PARLNT,6.0
1988,NP,E,SG_GEN_PARL,33.3
1988,NP,E,SG_GEN_PARLN,2.0
1988,NP,E,SG_GEN_PARLNT,6.0
1990,NP,E,SG_GEN_PARL,0.0
1990,NP,E,SG_GEN_PARLN,0.0
1990,NP,E,SG_GEN_PARLNT,4.0
1994,NP,E,SG_GEN_PARL,0.0
1994,NP,E,SG_GEN_PARLN,0.0
1994,NP,E,SG_GEN_PARLNT,4.0
1998,NP,E,SG_GEN_PARL,12.5
1998,NP,E,SG_GEN_PARLN,1.0
1998,NP,E,SG_GEN_PARLNT,8.0
2002,NP,E,SG_GEN_PARL,25.0
2002,NP,E,SG_GEN_PARLN,2.0
2002,NP,E,SG_GEN_PARLNT,8.0
2004,NP,E,SG_GEN_PARL,25.0
2004,NP,E,SG_GEN_PARLN,2.0
2004,NP,E,SG_GEN_PARLNT,8.0
2008,NP,E,SG_GEN_PARL,37.5
2008,NP,E,SG_GEN_PARLN,3.0
2008,NP,E,SG_GEN_PARLNT,8.0
2011,NP,E,SG_GEN_PARL,66.7
2011,NP,E,SG_GEN_PARLN,4.0
2011,NP,E,SG_GEN_PARLNT,6.0
2015,NP,E,SG_GEN_PARL,57.1
2015,NP,E,SG_GEN_PARLN,4.0
2015,NP,E,SG_GEN_PARLNT,7.0
2019,NP,E,SG_GEN_PARL,83.3
2019,NP,E,SG_GEN_PARLN,5.0
2019,NP,E,SG_GEN_PARLNT,6.0
2022,NP,E,SG_GEN_PARL,66.7
2022,NP,E,SG_GEN_PARLN,4.0
2022,NP,E,SG_GEN_PARLNT,6.0
1994,NP,vmf,SG_GEN_PARL,33.3
1994,NP,vmf,SG_GEN_PARLN,1.0
1994,NP,vmf,SG_GEN_PARLNT,3.0
1984,NP,4303,SG_GEN_PARL,0.0
1984,NP,4303,SG_GEN_PARLN,0.0
1984,NP,4303,SG_GEN_PARLNT,0.0
1988,NP,4303,SG_GEN_PARL,0.0
1988,NP,4303,SG_GEN_PARLN,0.0
1988,NP,4303,SG_GEN_PARLNT,0.0
1990,NP,4303,SG_GEN_PARL,0.0
1990,NP,4303,SG_GEN_PARLN,0.0
1990,NP,4303,SG_GEN_PARLNT,0.0
1992,NP,4303,SG_GEN_PARL,0.0
1992,NP,4303,SG_GEN_PARLN,0.0
1992,NP,4303,SG_GEN_PARLNT,0.0
1994,NP,4303,SG_GEN_PARL,0.0
1994,NP,4303,SG_GEN_PARLN,0.0
1994,NP,4303,SG_GEN_PARLNT,0.0
1996,NP,4303,SG_GEN_PARL,0.0
1996,NP,4303,SG_GEN_PARLN,0.0
1996,NP,4303,SG_GEN_PARLNT,0.0
1998,NP,4303,SG_GEN_PARL,0.0
1998,NP,4303,SG_GEN_PARLN,0.0
1998,NP,4303,SG_GEN_PARLNT,0.0
2000,NP,4303,SG_GEN_PARL,0.0
2000,NP,4303,SG_GEN_PARLN,0.0
2000,NP,4303,SG_GEN_PARLNT,0.0
2002,NP,4303,SG_GEN_PARL,0.0
2002,NP,4303,SG_GEN_PARLN,0.0
2002,NP,4303,SG_GEN_PARLNT,0.0
2004,NP,4303,SG_GEN_PARL,0.0
2004,NP,4303,SG_GEN_PARLN,0.0
2004,NP,4303,SG_GEN_PARLNT,0.0
2008,NP,4303,SG_GEN_PARL,0.0
2008,NP,4303,SG_GEN_PARLN,0.0
2008,NP,4303,SG_GEN_PARLNT,0.0
2011,NP,4303,SG_GEN_PARL,0.0
2011,NP,4303,SG_GEN_PARLN,0.0
2011,NP,4303,SG_GEN_PARLNT,0.0
2012,NP,4303,SG_GEN_PARL,0.0
2012,NP,4303,SG_GEN_PARLN,0.0
2012,NP,4303,SG_GEN_PARLNT,0.0
2015,NP,4303,SG_GEN_PARL,0.0
2015,NP,4303,SG_GEN_PARLN,0.0
2015,NP,4303,SG_GEN_PARLNT,0.0
2016,NP,4303,SG_GEN_PARL,0.0
2016,NP,4303,SG_GEN_PARLN,0.0
2016,NP,4303,SG_GEN_PARLNT,0.0
2019,NP,4303,SG_GEN_PARL,0.0
2019,NP,4303,SG_GEN_PARLN,0.0
2019,NP,4303,SG_GEN_PARLNT,0.0
2020,NP,4303,SG_GEN_PARL,0.0
2020,NP,4303,SG_GEN_PARLN,0.0
2020,NP,4303,SG_GEN_PARLNT,0.0
2022,NP,4303,SG_GEN_PARL,0.0
2022,NP,4303,SG_GEN_PARLN,0.0
2022,NP,4303,SG_GEN_PARLNT,0.0
2024,NP,4303,SG_GEN_PARL,0.0
2024,NP,4303,SG_GEN_PARLN,0.0
2024,NP,4303,SG_GEN_PARLNT,0.0
1984,NP,4104,SG_GEN_PARL,0.0
1984,NP,4104,SG_GEN_PARLN,0.0
1984,NP,4104,SG_GEN_PARLNT,0.0
1988,NP,4104,SG_GEN_PARL,0.0
1988,NP,4104,SG_GEN_PARLN,0.0
1988,NP,4104,SG_GEN_PARLNT,0.0
1990,NP,4104,SG_GEN_PARL,0.0
1990,NP,4104,SG_GEN_PARLN,0.0
1990,NP,4104,SG_GEN_PARLNT,0.0
1992,NP,4104,SG_GEN_PARL,0.0
1992,NP,4104,SG_GEN_PARLN,0.0
1992,NP,4104,SG_GEN_PARLNT,0.0
1994,NP,4104,SG_GEN_PARL,0.0
1994,NP,4104,SG_GEN_PARLN,0.0
1994,NP,4104,SG_GEN_PARLNT,0.0
1996,NP,4104,SG_GEN_PARL,0.0
1996,NP,4104,SG_GEN_PARLN,0.0
1996,NP,4104,SG_GEN_PARLNT,0.0
1998,NP,4104,SG_GEN_PARL,0.0
1998,NP,4104,SG_GEN_PARLN,0.0
1998,NP,4104,SG_GEN_PARLNT,0.0
2000,NP,4104,SG_GEN_PARL,0.0
2000,NP,4104,SG_GEN_PARLN,0.0
2000,NP,4104,SG_GEN_PARLNT,0.0
2002,NP,4104,SG_GEN_PARL,0.0
2002,NP,4104,SG_GEN_PARLN,0.0
2002,NP,4104,SG_GEN_PARLNT,0.0
2004,NP,4104,SG_GEN_PARL,0.0
2004,NP,4104,SG_GEN_PARLN,0.0
2004,NP,4104,SG_GEN_PARLNT,0.0
2008,NP,4104,SG_GEN_PARL,0.0
2008,NP,4104,SG_GEN_PARLN,0.0
2008,NP,4104,SG_GEN_PARLNT,0.0
2011,NP,4104,SG_GEN_PARL,0.0
2011,NP,4104,SG_GEN_PARLN,0.0
2011,NP,4104,SG_GEN_PARLNT,0.0
2012,NP,4104,SG_GEN_PARL,0.0
2012,NP,4104,SG_GEN_PARLN,0.0
2012,NP,4104,SG_GEN_PARLNT,0.0
2015,NP,4104,SG_GEN_PARL,0.0
2015,NP,4104,SG_GEN_PARLN,0.0
2015,NP,4104,SG_GEN_PARLNT,0.0
2016,NP,4104,SG_GEN_PARL,0.0
2016,NP,4104,SG_GEN_PARLN,0.0
2016,NP,4104,SG_GEN_PARLNT,0.0
2019,NP,4104,SG_GEN_PARL,0.0
2019,NP,4104,SG_GEN_PARLN,0.0
2019,NP,4104,SG_GEN_PARLNT,0.0
2020,NP,4104,SG_GEN_PARL,0.0
2020,NP,4104,SG_GEN_PARLN,0.0
2020,NP,4104,SG_GEN_PARLNT,0.0
2022,NP,4104,SG_GEN_PARL,0.0
2022,NP,4104,SG_GEN_PARLN,0.0
2022,NP,4104,SG_GEN_PARLNT,0.0
2024,NP,4104,SG_GEN_PARL,0.0
2024,NP,4104,SG_GEN_PARLN,0.0
2024,NP,4104,SG_GEN_PARLNT,0.0
1984,NP,4309,SG_GEN_PARL,0.0
1984,NP,4309,SG_GEN_PARLN,0.0
1984,NP,4309,SG_GEN_PARLNT,0.0
1988,NP,4309,SG_GEN_PARL,0.0
1988,NP,4309,SG_GEN_PARLN,0.0
1988,NP,4309,SG_GEN_PARLNT,0.0
1990,NP,4309,SG_GEN_PARL,0.0
1990,NP,4309,SG_GEN_PARLN,0.0
1990,NP,4309,SG_GEN_PARLNT,0.0
1992,NP,4309,SG_GEN_PARL,0.0
1992,NP,4309,SG_GEN_PARLN,0.0
1992,NP,4309,SG_GEN_PARLNT,0.0
1994,NP,4309,SG_GEN_PARL,0.0
1994,NP,4309,SG_GEN_PARLN,0.0
1994,NP,4309,SG_GEN_PARLNT,0.0
1996,NP,4309,SG_GEN_PARL,0.0
1996,NP,4309,SG_GEN_PARLN,0.0
1996,NP,4309,SG_GEN_PARLNT,0.0
1998,NP,4309,SG_GEN_PARL,0.0
1998,NP,4309,SG_GEN_PARLN,0.0
1998,NP,4309,SG_GEN_PARLNT,0.0
2000,NP,4309,SG_GEN_PARL,0.0
2000,NP,4309,SG_GEN_PARLN,0.0
2000,NP,4309,SG_GEN_PARLNT,0.0
2002,NP,4309,SG_GEN_PARL,0.0
2002,NP,4309,SG_GEN_PARLN,0.0
2002,NP,4309,SG_GEN_PARLNT,0.0
2004,NP,4309,SG_GEN_PARL,0.0
2004,NP,4309,SG_GEN_PARLN,0.0
2004,NP,4309,SG_GEN_PARLNT,0.0
2008,NP,4309,SG_GEN_PARL,0.0
2008,NP,4309,SG_GEN_PARLN,0.0
2008,NP,4309,SG_GEN_PARLNT,0.0
2011,NP,4309,SG_GEN_PARL,0.0
2011,NP,4309,SG_GEN_PARLN,0.0
2011,NP,4309,SG_GEN_PARLNT,0.0
2012,NP,4309,SG_GEN_PARL,0.0
2012,NP,4309,SG_GEN_PARLN,0.0
2012,NP,4309,SG_GEN_PARLNT,0.0
2015,NP,4309,SG_GEN_PARL,0.0
2015,NP,4309,SG_GEN_PARLN,0.0
2015,NP,4309,SG_GEN_PARLNT,0.0
2016,NP,4309,SG_GEN_PARL,0.0
2016,NP,4309,SG_GEN_PARLN,0.0
2016,NP,4309,SG_GEN_PARLNT,0.0
2019,NP,4309,SG_GEN_PARL,0.0
2019,NP,4309,SG_GEN_PARLN,0.0
2019,NP,4309,SG_GEN_PARLNT,0.0
2020,NP,4309,SG_GEN_PARL,0.0
2020,NP,4309,SG_GEN_PARLN,0.0
2020,NP,4309,SG_GEN_PARLNT,0.0
2022,NP,4309,SG_GEN_PARL,0.0
2022,NP,4309,SG_GEN_PARLN,0.0
2022,NP,4309,SG_GEN_PARLNT,0.0
2024,NP,4309,SG_GEN_PARL,0.0
2024,NP,4309,SG_GEN_PARLN,0.0
2024,NP,4309,SG_GEN_PARLNT,0.0
1984,NP,4105,SG_GEN_PARL,0.0
1984,NP,4105,SG_GEN_PARLN,0.0
1984,NP,4105,SG_GEN_PARLNT,0.0
1988,NP,4105,SG_GEN_PARL,0.0
1988,NP,4105,SG_GEN_PARLN,0.0
1988,NP,4105,SG_GEN_PARLNT,0.0
1990,NP,4105,SG_GEN_PARL,0.0
1990,NP,4105,SG_GEN_PARLN,0.0
1990,NP,4105,SG_GEN_PARLNT,0.0
1992,NP,4105,SG_GEN_PARL,0.0
1992,NP,4105,SG_GEN_PARLN,0.0
1992,NP,4105,SG_GEN_PARLNT,0.0
1994,NP,4105,SG_GEN_PARL,0.0
1994,NP,4105,SG_GEN_PARLN,0.0
1994,NP,4105,SG_GEN_PARLNT,0.0
1996,NP,4105,SG_GEN_PARL,0.0
1996,NP,4105,SG_GEN_PARLN,0.0
1996,NP,4105,SG_GEN_PARLNT,0.0
1998,NP,4105,SG_GEN_PARL,0.0
1998,NP,4105,SG_GEN_PARLN,0.0
1998,NP,4105,SG_GEN_PARLNT,0.0
2000,NP,4105,SG_GEN_PARL,0.0
2000,NP,4105,SG_GEN_PARLN,0.0
2000,NP,4105,SG_GEN_PARLNT,0.0
2002,NP,4105,SG_GEN_PARL,0.0
2002,NP,4105,SG_GEN_PARLN,0.0
2002,NP,4105,SG_GEN_PARLNT,0.0
2004,NP,4105,SG_GEN_PARL,0.0
2004,NP,4105,SG_GEN_PARLN,0.0
2004,NP,4105,SG_GEN_PARLNT,0.0
2008,NP,4105,SG_GEN_PARL,0.0
2008,NP,4105,SG_GEN_PARLN,0.0
2008,NP,4105,SG_GEN_PARLNT,0.0
2011,NP,4105,SG_GEN_PARL,0.0
2011,NP,4105,SG_GEN_PARLN,0.0
2011,NP,4105,SG_GEN_PARLNT,0.0
2012,NP,4105,SG_GEN_PARL,0.0
2012,NP,4105,SG_GEN_PARLN,0.0
2012,NP,4105,SG_GEN_PARLNT,0.0
2015,NP,4105,SG_GEN_PARL,0.0
2015,NP,4105,SG_GEN_PARLN,0.0
2015,NP,4105,SG_GEN_PARLNT,0.0
2016,NP,4105,SG_GEN_PARL,0.0
2016,NP,4105,SG_GEN_PARLN,0.0
2016,NP,4105,SG_GEN_PARLNT,0.0
2019,NP,4105,SG_GEN_PARL,0.0
2019,NP,4105,SG_GEN_PARLN,0.0
2019,NP,4105,SG_GEN_PARLNT,0.0
2020,NP,4105,SG_GEN_PARL,0.0
2020,NP,4105,SG_GEN_PARLN,0.0
2020,NP,4105,SG_GEN_PARLNT,0.0
2022,NP,4105,SG_GEN_PARL,0.0
2022,NP,4105,SG_GEN_PARLN,0.0
2022,NP,4105,SG_GEN_PARLNT,0.0
2024,NP,4105,SG_GEN_PARL,0.0
2024,NP,4105,SG_GEN_PARLN,0.0
2024,NP,4105,SG_GEN_PARLNT,0.0
1984,NP,4305,SG_GEN_PARL,0.0
1984,NP,4305,SG_GEN_PARLN,0.0
1984,NP,4305,SG_GEN_PARLNT,0.0
1988,NP,4305,SG_GEN_PARL,0.0
1988,NP,4305,SG_GEN_PARLN,0.0
1988,NP,4305,SG_GEN_PARLNT,0.0
1990,NP,4305,SG_GEN_PARL,0.0
1990,NP,4305,SG_GEN_PARLN,0.0
1990,NP,4305,SG_GEN_PARLNT,0.0
1992,NP,4305,SG_GEN_PARL,0.0
1992,NP,4305,SG_GEN_PARLN,0.0
1992,NP,4305,SG_GEN_PARLNT,0.0
1994,NP,4305,SG_GEN_PARL,0.0
1994,NP,4305,SG_GEN_PARLN,0.0
1994,NP,4305,SG_GEN_PARLNT,0.0
1996,NP,4305,SG_GEN_PARL,0.0
1996,NP,4305,SG_GEN_PARLN,0.0
1996,NP,4305,SG_GEN_PARLNT,0.0
1998,NP,4305,SG_GEN_PARL,0.0
1998,NP,4305,SG_GEN_PARLN,0.0
1998,NP,4305,SG_GEN_PARLNT,0.0
2000,NP,4305,SG_GEN_PARL,0.0
2000,NP,4305,SG_GEN_PARLN,0.0
2000,NP,4305,SG_GEN_PARLNT,0.0
2002,NP,4305,SG_GEN_PARL,0.0
2002,NP,4305,SG_GEN_PARLN,0.0
2002,NP,4305,SG_GEN_PARLNT,0.0
2004,NP,4305,SG_GEN_PARL,0.0
2004,NP,4305,SG_GEN_PARLN,0.0
2004,NP,4305,SG_GEN_PARLNT,0.0
2008,NP,4305,SG_GEN_PARL,0.0
2008,NP,4305,SG_GEN_PARLN,0.0
2008,NP,4305,SG_GEN_PARLNT,0.0
2011,NP,4305,SG_GEN_PARL,0.0
2011,NP,4305,SG_GEN_PARLN,0.0
2011,NP,4305,SG_GEN_PARLNT,0.0
2012,NP,4305,SG_GEN_PARL,0.0
2012,NP,4305,SG_GEN_PARLN,0.0
2012,NP,4305,SG_GEN_PARLNT,0.0
2015,NP,4305,SG_GEN_PARL,0.0
2015,NP,4305,SG_GEN_PARLN,0.0
2015,NP,4305,SG_GEN_PARLNT,0.0
2016,NP,4305,SG_GEN_PARL,0.0
2016,NP,4305,SG_GEN_PARLN,0.0
2016,NP,4305,SG_GEN_PARLNT,0.0
2019,NP,4305,SG_GEN_PARL,0.0
2019,NP,4305,SG_GEN_PARLN,0.0
2019,NP,4305,SG_GEN_PARLNT,0.0
2020,NP,4305,SG_GEN_PARL,0.0
2020,NP,4305,SG_GEN_PARLN,0.0
2020,NP,4305,SG_GEN_PARLNT,0.0
2022,NP,4305,SG_GEN_PARL,0.0
2022,NP,4305,SG_GEN_PARLN,0.0
2022,NP,4305,SG_GEN_PARLNT,0.0
2024,NP,4305,SG_GEN_PARL,0.0
2024,NP,4305,SG_GEN_PARLN,0.0
2024,NP,4305,SG_GEN_PARLNT,0.0
1984,NP,4106,SG_GEN_PARL,0.0
1984,NP,4106,SG_GEN_PARLN,0.0
1984,NP,4106,SG_GEN_PARLNT,0.0
1988,NP,4106,SG_GEN_PARL,0.0
1988,NP,4106,SG_GEN_PARLN,0.0
1988,NP,4106,SG_GEN_PARLNT,0.0
1990,NP,4106,SG_GEN_PARL,0.0
1990,NP,4106,SG_GEN_PARLN,0.0
1990,NP,4106,SG_GEN_PARLNT,0.0
1992,NP,4106,SG_GEN_PARL,0.0
1992,NP,4106,SG_GEN_PARLN,0.0
1992,NP,4106,SG_GEN_PARLNT,0.0
1994,NP,4106,SG_GEN_PARL,0.0
1994,NP,4106,SG_GEN_PARLN,0.0
1994,NP,4106,SG_GEN_PARLNT,0.0
1996,NP,4106,SG_GEN_PARL,0.0
1996,NP,4106,SG_GEN_PARLN,0.0
1996,NP,4106,SG_GEN_PARLNT,0.0
1998,NP,4106,SG_GEN_PARL,0.0
1998,NP,4106,SG_GEN_PARLN,0.0
1998,NP,4106,SG_GEN_PARLNT,0.0
2000,NP,4106,SG_GEN_PARL,0.0
2000,NP,4106,SG_GEN_PARLN,0.0
2000,NP,4106,SG_GEN_PARLNT,0.0
2002,NP,4106,SG_GEN_PARL,0.0
2002,NP,4106,SG_GEN_PARLN,0.0
2002,NP,4106,SG_GEN_PARLNT,0.0
2004,NP,4106,SG_GEN_PARL,0.0
2004,NP,4106,SG_GEN_PARLN,0.0
2004,NP,4106,SG_GEN_PARLNT,0.0
2008,NP,4106,SG_GEN_PARL,0.0
2008,NP,4106,SG_GEN_PARLN,0.0
2008,NP,4106,SG_GEN_PARLNT,0.0
2011,NP,4106,SG_GEN_PARL,0.0
2011,NP,4106,SG_GEN_PARLN,0.0
2011,NP,4106,SG_GEN_PARLNT,0.0
2012,NP,4106,SG_GEN_PARL,0.0
2012,NP,4106,SG_GEN_PARLN,0.0
2012,NP,4106,SG_GEN_PARLNT,0.0
2015,NP,4106,SG_GEN_PARL,0.0
2015,NP,4106,SG_GEN_PARLN,0.0
2015,NP,4106,SG_GEN_PARLNT,0.0
2016,NP,4106,SG_GEN_PARL,0.0
2016,NP,4106,SG_GEN_PARLN,0.0
2016,NP,4106,SG_GEN_PARLNT,0.0
2019,NP,4106,SG_GEN_PARL,0.0
2019,NP,4106,SG_GEN_PARLN,0.0
2019,NP,4106,SG_GEN_PARLNT,0.0
2020,NP,4106,SG_GEN_PARL,0.0
2020,NP,4106,SG_GEN_PARLN,0.0
2020,NP,4106,SG_GEN_PARLNT,0.0
2022,NP,4106,SG_GEN_PARL,0.0
2022,NP,4106,SG_GEN_PARLN,0.0
2022,NP,4106,SG_GEN_PARLNT,0.0
2024,NP,4106,SG_GEN_PARL,0.0
2024,NP,4106,SG_GEN_PARLN,0.0
2024,NP,4106,SG_GEN_PARLNT,0.0
1984,NP,4306,SG_GEN_PARL,0.0
1984,NP,4306,SG_GEN_PARLN,0.0
1984,NP,4306,SG_GEN_PARLNT,0.0
1988,NP,4306,SG_GEN_PARL,0.0
1988,NP,4306,SG_GEN_PARLN,0.0
1988,NP,4306,SG_GEN_PARLNT,0.0
1990,NP,4306,SG_GEN_PARL,0.0
1990,NP,4306,SG_GEN_PARLN,0.0
1990,NP,4306,SG_GEN_PARLNT,0.0
1992,NP,4306,SG_GEN_PARL,0.0
1992,NP,4306,SG_GEN_PARLN,0.0
1992,NP,4306,SG_GEN_PARLNT,0.0
1994,NP,4306,SG_GEN_PARL,0.0
1994,NP,4306,SG_GEN_PARLN,0.0
1994,NP,4306,SG_GEN_PARLNT,0.0
1996,NP,4306,SG_GEN_PARL,0.0
1996,NP,4306,SG_GEN_PARLN,0.0
1996,NP,4306,SG_GEN_PARLNT,0.0
1998,NP,4306,SG_GEN_PARL,0.0
1998,NP,4306,SG_GEN_PARLN,0.0
1998,NP,4306,SG_GEN_PARLNT,0.0
2000,NP,4306,SG_GEN_PARL,0.0
2000,NP,4306,SG_GEN_PARLN,0.0
2000,NP,4306,SG_GEN_PARLNT,0.0
2002,NP,4306,SG_GEN_PARL,0.0
2002,NP,4306,SG_GEN_PARLN,0.0
2002,NP,4306,SG_GEN_PARLNT,0.0
2004,NP,4306,SG_GEN_PARL,0.0
2004,NP,4306,SG_GEN_PARLN,0.0
2004,NP,4306,SG_GEN_PARLNT,0.0
2008,NP,4306,SG_GEN_PARL,0.0
2008,NP,4306,SG_GEN_PARLN,0.0
2008,NP,4306,SG_GEN_PARLNT,0.0
2011,NP,4306,SG_GEN_PARL,0.0
2011,NP,4306,SG_GEN_PARLN,0.0
2011,NP,4306,SG_GEN_PARLNT,0.0
2012,NP,4306,SG_GEN_PARL,0.0
2012,NP,4306,SG_GEN_PARLN,0.0
2012,NP,4306,SG_GEN_PARLNT,0.0
2015,NP,4306,SG_GEN_PARL,0.0
2015,NP,4306,SG_GEN_PARLN,0.0
2015,NP,4306,SG_GEN_PARLNT,0.0
2016,NP,4306,SG_GEN_PARL,0.0
2016,NP,4306,SG_GEN_PARLN,0.0
2016,NP,4306,SG_GEN_PARLNT,0.0
2019,NP,4306,SG_GEN_PARL,0.0
2019,NP,4306,SG_GEN_PARLN,0.0
2019,NP,4306,SG_GEN_PARLNT,0.0
2020,NP,4306,SG_GEN_PARL,0.0
2020,NP,4306,SG_GEN_PARLN,0.0
2020,NP,4306,SG_GEN_PARLNT,0.0
2022,NP,4306,SG_GEN_PARL,0.0
2022,NP,4306,SG_GEN_PARLN,0.0
2022,NP,4306,SG_GEN_PARLNT,0.0
2024,NP,4306,SG_GEN_PARL,0.0
2024,NP,4306,SG_GEN_PARLN,0.0
2024,NP,4306,SG_GEN_PARLNT,0.0
1984,NP,4204,SG_GEN_PARL,0.0
1984,NP,4204,SG_GEN_PARLN,0.0
1984,NP,4204,SG_GEN_PARLNT,0.0
1988,NP,4204,SG_GEN_PARL,0.0
1988,NP,4204,SG_GEN_PARLN,0.0
1988,NP,4204,SG_GEN_PARLNT,0.0
1990,NP,4204,SG_GEN_PARL,0.0
1990,NP,4204,SG_GEN_PARLN,0.0
1990,NP,4204,SG_GEN_PARLNT,0.0
1992,NP,4204,SG_GEN_PARL,0.0
1992,NP,4204,SG_GEN_PARLN,0.0
1992,NP,4204,SG_GEN_PARLNT,0.0
1994,NP,4204,SG_GEN_PARL,0.0
1994,NP,4204,SG_GEN_PARLN,0.0
1994,NP,4204,SG_GEN_PARLNT,0.0
1996,NP,4204,SG_GEN_PARL,0.0
1996,NP,4204,SG_GEN_PARLN,0.0
1996,NP,4204,SG_GEN_PARLNT,0.0
1998,NP,4204,SG_GEN_PARL,0.0
1998,NP,4204,SG_GEN_PARLN,0.0
1998,NP,4204,SG_GEN_PARLNT,0.0
2000,NP,4204,SG_GEN_PARL,0.0
2000,NP,4204,SG_GEN_PARLN,0.0
2000,NP,4204,SG_GEN_PARLNT,0.0
2002,NP,4204,SG_GEN_PARL,0.0
2002,NP,4204,SG_GEN_PARLN,0.0
2002,NP,4204,SG_GEN_PARLNT,0.0
2004,NP,4204,SG_GEN_PARL,0.0
2004,NP,4204,SG_GEN_PARLN,0.0
2004,NP,4204,SG_GEN_PARLNT,0.0
2008,NP,4204,SG_GEN_PARL,0.0
2008,NP,4204,SG_GEN_PARLN,0.0
2008,NP,4204,SG_GEN_PARLNT,0.0
2011,NP,4204,SG_GEN_PARL,0.0
2011,NP,4204,SG_GEN_PARLN,0.0
2011,NP,4204,SG_GEN_PARLNT,0.0
2012,NP,4204,SG_GEN_PARL,0.0
2012,NP,4204,SG_GEN_PARLN,0.0
2012,NP,4204,SG_GEN_PARLNT,0.0
2015,NP,4204,SG_GEN_PARL,0.0
2015,NP,4204,SG_GEN_PARLN,0.0
2015,NP,4204,SG_GEN_PARLNT,0.0
2016,NP,4204,SG_GEN_PARL,0.0
2016,NP,4204,SG_GEN_PARLN,0.0
2016,NP,4204,SG_GEN_PARLNT,0.0
2019,NP,4204,SG_GEN_PARL,0.0
2019,NP,4204,SG_GEN_PARLN,0.0
2019,NP,4204,SG_GEN_PARLNT,0.0
2020,NP,4204,SG_GEN_PARL,0.0
2020,NP,4204,SG_GEN_PARLN,0.0
2020,NP,4204,SG_GEN_PARLNT,0.0
2022,NP,4204,SG_GEN_PARL,0.0
2022,NP,4204,SG_GEN_PARLN,0.0
2022,NP,4204,SG_GEN_PARLNT,0.0
2024,NP,4204,SG_GEN_PARL,0.0
2024,NP,4204,SG_GEN_PARLN,0.0
2024,NP,4204,SG_GEN_PARLNT,0.0
1984,NP,4402,SG_GEN_PARL,0.0
1984,NP,4402,SG_GEN_PARLN,0.0
1984,NP,4402,SG_GEN_PARLNT,0.0
1988,NP,4402,SG_GEN_PARL,0.0
1988,NP,4402,SG_GEN_PARLN,0.0
1988,NP,4402,SG_GEN_PARLNT,0.0
1990,NP,4402,SG_GEN_PARL,0.0
1990,NP,4402,SG_GEN_PARLN,0.0
1990,NP,4402,SG_GEN_PARLNT,0.0
1992,NP,4402,SG_GEN_PARL,0.0
1992,NP,4402,SG_GEN_PARLN,0.0
1992,NP,4402,SG_GEN_PARLNT,0.0
1994,NP,4402,SG_GEN_PARL,0.0
1994,NP,4402,SG_GEN_PARLN,0.0
1994,NP,4402,SG_GEN_PARLNT,0.0
1996,NP,4402,SG_GEN_PARL,0.0
1996,NP,4402,SG_GEN_PARLN,0.0
1996,NP,4402,SG_GEN_PARLNT,0.0
1998,NP,4402,SG_GEN_PARL,0.0
1998,NP,4402,SG_GEN_PARLN,0.0
1998,NP,4402,SG_GEN_PARLNT,0.0
2000,NP,4402,SG_GEN_PARL,0.0
2000,NP,4402,SG_GEN_PARLN,0.0
2000,NP,4402,SG_GEN_PARLNT,0.0
2002,NP,4402,SG_GEN_PARL,0.0
2002,NP,4402,SG_GEN_PARLN,0.0
2002,NP,4402,SG_GEN_PARLNT,0.0
2004,NP,4402,SG_GEN_PARL,0.0
2004,NP,4402,SG_GEN_PARLN,0.0
2004,NP,4402,SG_GEN_PARLNT,0.0
2008,NP,4402,SG_GEN_PARL,0.0
2008,NP,4402,SG_GEN_PARLN,0.0
2008,NP,4402,SG_GEN_PARLNT,0.0
2011,NP,4402,SG_GEN_PARL,0.0
2011,NP,4402,SG_GEN_PARLN,0.0
2011,NP,4402,SG_GEN_PARLNT,0.0
2012,NP,4402,SG_GEN_PARL,0.0
2012,NP,4402,SG_GEN_PARLN,0.0
2012,NP,4402,SG_GEN_PARLNT,0.0
2015,NP,4402,SG_GEN_PARL,0.0
2015,NP,4402,SG_GEN_PARLN,0.0
2015,NP,4402,SG_GEN_PARLNT,0.0
2016,NP,4402,SG_GEN_PARL,0.0
2016,NP,4402,SG_GEN_PARLN,0.0
2016,NP,4402,SG_GEN_PARLNT,0.0
2019,NP,4402,SG_GEN_PARL,0.0
2019,NP,4402,SG_GEN_PARLN,0.0
2019,NP,4402,SG_GEN_PARLNT,0.0
2020,NP,4402,SG_GEN_PARL,0.0
2020,NP,4402,SG_GEN_PARLN,0.0
2020,NP,4402,SG_GEN_PARLNT,0.0
2022,NP,4402,SG_GEN_PARL,0.0
2022,NP,4402,SG_GEN_PARLN,0.0
2022,NP,4402,SG_GEN_PARLNT,0.0
2024,NP,4402,SG_GEN_PARL,0.0
2024,NP,4402,SG_GEN_PARLN,0.0
2024,NP,4402,SG_GEN_PARLNT,0.0
1984,NP,4107,SG_GEN_PARL,0.0
1984,NP,4107,SG_GEN_PARLN,0.0
1984,NP,4107,SG_GEN_PARLNT,0.0
1988,NP,4107,SG_GEN_PARL,0.0
1988,NP,4107,SG_GEN_PARLN,0.0
1988,NP,4107,SG_GEN_PARLNT,0.0
1990,NP,4107,SG_GEN_PARL,0.0
1990,NP,4107,SG_GEN_PARLN,0.0
1990,NP,4107,SG_GEN_PARLNT,0.0
1992,NP,4107,SG_GEN_PARL,0.0
1992,NP,4107,SG_GEN_PARLN,0.0
1992,NP,4107,SG_GEN_PARLNT,0.0
1994,NP,4107,SG_GEN_PARL,0.0
1994,NP,4107,SG_GEN_PARLN,0.0
1994,NP,4107,SG_GEN_PARLNT,0.0
1996,NP,4107,SG_GEN_PARL,0.0
1996,NP,4107,SG_GEN_PARLN,0.0
1996,NP,4107,SG_GEN_PARLNT,0.0
1998,NP,4107,SG_GEN_PARL,0.0
1998,NP,4107,SG_GEN_PARLN,0.0
1998,NP,4107,SG_GEN_PARLNT,0.0
2000,NP,4107,SG_GEN_PARL,0.0
2000,NP,4107,SG_GEN_PARLN,0.0
2000,NP,4107,SG_GEN_PARLNT,0.0
2002,NP,4107,SG_GEN_PARL,0.0
2002,NP,4107,SG_GEN_PARLN,0.0
2002,NP,4107,SG_GEN_PARLNT,0.0
2004,NP,4107,SG_GEN_PARL,0.0
2004,NP,4107,SG_GEN_PARLN,0.0
2004,NP,4107,SG_GEN_PARLNT,0.0
2008,NP,4107,SG_GEN_PARL,0.0
2008,NP,4107,SG_GEN_PARLN,0.0
2008,NP,4107,SG_GEN_PARLNT,0.0
2011,NP,4107,SG_GEN_PARL,0.0
2011,NP,4107,SG_GEN_PARLN,0.0
2011,NP,4107,SG_GEN_PARLNT,0.0
2012,NP,4107,SG_GEN_PARL,0.0
2012,NP,4107,SG_GEN_PARLN,0.0
2012,NP,4107,SG_GEN_PARLNT,0.0
2015,NP,4107,SG_GEN_PARL,0.0
2015,NP,4107,SG_GEN_PARLN,0.0
2015,NP,4107,SG_GEN_PARLNT,0.0
2016,NP,4107,SG_GEN_PARL,0.0
2016,NP,4107,SG_GEN_PARLN,0.0
2016,NP,4107,SG_GEN_PARLNT,0.0
2019,NP,4107,SG_GEN_PARL,0.0
2019,NP,4107,SG_GEN_PARLN,0.0
2019,NP,4107,SG_GEN_PARLNT,0.0
2020,NP,4107,SG_GEN_PARL,0.0
2020,NP,4107,SG_GEN_PARLN,0.0
2020,NP,4107,SG_GEN_PARLNT,0.0
2022,NP,4107,SG_GEN_PARL,0.0
2022,NP,4107,SG_GEN_PARLN,0.0
2022,NP,4107,SG_GEN_PARLNT,0.0
2024,NP,4107,SG_GEN_PARL,0.0
2024,NP,4107,SG_GEN_PARLN,0.0
2024,NP,4107,SG_GEN_PARLNT,0.0
1984,NP,4405,SG_GEN_PARL,0.0
1984,NP,4405,SG_GEN_PARLN,0.0
1984,NP,4405,SG_GEN_PARLNT,0.0
1988,NP,4405,SG_GEN_PARL,0.0
1988,NP,4405,SG_GEN_PARLN,0.0
1988,NP,4405,SG_GEN_PARLNT,0.0
1990,NP,4405,SG_GEN_PARL,0.0
1990,NP,4405,SG_GEN_PARLN,0.0
1990,NP,4405,SG_GEN_PARLNT,0.0
1992,NP,4405,SG_GEN_PARL,0.0
1992,NP,4405,SG_GEN_PARLN,0.0
1992,NP,4405,SG_GEN_PARLNT,0.0
1994,NP,4405,SG_GEN_PARL,0.0
1994,NP,4405,SG_GEN_PARLN,0.0
1994,NP,4405,SG_GEN_PARLNT,0.0
1996,NP,4405,SG_GEN_PARL,0.0
1996,NP,4405,SG_GEN_PARLN,0.0
1996,NP,4405,SG_GEN_PARLNT,0.0
1998,NP,4405,SG_GEN_PARL,0.0
1998,NP,4405,SG_GEN_PARLN,0.0
1998,NP,4405,SG_GEN_PARLNT,0.0
2000,NP,4405,SG_GEN_PARL,0.0
2000,NP,4405,SG_GEN_PARLN,0.0
2000,NP,4405,SG_GEN_PARLNT,0.0
2002,NP,4405,SG_GEN_PARL,0.0
2002,NP,4405,SG_GEN_PARLN,0.0
2002,NP,4405,SG_GEN_PARLNT,0.0
2004,NP,4405,SG_GEN_PARL,0.0
2004,NP,4405,SG_GEN_PARLN,0.0
2004,NP,4405,SG_GEN_PARLNT,0.0
2008,NP,4405,SG_GEN_PARL,0.0
2008,NP,4405,SG_GEN_PARLN,0.0
2008,NP,4405,SG_GEN_PARLNT,0.0
2011,NP,4405,SG_GEN_PARL,0.0
2011,NP,4405,SG_GEN_PARLN,0.0
2011,NP,4405,SG_GEN_PARLNT,0.0
2012,NP,4405,SG_GEN_PARL,0.0
2012,NP,4405,SG_GEN_PARLN,0.0
2012,NP,4405,SG_GEN_PARLNT,0.0
2015,NP,4405,SG_GEN_PARL,0.0
2015,NP,4405,SG_GEN_PARLN,0.0
2015,NP,4405,SG_GEN_PARLNT,0.0
2016,NP,4405,SG_GEN_PARL,0.0
2016,NP,4405,SG_GEN_PARLN,0.0
2016,NP,4405,SG_GEN_PARLNT,0.0
2019,NP,4405,SG_GEN_PARL,0.0
2019,NP,4405,SG_GEN_PARLN,0.0
2019,NP,4405,SG_GEN_PARLNT,0.0
2020,NP,4405,SG_GEN_PARL,0.0
2020,NP,4405,SG_GEN_PARLN,0.0
2020,NP,4405,SG_GEN_PARLNT,0.0
2022,NP,4405,SG_GEN_PARL,0.0
2022,NP,4405,SG_GEN_PARLN,0.0
2022,NP,4405,SG_GEN_PARLNT,0.0
2024,NP,4405,SG_GEN_PARL,0.0
2024,NP,4405,SG_GEN_PARLN,0.0
2024,NP,4405,SG_GEN_PARLNT,0.0
1984,NP,4206,SG_GEN_PARL,0.0
1984,NP,4206,SG_GEN_PARLN,0.0
1984,NP,4206,SG_GEN_PARLNT,0.0
1988,NP,4206,SG_GEN_PARL,0.0
1988,NP,4206,SG_GEN_PARLN,0.0
1988,NP,4206,SG_GEN_PARLNT,0.0
1990,NP,4206,SG_GEN_PARL,0.0
1990,NP,4206,SG_GEN_PARLN,0.0
1990,NP,4206,SG_GEN_PARLNT,0.0
1992,NP,4206,SG_GEN_PARL,0.0
1992,NP,4206,SG_GEN_PARLN,0.0
1992,NP,4206,SG_GEN_PARLNT,0.0
1994,NP,4206,SG_GEN_PARL,0.0
1994,NP,4206,SG_GEN_PARLN,0.0
1994,NP,4206,SG_GEN_PARLNT,0.0
1996,NP,4206,SG_GEN_PARL,0.0
1996,NP,4206,SG_GEN_PARLN,0.0
1996,NP,4206,SG_GEN_PARLNT,0.0
1998,NP,4206,SG_GEN_PARL,0.0
1998,NP,4206,SG_GEN_PARLN,0.0
1998,NP,4206,SG_GEN_PARLNT,0.0
2000,NP,4206,SG_GEN_PARL,0.0
2000,NP,4206,SG_GEN_PARLN,0.0
2000,NP,4206,SG_GEN_PARLNT,0.0
2002,NP,4206,SG_GEN_PARL,0.0
2002,NP,4206,SG_GEN_PARLN,0.0
2002,NP,4206,SG_GEN_PARLNT,0.0
2004,NP,4206,SG_GEN_PARL,0.0
2004,NP,4206,SG_GEN_PARLN,0.0
2004,NP,4206,SG_GEN_PARLNT,0.0
2008,NP,4206,SG_GEN_PARL,0.0
2008,NP,4206,SG_GEN_PARLN,0.0
2008,NP,4206,SG_GEN_PARLNT,0.0
2011,NP,4206,SG_GEN_PARL,0.0
2011,NP,4206,SG_GEN_PARLN,0.0
2011,NP,4206,SG_GEN_PARLNT,0.0
2012,NP,4206,SG_GEN_PARL,0.0
2012,NP,4206,SG_GEN_PARLN,0.0
2012,NP,4206,SG_GEN_PARLNT,0.0
2015,NP,4206,SG_GEN_PARL,0.0
2015,NP,4206,SG_GEN_PARLN,0.0
2015,NP,4206,SG_GEN_PARLNT,0.0
2016,NP,4206,SG_GEN_PARL,0.0
2016,NP,4206,SG_GEN_PARLN,0.0
2016,NP,4206,SG_GEN_PARLNT,0.0
2019,NP,4206,SG_GEN_PARL,0.0
2019,NP,4206,SG_GEN_PARLN,0.0
2019,NP,4206,SG_GEN_PARLNT,0.0
2020,NP,4206,SG_GEN_PARL,0.0
2020,NP,4206,SG_GEN_PARLN,0.0
2020,NP,4206,SG_GEN_PARLNT,0.0
2022,NP,4206,SG_GEN_PARL,0.0
2022,NP,4206,SG_GEN_PARLN,0.0
2022,NP,4206,SG_GEN_PARLNT,0.0
2024,NP,4206,SG_GEN_PARL,0.0
2024,NP,4206,SG_GEN_PARLN,0.0
2024,NP,4206,SG_GEN_PARLNT,0.0
1984,NP,4311,SG_GEN_PARL,0.0
1984,NP,4311,SG_GEN_PARLN,0.0
1984,NP,4311,SG_GEN_PARLNT,0.0
1988,NP,4311,SG_GEN_PARL,0.0
1988,NP,4311,SG_GEN_PARLN,0.0
1988,NP,4311,SG_GEN_PARLNT,0.0
1990,NP,4311,SG_GEN_PARL,0.0
1990,NP,4311,SG_GEN_PARLN,0.0
1990,NP,4311,SG_GEN_PARLNT,0.0
1992,NP,4311,SG_GEN_PARL,0.0
1992,NP,4311,SG_GEN_PARLN,0.0
1992,NP,4311,SG_GEN_PARLNT,0.0
1994,NP,4311,SG_GEN_PARL,0.0
1994,NP,4311,SG_GEN_PARLN,0.0
1994,NP,4311,SG_GEN_PARLNT,0.0
1996,NP,4311,SG_GEN_PARL,0.0
1996,NP,4311,SG_GEN_PARLN,0.0
1996,NP,4311,SG_GEN_PARLNT,0.0
1998,NP,4311,SG_GEN_PARL,0.0
1998,NP,4311,SG_GEN_PARLN,0.0
1998,NP,4311,SG_GEN_PARLNT,0.0
2000,NP,4311,SG_GEN_PARL,0.0
2000,NP,4311,SG_GEN_PARLN,0.0
2000,NP,4311,SG_GEN_PARLNT,0.0
2002,NP,4311,SG_GEN_PARL,0.0
2002,NP,4311,SG_GEN_PARLN,0.0
2002,NP,4311,SG_GEN_PARLNT,0.0
2004,NP,4311,SG_GEN_PARL,0.0
2004,NP,4311,SG_GEN_PARLN,0.0
2004,NP,4311,SG_GEN_PARLNT,0.0
2008,NP,4311,SG_GEN_PARL,0.0
2008,NP,4311,SG_GEN_PARLN,0.0
2008,NP,4311,SG_GEN_PARLNT,0.0
2011,NP,4311,SG_GEN_PARL,0.0
2011,NP,4311,SG_GEN_PARLN,0.0
2011,NP,4311,SG_GEN_PARLNT,0.0
2012,NP,4311,SG_GEN_PARL,0.0
2012,NP,4311,SG_GEN_PARLN,0.0
2012,NP,4311,SG_GEN_PARLNT,0.0
2015,NP,4311,SG_GEN_PARL,0.0
2015,NP,4311,SG_GEN_PARLN,0.0
2015,NP,4311,SG_GEN_PARLNT,0.0
2016,NP,4311,SG_GEN_PARL,0.0
2016,NP,4311,SG_GEN_PARLN,0.0
2016,NP,4311,SG_GEN_PARLNT,0.0
2019,NP,4311,SG_GEN_PARL,0.0
2019,NP,4311,SG_GEN_PARLN,0.0
2019,NP,4311,SG_GEN_PARLNT,0.0
2020,NP,4311,SG_GEN_PARL,0.0
2020,NP,4311,SG_GEN_PARLN,0.0
2020,NP,4311,SG_GEN_PARLNT,0.0
2022,NP,4311,SG_GEN_PARL,0.0
2022,NP,4311,SG_GEN_PARLN,0.0
2022,NP,4311,SG_GEN_PARLNT,0.0
2024,NP,4311,SG_GEN_PARL,0.0
2024,NP,4311,SG_GEN_PARLN,0.0
2024,NP,4311,SG_GEN_PARLNT,0.0
1984,NP,4201,SG_GEN_PARL,0.0
1984,NP,4201,SG_GEN_PARLN,0.0
1984,NP,4201,SG_GEN_PARLNT,0.0
1988,NP,4201,SG_GEN_PARL,0.0
1988,NP,4201,SG_GEN_PARLN,0.0
1988,NP,4201,SG_GEN_PARLNT,0.0
1990,NP,4201,SG_GEN_PARL,0.0
1990,NP,4201,SG_GEN_PARLN,0.0
1990,NP,4201,SG_GEN_PARLNT,0.0
1992,NP,4201,SG_GEN_PARL,0.0
1992,NP,4201,SG_GEN_PARLN,0.0
1992,NP,4201,SG_GEN_PARLNT,0.0
1994,NP,4201,SG_GEN_PARL,0.0
1994,NP,4201,SG_GEN_PARLN,0.0
1994,NP,4201,SG_GEN_PARLNT,0.0
1996,NP,4201,SG_GEN_PARL,0.0
1996,NP,4201,SG_GEN_PARLN,0.0
1996,NP,4201,SG_GEN_PARLNT,0.0
1998,NP,4201,SG_GEN_PARL,0.0
1998,NP,4201,SG_GEN_PARLN,0.0
1998,NP,4201,SG_GEN_PARLNT,0.0
2000,NP,4201,SG_GEN_PARL,0.0
2000,NP,4201,SG_GEN_PARLN,0.0
2000,NP,4201,SG_GEN_PARLNT,0.0
2002,NP,4201,SG_GEN_PARL,0.0
2002,NP,4201,SG_GEN_PARLN,0.0
2002,NP,4201,SG_GEN_PARLNT,0.0
2004,NP,4201,SG_GEN_PARL,0.0
2004,NP,4201,SG_GEN_PARLN,0.0
2004,NP,4201,SG_GEN_PARLNT,0.0
2008,NP,4201,SG_GEN_PARL,0.0
2008,NP,4201,SG_GEN_PARLN,0.0
2008,NP,4201,SG_GEN_PARLNT,0.0
2011,NP,4201,SG_GEN_PARL,0.0
2011,NP,4201,SG_GEN_PARLN,0.0
2011,NP,4201,SG_GEN_PARLNT,0.0
2012,NP,4201,SG_GEN_PARL,0.0
2012,NP,4201,SG_GEN_PARLN,0.0
2012,NP,4201,SG_GEN_PARLNT,0.0
2015,NP,4201,SG_GEN_PARL,0.0
2015,NP,4201,SG_GEN_PARLN,0.0
2015,NP,4201,SG_GEN_PARLNT,0.0
2016,NP,4201,SG_GEN_PARL,0.0
2016,NP,4201,SG_GEN_PARLN,0.0
2016,NP,4201,SG_GEN_PARLNT,0.0
2019,NP,4201,SG_GEN_PARL,0.0
2019,NP,4201,SG_GEN_PARLN,0.0
2019,NP,4201,SG_GEN_PARLNT,0.0
2020,NP,4201,SG_GEN_PARL,0.0
2020,NP,4201,SG_GEN_PARLN,0.0
2020,NP,4201,SG_GEN_PARLNT,0.0
2022,NP,4201,SG_GEN_PARL,0.0
2022,NP,4201,SG_GEN_PARLN,0.0
2022,NP,4201,SG_GEN_PARLNT,0.0
2024,NP,4201,SG_GEN_PARL,0.0
2024,NP,4201,SG_GEN_PARLN,0.0
2024,NP,4201,SG_GEN_PARLNT,0.0
1984,NP,4605,SG_GEN_PARL,0.0
1984,NP,4605,SG_GEN_PARLN,0.0
1984,NP,4605,SG_GEN_PARLNT,0.0
1988,NP,4605,SG_GEN_PARL,0.0
1988,NP,4605,SG_GEN_PARLN,0.0
1988,NP,4605,SG_GEN_PARLNT,0.0
1990,NP,4605,SG_GEN_PARL,0.0
1990,NP,4605,SG_GEN_PARLN,0.0
1990,NP,4605,SG_GEN_PARLNT,0.0
1992,NP,4605,SG_GEN_PARL,0.0
1992,NP,4605,SG_GEN_PARLN,0.0
1992,NP,4605,SG_GEN_PARLNT,0.0
1994,NP,4605,SG_GEN_PARL,0.0
1994,NP,4605,SG_GEN_PARLN,0.0
1994,NP,4605,SG_GEN_PARLNT,0.0
1996,NP,4605,SG_GEN_PARL,0.0
1996,NP,4605,SG_GEN_PARLN,0.0
1996,NP,4605,SG_GEN_PARLNT,0.0
1998,NP,4605,SG_GEN_PARL,0.0
1998,NP,4605,SG_GEN_PARLN,0.0
1998,NP,4605,SG_GEN_PARLNT,0.0
2000,NP,4605,SG_GEN_PARL,0.0
2000,NP,4605,SG_GEN_PARLN,0.0
2000,NP,4605,SG_GEN_PARLNT,0.0
2002,NP,4605,SG_GEN_PARL,0.0
2002,NP,4605,SG_GEN_PARLN,0.0
2002,NP,4605,SG_GEN_PARLNT,0.0
2004,NP,4605,SG_GEN_PARL,0.0
2004,NP,4605,SG_GEN_PARLN,0.0
2004,NP,4605,SG_GEN_PARLNT,0.0
2008,NP,4605,SG_GEN_PARL,0.0
2008,NP,4605,SG_GEN_PARLN,0.0
2008,NP,4605,SG_GEN_PARLNT,0.0
2011,NP,4605,SG_GEN_PARL,0.0
2011,NP,4605,SG_GEN_PARLN,0.0
2011,NP,4605,SG_GEN_PARLNT,0.0
2012,NP,4605,SG_GEN_PARL,0.0
2012,NP,4605,SG_GEN_PARLN,0.0
2012,NP,4605,SG_GEN_PARLNT,0.0
2015,NP,4605,SG_GEN_PARL,0.0
2015,NP,4605,SG_GEN_PARLN,0.0
2015,NP,4605,SG_GEN_PARLNT,0.0
2016,NP,4605,SG_GEN_PARL,0.0
2016,NP,4605,SG_GEN_PARLN,0.0
2016,NP,4605,SG_GEN_PARLNT,0.0
2019,NP,4605,SG_GEN_PARL,0.0
2019,NP,4605,SG_GEN_PARLN,0.0
2019,NP,4605,SG_GEN_PARLNT,0.0
2020,NP,4605,SG_GEN_PARL,0.0
2020,NP,4605,SG_GEN_PARLN,0.0
2020,NP,4605,SG_GEN_PARLNT,0.0
2022,NP,4605,SG_GEN_PARL,0.0
2022,NP,4605,SG_GEN_PARLN,0.0
2022,NP,4605,SG_GEN_PARLNT,0.0
2024,NP,4605,SG_GEN_PARL,0.0
2024,NP,4605,SG_GEN_PARLN,0.0
2024,NP,4605,SG_GEN_PARLNT,0.0
1984,NP,4207,SG_GEN_PARL,0.0
1984,NP,4207,SG_GEN_PARLN,0.0
1984,NP,4207,SG_GEN_PARLNT,0.0
1988,NP,4207,SG_GEN_PARL,0.0
1988,NP,4207,SG_GEN_PARLN,0.0
1988,NP,4207,SG_GEN_PARLNT,0.0
1990,NP,4207,SG_GEN_PARL,0.0
1990,NP,4207,SG_GEN_PARLN,0.0
1990,NP,4207,SG_GEN_PARLNT,0.0
1992,NP,4207,SG_GEN_PARL,0.0
1992,NP,4207,SG_GEN_PARLN,0.0
1992,NP,4207,SG_GEN_PARLNT,0.0
1994,NP,4207,SG_GEN_PARL,0.0
1994,NP,4207,SG_GEN_PARLN,0.0
1994,NP,4207,SG_GEN_PARLNT,0.0
1996,NP,4207,SG_GEN_PARL,0.0
1996,NP,4207,SG_GEN_PARLN,0.0
1996,NP,4207,SG_GEN_PARLNT,0.0
1998,NP,4207,SG_GEN_PARL,0.0
1998,NP,4207,SG_GEN_PARLN,0.0
1998,NP,4207,SG_GEN_PARLNT,0.0
2000,NP,4207,SG_GEN_PARL,0.0
2000,NP,4207,SG_GEN_PARLN,0.0
2000,NP,4207,SG_GEN_PARLNT,0.0
2002,NP,4207,SG_GEN_PARL,0.0
2002,NP,4207,SG_GEN_PARLN,0.0
2002,NP,4207,SG_GEN_PARLNT,0.0
2004,NP,4207,SG_GEN_PARL,0.0
2004,NP,4207,SG_GEN_PARLN,0.0
2004,NP,4207,SG_GEN_PARLNT,0.0
2008,NP,4207,SG_GEN_PARL,0.0
2008,NP,4207,SG_GEN_PARLN,0.0
2008,NP,4207,SG_GEN_PARLNT,0.0
2011,NP,4207,SG_GEN_PARL,0.0
2011,NP,4207,SG_GEN_PARLN,0.0
2011,NP,4207,SG_GEN_PARLNT,0.0
2012,NP,4207,SG_GEN_PARL,0.0
2012,NP,4207,SG_GEN_PARLN,0.0
2012,NP,4207,SG_GEN_PARLNT,0.0
2015,NP,4207,SG_GEN_PARL,0.0
2015,NP,4207,SG_GEN_PARLN,0.0
2015,NP,4207,SG_GEN_PARLNT,0.0
2016,NP,4207,SG_GEN_PARL,0.0
2016,NP,4207,SG_GEN_PARLN,0.0
2016,NP,4207,SG_GEN_PARLNT,0.0
2019,NP,4207,SG_GEN_PARL,0.0
2019,NP,4207,SG_GEN_PARLN,0.0
2019,NP,4207,SG_GEN_PARLNT,0.0
2020,NP,4207,SG_GEN_PARL,0.0
2020,NP,4207,SG_GEN_PARLN,0.0
2020,NP,4207,SG_GEN_PARLNT,0.0
2022,NP,4207,SG_GEN_PARL,0.0
2022,NP,4207,SG_GEN_PARLN,0.0
2022,NP,4207,SG_GEN_PARLNT,0.0
2024,NP,4207,SG_GEN_PARL,0.0
2024,NP,4207,SG_GEN_PARLN,0.0
2024,NP,4207,SG_GEN_PARLNT,0.0
1984,NP,4302,SG_GEN_PARL,0.0
1984,NP,4302,SG_GEN_PARLN,0.0
1984,NP,4302,SG_GEN_PARLNT,0.0
1988,NP,4302,SG_GEN_PARL,0.0
1988,NP,4302,SG_GEN_PARLN,0.0
1988,NP,4302,SG_GEN_PARLNT,0.0
1990,NP,4302,SG_GEN_PARL,0.0
1990,NP,4302,SG_GEN_PARLN,0.0
1990,NP,4302,SG_GEN_PARLNT,0.0
1992,NP,4302,SG_GEN_PARL,0.0
1992,NP,4302,SG_GEN_PARLN,0.0
1992,NP,4302,SG_GEN_PARLNT,0.0
1994,NP,4302,SG_GEN_PARL,0.0
1994,NP,4302,SG_GEN_PARLN,0.0
1994,NP,4302,SG_GEN_PARLNT,0.0
1996,NP,4302,SG_GEN_PARL,0.0
1996,NP,4302,SG_GEN_PARLN,0.0
1996,NP,4302,SG_GEN_PARLNT,0.0
1998,NP,4302,SG_GEN_PARL,0.0
1998,NP,4302,SG_GEN_PARLN,0.0
1998,NP,4302,SG_GEN_PARLNT,0.0
2000,NP,4302,SG_GEN_PARL,0.0
2000,NP,4302,SG_GEN_PARLN,0.0
2000,NP,4302,SG_GEN_PARLNT,0.0
2002,NP,4302,SG_GEN_PARL,0.0
2002,NP,4302,SG_GEN_PARLN,0.0
2002,NP,4302,SG_GEN_PARLNT,0.0
2004,NP,4302,SG_GEN_PARL,0.0
2004,NP,4302,SG_GEN_PARLN,0.0
2004,NP,4302,SG_GEN_PARLNT,0.0
2008,NP,4302,SG_GEN_PARL,0.0
2008,NP,4302,SG_GEN_PARLN,0.0
2008,NP,4302,SG_GEN_PARLNT,0.0
2011,NP,4302,SG_GEN_PARL,0.0
2011,NP,4302,SG_GEN_PARLN,0.0
2011,NP,4302,SG_GEN_PARLNT,0.0
2012,NP,4302,SG_GEN_PARL,0.0
2012,NP,4302,SG_GEN_PARLN,0.0
2012,NP,4302,SG_GEN_PARLNT,0.0
2015,NP,4302,SG_GEN_PARL,0.0
2015,NP,4302,SG_GEN_PARLN,0.0
2015,NP,4302,SG_GEN_PARLNT,0.0
2016,NP,4302,SG_GEN_PARL,0.0
2016,NP,4302,SG_GEN_PARLN,0.0
2016,NP,4302,SG_GEN_PARLNT,0.0
2019,NP,4302,SG_GEN_PARL,0.0
2019,NP,4302,SG_GEN_PARLN,0.0
2019,NP,4302,SG_GEN_PARLNT,0.0
2020,NP,4302,SG_GEN_PARL,0.0
2020,NP,4302,SG_GEN_PARLN,0.0
2020,NP,4302,SG_GEN_PARLNT,0.0
2022,NP,4302,SG_GEN_PARL,0.0
2022,NP,4302,SG_GEN_PARLN,0.0
2022,NP,4302,SG_GEN_PARLNT,0.0
2024,NP,4302,SG_GEN_PARL,0.0
2024,NP,4302,SG_GEN_PARLN,0.0
2024,NP,4302,SG_GEN_PARLNT,0.0
1984,NP,4401,SG_GEN_PARL,0.0
1984,NP,4401,SG_GEN_PARLN,0.0
1984,NP,4401,SG_GEN_PARLNT,0.0
1988,NP,4401,SG_GEN_PARL,0.0
1988,NP,4401,SG_GEN_PARLN,0.0
1988,NP,4401,SG_GEN_PARLNT,0.0
1990,NP,4401,SG_GEN_PARL,0.0
1990,NP,4401,SG_GEN_PARLN,0.0
1990,NP,4401,SG_GEN_PARLNT,0.0
1992,NP,4401,SG_GEN_PARL,0.0
1992,NP,4401,SG_GEN_PARLN,0.0
1992,NP,4401,SG_GEN_PARLNT,0.0
1994,NP,4401,SG_GEN_PARL,0.0
1994,NP,4401,SG_GEN_PARLN,0.0
1994,NP,4401,SG_GEN_PARLNT,0.0
1996,NP,4401,SG_GEN_PARL,0.0
1996,NP,4401,SG_GEN_PARLN,0.0
1996,NP,4401,SG_GEN_PARLNT,0.0
1998,NP,4401,SG_GEN_PARL,0.0
1998,NP,4401,SG_GEN_PARLN,0.0
1998,NP,4401,SG_GEN_PARLNT,0.0
2000,NP,4401,SG_GEN_PARL,0.0
2000,NP,4401,SG_GEN_PARLN,0.0
2000,NP,4401,SG_GEN_PARLNT,0.0
2002,NP,4401,SG_GEN_PARL,0.0
2002,NP,4401,SG_GEN_PARLN,0.0
2002,NP,4401,SG_GEN_PARLNT,0.0
2004,NP,4401,SG_GEN_PARL,0.0
2004,NP,4401,SG_GEN_PARLN,0.0
2004,NP,4401,SG_GEN_PARLNT,0.0
2008,NP,4401,SG_GEN_PARL,0.0
2008,NP,4401,SG_GEN_PARLN,0.0
2008,NP,4401,SG_GEN_PARLNT,0.0
2011,NP,4401,SG_GEN_PARL,0.0
2011,NP,4401,SG_GEN_PARLN,0.0
2011,NP,4401,SG_GEN_PARLNT,0.0
2012,NP,4401,SG_GEN_PARL,0.0
2012,NP,4401,SG_GEN_PARLN,0.0
2012,NP,4401,SG_GEN_PARLNT,0.0
2015,NP,4401,SG_GEN_PARL,0.0
2015,NP,4401,SG_GEN_PARLN,0.0
2015,NP,4401,SG_GEN_PARLNT,0.0
2016,NP,4401,SG_GEN_PARL,0.0
2016,NP,4401,SG_GEN_PARLN,0.0
2016,NP,4401,SG_GEN_PARLNT,0.0
2019,NP,4401,SG_GEN_PARL,0.0
2019,NP,4401,SG_GEN_PARLN,0.0
2019,NP,4401,SG_GEN_PARLNT,0.0
2020,NP,4401,SG_GEN_PARL,0.0
2020,NP,4401,SG_GEN_PARLN,0.0
2020,NP,4401,SG_GEN_PARLNT,0.0
2022,NP,4401,SG_GEN_PARL,0.0
2022,NP,4401,SG_GEN_PARLN,0.0
2022,NP,4401,SG_GEN_PARLNT,0.0
2024,NP,4401,SG_GEN_PARL,0.0
2024,NP,4401,SG_GEN_PARLN,0.0
2024,NP,4401,SG_GEN_PARLNT,0.0
1984,NP,4501,SG_GEN_PARL,0.0
1984,NP,4501,SG_GEN_PARLN,0.0
1984,NP,4501,SG_GEN_PARLNT,0.0
1988,NP,4501,SG_GEN_PARL,0.0
1988,NP,4501,SG_GEN_PARLN,0.0
1988,NP,4501,SG_GEN_PARLNT,0.0
1990,NP,4501,SG_GEN_PARL,0.0
1990,NP,4501,SG_GEN_PARLN,0.0
1990,NP,4501,SG_GEN_PARLNT,0.0
1992,NP,4501,SG_GEN_PARL,0.0
1992,NP,4501,SG_GEN_PARLN,0.0
1992,NP,4501,SG_GEN_PARLNT,0.0
1994,NP,4501,SG_GEN_PARL,0.0
1994,NP,4501,SG_GEN_PARLN,0.0
1994,NP,4501,SG_GEN_PARLNT,0.0
1996,NP,4501,SG_GEN_PARL,0.0
1996,NP,4501,SG_GEN_PARLN,0.0
1996,NP,4501,SG_GEN_PARLNT,0.0
1998,NP,4501,SG_GEN_PARL,0.0
1998,NP,4501,SG_GEN_PARLN,0.0
1998,NP,4501,SG_GEN_PARLNT,0.0
2000,NP,4501,SG_GEN_PARL,0.0
2000,NP,4501,SG_GEN_PARLN,0.0
2000,NP,4501,SG_GEN_PARLNT,0.0
2002,NP,4501,SG_GEN_PARL,0.0
2002,NP,4501,SG_GEN_PARLN,0.0
2002,NP,4501,SG_GEN_PARLNT,0.0
2004,NP,4501,SG_GEN_PARL,0.0
2004,NP,4501,SG_GEN_PARLN,0.0
2004,NP,4501,SG_GEN_PARLNT,0.0
2008,NP,4501,SG_GEN_PARL,0.0
2008,NP,4501,SG_GEN_PARLN,0.0
2008,NP,4501,SG_GEN_PARLNT,0.0
2011,NP,4501,SG_GEN_PARL,0.0
2011,NP,4501,SG_GEN_PARLN,0.0
2011,NP,4501,SG_GEN_PARLNT,0.0
2012,NP,4501,SG_GEN_PARL,0.0
2012,NP,4501,SG_GEN_PARLN,0.0
2012,NP,4501,SG_GEN_PARLNT,0.0
2015,NP,4501,SG_GEN_PARL,0.0
2015,NP,4501,SG_GEN_PARLN,0.0
2015,NP,4501,SG_GEN_PARLNT,0.0
2016,NP,4501,SG_GEN_PARL,0.0
2016,NP,4501,SG_GEN_PARLN,0.0
2016,NP,4501,SG_GEN_PARLNT,0.0
2019,NP,4501,SG_GEN_PARL,0.0
2019,NP,4501,SG_GEN_PARLN,0.0
2019,NP,4501,SG_GEN_PARLNT,0.0
2020,NP,4501,SG_GEN_PARL,0.0
2020,NP,4501,SG_GEN_PARLN,0.0
2020,NP,4501,SG_GEN_PARLNT,0.0
2022,NP,4501,SG_GEN_PARL,0.0
2022,NP,4501,SG_GEN_PARLN,0.0
2022,NP,4501,SG_GEN_PARLNT,0.0
2024,NP,4501,SG_GEN_PARL,0.0
2024,NP,4501,SG_GEN_PARLN,0.0
2024,NP,4501,SG_GEN_PARLNT,0.0
1984,NP,4208,SG_GEN_PARL,0.0
1984,NP,4208,SG_GEN_PARLN,0.0
1984,NP,4208,SG_GEN_PARLNT,0.0
1988,NP,4208,SG_GEN_PARL,0.0
1988,NP,4208,SG_GEN_PARLN,0.0
1988,NP,4208,SG_GEN_PARLNT,0.0
1990,NP,4208,SG_GEN_PARL,0.0
1990,NP,4208,SG_GEN_PARLN,0.0
1990,NP,4208,SG_GEN_PARLNT,0.0
1992,NP,4208,SG_GEN_PARL,0.0
1992,NP,4208,SG_GEN_PARLN,0.0
1992,NP,4208,SG_GEN_PARLNT,0.0
1994,NP,4208,SG_GEN_PARL,0.0
1994,NP,4208,SG_GEN_PARLN,0.0
1994,NP,4208,SG_GEN_PARLNT,0.0
1996,NP,4208,SG_GEN_PARL,0.0
1996,NP,4208,SG_GEN_PARLN,0.0
1996,NP,4208,SG_GEN_PARLNT,0.0
1998,NP,4208,SG_GEN_PARL,0.0
1998,NP,4208,SG_GEN_PARLN,0.0
1998,NP,4208,SG_GEN_PARLNT,0.0
2000,NP,4208,SG_GEN_PARL,0.0
2000,NP,4208,SG_GEN_PARLN,0.0
2000,NP,4208,SG_GEN_PARLNT,0.0
2002,NP,4208,SG_GEN_PARL,0.0
2002,NP,4208,SG_GEN_PARLN,0.0
2002,NP,4208,SG_GEN_PARLNT,0.0
2004,NP,4208,SG_GEN_PARL,0.0
2004,NP,4208,SG_GEN_PARLN,0.0
2004,NP,4208,SG_GEN_PARLNT,0.0
2008,NP,4208,SG_GEN_PARL,0.0
2008,NP,4208,SG_GEN_PARLN,0.0
2008,NP,4208,SG_GEN_PARLNT,0.0
2011,NP,4208,SG_GEN_PARL,0.0
2011,NP,4208,SG_GEN_PARLN,0.0
2011,NP,4208,SG_GEN_PARLNT,0.0
2012,NP,4208,SG_GEN_PARL,0.0
2012,NP,4208,SG_GEN_PARLN,0.0
2012,NP,4208,SG_GEN_PARLNT,0.0
2015,NP,4208,SG_GEN_PARL,0.0
2015,NP,4208,SG_GEN_PARLN,0.0
2015,NP,4208,SG_GEN_PARLNT,0.0
2016,NP,4208,SG_GEN_PARL,0.0
2016,NP,4208,SG_GEN_PARLN,0.0
2016,NP,4208,SG_GEN_PARLNT,0.0
2019,NP,4208,SG_GEN_PARL,0.0
2019,NP,4208,SG_GEN_PARLN,0.0
2019,NP,4208,SG_GEN_PARLNT,0.0
2020,NP,4208,SG_GEN_PARL,0.0
2020,NP,4208,SG_GEN_PARLN,0.0
2020,NP,4208,SG_GEN_PARLNT,0.0
2022,NP,4208,SG_GEN_PARL,0.0
2022,NP,4208,SG_GEN_PARLN,0.0
2022,NP,4208,SG_GEN_PARLNT,0.0
2024,NP,4208,SG_GEN_PARL,0.0
2024,NP,4208,SG_GEN_PARLN,0.0
2024,NP,4208,SG_GEN_PARLNT,0.0
1984,NP,4209,SG_GEN_PARL,0.0
1984,NP,4209,SG_GEN_PARLN,0.0
1984,NP,4209,SG_GEN_PARLNT,0.0
1988,NP,4209,SG_GEN_PARL,0.0
1988,NP,4209,SG_GEN_PARLN,0.0
1988,NP,4209,SG_GEN_PARLNT,0.0
1990,NP,4209,SG_GEN_PARL,0.0
1990,NP,4209,SG_GEN_PARLN,0.0
1990,NP,4209,SG_GEN_PARLNT,0.0
1992,NP,4209,SG_GEN_PARL,0.0
1992,NP,4209,SG_GEN_PARLN,0.0
1992,NP,4209,SG_GEN_PARLNT,0.0
1994,NP,4209,SG_GEN_PARL,0.0
1994,NP,4209,SG_GEN_PARLN,0.0
1994,NP,4209,SG_GEN_PARLNT,0.0
1996,NP,4209,SG_GEN_PARL,0.0
1996,NP,4209,SG_GEN_PARLN,0.0
1996,NP,4209,SG_GEN_PARLNT,0.0
1998,NP,4209,SG_GEN_PARL,0.0
1998,NP,4209,SG_GEN_PARLN,0.0
1998,NP,4209,SG_GEN_PARLNT,0.0
2000,NP,4209,SG_GEN_PARL,0.0
2000,NP,4209,SG_GEN_PARLN,0.0
2000,NP,4209,SG_GEN_PARLNT,0.0
2002,NP,4209,SG_GEN_PARL,0.0
2002,NP,4209,SG_GEN_PARLN,0.0
2002,NP,4209,SG_GEN_PARLNT,0.0
2004,NP,4209,SG_GEN_PARL,0.0
2004,NP,4209,SG_GEN_PARLN,0.0
2004,NP,4209,SG_GEN_PARLNT,0.0
2008,NP,4209,SG_GEN_PARL,0.0
2008,NP,4209,SG_GEN_PARLN,0.0
2008,NP,4209,SG_GEN_PARLNT,0.0
2011,NP,4209,SG_GEN_PARL,0.0
2011,NP,4209,SG_GEN_PARLN,0.0
2011,NP,4209,SG_GEN_PARLNT,0.0
2012,NP,4209,SG_GEN_PARL,0.0
2012,NP,4209,SG_GEN_PARLN,0.0
2012,NP,4209,SG_GEN_PARLNT,0.0
2015,NP,4209,SG_GEN_PARL,0.0
2015,NP,4209,SG_GEN_PARLN,0.0
2015,NP,4209,SG_GEN_PARLNT,0.0
2016,NP,4209,SG_GEN_PARL,0.0
2016,NP,4209,SG_GEN_PARLN,0.0
2016,NP,4209,SG_GEN_PARLNT,0.0
2019,NP,4209,SG_GEN_PARL,0.0
2019,NP,4209,SG_GEN_PARLN,0.0
2019,NP,4209,SG_GEN_PARLNT,0.0
2020,NP,4209,SG_GEN_PARL,0.0
2020,NP,4209,SG_GEN_PARLN,0.0
2020,NP,4209,SG_GEN_PARLNT,0.0
2022,NP,4209,SG_GEN_PARL,0.0
2022,NP,4209,SG_GEN_PARLN,0.0
2022,NP,4209,SG_GEN_PARLNT,0.0
2024,NP,4209,SG_GEN_PARL,0.0
2024,NP,4209,SG_GEN_PARLN,0.0
2024,NP,4209,SG_GEN_PARLNT,0.0
1984,NP,4503,SG_GEN_PARL,0.0
1984,NP,4503,SG_GEN_PARLN,0.0
1984,NP,4503,SG_GEN_PARLNT,0.0
1988,NP,4503,SG_GEN_PARL,0.0
1988,NP,4503,SG_GEN_PARLN,0.0
1988,NP,4503,SG_GEN_PARLNT,0.0
1990,NP,4503,SG_GEN_PARL,0.0
1990,NP,4503,SG_GEN_PARLN,0.0
1990,NP,4503,SG_GEN_PARLNT,0.0
1992,NP,4503,SG_GEN_PARL,0.0
1992,NP,4503,SG_GEN_PARLN,0.0
1992,NP,4503,SG_GEN_PARLNT,0.0
1994,NP,4503,SG_GEN_PARL,0.0
1994,NP,4503,SG_GEN_PARLN,0.0
1994,NP,4503,SG_GEN_PARLNT,0.0
1996,NP,4503,SG_GEN_PARL,0.0
1996,NP,4503,SG_GEN_PARLN,0.0
1996,NP,4503,SG_GEN_PARLNT,0.0
1998,NP,4503,SG_GEN_PARL,0.0
1998,NP,4503,SG_GEN_PARLN,0.0
1998,NP,4503,SG_GEN_PARLNT,0.0
2000,NP,4503,SG_GEN_PARL,0.0
2000,NP,4503,SG_GEN_PARLN,0.0
2000,NP,4503,SG_GEN_PARLNT,0.0
2002,NP,4503,SG_GEN_PARL,0.0
2002,NP,4503,SG_GEN_PARLN,0.0
2002,NP,4503,SG_GEN_PARLNT,0.0
2004,NP,4503,SG_GEN_PARL,0.0
2004,NP,4503,SG_GEN_PARLN,0.0
2004,NP,4503,SG_GEN_PARLNT,0.0
2008,NP,4503,SG_GEN_PARL,0.0
2008,NP,4503,SG_GEN_PARLN,0.0
2008,NP,4503,SG_GEN_PARLNT,0.0
2011,NP,4503,SG_GEN_PARL,0.0
2011,NP,4503,SG_GEN_PARLN,0.0
2011,NP,4503,SG_GEN_PARLNT,0.0
2012,NP,4503,SG_GEN_PARL,0.0
2012,NP,4503,SG_GEN_PARLN,0.0
2012,NP,4503,SG_GEN_PARLNT,0.0
2015,NP,4503,SG_GEN_PARL,0.0
2015,NP,4503,SG_GEN_PARLN,0.0
2015,NP,4503,SG_GEN_PARLNT,0.0
2016,NP,4503,SG_GEN_PARL,0.0
2016,NP,4503,SG_GEN_PARLN,0.0
2016,NP,4503,SG_GEN_PARLNT,0.0
2019,NP,4503,SG_GEN_PARL,0.0
2019,NP,4503,SG_GEN_PARLN,0.0
2019,NP,4503,SG_GEN_PARLNT,0.0
2020,NP,4503,SG_GEN_PARL,0.0
2020,NP,4503,SG_GEN_PARLN,0.0
2020,NP,4503,SG_GEN_PARLNT,0.0
2022,NP,4503,SG_GEN_PARL,0.0
2022,NP,4503,SG_GEN_PARLN,0.0
2022,NP,4503,SG_GEN_PARLNT,0.0
2024,NP,4503,SG_GEN_PARL,0.0
2024,NP,4503,SG_GEN_PARLN,0.0
2024,NP,4503,SG_GEN_PARLNT,0.0
1984,NP,4502,SG_GEN_PARL,0.0
1984,NP,4502,SG_GEN_PARLN,0.0
1984,NP,4502,SG_GEN_PARLNT,0.0
1988,NP,4502,SG_GEN_PARL,0.0
1988,NP,4502,SG_GEN_PARLN,0.0
1988,NP,4502,SG_GEN_PARLNT,0.0
1990,NP,4502,SG_GEN_PARL,0.0
1990,NP,4502,SG_GEN_PARLN,0.0
1990,NP,4502,SG_GEN_PARLNT,0.0
1992,NP,4502,SG_GEN_PARL,0.0
1992,NP,4502,SG_GEN_PARLN,0.0
1992,NP,4502,SG_GEN_PARLNT,0.0
1994,NP,4502,SG_GEN_PARL,0.0
1994,NP,4502,SG_GEN_PARLN,0.0
1994,NP,4502,SG_GEN_PARLNT,0.0
1996,NP,4502,SG_GEN_PARL,0.0
1996,NP,4502,SG_GEN_PARLN,0.0
1996,NP,4502,SG_GEN_PARLNT,0.0
1998,NP,4502,SG_GEN_PARL,0.0
1998,NP,4502,SG_GEN_PARLN,0.0
1998,NP,4502,SG_GEN_PARLNT,0.0
2000,NP,4502,SG_GEN_PARL,0.0
2000,NP,4502,SG_GEN_PARLN,0.0
2000,NP,4502,SG_GEN_PARLNT,0.0
2002,NP,4502,SG_GEN_PARL,0.0
2002,NP,4502,SG_GEN_PARLN,0.0
2002,NP,4502,SG_GEN_PARLNT,0.0
2004,NP,4502,SG_GEN_PARL,0.0
2004,NP,4502,SG_GEN_PARLN,0.0
2004,NP,4502,SG_GEN_PARLNT,0.0
2008,NP,4502,SG_GEN_PARL,0.0
2008,NP,4502,SG_GEN_PARLN,0.0
2008,NP,4502,SG_GEN_PARLNT,0.0
2011,NP,4502,SG_GEN_PARL,0.0
2011,NP,4502,SG_GEN_PARLN,0.0
2011,NP,4502,SG_GEN_PARLNT,0.0
2012,NP,4502,SG_GEN_PARL,0.0
2012,NP,4502,SG_GEN_PARLN,0.0
2012,NP,4502,SG_GEN_PARLNT,0.0
2015,NP,4502,SG_GEN_PARL,0.0
2015,NP,4502,SG_GEN_PARLN,0.0
2015,NP,4502,SG_GEN_PARLNT,0.0
2016,NP,4502,SG_GEN_PARL,0.0
2016,NP,4502,SG_GEN_PARLN,0.0
2016,NP,4502,SG_GEN_PARLNT,0.0
2019,NP,4502,SG_GEN_PARL,0.0
2019,NP,4502,SG_GEN_PARLN,0.0
2019,NP,4502,SG_GEN_PARLNT,0.0
2020,NP,4502,SG_GEN_PARL,0.0
2020,NP,4502,SG_GEN_PARLN,0.0
2020,NP,4502,SG_GEN_PARLNT,0.0
2022,NP,4502,SG_GEN_PARL,0.0
2022,NP,4502,SG_GEN_PARLN,0.0
2022,NP,4502,SG_GEN_PARLNT,0.0
2024,NP,4502,SG_GEN_PARL,0.0
2024,NP,4502,SG_GEN_PARLN,0.0
2024,NP,4502,SG_GEN_PARLNT,0.0
1984,NP,4505,SG_GEN_PARL,0.0
1984,NP,4505,SG_GEN_PARLN,0.0
1984,NP,4505,SG_GEN_PARLNT,0.0
1988,NP,4505,SG_GEN_PARL,0.0
1988,NP,4505,SG_GEN_PARLN,0.0
1988,NP,4505,SG_GEN_PARLNT,0.0
1990,NP,4505,SG_GEN_PARL,0.0
1990,NP,4505,SG_GEN_PARLN,0.0
1990,NP,4505,SG_GEN_PARLNT,0.0
1992,NP,4505,SG_GEN_PARL,0.0
1992,NP,4505,SG_GEN_PARLN,0.0
1992,NP,4505,SG_GEN_PARLNT,0.0
1994,NP,4505,SG_GEN_PARL,0.0
1994,NP,4505,SG_GEN_PARLN,0.0
1994,NP,4505,SG_GEN_PARLNT,0.0
1996,NP,4505,SG_GEN_PARL,0.0
1996,NP,4505,SG_GEN_PARLN,0.0
1996,NP,4505,SG_GEN_PARLNT,0.0
1998,NP,4505,SG_GEN_PARL,0.0
1998,NP,4505,SG_GEN_PARLN,0.0
1998,NP,4505,SG_GEN_PARLNT,0.0
2000,NP,4505,SG_GEN_PARL,0.0
2000,NP,4505,SG_GEN_PARLN,0.0
2000,NP,4505,SG_GEN_PARLNT,0.0
2002,NP,4505,SG_GEN_PARL,0.0
2002,NP,4505,SG_GEN_PARLN,0.0
2002,NP,4505,SG_GEN_PARLNT,0.0
2004,NP,4505,SG_GEN_PARL,0.0
2004,NP,4505,SG_GEN_PARLN,0.0
2004,NP,4505,SG_GEN_PARLNT,0.0
2008,NP,4505,SG_GEN_PARL,0.0
2008,NP,4505,SG_GEN_PARLN,0.0
2008,NP,4505,SG_GEN_PARLNT,0.0
2011,NP,4505,SG_GEN_PARL,0.0
2011,NP,4505,SG_GEN_PARLN,0.0
2011,NP,4505,SG_GEN_PARLNT,0.0
2012,NP,4505,SG_GEN_PARL,0.0
2012,NP,4505,SG_GEN_PARLN,0.0
2012,NP,4505,SG_GEN_PARLNT,0.0
2015,NP,4505,SG_GEN_PARL,0.0
2015,NP,4505,SG_GEN_PARLN,0.0
2015,NP,4505,SG_GEN_PARLNT,0.0
2016,NP,4505,SG_GEN_PARL,0.0
2016,NP,4505,SG_GEN_PARLN,0.0
2016,NP,4505,SG_GEN_PARLNT,0.0
2019,NP,4505,SG_GEN_PARL,0.0
2019,NP,4505,SG_GEN_PARLN,0.0
2019,NP,4505,SG_GEN_PARLNT,0.0
2020,NP,4505,SG_GEN_PARL,0.0
2020,NP,4505,SG_GEN_PARLN,0.0
2020,NP,4505,SG_GEN_PARLNT,0.0
2022,NP,4505,SG_GEN_PARL,0.0
2022,NP,4505,SG_GEN_PARLN,0.0
2022,NP,4505,SG_GEN_PARLNT,0.0
2024,NP,4505,SG_GEN_PARL,0.0
2024,NP,4505,SG_GEN_PARLN,0.0
2024,NP,4505,SG_GEN_PARLNT,0.0
1984,NP,4403,SG_GEN_PARL,0.0
1984,NP,4403,SG_GEN_PARLN,0.0
1984,NP,4403,SG_GEN_PARLNT,0.0
1988,NP,4403,SG_GEN_PARL,0.0
1988,NP,4403,SG_GEN_PARLN,0.0
1988,NP,4403,SG_GEN_PARLNT,0.0
1990,NP,4403,SG_GEN_PARL,0.0
1990,NP,4403,SG_GEN_PARLN,0.0
1990,NP,4403,SG_GEN_PARLNT,0.0
1992,NP,4403,SG_GEN_PARL,0.0
1992,NP,4403,SG_GEN_PARLN,0.0
1992,NP,4403,SG_GEN_PARLNT,0.0
1994,NP,4403,SG_GEN_PARL,0.0
1994,NP,4403,SG_GEN_PARLN,0.0
1994,NP,4403,SG_GEN_PARLNT,0.0
1996,NP,4403,SG_GEN_PARL,0.0
1996,NP,4403,SG_GEN_PARLN,0.0
1996,NP,4403,SG_GEN_PARLNT,0.0
1998,NP,4403,SG_GEN_PARL,0.0
1998,NP,4403,SG_GEN_PARLN,0.0
1998,NP,4403,SG_GEN_PARLNT,0.0
2000,NP,4403,SG_GEN_PARL,0.0
2000,NP,4403,SG_GEN_PARLN,0.0
2000,NP,4403,SG_GEN_PARLNT,0.0
2002,NP,4403,SG_GEN_PARL,0.0
2002,NP,4403,SG_GEN_PARLN,0.0
2002,NP,4403,SG_GEN_PARLNT,0.0
2004,NP,4403,SG_GEN_PARL,0.0
2004,NP,4403,SG_GEN_PARLN,0.0
2004,NP,4403,SG_GEN_PARLNT,0.0
2008,NP,4403,SG_GEN_PARL,0.0
2008,NP,4403,SG_GEN_PARLN,0.0
2008,NP,4403,SG_GEN_PARLNT,0.0
2011,NP,4403,SG_GEN_PARL,0.0
2011,NP,4403,SG_GEN_PARLN,0.0
2011,NP,4403,SG_GEN_PARLNT,0.0
2012,NP,4403,SG_GEN_PARL,0.0
2012,NP,4403,SG_GEN_PARLN,0.0
2012,NP,4403,SG_GEN_PARLNT,0.0
2015,NP,4403,SG_GEN_PARL,0.0
2015,NP,4403,SG_GEN_PARLN,0.0
2015,NP,4403,SG_GEN_PARLNT,0.0
2016,NP,4403,SG_GEN_PARL,0.0
2016,NP,4403,SG_GEN_PARLN,0.0
2016,NP,4403,SG_GEN_PARLNT,0.0
2019,NP,4403,SG_GEN_PARL,0.0
2019,NP,4403,SG_GEN_PARLN,0.0
2019,NP,4403,SG_GEN_PARLNT,0.0
2020,NP,4403,SG_GEN_PARL,0.0
2020,NP,4403,SG_GEN_PARLN,0.0
2020,NP,4403,SG_GEN_PARLNT,0.0
2022,NP,4403,SG_GEN_PARL,0.0
2022,NP,4403,SG_GEN_PARLN,0.0
2022,NP,4403,SG_GEN_PARLNT,0.0
2024,NP,4403,SG_GEN_PARL,0.0
2024,NP,4403,SG_GEN_PARLN,0.0
2024,NP,4403,SG_GEN_PARLNT,0.0
1984,NP,4607,SG_GEN_PARL,0.0
1984,NP,4607,SG_GEN_PARLN,0.0
1984,NP,4607,SG_GEN_PARLNT,0.0
1988,NP,4607,SG_GEN_PARL,0.0
1988,NP,4607,SG_GEN_PARLN,0.0
1988,NP,4607,SG_GEN_PARLNT,0.0
1990,NP,4607,SG_GEN_PARL,0.0
1990,NP,4607,SG_GEN_PARLN,0.0
1990,NP,4607,SG_GEN_PARLNT,0.0
1992,NP,4607,SG_GEN_PARL,0.0
1992,NP,4607,SG_GEN_PARLN,0.0
1992,NP,4607,SG_GEN_PARLNT,0.0
1994,NP,4607,SG_GEN_PARL,0.0
1994,NP,4607,SG_GEN_PARLN,0.0
1994,NP,4607,SG_GEN_PARLNT,0.0
1996,NP,4607,SG_GEN_PARL,0.0
1996,NP,4607,SG_GEN_PARLN,0.0
1996,NP,4607,SG_GEN_PARLNT,0.0
1998,NP,4607,SG_GEN_PARL,0.0
1998,NP,4607,SG_GEN_PARLN,0.0
1998,NP,4607,SG_GEN_PARLNT,0.0
2000,NP,4607,SG_GEN_PARL,0.0
2000,NP,4607,SG_GEN_PARLN,0.0
2000,NP,4607,SG_GEN_PARLNT,0.0
2002,NP,4607,SG_GEN_PARL,0.0
2002,NP,4607,SG_GEN_PARLN,0.0
2002,NP,4607,SG_GEN_PARLNT,0.0
2004,NP,4607,SG_GEN_PARL,0.0
2004,NP,4607,SG_GEN_PARLN,0.0
2004,NP,4607,SG_GEN_PARLNT,0.0
2008,NP,4607,SG_GEN_PARL,0.0
2008,NP,4607,SG_GEN_PARLN,0.0
2008,NP,4607,SG_GEN_PARLNT,0.0
2011,NP,4607,SG_GEN_PARL,0.0
2011,NP,4607,SG_GEN_PARLN,0.0
2011,NP,4607,SG_GEN_PARLNT,0.0
2012,NP,4607,SG_GEN_PARL,0.0
2012,NP,4607,SG_GEN_PARLN,0.0
2012,NP,4607,SG_GEN_PARLNT,0.0
2015,NP,4607,SG_GEN_PARL,0.0
2015,NP,4607,SG_GEN_PARLN,0.0
2015,NP,4607,SG_GEN_PARLNT,0.0
2016,NP,4607,SG_GEN_PARL,0.0
2016,NP,4607,SG_GEN_PARLN,0.0
2016,NP,4607,SG_GEN_PARLNT,0.0
2019,NP,4607,SG_GEN_PARL,0.0
2019,NP,4607,SG_GEN_PARLN,0.0
2019,NP,4607,SG_GEN_PARLNT,0.0
2020,NP,4607,SG_GEN_PARL,0.0
2020,NP,4607,SG_GEN_PARLN,0.0
2020,NP,4607,SG_GEN_PARLNT,0.0
2022,NP,4607,SG_GEN_PARL,0.0
2022,NP,4607,SG_GEN_PARLN,0.0
2022,NP,4607,SG_GEN_PARLNT,0.0
2024,NP,4607,SG_GEN_PARL,0.0
2024,NP,4607,SG_GEN_PARLN,0.0
2024,NP,4607,SG_GEN_PARLNT,0.0
1984,NP,4211,SG_GEN_PARL,0.0
1984,NP,4211,SG_GEN_PARLN,0.0
1984,NP,4211,SG_GEN_PARLNT,0.0
1988,NP,4211,SG_GEN_PARL,0.0
1988,NP,4211,SG_GEN_PARLN,0.0
1988,NP,4211,SG_GEN_PARLNT,0.0
1990,NP,4211,SG_GEN_PARL,0.0
1990,NP,4211,SG_GEN_PARLN,0.0
1990,NP,4211,SG_GEN_PARLNT,0.0
1992,NP,4211,SG_GEN_PARL,0.0
1992,NP,4211,SG_GEN_PARLN,0.0
1992,NP,4211,SG_GEN_PARLNT,0.0
1994,NP,4211,SG_GEN_PARL,0.0
1994,NP,4211,SG_GEN_PARLN,0.0
1994,NP,4211,SG_GEN_PARLNT,0.0
1996,NP,4211,SG_GEN_PARL,0.0
1996,NP,4211,SG_GEN_PARLN,0.0
1996,NP,4211,SG_GEN_PARLNT,0.0
1998,NP,4211,SG_GEN_PARL,0.0
1998,NP,4211,SG_GEN_PARLN,0.0
1998,NP,4211,SG_GEN_PARLNT,0.0
2000,NP,4211,SG_GEN_PARL,0.0
2000,NP,4211,SG_GEN_PARLN,0.0
2000,NP,4211,SG_GEN_PARLNT,0.0
2002,NP,4211,SG_GEN_PARL,0.0
2002,NP,4211,SG_GEN_PARLN,0.0
2002,NP,4211,SG_GEN_PARLNT,0.0
2004,NP,4211,SG_GEN_PARL,0.0
2004,NP,4211,SG_GEN_PARLN,0.0
2004,NP,4211,SG_GEN_PARLNT,0.0
2008,NP,4211,SG_GEN_PARL,0.0
2008,NP,4211,SG_GEN_PARLN,0.0
2008,NP,4211,SG_GEN_PARLNT,0.0
2011,NP,4211,SG_GEN_PARL,0.0
2011,NP,4211,SG_GEN_PARLN,0.0
2011,NP,4211,SG_GEN_PARLNT,0.0
2012,NP,4211,SG_GEN_PARL,0.0
2012,NP,4211,SG_GEN_PARLN,0.0
2012,NP,4211,SG_GEN_PARLNT,0.0
2015,NP,4211,SG_GEN_PARL,0.0
2015,NP,4211,SG_GEN_PARLN,0.0
2015,NP,4211,SG_GEN_PARLNT,0.0
2016,NP,4211,SG_GEN_PARL,0.0
2016,NP,4211,SG_GEN_PARLN,0.0
2016,NP,4211,SG_GEN_PARLNT,0.0
2019,NP,4211,SG_GEN_PARL,0.0
2019,NP,4211,SG_GEN_PARLN,0.0
2019,NP,4211,SG_GEN_PARLNT,0.0
2020,NP,4211,SG_GEN_PARL,0.0
2020,NP,4211,SG_GEN_PARLN,0.0
2020,NP,4211,SG_GEN_PARLNT,0.0
2022,NP,4211,SG_GEN_PARL,0.0
2022,NP,4211,SG_GEN_PARLN,0.0
2022,NP,4211,SG_GEN_PARLNT,0.0
2024,NP,4211,SG_GEN_PARL,0.0
2024,NP,4211,SG_GEN_PARLN,0.0
2024,NP,4211,SG_GEN_PARLNT,0.0
1984,NP,4102,SG_GEN_PARL,0.0
1984,NP,4102,SG_GEN_PARLN,0.0
1984,NP,4102,SG_GEN_PARLNT,0.0
1988,NP,4102,SG_GEN_PARL,0.0
1988,NP,4102,SG_GEN_PARLN,0.0
1988,NP,4102,SG_GEN_PARLNT,0.0
1990,NP,4102,SG_GEN_PARL,0.0
1990,NP,4102,SG_GEN_PARLN,0.0
1990,NP,4102,SG_GEN_PARLNT,0.0
1992,NP,4102,SG_GEN_PARL,0.0
1992,NP,4102,SG_GEN_PARLN,0.0
1992,NP,4102,SG_GEN_PARLNT,0.0
1994,NP,4102,SG_GEN_PARL,0.0
1994,NP,4102,SG_GEN_PARLN,0.0
1994,NP,4102,SG_GEN_PARLNT,0.0
1996,NP,4102,SG_GEN_PARL,0.0
1996,NP,4102,SG_GEN_PARLN,0.0
1996,NP,4102,SG_GEN_PARLNT,0.0
1998,NP,4102,SG_GEN_PARL,0.0
1998,NP,4102,SG_GEN_PARLN,0.0
1998,NP,4102,SG_GEN_PARLNT,0.0
2000,NP,4102,SG_GEN_PARL,0.0
2000,NP,4102,SG_GEN_PARLN,0.0
2000,NP,4102,SG_GEN_PARLNT,0.0
2002,NP,4102,SG_GEN_PARL,0.0
2002,NP,4102,SG_GEN_PARLN,0.0
2002,NP,4102,SG_GEN_PARLNT,0.0
2004,NP,4102,SG_GEN_PARL,0.0
2004,NP,4102,SG_GEN_PARLN,0.0
2004,NP,4102,SG_GEN_PARLNT,0.0
2008,NP,4102,SG_GEN_PARL,0.0
2008,NP,4102,SG_GEN_PARLN,0.0
2008,NP,4102,SG_GEN_PARLNT,0.0
2011,NP,4102,SG_GEN_PARL,0.0
2011,NP,4102,SG_GEN_PARLN,0.0
2011,NP,4102,SG_GEN_PARLNT,0.0
2012,NP,4102,SG_GEN_PARL,0.0
2012,NP,4102,SG_GEN_PARLN,0.0
2012,NP,4102,SG_GEN_PARLNT,0.0
2015,NP,4102,SG_GEN_PARL,0.0
2015,NP,4102,SG_GEN_PARLN,0.0
2015,NP,4102,SG_GEN_PARLNT,0.0
2016,NP,4102,SG_GEN_PARL,0.0
2016,NP,4102,SG_GEN_PARLN,0.0
2016,NP,4102,SG_GEN_PARLNT,0.0
2019,NP,4102,SG_GEN_PARL,0.0
2019,NP,4102,SG_GEN_PARLN,0.0
2019,NP,4102,SG_GEN_PARLNT,0.0
2020,NP,4102,SG_GEN_PARL,0.0
2020,NP,4102,SG_GEN_PARLN,0.0
2020,NP,4102,SG_GEN_PARLNT,0.0
2022,NP,4102,SG_GEN_PARL,0.0
2022,NP,4102,SG_GEN_PARLN,0.0
2022,NP,4102,SG_GEN_PARLNT,0.0
2024,NP,4102,SG_GEN_PARL,0.0
2024,NP,4102,SG_GEN_PARLN,0.0
2024,NP,4102,SG_GEN_PARLNT,0.0
1984,NP,4701,SG_GEN_PARL,0.0
1984,NP,4701,SG_GEN_PARLN,0.0
1984,NP,4701,SG_GEN_PARLNT,0.0
1988,NP,4701,SG_GEN_PARL,0.0
1988,NP,4701,SG_GEN_PARLN,0.0
1988,NP,4701,SG_GEN_PARLNT,0.0
1990,NP,4701,SG_GEN_PARL,0.0
1990,NP,4701,SG_GEN_PARLN,0.0
1990,NP,4701,SG_GEN_PARLNT,0.0
1992,NP,4701,SG_GEN_PARL,0.0
1992,NP,4701,SG_GEN_PARLN,0.0
1992,NP,4701,SG_GEN_PARLNT,0.0
1994,NP,4701,SG_GEN_PARL,0.0
1994,NP,4701,SG_GEN_PARLN,0.0
1994,NP,4701,SG_GEN_PARLNT,0.0
1996,NP,4701,SG_GEN_PARL,0.0
1996,NP,4701,SG_GEN_PARLN,0.0
1996,NP,4701,SG_GEN_PARLNT,0.0
1998,NP,4701,SG_GEN_PARL,0.0
1998,NP,4701,SG_GEN_PARLN,0.0
1998,NP,4701,SG_GEN_PARLNT,0.0
2000,NP,4701,SG_GEN_PARL,0.0
2000,NP,4701,SG_GEN_PARLN,0.0
2000,NP,4701,SG_GEN_PARLNT,0.0
2002,NP,4701,SG_GEN_PARL,0.0
2002,NP,4701,SG_GEN_PARLN,0.0
2002,NP,4701,SG_GEN_PARLNT,0.0
2004,NP,4701,SG_GEN_PARL,0.0
2004,NP,4701,SG_GEN_PARLN,0.0
2004,NP,4701,SG_GEN_PARLNT,0.0
2008,NP,4701,SG_GEN_PARL,0.0
2008,NP,4701,SG_GEN_PARLN,0.0
2008,NP,4701,SG_GEN_PARLNT,0.0
2011,NP,4701,SG_GEN_PARL,0.0
2011,NP,4701,SG_GEN_PARLN,0.0
2011,NP,4701,SG_GEN_PARLNT,0.0
2012,NP,4701,SG_GEN_PARL,0.0
2012,NP,4701,SG_GEN_PARLN,0.0
2012,NP,4701,SG_GEN_PARLNT,0.0
2015,NP,4701,SG_GEN_PARL,0.0
2015,NP,4701,SG_GEN_PARLN,0.0
2015,NP,4701,SG_GEN_PARLNT,0.0
2016,NP,4701,SG_GEN_PARL,0.0
2016,NP,4701,SG_GEN_PARLN,0.0
2016,NP,4701,SG_GEN_PARLNT,0.0
2019,NP,4701,SG_GEN_PARL,0.0
2019,NP,4701,SG_GEN_PARLN,0.0
2019,NP,4701,SG_GEN_PARLNT,0.0
2020,NP,4701,SG_GEN_PARL,0.0
2020,NP,4701,SG_GEN_PARLN,0.0
2020,NP,4701,SG_GEN_PARLNT,0.0
2022,NP,4701,SG_GEN_PARL,0.0
2022,NP,4701,SG_GEN_PARLN,0.0
2022,NP,4701,SG_GEN_PARLNT,0.0
2024,NP,4701,SG_GEN_PARL,0.0
2024,NP,4701,SG_GEN_PARLN,0.0
2024,NP,4701,SG_GEN_PARLNT,0.0
1984,NP,4602,SG_GEN_PARL,0.0
1984,NP,4602,SG_GEN_PARLN,0.0
1984,NP,4602,SG_GEN_PARLNT,0.0
1988,NP,4602,SG_GEN_PARL,0.0
1988,NP,4602,SG_GEN_PARLN,0.0
1988,NP,4602,SG_GEN_PARLNT,0.0
1990,NP,4602,SG_GEN_PARL,0.0
1990,NP,4602,SG_GEN_PARLN,0.0
1990,NP,4602,SG_GEN_PARLNT,0.0
1992,NP,4602,SG_GEN_PARL,0.0
1992,NP,4602,SG_GEN_PARLN,0.0
1992,NP,4602,SG_GEN_PARLNT,0.0
1994,NP,4602,SG_GEN_PARL,0.0
1994,NP,4602,SG_GEN_PARLN,0.0
1994,NP,4602,SG_GEN_PARLNT,0.0
1996,NP,4602,SG_GEN_PARL,0.0
1996,NP,4602,SG_GEN_PARLN,0.0
1996,NP,4602,SG_GEN_PARLNT,0.0
1998,NP,4602,SG_GEN_PARL,0.0
1998,NP,4602,SG_GEN_PARLN,0.0
1998,NP,4602,SG_GEN_PARLNT,0.0
2000,NP,4602,SG_GEN_PARL,0.0
2000,NP,4602,SG_GEN_PARLN,0.0
2000,NP,4602,SG_GEN_PARLNT,0.0
2002,NP,4602,SG_GEN_PARL,0.0
2002,NP,4602,SG_GEN_PARLN,0.0
2002,NP,4602,SG_GEN_PARLNT,0.0
2004,NP,4602,SG_GEN_PARL,0.0
2004,NP,4602,SG_GEN_PARLN,0.0
2004,NP,4602,SG_GEN_PARLNT,0.0
2008,NP,4602,SG_GEN_PARL,0.0
2008,NP,4602,SG_GEN_PARLN,0.0
2008,NP,4602,SG_GEN_PARLNT,0.0
2011,NP,4602,SG_GEN_PARL,0.0
2011,NP,4602,SG_GEN_PARLN,0.0
2011,NP,4602,SG_GEN_PARLNT,0.0
2012,NP,4602,SG_GEN_PARL,0.0
2012,NP,4602,SG_GEN_PARLN,0.0
2012,NP,4602,SG_GEN_PARLNT,0.0
2015,NP,4602,SG_GEN_PARL,0.0
2015,NP,4602,SG_GEN_PARLN,0.0
2015,NP,4602,SG_GEN_PARLNT,0.0
2016,NP,4602,SG_GEN_PARL,0.0
2016,NP,4602,SG_GEN_PARLN,0.0
2016,NP,4602,SG_GEN_PARLNT,0.0
2019,NP,4602,SG_GEN_PARL,0.0
2019,NP,4602,SG_GEN_PARLN,0.0
2019,NP,4602,SG_GEN_PARLNT,0.0
2020,NP,4602,SG_GEN_PARL,0.0
2020,NP,4602,SG_GEN_PARLN,0.0
2020,NP,4602,SG_GEN_PARLNT,0.0
2022,NP,4602,SG_GEN_PARL,0.0
2022,NP,4602,SG_GEN_PARLN,0.0
2022,NP,4602,SG_GEN_PARLNT,0.0
2024,NP,4602,SG_GEN_PARL,0.0
2024,NP,4602,SG_GEN_PARLN,0.0
2024,NP,4602,SG_GEN_PARLNT,0.0
1984,NP,4402V,SG_GEN_PARL,0.0
1984,NP,4402V,SG_GEN_PARLN,0.0
1984,NP,4402V,SG_GEN_PARLNT,0.0
1988,NP,4402V,SG_GEN_PARL,0.0
1988,NP,4402V,SG_GEN_PARLN,0.0
1988,NP,4402V,SG_GEN_PARLNT,0.0
1990,NP,4402V,SG_GEN_PARL,0.0
1990,NP,4402V,SG_GEN_PARLN,0.0
1990,NP,4402V,SG_GEN_PARLNT,0.0
1992,NP,4402V,SG_GEN_PARL,0.0
1992,NP,4402V,SG_GEN_PARLN,0.0
1992,NP,4402V,SG_GEN_PARLNT,0.0
1994,NP,4402V,SG_GEN_PARL,0.0
1994,NP,4402V,SG_GEN_PARLN,0.0
1994,NP,4402V,SG_GEN_PARLNT,0.0
1996,NP,4402V,SG_GEN_PARL,0.0
1996,NP,4402V,SG_GEN_PARLN,0.0
1996,NP,4402V,SG_GEN_PARLNT,0.0
1998,NP,4402V,SG_GEN_PARL,0.0
1998,NP,4402V,SG_GEN_PARLN,0.0
1998,NP,4402V,SG_GEN_PARLNT,0.0
2000,NP,4402V,SG_GEN_PARL,0.0
2000,NP,4402V,SG_GEN_PARLN,0.0
2000,NP,4402V,SG_GEN_PARLNT,0.0
2002,NP,4402V,SG_GEN_PARL,0.0
2002,NP,4402V,SG_GEN_PARLN,0.0
2002,NP,4402V,SG_GEN_PARLNT,0.0
2004,NP,4402V,SG_GEN_PARL,0.0
2004,NP,4402V,SG_GEN_PARLN,0.0
2004,NP,4402V,SG_GEN_PARLNT,0.0
2008,NP,4402V,SG_GEN_PARL,0.0
2008,NP,4402V,SG_GEN_PARLN,0.0
2008,NP,4402V,SG_GEN_PARLNT,0.0
2011,NP,4402V,SG_GEN_PARL,0.0
2011,NP,4402V,SG_GEN_PARLN,0.0
2011,NP,4402V,SG_GEN_PARLNT,0.0
2012,NP,4402V,SG_GEN_PARL,0.0
2012,NP,4402V,SG_GEN_PARLN,0.0
2012,NP,4402V,SG_GEN_PARLNT,0.0
2015,NP,4402V,SG_GEN_PARL,0.0
2015,NP,4402V,SG_GEN_PARLN,0.0
2015,NP,4402V,SG_GEN_PARLNT,0.0
2016,NP,4402V,SG_GEN_PARL,0.0
2016,NP,4402V,SG_GEN_PARLN,0.0
2016,NP,4402V,SG_GEN_PARLNT,0.0
2019,NP,4402V,SG_GEN_PARL,0.0
2019,NP,4402V,SG_GEN_PARLN,0.0
2019,NP,4402V,SG_GEN_PARLNT,0.0
2020,NP,4402V,SG_GEN_PARL,0.0
2020,NP,4402V,SG_GEN_PARLN,0.0
2020,NP,4402V,SG_GEN_PARLNT,0.0
2022,NP,4402V,SG_GEN_PARL,0.0
2022,NP,4402V,SG_GEN_PARLN,0.0
2022,NP,4402V,SG_GEN_PARLNT,0.0
2024,NP,4402V,SG_GEN_PARL,0.0
2024,NP,4402V,SG_GEN_PARLN,0.0
2024,NP,4402V,SG_GEN_PARLNT,0.0
1984,NP,4606,SG_GEN_PARL,0.0
1984,NP,4606,SG_GEN_PARLN,0.0
1984,NP,4606,SG_GEN_PARLNT,0.0
1988,NP,4606,SG_GEN_PARL,0.0
1988,NP,4606,SG_GEN_PARLN,0.0
1988,NP,4606,SG_GEN_PARLNT,0.0
1990,NP,4606,SG_GEN_PARL,0.0
1990,NP,4606,SG_GEN_PARLN,0.0
1990,NP,4606,SG_GEN_PARLNT,0.0
1992,NP,4606,SG_GEN_PARL,0.0
1992,NP,4606,SG_GEN_PARLN,0.0
1992,NP,4606,SG_GEN_PARLNT,0.0
1994,NP,4606,SG_GEN_PARL,0.0
1994,NP,4606,SG_GEN_PARLN,0.0
1994,NP,4606,SG_GEN_PARLNT,0.0
1996,NP,4606,SG_GEN_PARL,0.0
1996,NP,4606,SG_GEN_PARLN,0.0
1996,NP,4606,SG_GEN_PARLNT,0.0
1998,NP,4606,SG_GEN_PARL,0.0
1998,NP,4606,SG_GEN_PARLN,0.0
1998,NP,4606,SG_GEN_PARLNT,0.0
2000,NP,4606,SG_GEN_PARL,0.0
2000,NP,4606,SG_GEN_PARLN,0.0
2000,NP,4606,SG_GEN_PARLNT,0.0
2002,NP,4606,SG_GEN_PARL,0.0
2002,NP,4606,SG_GEN_PARLN,0.0
2002,NP,4606,SG_GEN_PARLNT,0.0
2004,NP,4606,SG_GEN_PARL,0.0
2004,NP,4606,SG_GEN_PARLN,0.0
2004,NP,4606,SG_GEN_PARLNT,0.0
2008,NP,4606,SG_GEN_PARL,0.0
2008,NP,4606,SG_GEN_PARLN,0.0
2008,NP,4606,SG_GEN_PARLNT,0.0
2011,NP,4606,SG_GEN_PARL,0.0
2011,NP,4606,SG_GEN_PARLN,0.0
2011,NP,4606,SG_GEN_PARLNT,0.0
2012,NP,4606,SG_GEN_PARL,0.0
2012,NP,4606,SG_GEN_PARLN,0.0
2012,NP,4606,SG_GEN_PARLNT,0.0
2015,NP,4606,SG_GEN_PARL,0.0
2015,NP,4606,SG_GEN_PARLN,0.0
2015,NP,4606,SG_GEN_PARLNT,0.0
2016,NP,4606,SG_GEN_PARL,0.0
2016,NP,4606,SG_GEN_PARLN,0.0
2016,NP,4606,SG_GEN_PARLNT,0.0
2019,NP,4606,SG_GEN_PARL,0.0
2019,NP,4606,SG_GEN_PARLN,0.0
2019,NP,4606,SG_GEN_PARLNT,0.0
2020,NP,4606,SG_GEN_PARL,0.0
2020,NP,4606,SG_GEN_PARLN,0.0
2020,NP,4606,SG_GEN_PARLNT,0.0
2022,NP,4606,SG_GEN_PARL,0.0
2022,NP,4606,SG_GEN_PARLN,0.0
2022,NP,4606,SG_GEN_PARLNT,0.0
2024,NP,4606,SG_GEN_PARL,0.0
2024,NP,4606,SG_GEN_PARLN,0.0
2024,NP,4606,SG_GEN_PARLNT,0.0
1984,NP,4307,SG_GEN_PARL,0.0
1984,NP,4307,SG_GEN_PARLN,0.0
1984,NP,4307,SG_GEN_PARLNT,0.0
1988,NP,4307,SG_GEN_PARL,0.0
1988,NP,4307,SG_GEN_PARLN,0.0
1988,NP,4307,SG_GEN_PARLNT,0.0
1990,NP,4307,SG_GEN_PARL,0.0
1990,NP,4307,SG_GEN_PARLN,0.0
1990,NP,4307,SG_GEN_PARLNT,0.0
1992,NP,4307,SG_GEN_PARL,0.0
1992,NP,4307,SG_GEN_PARLN,0.0
1992,NP,4307,SG_GEN_PARLNT,0.0
1994,NP,4307,SG_GEN_PARL,0.0
1994,NP,4307,SG_GEN_PARLN,0.0
1994,NP,4307,SG_GEN_PARLNT,0.0
1996,NP,4307,SG_GEN_PARL,0.0
1996,NP,4307,SG_GEN_PARLN,0.0
1996,NP,4307,SG_GEN_PARLNT,0.0
1998,NP,4307,SG_GEN_PARL,0.0
1998,NP,4307,SG_GEN_PARLN,0.0
1998,NP,4307,SG_GEN_PARLNT,0.0
2000,NP,4307,SG_GEN_PARL,0.0
2000,NP,4307,SG_GEN_PARLN,0.0
2000,NP,4307,SG_GEN_PARLNT,0.0
2002,NP,4307,SG_GEN_PARL,0.0
2002,NP,4307,SG_GEN_PARLN,0.0
2002,NP,4307,SG_GEN_PARLNT,0.0
2004,NP,4307,SG_GEN_PARL,0.0
2004,NP,4307,SG_GEN_PARLN,0.0
2004,NP,4307,SG_GEN_PARLNT,0.0
2008,NP,4307,SG_GEN_PARL,0.0
2008,NP,4307,SG_GEN_PARLN,0.0
2008,NP,4307,SG_GEN_PARLNT,0.0
2011,NP,4307,SG_GEN_PARL,0.0
2011,NP,4307,SG_GEN_PARLN,0.0
2011,NP,4307,SG_GEN_PARLNT,0.0
2012,NP,4307,SG_GEN_PARL,0.0
2012,NP,4307,SG_GEN_PARLN,0.0
2012,NP,4307,SG_GEN_PARLNT,0.0
2015,NP,4307,SG_GEN_PARL,0.0
2015,NP,4307,SG_GEN_PARLN,0.0
2015,NP,4307,SG_GEN_PARLNT,0.0
2016,NP,4307,SG_GEN_PARL,0.0
2016,NP,4307,SG_GEN_PARLN,0.0
2016,NP,4307,SG_GEN_PARLNT,0.0
2019,NP,4307,SG_GEN_PARL,0.0
2019,NP,4307,SG_GEN_PARLN,0.0
2019,NP,4307,SG_GEN_PARLNT,0.0
2020,NP,4307,SG_GEN_PARL,0.0
2020,NP,4307,SG_GEN_PARLN,0.0
2020,NP,4307,SG_GEN_PARLNT,0.0
2022,NP,4307,SG_GEN_PARL,0.0
2022,NP,4307,SG_GEN_PARLN,0.0
2022,NP,4307,SG_GEN_PARLNT,0.0
2024,NP,4307,SG_GEN_PARL,0.0
2024,NP,4307,SG_GEN_PARLN,0.0
2024,NP,4307,SG_GEN_PARLNT,0.0
1984,NP,4103,SG_GEN_PARL,0.0
1984,NP,4103,SG_GEN_PARLN,0.0
1984,NP,4103,SG_GEN_PARLNT,0.0
1988,NP,4103,SG_GEN_PARL,0.0
1988,NP,4103,SG_GEN_PARLN,0.0
1988,NP,4103,SG_GEN_PARLNT,0.0
1990,NP,4103,SG_GEN_PARL,0.0
1990,NP,4103,SG_GEN_PARLN,0.0
1990,NP,4103,SG_GEN_PARLNT,0.0
1992,NP,4103,SG_GEN_PARL,0.0
1992,NP,4103,SG_GEN_PARLN,0.0
1992,NP,4103,SG_GEN_PARLNT,0.0
1994,NP,4103,SG_GEN_PARL,0.0
1994,NP,4103,SG_GEN_PARLN,0.0
1994,NP,4103,SG_GEN_PARLNT,0.0
1996,NP,4103,SG_GEN_PARL,0.0
1996,NP,4103,SG_GEN_PARLN,0.0
1996,NP,4103,SG_GEN_PARLNT,0.0
1998,NP,4103,SG_GEN_PARL,0.0
1998,NP,4103,SG_GEN_PARLN,0.0
1998,NP,4103,SG_GEN_PARLNT,0.0
2000,NP,4103,SG_GEN_PARL,0.0
2000,NP,4103,SG_GEN_PARLN,0.0
2000,NP,4103,SG_GEN_PARLNT,0.0
2002,NP,4103,SG_GEN_PARL,0.0
2002,NP,4103,SG_GEN_PARLN,0.0
2002,NP,4103,SG_GEN_PARLNT,0.0
2004,NP,4103,SG_GEN_PARL,0.0
2004,NP,4103,SG_GEN_PARLN,0.0
2004,NP,4103,SG_GEN_PARLNT,0.0
2008,NP,4103,SG_GEN_PARL,0.0
2008,NP,4103,SG_GEN_PARLN,0.0
2008,NP,4103,SG_GEN_PARLNT,0.0
2011,NP,4103,SG_GEN_PARL,0.0
2011,NP,4103,SG_GEN_PARLN,0.0
2011,NP,4103,SG_GEN_PARLNT,0.0
2012,NP,4103,SG_GEN_PARL,0.0
2012,NP,4103,SG_GEN_PARLN,0.0
2012,NP,4103,SG_GEN_PARLNT,0.0
2015,NP,4103,SG_GEN_PARL,0.0
2015,NP,4103,SG_GEN_PARLN,0.0
2015,NP,4103,SG_GEN_PARLNT,0.0
2016,NP,4103,SG_GEN_PARL,0.0
2016,NP,4103,SG_GEN_PARLN,0.0
2016,NP,4103,SG_GEN_PARLNT,0.0
2019,NP,4103,SG_GEN_PARL,0.0
2019,NP,4103,SG_GEN_PARLN,0.0
2019,NP,4103,SG_GEN_PARLNT,0.0
2020,NP,4103,SG_GEN_PARL,0.0
2020,NP,4103,SG_GEN_PARLN,0.0
2020,NP,4103,SG_GEN_PARLNT,0.0
2022,NP,4103,SG_GEN_PARL,0.0
2022,NP,4103,SG_GEN_PARLN,0.0
2022,NP,4103,SG_GEN_PARLNT,0.0
2024,NP,4103,SG_GEN_PARL,0.0
2024,NP,4103,SG_GEN_PARLN,0.0
2024,NP,4103,SG_GEN_PARLNT,0.0
1984,LG,TOT,SG_GEN_PARL,0.0
1984,LG,TOT,SG_GEN_PARLN,0.0
1984,LG,TOT,SG_GEN_PARLNT,0.0
1988,LG,TOT,SG_GEN_PARL,0.0
1988,LG,TOT,SG_GEN_PARLN,0.0
1988,LG,TOT,SG_GEN_PARLNT,0.0
1990,LG,TOT,SG_GEN_PARL,0.0
1990,LG,TOT,SG_GEN_PARLN,0.0
1990,LG,TOT,SG_GEN_PARLNT,0.0
1992,LG,TOT,SG_GEN_PARL,0.0
1992,LG,TOT,SG_GEN_PARLN,0.0
1992,LG,TOT,SG_GEN_PARLNT,0.0
1994,LG,TOT,SG_GEN_PARL,0.0
1994,LG,TOT,SG_GEN_PARLN,0.0
1994,LG,TOT,SG_GEN_PARLNT,0.0
1996,LG,TOT,SG_GEN_PARL,0.0
1996,LG,TOT,SG_GEN_PARLN,0.0
1996,LG,TOT,SG_GEN_PARLNT,0.0
1998,LG,TOT,SG_GEN_PARL,0.0
1998,LG,TOT,SG_GEN_PARLN,0.0
1998,LG,TOT,SG_GEN_PARLNT,0.0
2000,LG,TOT,SG_GEN_PARL,0.0
2000,LG,TOT,SG_GEN_PARLN,0.0
2000,LG,TOT,SG_GEN_PARLNT,0.0
2002,LG,TOT,SG_GEN_PARL,0.0
2002,LG,TOT,SG_GEN_PARLN,0.0
2002,LG,TOT,SG_GEN_PARLNT,0.0
2004,LG,TOT,SG_GEN_PARL,0.0
2004,LG,TOT,SG_GEN_PARLN,0.0
2004,LG,TOT,SG_GEN_PARLNT,0.0
2008,LG,TOT,SG_GEN_PARL,0.0
2008,LG,TOT,SG_GEN_PARLN,0.0
2008,LG,TOT,SG_GEN_PARLNT,0.0
2011,LG,TOT,SG_GEN_PARL,0.0
2011,LG,TOT,SG_GEN_PARLN,0.0
2011,LG,TOT,SG_GEN_PARLNT,0.0
2012,LG,TOT,SG_GEN_PARL,0.0
2012,LG,TOT,SG_GEN_PARLN,0.0
2012,LG,TOT,SG_GEN_PARLNT,0.0
2015,LG,TOT,SG_GEN_PARL,0.0
2015,LG,TOT,SG_GEN_PARLN,0.0
2015,LG,TOT,SG_GEN_PARLNT,0.0
2016,LG,TOT,SG_GEN_PARL,0.0
2016,LG,TOT,SG_GEN_PARLN,0.0
2016,LG,TOT,SG_GEN_PARLNT,0.0
2019,LG,TOT,SG_GEN_PARL,0.0
2019,LG,TOT,SG_GEN_PARLN,0.0
2019,LG,TOT,SG_GEN_PARLNT,0.0
2020,LG,TOT,SG_GEN_PARL,0.0
2020,LG,TOT,SG_GEN_PARLN,0.0
2020,LG,TOT,SG_GEN_PARLNT,0.0
2022,LG,TOT,SG_GEN_PARL,0.0
2022,LG,TOT,SG_GEN_PARLN,0.0
2022,LG,TOT,SG_GEN_PARLNT,0.0
2024,LG,TOT,SG_GEN_PARL,0.0
2024,LG,TOT,SG_GEN_PARLN,0.0
2024,LG,TOT,SG_GEN_PARLNT,0.0
1984,LG,A,SG_GEN_PARL,0.0
1984,LG,A,SG_GEN_PARLN,0.0
1984,LG,A,SG_GEN_PARLNT,0.0
1988,LG,A,SG_GEN_PARL,0.0
1988,LG,A,SG_GEN_PARLN,0.0
1988,LG,A,SG_GEN_PARLNT,0.0
1990,LG,A,SG_GEN_PARL,0.0
1990,LG,A,SG_GEN_PARLN,0.0
1990,LG,A,SG_GEN_PARLNT,0.0
1992,LG,A,SG_GEN_PARL,0.0
1992,LG,A,SG_GEN_PARLN,0.0
1992,LG,A,SG_GEN_PARLNT,0.0
1994,LG,A,SG_GEN_PARL,0.0
1994,LG,A,SG_GEN_PARLN,0.0
1994,LG,A,SG_GEN_PARLNT,0.0
1996,LG,A,SG_GEN_PARL,0.0
1996,LG,A,SG_GEN_PARLN,0.0
1996,LG,A,SG_GEN_PARLNT,0.0
1998,LG,A,SG_GEN_PARL,0.0
1998,LG,A,SG_GEN_PARLN,0.0
1998,LG,A,SG_GEN_PARLNT,0.0
2000,LG,A,SG_GEN_PARL,0.0
2000,LG,A,SG_GEN_PARLN,0.0
2000,LG,A,SG_GEN_PARLNT,0.0
2002,LG,A,SG_GEN_PARL,0.0
2002,LG,A,SG_GEN_PARLN,0.0
2002,LG,A,SG_GEN_PARLNT,0.0
2004,LG,A,SG_GEN_PARL,0.0
2004,LG,A,SG_GEN_PARLN,0.0
2004,LG,A,SG_GEN_PARLNT,0.0
2008,LG,A,SG_GEN_PARL,0.0
2008,LG,A,SG_GEN_PARLN,0.0
2008,LG,A,SG_GEN_PARLNT,0.0
2011,LG,A,SG_GEN_PARL,0.0
2011,LG,A,SG_GEN_PARLN,0.0
2011,LG,A,SG_GEN_PARLNT,0.0
2012,LG,A,SG_GEN_PARL,0.0
2012,LG,A,SG_GEN_PARLN,0.0
2012,LG,A,SG_GEN_PARLNT,0.0
2015,LG,A,SG_GEN_PARL,0.0
2015,LG,A,SG_GEN_PARLN,0.0
2015,LG,A,SG_GEN_PARLNT,0.0
2016,LG,A,SG_GEN_PARL,0.0
2016,LG,A,SG_GEN_PARLN,0.0
2016,LG,A,SG_GEN_PARLNT,0.0
2019,LG,A,SG_GEN_PARL,0.0
2019,LG,A,SG_GEN_PARLN,0.0
2019,LG,A,SG_GEN_PARLNT,0.0
2020,LG,A,SG_GEN_PARL,0.0
2020,LG,A,SG_GEN_PARLN,0.0
2020,LG,A,SG_GEN_PARLNT,0.0
2022,LG,A,SG_GEN_PARL,0.0
2022,LG,A,SG_GEN_PARLN,0.0
2022,LG,A,SG_GEN_PARLNT,0.0
2024,LG,A,SG_GEN_PARL,0.0
2024,LG,A,SG_GEN_PARLN,0.0
2024,LG,A,SG_GEN_PARLNT,0.0
1984,LG,FBF,SG_GEN_PARL,0.0
1984,LG,FBF,SG_GEN_PARLN,0.0
1984,LG,FBF,SG_GEN_PARLNT,0.0
1988,LG,FBF,SG_GEN_PARL,0.0
1988,LG,FBF,SG_GEN_PARLN,0.0
1988,LG,FBF,SG_GEN_PARLNT,0.0
1990,LG,FBF,SG_GEN_PARL,0.0
1990,LG,FBF,SG_GEN_PARLN,0.0
1990,LG,FBF,SG_GEN_PARLNT,0.0
1992,LG,FBF,SG_GEN_PARL,0.0
1992,LG,FBF,SG_GEN_PARLN,0.0
1992,LG,FBF,SG_GEN_PARLNT,0.0
1994,LG,FBF,SG_GEN_PARL,0.0
1994,LG,FBF,SG_GEN_PARLN,0.0
1994,LG,FBF,SG_GEN_PARLNT,0.0
1996,LG,FBF,SG_GEN_PARL,0.0
1996,LG,FBF,SG_GEN_PARLN,0.0
1996,LG,FBF,SG_GEN_PARLNT,0.0
1998,LG,FBF,SG_GEN_PARL,0.0
1998,LG,FBF,SG_GEN_PARLN,0.0
1998,LG,FBF,SG_GEN_PARLNT,0.0
2000,LG,FBF,SG_GEN_PARL,0.0
2000,LG,FBF,SG_GEN_PARLN,0.0
2000,LG,FBF,SG_GEN_PARLNT,0.0
2002,LG,FBF,SG_GEN_PARL,0.0
2002,LG,FBF,SG_GEN_PARLN,0.0
2002,LG,FBF,SG_GEN_PARLNT,0.0
2004,LG,FBF,SG_GEN_PARL,0.0
2004,LG,FBF,SG_GEN_PARLN,0.0
2004,LG,FBF,SG_GEN_PARLNT,0.0
2008,LG,FBF,SG_GEN_PARL,0.0
2008,LG,FBF,SG_GEN_PARLN,0.0
2008,LG,FBF,SG_GEN_PARLNT,0.0
2011,LG,FBF,SG_GEN_PARL,0.0
2011,LG,FBF,SG_GEN_PARLN,0.0
2011,LG,FBF,SG_GEN_PARLNT,0.0
2012,LG,FBF,SG_GEN_PARL,0.0
2012,LG,FBF,SG_GEN_PARLN,0.0
2012,LG,FBF,SG_GEN_PARLNT,0.0
2015,LG,FBF,SG_GEN_PARL,0.0
2015,LG,FBF,SG_GEN_PARLN,0.0
2015,LG,FBF,SG_GEN_PARLNT,0.0
2016,LG,FBF,SG_GEN_PARL,0.0
2016,LG,FBF,SG_GEN_PARLN,0.0
2016,LG,FBF,SG_GEN_PARLNT,0.0
2019,LG,FBF,SG_GEN_PARL,0.0
2019,LG,FBF,SG_GEN_PARLN,0.0
2019,LG,FBF,SG_GEN_PARLNT,0.0
2020,LG,FBF,SG_GEN_PARL,0.0
2020,LG,FBF,SG_GEN_PARLN,0.0
2020,LG,FBF,SG_GEN_PARLNT,0.0
2022,LG,FBF,SG_GEN_PARL,0.0
2022,LG,FBF,SG_GEN_PARLN,0.0
2022,LG,FBF,SG_GEN_PARLNT,0.0
2024,LG,FBF,SG_GEN_PARL,0.0
2024,LG,FBF,SG_GEN_PARLN,0.0
2024,LG,FBF,SG_GEN_PARLNT,0.0
1984,LG,F,SG_GEN_PARL,0.0
1984,LG,F,SG_GEN_PARLN,0.0
1984,LG,F,SG_GEN_PARLNT,0.0
1988,LG,F,SG_GEN_PARL,0.0
1988,LG,F,SG_GEN_PARLN,0.0
1988,LG,F,SG_GEN_PARLNT,0.0
1990,LG,F,SG_GEN_PARL,0.0
1990,LG,F,SG_GEN_PARLN,0.0
1990,LG,F,SG_GEN_PARLNT,0.0
1992,LG,F,SG_GEN_PARL,0.0
1992,LG,F,SG_GEN_PARLN,0.0
1992,LG,F,SG_GEN_PARLNT,0.0
1994,LG,F,SG_GEN_PARL,0.0
1994,LG,F,SG_GEN_PARLN,0.0
1994,LG,F,SG_GEN_PARLNT,0.0
1996,LG,F,SG_GEN_PARL,0.0
1996,LG,F,SG_GEN_PARLN,0.0
1996,LG,F,SG_GEN_PARLNT,0.0
1998,LG,F,SG_GEN_PARL,0.0
1998,LG,F,SG_GEN_PARLN,0.0
1998,LG,F,SG_GEN_PARLNT,0.0
2000,LG,F,SG_GEN_PARL,0.0
2000,LG,F,SG_GEN_PARLN,0.0
2000,LG,F,SG_GEN_PARLNT,0.0
2002,LG,F,SG_GEN_PARL,0.0
2002,LG,F,SG_GEN_PARLN,0.0
2002,LG,F,SG_GEN_PARLNT,0.0
2004,LG,F,SG_GEN_PARL,0.0
2004,LG,F,SG_GEN_PARLN,0.0
2004,LG,F,SG_GEN_PARLNT,0.0
2008,LG,F,SG_GEN_PARL,0.0
2008,LG,F,SG_GEN_PARLN,0.0
2008,LG,F,SG_GEN_PARLNT,0.0
2011,LG,F,SG_GEN_PARL,0.0
2011,LG,F,SG_GEN_PARLN,0.0
2011,LG,F,SG_GEN_PARLNT,0.0
2012,LG,F,SG_GEN_PARL,0.0
2012,LG,F,SG_GEN_PARLN,0.0
2012,LG,F,SG_GEN_PARLNT,0.0
2015,LG,F,SG_GEN_PARL,0.0
2015,LG,F,SG_GEN_PARLN,0.0
2015,LG,F,SG_GEN_PARLNT,0.0
2016,LG,F,SG_GEN_PARL,0.0
2016,LG,F,SG_GEN_PARLN,0.0
2016,LG,F,SG_GEN_PARLNT,0.0
2019,LG,F,SG_GEN_PARL,0.0
2019,LG,F,SG_GEN_PARLN,0.0
2019,LG,F,SG_GEN_PARLNT,0.0
2020,LG,F,SG_GEN_PARL,0.0
2020,LG,F,SG_GEN_PARLN,0.0
2020,LG,F,SG_GEN_PARLNT,0.0
2022,LG,F,SG_GEN_PARL,0.0
2022,LG,F,SG_GEN_PARLN,0.0
2022,LG,F,SG_GEN_PARLNT,0.0
2024,LG,F,SG_GEN_PARL,0.0
2024,LG,F,SG_GEN_PARLN,0.0
2024,LG,F,SG_GEN_PARLNT,0.0
1984,LG,C,SG_GEN_PARL,0.0
1984,LG,C,SG_GEN_PARLN,0.0
1984,LG,C,SG_GEN_PARLNT,0.0
1988,LG,C,SG_GEN_PARL,0.0
1988,LG,C,SG_GEN_PARLN,0.0
1988,LG,C,SG_GEN_PARLNT,0.0
1990,LG,C,SG_GEN_PARL,0.0
1990,LG,C,SG_GEN_PARLN,0.0
1990,LG,C,SG_GEN_PARLNT,0.0
1992,LG,C,SG_GEN_PARL,0.0
1992,LG,C,SG_GEN_PARLN,0.0
1992,LG,C,SG_GEN_PARLNT,0.0
1994,LG,C,SG_GEN_PARL,0.0
1994,LG,C,SG_GEN_PARLN,0.0
1994,LG,C,SG_GEN_PARLNT,0.0
1996,LG,C,SG_GEN_PARL,0.0
1996,LG,C,SG_GEN_PARLN,0.0
1996,LG,C,SG_GEN_PARLNT,0.0
1998,LG,C,SG_GEN_PARL,0.0
1998,LG,C,SG_GEN_PARLN,0.0
1998,LG,C,SG_GEN_PARLNT,0.0
2000,LG,C,SG_GEN_PARL,0.0
2000,LG,C,SG_GEN_PARLN,0.0
2000,LG,C,SG_GEN_PARLNT,0.0
2002,LG,C,SG_GEN_PARL,0.0
2002,LG,C,SG_GEN_PARLN,0.0
2002,LG,C,SG_GEN_PARLNT,0.0
2004,LG,C,SG_GEN_PARL,0.0
2004,LG,C,SG_GEN_PARLN,0.0
2004,LG,C,SG_GEN_PARLNT,0.0
2008,LG,C,SG_GEN_PARL,0.0
2008,LG,C,SG_GEN_PARLN,0.0
2008,LG,C,SG_GEN_PARLNT,0.0
2011,LG,C,SG_GEN_PARL,0.0
2011,LG,C,SG_GEN_PARLN,0.0
2011,LG,C,SG_GEN_PARLNT,0.0
2012,LG,C,SG_GEN_PARL,0.0
2012,LG,C,SG_GEN_PARLN,0.0
2012,LG,C,SG_GEN_PARLNT,0.0
2015,LG,C,SG_GEN_PARL,0.0
2015,LG,C,SG_GEN_PARLN,0.0
2015,LG,C,SG_GEN_PARLNT,0.0
2016,LG,C,SG_GEN_PARL,0.0
2016,LG,C,SG_GEN_PARLN,0.0
2016,LG,C,SG_GEN_PARLNT,0.0
2019,LG,C,SG_GEN_PARL,0.0
2019,LG,C,SG_GEN_PARLN,0.0
2019,LG,C,SG_GEN_PARLNT,0.0
2020,LG,C,SG_GEN_PARL,0.0
2020,LG,C,SG_GEN_PARLN,0.0
2020,LG,C,SG_GEN_PARLNT,0.0
2022,LG,C,SG_GEN_PARL,0.0
2022,LG,C,SG_GEN_PARLN,0.0
2022,LG,C,SG_GEN_PARLNT,0.0
2024,LG,C,SG_GEN_PARL,0.0
2024,LG,C,SG_GEN_PARLN,0.0
2024,LG,C,SG_GEN_PARLNT,0.0
1984,LG,KF,SG_GEN_PARL,0.0
1984,LG,KF,SG_GEN_PARLN,0.0
1984,LG,KF,SG_GEN_PARLNT,0.0
1988,LG,KF,SG_GEN_PARL,0.0
1988,LG,KF,SG_GEN_PARLN,0.0
1988,LG,KF,SG_GEN_PARLNT,0.0
1990,LG,KF,SG_GEN_PARL,0.0
1990,LG,KF,SG_GEN_PARLN,0.0
1990,LG,KF,SG_GEN_PARLNT,0.0
1992,LG,KF,SG_GEN_PARL,0.0
1992,LG,KF,SG_GEN_PARLN,0.0
1992,LG,KF,SG_GEN_PARLNT,0.0
1994,LG,KF,SG_GEN_PARL,0.0
1994,LG,KF,SG_GEN_PARLN,0.0
1994,LG,KF,SG_GEN_PARLNT,0.0
1996,LG,KF,SG_GEN_PARL,0.0
1996,LG,KF,SG_GEN_PARLN,0.0
1996,LG,KF,SG_GEN_PARLNT,0.0
1998,LG,KF,SG_GEN_PARL,0.0
1998,LG,KF,SG_GEN_PARLN,0.0
1998,LG,KF,SG_GEN_PARLNT,0.0
2000,LG,KF,SG_GEN_PARL,0.0
2000,LG,KF,SG_GEN_PARLN,0.0
2000,LG,KF,SG_GEN_PARLNT,0.0
2002,LG,KF,SG_GEN_PARL,0.0
2002,LG,KF,SG_GEN_PARLN,0.0
2002,LG,KF,SG_GEN_PARLNT,0.0
2004,LG,KF,SG_GEN_PARL,0.0
2004,LG,KF,SG_GEN_PARLN,0.0
2004,LG,KF,SG_GEN_PARLNT,0.0
2008,LG,KF,SG_GEN_PARL,0.0
2008,LG,KF,SG_GEN_PARLN,0.0
2008,LG,KF,SG_GEN_PARLNT,0.0
2011,LG,KF,SG_GEN_PARL,0.0
2011,LG,KF,SG_GEN_PARLN,0.0
2011,LG,KF,SG_GEN_PARLNT,0.0
2012,LG,KF,SG_GEN_PARL,0.0
2012,LG,KF,SG_GEN_PARLN,0.0
2012,LG,KF,SG_GEN_PARLNT,0.0
2015,LG,KF,SG_GEN_PARL,0.0
2015,LG,KF,SG_GEN_PARLN,0.0
2015,LG,KF,SG_GEN_PARLNT,0.0
2016,LG,KF,SG_GEN_PARL,0.0
2016,LG,KF,SG_GEN_PARLN,0.0
2016,LG,KF,SG_GEN_PARLNT,0.0
2019,LG,KF,SG_GEN_PARL,0.0
2019,LG,KF,SG_GEN_PARLN,0.0
2019,LG,KF,SG_GEN_PARLNT,0.0
2020,LG,KF,SG_GEN_PARL,0.0
2020,LG,KF,SG_GEN_PARLN,0.0
2020,LG,KF,SG_GEN_PARLNT,0.0
2022,LG,KF,SG_GEN_PARL,0.0
2022,LG,KF,SG_GEN_PARLN,0.0
2022,LG,KF,SG_GEN_PARLNT,0.0
2024,LG,KF,SG_GEN_PARL,0.0
2024,LG,KF,SG_GEN_PARLN,0.0
2024,LG,KF,SG_GEN_PARLNT,0.0
1984,LG,H,SG_GEN_PARL,0.0
1984,LG,H,SG_GEN_PARLN,0.0
1984,LG,H,SG_GEN_PARLNT,0.0
1988,LG,H,SG_GEN_PARL,0.0
1988,LG,H,SG_GEN_PARLN,0.0
1988,LG,H,SG_GEN_PARLNT,0.0
1990,LG,H,SG_GEN_PARL,0.0
1990,LG,H,SG_GEN_PARLN,0.0
1990,LG,H,SG_GEN_PARLNT,0.0
1992,LG,H,SG_GEN_PARL,0.0
1992,LG,H,SG_GEN_PARLN,0.0
1992,LG,H,SG_GEN_PARLNT,0.0
1994,LG,H,SG_GEN_PARL,0.0
1994,LG,H,SG_GEN_PARLN,0.0
1994,LG,H,SG_GEN_PARLNT,0.0
1996,LG,H,SG_GEN_PARL,0.0
1996,LG,H,SG_GEN_PARLN,0.0
1996,LG,H,SG_GEN_PARLNT,0.0
1998,LG,H,SG_GEN_PARL,0.0
1998,LG,H,SG_GEN_PARLN,0.0
1998,LG,H,SG_GEN_PARLNT,0.0
2000,LG,H,SG_GEN_PARL,0.0
2000,LG,H,SG_GEN_PARLN,0.0
2000,LG,H,SG_GEN_PARLNT,0.0
2002,LG,H,SG_GEN_PARL,0.0
2002,LG,H,SG_GEN_PARLN,0.0
2002,LG,H,SG_GEN_PARLNT,0.0
2004,LG,H,SG_GEN_PARL,0.0
2004,LG,H,SG_GEN_PARLN,0.0
2004,LG,H,SG_GEN_PARLNT,0.0
2008,LG,H,SG_GEN_PARL,0.0
2008,LG,H,SG_GEN_PARLN,0.0
2008,LG,H,SG_GEN_PARLNT,0.0
2011,LG,H,SG_GEN_PARL,0.0
2011,LG,H,SG_GEN_PARLN,0.0
2011,LG,H,SG_GEN_PARLNT,0.0
2012,LG,H,SG_GEN_PARL,0.0
2012,LG,H,SG_GEN_PARLN,0.0
2012,LG,H,SG_GEN_PARLNT,0.0
2015,LG,H,SG_GEN_PARL,0.0
2015,LG,H,SG_GEN_PARLN,0.0
2015,LG,H,SG_GEN_PARLNT,0.0
2016,LG,H,SG_GEN_PARL,0.0
2016,LG,H,SG_GEN_PARLN,0.0
2016,LG,H,SG_GEN_PARLNT,0.0
2019,LG,H,SG_GEN_PARL,0.0
2019,LG,H,SG_GEN_PARLN,0.0
2019,LG,H,SG_GEN_PARLNT,0.0
2020,LG,H,SG_GEN_PARL,0.0
2020,LG,H,SG_GEN_PARLN,0.0
2020,LG,H,SG_GEN_PARLNT,0.0
2022,LG,H,SG_GEN_PARL,0.0
2022,LG,H,SG_GEN_PARLN,0.0
2022,LG,H,SG_GEN_PARLNT,0.0
2024,LG,H,SG_GEN_PARL,0.0
2024,LG,H,SG_GEN_PARLN,0.0
2024,LG,H,SG_GEN_PARLNT,0.0
1984,LG,B,SG_GEN_PARL,0.0
1984,LG,B,SG_GEN_PARLN,0.0
1984,LG,B,SG_GEN_PARLNT,0.0
1988,LG,B,SG_GEN_PARL,0.0
1988,LG,B,SG_GEN_PARLN,0.0
1988,LG,B,SG_GEN_PARLNT,0.0
1990,LG,B,SG_GEN_PARL,0.0
1990,LG,B,SG_GEN_PARLN,0.0
1990,LG,B,SG_GEN_PARLNT,0.0
1992,LG,B,SG_GEN_PARL,0.0
1992,LG,B,SG_GEN_PARLN,0.0
1992,LG,B,SG_GEN_PARLNT,0.0
1994,LG,B,SG_GEN_PARL,0.0
1994,LG,B,SG_GEN_PARLN,0.0
1994,LG,B,SG_GEN_PARLNT,0.0
1996,LG,B,SG_GEN_PARL,0.0
1996,LG,B,SG_GEN_PARLN,0.0
1996,LG,B,SG_GEN_PARLNT,0.0
1998,LG,B,SG_GEN_PARL,0.0
1998,LG,B,SG_GEN_PARLN,0.0
1998,LG,B,SG_GEN_PARLNT,0.0
2000,LG,B,SG_GEN_PARL,0.0
2000,LG,B,SG_GEN_PARLN,0.0
2000,LG,B,SG_GEN_PARLNT,0.0
2002,LG,B,SG_GEN_PARL,0.0
2002,LG,B,SG_GEN_PARLN,0.0
2002,LG,B,SG_GEN_PARLNT,0.0
2004,LG,B,SG_GEN_PARL,0.0
2004,LG,B,SG_GEN_PARLN,0.0
2004,LG,B,SG_GEN_PARLNT,0.0
2008,LG,B,SG_GEN_PARL,0.0
2008,LG,B,SG_GEN_PARLN,0.0
2008,LG,B,SG_GEN_PARLNT,0.0
2011,LG,B,SG_GEN_PARL,0.0
2011,LG,B,SG_GEN_PARLN,0.0
2011,LG,B,SG_GEN_PARLNT,0.0
2012,LG,B,SG_GEN_PARL,0.0
2012,LG,B,SG_GEN_PARLN,0.0
2012,LG,B,SG_GEN_PARLNT,0.0
2015,LG,B,SG_GEN_PARL,0.0
2015,LG,B,SG_GEN_PARLN,0.0
2015,LG,B,SG_GEN_PARLNT,0.0
2016,LG,B,SG_GEN_PARL,0.0
2016,LG,B,SG_GEN_PARLN,0.0
2016,LG,B,SG_GEN_PARLNT,0.0
2019,LG,B,SG_GEN_PARL,0.0
2019,LG,B,SG_GEN_PARLN,0.0
2019,LG,B,SG_GEN_PARLNT,0.0
2020,LG,B,SG_GEN_PARL,0.0
2020,LG,B,SG_GEN_PARLN,0.0
2020,LG,B,SG_GEN_PARLNT,0.0
2022,LG,B,SG_GEN_PARL,0.0
2022,LG,B,SG_GEN_PARLN,0.0
2022,LG,B,SG_GEN_PARLNT,0.0
2024,LG,B,SG_GEN_PARL,0.0
2024,LG,B,SG_GEN_PARLN,0.0
2024,LG,B,SG_GEN_PARLNT,0.0
1984,LG,D,SG_GEN_PARL,0.0
1984,LG,D,SG_GEN_PARLN,0.0
1984,LG,D,SG_GEN_PARLNT,0.0
1988,LG,D,SG_GEN_PARL,0.0
1988,LG,D,SG_GEN_PARLN,0.0
1988,LG,D,SG_GEN_PARLNT,0.0
1990,LG,D,SG_GEN_PARL,0.0
1990,LG,D,SG_GEN_PARLN,0.0
1990,LG,D,SG_GEN_PARLNT,0.0
1992,LG,D,SG_GEN_PARL,0.0
1992,LG,D,SG_GEN_PARLN,0.0
1992,LG,D,SG_GEN_PARLNT,0.0
1994,LG,D,SG_GEN_PARL,0.0
1994,LG,D,SG_GEN_PARLN,0.0
1994,LG,D,SG_GEN_PARLNT,0.0
1996,LG,D,SG_GEN_PARL,0.0
1996,LG,D,SG_GEN_PARLN,0.0
1996,LG,D,SG_GEN_PARLNT,0.0
1998,LG,D,SG_GEN_PARL,0.0
1998,LG,D,SG_GEN_PARLN,0.0
1998,LG,D,SG_GEN_PARLNT,0.0
2000,LG,D,SG_GEN_PARL,0.0
2000,LG,D,SG_GEN_PARLN,0.0
2000,LG,D,SG_GEN_PARLNT,0.0
2002,LG,D,SG_GEN_PARL,0.0
2002,LG,D,SG_GEN_PARLN,0.0
2002,LG,D,SG_GEN_PARLNT,0.0
2004,LG,D,SG_GEN_PARL,0.0
2004,LG,D,SG_GEN_PARLN,0.0
2004,LG,D,SG_GEN_PARLNT,0.0
2008,LG,D,SG_GEN_PARL,0.0
2008,LG,D,SG_GEN_PARLN,0.0
2008,LG,D,SG_GEN_PARLNT,0.0
2011,LG,D,SG_GEN_PARL,0.0
2011,LG,D,SG_GEN_PARLN,0.0
2011,LG,D,SG_GEN_PARLNT,0.0
2012,LG,D,SG_GEN_PARL,0.0
2012,LG,D,SG_GEN_PARLN,0.0
2012,LG,D,SG_GEN_PARLNT,0.0
2015,LG,D,SG_GEN_PARL,0.0
2015,LG,D,SG_GEN_PARLN,0.0
2015,LG,D,SG_GEN_PARLNT,0.0
2016,LG,D,SG_GEN_PARL,0.0
2016,LG,D,SG_GEN_PARLN,0.0
2016,LG,D,SG_GEN_PARLNT,0.0
2019,LG,D,SG_GEN_PARL,0.0
2019,LG,D,SG_GEN_PARLN,0.0
2019,LG,D,SG_GEN_PARLNT,0.0
2020,LG,D,SG_GEN_PARL,0.0
2020,LG,D,SG_GEN_PARLN,0.0
2020,LG,D,SG_GEN_PARLNT,0.0
2022,LG,D,SG_GEN_PARL,0.0
2022,LG,D,SG_GEN_PARLN,0.0
2022,LG,D,SG_GEN_PARLNT,0.0
2024,LG,D,SG_GEN_PARL,0.0
2024,LG,D,SG_GEN_PARLN,0.0
2024,LG,D,SG_GEN_PARLNT,0.0
1984,LG,E,SG_GEN_PARL,0.0
1984,LG,E,SG_GEN_PARLN,0.0
1984,LG,E,SG_GEN_PARLNT,0.0
1988,LG,E,SG_GEN_PARL,0.0
1988,LG,E,SG_GEN_PARLN,0.0
1988,LG,E,SG_GEN_PARLNT,0.0
1990,LG,E,SG_GEN_PARL,0.0
1990,LG,E,SG_GEN_PARLN,0.0
1990,LG,E,SG_GEN_PARLNT,0.0
1992,LG,E,SG_GEN_PARL,0.0
1992,LG,E,SG_GEN_PARLN,0.0
1992,LG,E,SG_GEN_PARLNT,0.0
1994,LG,E,SG_GEN_PARL,0.0
1994,LG,E,SG_GEN_PARLN,0.0
1994,LG,E,SG_GEN_PARLNT,0.0
1996,LG,E,SG_GEN_PARL,0.0
1996,LG,E,SG_GEN_PARLN,0.0
1996,LG,E,SG_GEN_PARLNT,0.0
1998,LG,E,SG_GEN_PARL,0.0
1998,LG,E,SG_GEN_PARLN,0.0
1998,LG,E,SG_GEN_PARLNT,0.0
2000,LG,E,SG_GEN_PARL,0.0
2000,LG,E,SG_GEN_PARLN,0.0
2000,LG,E,SG_GEN_PARLNT,0.0
2002,LG,E,SG_GEN_PARL,0.0
2002,LG,E,SG_GEN_PARLN,0.0
2002,LG,E,SG_GEN_PARLNT,0.0
2004,LG,E,SG_GEN_PARL,0.0
2004,LG,E,SG_GEN_PARLN,0.0
2004,LG,E,SG_GEN_PARLNT,0.0
2008,LG,E,SG_GEN_PARL,0.0
2008,LG,E,SG_GEN_PARLN,0.0
2008,LG,E,SG_GEN_PARLNT,0.0
2011,LG,E,SG_GEN_PARL,0.0
2011,LG,E,SG_GEN_PARLN,0.0
2011,LG,E,SG_GEN_PARLNT,0.0
2012,LG,E,SG_GEN_PARL,0.0
2012,LG,E,SG_GEN_PARLN,0.0
2012,LG,E,SG_GEN_PARLNT,0.0
2015,LG,E,SG_GEN_PARL,0.0
2015,LG,E,SG_GEN_PARLN,0.0
2015,LG,E,SG_GEN_PARLNT,0.0
2016,LG,E,SG_GEN_PARL,0.0
2016,LG,E,SG_GEN_PARLN,0.0
2016,LG,E,SG_GEN_PARLNT,0.0
2019,LG,E,SG_GEN_PARL,0.0
2019,LG,E,SG_GEN_PARLN,0.0
2019,LG,E,SG_GEN_PARLNT,0.0
2020,LG,E,SG_GEN_PARL,0.0
2020,LG,E,SG_GEN_PARLN,0.0
2020,LG,E,SG_GEN_PARLNT,0.0
2022,LG,E,SG_GEN_PARL,0.0
2022,LG,E,SG_GEN_PARLN,0.0
2022,LG,E,SG_GEN_PARLNT,0.0
2024,LG,E,SG_GEN_PARL,0.0
2024,LG,E,SG_GEN_PARLN,0.0
2024,LG,E,SG_GEN_PARLNT,0.0
1984,LG,vmf,SG_GEN_PARL,0.0
1984,LG,vmf,SG_GEN_PARLN,0.0
1984,LG,vmf,SG_GEN_PARLNT,0.0
1988,LG,vmf,SG_GEN_PARL,0.0
1988,LG,vmf,SG_GEN_PARLN,0.0
1988,LG,vmf,SG_GEN_PARLNT,0.0
1990,LG,vmf,SG_GEN_PARL,0.0
1990,LG,vmf,SG_GEN_PARLN,0.0
1990,LG,vmf,SG_GEN_PARLNT,0.0
1992,LG,vmf,SG_GEN_PARL,0.0
1992,LG,vmf,SG_GEN_PARLN,0.0
1992,LG,vmf,SG_GEN_PARLNT,0.0
1994,LG,vmf,SG_GEN_PARL,0.0
1994,LG,vmf,SG_GEN_PARLN,0.0
1994,LG,vmf,SG_GEN_PARLNT,0.0
1996,LG,vmf,SG_GEN_PARL,0.0
1996,LG,vmf,SG_GEN_PARLN,0.0
1996,LG,vmf,SG_GEN_PARLNT,0.0
1998,LG,vmf,SG_GEN_PARL,0.0
1998,LG,vmf,SG_GEN_PARLN,0.0
1998,LG,vmf,SG_GEN_PARLNT,0.0
2000,LG,vmf,SG_GEN_PARL,0.0
2000,LG,vmf,SG_GEN_PARLN,0.0
2000,LG,vmf,SG_GEN_PARLNT,0.0
2002,LG,vmf,SG_GEN_PARL,0.0
2002,LG,vmf,SG_GEN_PARLN,0.0
2002,LG,vmf,SG_GEN_PARLNT,0.0
2004,LG,vmf,SG_GEN_PARL,0.0
2004,LG,vmf,SG_GEN_PARLN,0.0
2004,LG,vmf,SG_GEN_PARLNT,0.0
2008,LG,vmf,SG_GEN_PARL,0.0
2008,LG,vmf,SG_GEN_PARLN,0.0
2008,LG,vmf,SG_GEN_PARLNT,0.0
2011,LG,vmf,SG_GEN_PARL,0.0
2011,LG,vmf,SG_GEN_PARLN,0.0
2011,LG,vmf,SG_GEN_PARLNT,0.0
2012,LG,vmf,SG_GEN_PARL,0.0
2012,LG,vmf,SG_GEN_PARLN,0.0
2012,LG,vmf,SG_GEN_PARLNT,0.0
2015,LG,vmf,SG_GEN_PARL,0.0
2015,LG,vmf,SG_GEN_PARLN,0.0
2015,LG,vmf,SG_GEN_PARLNT,0.0
2016,LG,vmf,SG_GEN_PARL,0.0
2016,LG,vmf,SG_GEN_PARLN,0.0
2016,LG,vmf,SG_GEN_PARLNT,0.0
2019,LG,vmf,SG_GEN_PARL,0.0
2019,LG,vmf,SG_GEN_PARLN,0.0
2019,LG,vmf,SG_GEN_PARLNT,0.0
2020,LG,vmf,SG_GEN_PARL,0.0
2020,LG,vmf,SG_GEN_PARLN,0.0
2020,LG,vmf,SG_GEN_PARLNT,0.0
2022,LG,vmf,SG_GEN_PARL,0.0
2022,LG,vmf,SG_GEN_PARLN,0.0
2022,LG,vmf,SG_GEN_PARLNT,0.0
2024,LG,vmf,SG_GEN_PARL,0.0
2024,LG,vmf,SG_GEN_PARLN,0.0
2024,LG,vmf,SG_GEN_PARLNT,0.0
1984,LG,9999,SG_GEN_PARL,0.0
1984,LG,9999,SG_GEN_PARLN,0.0
1984,LG,9999,SG_GEN_PARLNT,0.0
1988,LG,9999,SG_GEN_PARL,0.0
1988,LG,9999,SG_GEN_PARLN,0.0
1988,LG,9999,SG_GEN_PARLNT,0.0
1990,LG,9999,SG_GEN_PARL,0.0
1990,LG,9999,SG_GEN_PARLN,0.0
1990,LG,9999,SG_GEN_PARLNT,0.0
1992,LG,9999,SG_GEN_PARL,0.0
1992,LG,9999,SG_GEN_PARLN,0.0
1992,LG,9999,SG_GEN_PARLNT,0.0
1994,LG,9999,SG_GEN_PARL,0.0
1994,LG,9999,SG_GEN_PARLN,0.0
1994,LG,9999,SG_GEN_PARLNT,0.0
1996,LG,9999,SG_GEN_PARL,0.0
1996,LG,9999,SG_GEN_PARLN,0.0
1996,LG,9999,SG_GEN_PARLNT,0.0
1998,LG,9999,SG_GEN_PARL,0.0
1998,LG,9999,SG_GEN_PARLN,0.0
1998,LG,9999,SG_GEN_PARLNT,0.0
2000,LG,9999,SG_GEN_PARL,0.0
2000,LG,9999,SG_GEN_PARLN,0.0
2000,LG,9999,SG_GEN_PARLNT,0.0
2002,LG,9999,SG_GEN_PARL,0.0
2002,LG,9999,SG_GEN_PARLN,0.0
2002,LG,9999,SG_GEN_PARLNT,0.0
2004,LG,9999,SG_GEN_PARL,0.0
2004,LG,9999,SG_GEN_PARLN,0.0
2004,LG,9999,SG_GEN_PARLNT,0.0
2008,LG,9999,SG_GEN_PARL,0.0
2008,LG,9999,SG_GEN_PARLN,0.0
2008,LG,9999,SG_GEN_PARLNT,0.0
2011,LG,9999,SG_GEN_PARL,0.0
2011,LG,9999,SG_GEN_PARLN,0.0
2011,LG,9999,SG_GEN_PARLNT,0.0
2012,LG,9999,SG_GEN_PARL,0.0
2012,LG,9999,SG_GEN_PARLN,0.0
2012,LG,9999,SG_GEN_PARLNT,0.0
2015,LG,9999,SG_GEN_PARL,0.0
2015,LG,9999,SG_GEN_PARLN,0.0
2015,LG,9999,SG_GEN_PARLNT,0.0
2016,LG,9999,SG_GEN_PARL,0.0
2016,LG,9999,SG_GEN_PARLN,0.0
2016,LG,9999,SG_GEN_PARLNT,0.0
2019,LG,9999,SG_GEN_PARL,0.0
2019,LG,9999,SG_GEN_PARLN,0.0
2019,LG,9999,SG_GEN_PARLNT,0.0
2020,LG,9999,SG_GEN_PARL,0.0
2020,LG,9999,SG_GEN_PARLN,0.0
2020,LG,9999,SG_GEN_PARLNT,0.0
2022,LG,9999,SG_GEN_PARL,0.0
2022,LG,9999,SG_GEN_PARLN,0.0
2022,LG,9999,SG_GEN_PARLNT,0.0
2024,LG,9999,SG_GEN_PARL,0.0
2024,LG,9999,SG_GEN_PARLN,0.0
2024,LG,9999,SG_GEN_PARLNT,0.0
1984,LG,4308,SG_GEN_PARL,0.0
1984,LG,4308,SG_GEN_PARLN,0.0
1984,LG,4308,SG_GEN_PARLNT,0.0
1988,LG,4308,SG_GEN_PARL,0.0
1988,LG,4308,SG_GEN_PARLN,0.0
1988,LG,4308,SG_GEN_PARLNT,0.0
1990,LG,4308,SG_GEN_PARL,0.0
1990,LG,4308,SG_GEN_PARLN,0.0
1990,LG,4308,SG_GEN_PARLNT,0.0
1992,LG,4308,SG_GEN_PARL,0.0
1992,LG,4308,SG_GEN_PARLN,0.0
1992,LG,4308,SG_GEN_PARLNT,0.0
1994,LG,4308,SG_GEN_PARL,0.0
1994,LG,4308,SG_GEN_PARLN,0.0
1994,LG,4308,SG_GEN_PARLNT,0.0
1996,LG,4308,SG_GEN_PARL,0.0
1996,LG,4308,SG_GEN_PARLN,0.0
1996,LG,4308,SG_GEN_PARLNT,0.0
1998,LG,4308,SG_GEN_PARL,0.0
1998,LG,4308,SG_GEN_PARLN,0.0
1998,LG,4308,SG_GEN_PARLNT,0.0
2000,LG,4308,SG_GEN_PARL,0.0
2000,LG,4308,SG_GEN_PARLN,0.0
2000,LG,4308,SG_GEN_PARLNT,0.0
2002,LG,4308,SG_GEN_PARL,0.0
2002,LG,4308,SG_GEN_PARLN,0.0
2002,LG,4308,SG_GEN_PARLNT,0.0
2004,LG,4308,SG_GEN_PARL,0.0
2004,LG,4308,SG_GEN_PARLN,0.0
2004,LG,4308,SG_GEN_PARLNT,0.0
2008,LG,4308,SG_GEN_PARL,0.0
2008,LG,4308,SG_GEN_PARLN,0.0
2008,LG,4308,SG_GEN_PARLNT,0.0
2011,LG,4308,SG_GEN_PARL,0.0
2011,LG,4308,SG_GEN_PARLN,0.0
2011,LG,4308,SG_GEN_PARLNT,0.0
2012,LG,4308,SG_GEN_PARL,0.0
2012,LG,4308,SG_GEN_PARLN,0.0
2012,LG,4308,SG_GEN_PARLNT,0.0
2015,LG,4308,SG_GEN_PARL,0.0
2015,LG,4308,SG_GEN_PARLN,0.0
2015,LG,4308,SG_GEN_PARLNT,0.0
2016,LG,4308,SG_GEN_PARL,0.0
2016,LG,4308,SG_GEN_PARLN,0.0
2016,LG,4308,SG_GEN_PARLNT,0.0
2019,LG,4308,SG_GEN_PARL,0.0
2019,LG,4308,SG_GEN_PARLN,0.0
2019,LG,4308,SG_GEN_PARLNT,0.0
2020,LG,4308,SG_GEN_PARL,0.0
2020,LG,4308,SG_GEN_PARLN,0.0
2020,LG,4308,SG_GEN_PARLNT,0.0
2022,LG,4308,SG_GEN_PARL,0.0
2022,LG,4308,SG_GEN_PARLN,0.0
2022,LG,4308,SG_GEN_PARLNT,0.0
2024,LG,4308,SG_GEN_PARL,0.0
2024,LG,4308,SG_GEN_PARLN,0.0
2024,LG,4308,SG_GEN_PARLNT,0.0
1984,LG,4404,SG_GEN_PARL,0.0
1984,LG,4404,SG_GEN_PARLN,0.0
1984,LG,4404,SG_GEN_PARLNT,0.0
1988,LG,4404,SG_GEN_PARL,0.0
1988,LG,4404,SG_GEN_PARLN,0.0
1988,LG,4404,SG_GEN_PARLNT,0.0
1990,LG,4404,SG_GEN_PARL,0.0
1990,LG,4404,SG_GEN_PARLN,0.0
1990,LG,4404,SG_GEN_PARLNT,0.0
1992,LG,4404,SG_GEN_PARL,0.0
1992,LG,4404,SG_GEN_PARLN,0.0
1992,LG,4404,SG_GEN_PARLNT,0.0
1994,LG,4404,SG_GEN_PARL,0.0
1994,LG,4404,SG_GEN_PARLN,0.0
1994,LG,4404,SG_GEN_PARLNT,0.0
1996,LG,4404,SG_GEN_PARL,0.0
1996,LG,4404,SG_GEN_PARLN,0.0
1996,LG,4404,SG_GEN_PARLNT,0.0
1998,LG,4404,SG_GEN_PARL,0.0
1998,LG,4404,SG_GEN_PARLN,0.0
1998,LG,4404,SG_GEN_PARLNT,0.0
2000,LG,4404,SG_GEN_PARL,0.0
2000,LG,4404,SG_GEN_PARLN,0.0
2000,LG,4404,SG_GEN_PARLNT,0.0
2002,LG,4404,SG_GEN_PARL,0.0
2002,LG,4404,SG_GEN_PARLN,0.0
2002,LG,4404,SG_GEN_PARLNT,0.0
2004,LG,4404,SG_GEN_PARL,0.0
2004,LG,4404,SG_GEN_PARLN,0.0
2004,LG,4404,SG_GEN_PARLNT,0.0
2008,LG,4404,SG_GEN_PARL,0.0
2008,LG,4404,SG_GEN_PARLN,0.0
2008,LG,4404,SG_GEN_PARLNT,0.0
2011,LG,4404,SG_GEN_PARL,0.0
2011,LG,4404,SG_GEN_PARLN,0.0
2011,LG,4404,SG_GEN_PARLNT,0.0
2012,LG,4404,SG_GEN_PARL,0.0
2012,LG,4404,SG_GEN_PARLN,0.0
2012,LG,4404,SG_GEN_PARLNT,0.0
2015,LG,4404,SG_GEN_PARL,0.0
2015,LG,4404,SG_GEN_PARLN,0.0
2015,LG,4404,SG_GEN_PARLNT,0.0
2016,LG,4404,SG_GEN_PARL,0.0
2016,LG,4404,SG_GEN_PARLN,0.0
2016,LG,4404,SG_GEN_PARLNT,0.0
2019,LG,4404,SG_GEN_PARL,0.0
2019,LG,4404,SG_GEN_PARLN,0.0
2019,LG,4404,SG_GEN_PARLNT,0.0
2020,LG,4404,SG_GEN_PARL,0.0
2020,LG,4404,SG_GEN_PARLN,0.0
2020,LG,4404,SG_GEN_PARLNT,0.0
2022,LG,4404,SG_GEN_PARL,0.0
2022,LG,4404,SG_GEN_PARLN,0.0
2022,LG,4404,SG_GEN_PARLNT,0.0
2024,LG,4404,SG_GEN_PARL,0.0
2024,LG,4404,SG_GEN_PARLN,0.0
2024,LG,4404,SG_GEN_PARLNT,0.0
1984,LG,4210,SG_GEN_PARL,0.0
1984,LG,4210,SG_GEN_PARLN,0.0
1984,LG,4210,SG_GEN_PARLNT,0.0
1988,LG,4210,SG_GEN_PARL,0.0
1988,LG,4210,SG_GEN_PARLN,0.0
1988,LG,4210,SG_GEN_PARLNT,0.0
1990,LG,4210,SG_GEN_PARL,0.0
1990,LG,4210,SG_GEN_PARLN,0.0
1990,LG,4210,SG_GEN_PARLNT,0.0
1992,LG,4210,SG_GEN_PARL,0.0
1992,LG,4210,SG_GEN_PARLN,0.0
1992,LG,4210,SG_GEN_PARLNT,0.0
1994,LG,4210,SG_GEN_PARL,0.0
1994,LG,4210,SG_GEN_PARLN,0.0
1994,LG,4210,SG_GEN_PARLNT,0.0
1996,LG,4210,SG_GEN_PARL,0.0
1996,LG,4210,SG_GEN_PARLN,0.0
1996,LG,4210,SG_GEN_PARLNT,0.0
1998,LG,4210,SG_GEN_PARL,0.0
1998,LG,4210,SG_GEN_PARLN,0.0
1998,LG,4210,SG_GEN_PARLNT,0.0
2000,LG,4210,SG_GEN_PARL,0.0
2000,LG,4210,SG_GEN_PARLN,0.0
2000,LG,4210,SG_GEN_PARLNT,0.0
2002,LG,4210,SG_GEN_PARL,0.0
2002,LG,4210,SG_GEN_PARLN,0.0
2002,LG,4210,SG_GEN_PARLNT,0.0
2004,LG,4210,SG_GEN_PARL,0.0
2004,LG,4210,SG_GEN_PARLN,0.0
2004,LG,4210,SG_GEN_PARLNT,0.0
2008,LG,4210,SG_GEN_PARL,0.0
2008,LG,4210,SG_GEN_PARLN,0.0
2008,LG,4210,SG_GEN_PARLNT,0.0
2011,LG,4210,SG_GEN_PARL,0.0
2011,LG,4210,SG_GEN_PARLN,0.0
2011,LG,4210,SG_GEN_PARLNT,0.0
2012,LG,4210,SG_GEN_PARL,0.0
2012,LG,4210,SG_GEN_PARLN,0.0
2012,LG,4210,SG_GEN_PARLNT,0.0
2015,LG,4210,SG_GEN_PARL,0.0
2015,LG,4210,SG_GEN_PARLN,0.0
2015,LG,4210,SG_GEN_PARLNT,0.0
2016,LG,4210,SG_GEN_PARL,0.0
2016,LG,4210,SG_GEN_PARLN,0.0
2016,LG,4210,SG_GEN_PARLNT,0.0
2019,LG,4210,SG_GEN_PARL,0.0
2019,LG,4210,SG_GEN_PARLN,0.0
2019,LG,4210,SG_GEN_PARLNT,0.0
2020,LG,4210,SG_GEN_PARL,0.0
2020,LG,4210,SG_GEN_PARLN,0.0
2020,LG,4210,SG_GEN_PARLNT,0.0
2022,LG,4210,SG_GEN_PARL,0.0
2022,LG,4210,SG_GEN_PARLN,0.0
2022,LG,4210,SG_GEN_PARLNT,0.0
2024,LG,4210,SG_GEN_PARL,0.0
2024,LG,4210,SG_GEN_PARLN,0.0
2024,LG,4210,SG_GEN_PARLNT,0.0
1984,LG,4202,SG_GEN_PARL,0.0
1984,LG,4202,SG_GEN_PARLN,0.0
1984,LG,4202,SG_GEN_PARLNT,0.0
1988,LG,4202,SG_GEN_PARL,0.0
1988,LG,4202,SG_GEN_PARLN,0.0
1988,LG,4202,SG_GEN_PARLNT,0.0
1990,LG,4202,SG_GEN_PARL,0.0
1990,LG,4202,SG_GEN_PARLN,0.0
1990,LG,4202,SG_GEN_PARLNT,0.0
1992,LG,4202,SG_GEN_PARL,0.0
1992,LG,4202,SG_GEN_PARLN,0.0
1992,LG,4202,SG_GEN_PARLNT,0.0
1994,LG,4202,SG_GEN_PARL,0.0
1994,LG,4202,SG_GEN_PARLN,0.0
1994,LG,4202,SG_GEN_PARLNT,0.0
1996,LG,4202,SG_GEN_PARL,0.0
1996,LG,4202,SG_GEN_PARLN,0.0
1996,LG,4202,SG_GEN_PARLNT,0.0
1998,LG,4202,SG_GEN_PARL,0.0
1998,LG,4202,SG_GEN_PARLN,0.0
1998,LG,4202,SG_GEN_PARLNT,0.0
2000,LG,4202,SG_GEN_PARL,0.0
2000,LG,4202,SG_GEN_PARLN,0.0
2000,LG,4202,SG_GEN_PARLNT,0.0
2002,LG,4202,SG_GEN_PARL,0.0
2002,LG,4202,SG_GEN_PARLN,0.0
2002,LG,4202,SG_GEN_PARLNT,0.0
2004,LG,4202,SG_GEN_PARL,0.0
2004,LG,4202,SG_GEN_PARLN,0.0
2004,LG,4202,SG_GEN_PARLNT,0.0
2008,LG,4202,SG_GEN_PARL,0.0
2008,LG,4202,SG_GEN_PARLN,0.0
2008,LG,4202,SG_GEN_PARLNT,0.0
2011,LG,4202,SG_GEN_PARL,0.0
2011,LG,4202,SG_GEN_PARLN,0.0
2011,LG,4202,SG_GEN_PARLNT,0.0
2012,LG,4202,SG_GEN_PARL,0.0
2012,LG,4202,SG_GEN_PARLN,0.0
2012,LG,4202,SG_GEN_PARLNT,0.0
2015,LG,4202,SG_GEN_PARL,0.0
2015,LG,4202,SG_GEN_PARLN,0.0
2015,LG,4202,SG_GEN_PARLNT,0.0
2016,LG,4202,SG_GEN_PARL,0.0
2016,LG,4202,SG_GEN_PARLN,0.0
2016,LG,4202,SG_GEN_PARLNT,0.0
2019,LG,4202,SG_GEN_PARL,0.0
2019,LG,4202,SG_GEN_PARLN,0.0
2019,LG,4202,SG_GEN_PARLNT,0.0
2020,LG,4202,SG_GEN_PARL,0.0
2020,LG,4202,SG_GEN_PARLN,0.0
2020,LG,4202,SG_GEN_PARLNT,0.0
2022,LG,4202,SG_GEN_PARL,0.0
2022,LG,4202,SG_GEN_PARLN,0.0
2022,LG,4202,SG_GEN_PARLNT,0.0
2024,LG,4202,SG_GEN_PARL,0.0
2024,LG,4202,SG_GEN_PARLN,0.0
2024,LG,4202,SG_GEN_PARLNT,0.0
1984,LG,4205E,SG_GEN_PARL,0.0
1984,LG,4205E,SG_GEN_PARLN,0.0
1984,LG,4205E,SG_GEN_PARLNT,0.0
1988,LG,4205E,SG_GEN_PARL,0.0
1988,LG,4205E,SG_GEN_PARLN,0.0
1988,LG,4205E,SG_GEN_PARLNT,0.0
1990,LG,4205E,SG_GEN_PARL,0.0
1990,LG,4205E,SG_GEN_PARLN,0.0
1990,LG,4205E,SG_GEN_PARLNT,0.0
1992,LG,4205E,SG_GEN_PARL,0.0
1992,LG,4205E,SG_GEN_PARLN,0.0
1992,LG,4205E,SG_GEN_PARLNT,0.0
1994,LG,4205E,SG_GEN_PARL,0.0
1994,LG,4205E,SG_GEN_PARLN,0.0
1994,LG,4205E,SG_GEN_PARLNT,0.0
1996,LG,4205E,SG_GEN_PARL,0.0
1996,LG,4205E,SG_GEN_PARLN,0.0
1996,LG,4205E,SG_GEN_PARLNT,0.0
1998,LG,4205E,SG_GEN_PARL,0.0
1998,LG,4205E,SG_GEN_PARLN,0.0
1998,LG,4205E,SG_GEN_PARLNT,0.0
2000,LG,4205E,SG_GEN_PARL,0.0
2000,LG,4205E,SG_GEN_PARLN,0.0
2000,LG,4205E,SG_GEN_PARLNT,0.0
2002,LG,4205E,SG_GEN_PARL,0.0
2002,LG,4205E,SG_GEN_PARLN,0.0
2002,LG,4205E,SG_GEN_PARLNT,0.0
2004,LG,4205E,SG_GEN_PARL,0.0
2004,LG,4205E,SG_GEN_PARLN,0.0
2004,LG,4205E,SG_GEN_PARLNT,0.0
2008,LG,4205E,SG_GEN_PARL,0.0
2008,LG,4205E,SG_GEN_PARLN,0.0
2008,LG,4205E,SG_GEN_PARLNT,0.0
2011,LG,4205E,SG_GEN_PARL,0.0
2011,LG,4205E,SG_GEN_PARLN,0.0
2011,LG,4205E,SG_GEN_PARLNT,0.0
2012,LG,4205E,SG_GEN_PARL,0.0
2012,LG,4205E,SG_GEN_PARLN,0.0
2012,LG,4205E,SG_GEN_PARLNT,0.0
2015,LG,4205E,SG_GEN_PARL,0.0
2015,LG,4205E,SG_GEN_PARLN,0.0
2015,LG,4205E,SG_GEN_PARLNT,0.0
2016,LG,4205E,SG_GEN_PARL,0.0
2016,LG,4205E,SG_GEN_PARLN,0.0
2016,LG,4205E,SG_GEN_PARLNT,0.0
2019,LG,4205E,SG_GEN_PARL,0.0
2019,LG,4205E,SG_GEN_PARLN,0.0
2019,LG,4205E,SG_GEN_PARLNT,0.0
2020,LG,4205E,SG_GEN_PARL,0.0
2020,LG,4205E,SG_GEN_PARLN,0.0
2020,LG,4205E,SG_GEN_PARLNT,0.0
2022,LG,4205E,SG_GEN_PARL,0.0
2022,LG,4205E,SG_GEN_PARLN,0.0
2022,LG,4205E,SG_GEN_PARLNT,0.0
2024,LG,4205E,SG_GEN_PARL,0.0
2024,LG,4205E,SG_GEN_PARLN,0.0
2024,LG,4205E,SG_GEN_PARLNT,0.0
1984,LG,4603,SG_GEN_PARL,0.0
1984,LG,4603,SG_GEN_PARLN,0.0
1984,LG,4603,SG_GEN_PARLNT,0.0
1988,LG,4603,SG_GEN_PARL,0.0
1988,LG,4603,SG_GEN_PARLN,0.0
1988,LG,4603,SG_GEN_PARLNT,0.0
1990,LG,4603,SG_GEN_PARL,0.0
1990,LG,4603,SG_GEN_PARLN,0.0
1990,LG,4603,SG_GEN_PARLNT,0.0
1992,LG,4603,SG_GEN_PARL,0.0
1992,LG,4603,SG_GEN_PARLN,0.0
1992,LG,4603,SG_GEN_PARLNT,0.0
1994,LG,4603,SG_GEN_PARL,0.0
1994,LG,4603,SG_GEN_PARLN,0.0
1994,LG,4603,SG_GEN_PARLNT,0.0
1996,LG,4603,SG_GEN_PARL,0.0
1996,LG,4603,SG_GEN_PARLN,0.0
1996,LG,4603,SG_GEN_PARLNT,0.0
1998,LG,4603,SG_GEN_PARL,0.0
1998,LG,4603,SG_GEN_PARLN,0.0
1998,LG,4603,SG_GEN_PARLNT,0.0
2000,LG,4603,SG_GEN_PARL,0.0
2000,LG,4603,SG_GEN_PARLN,0.0
2000,LG,4603,SG_GEN_PARLNT,0.0
2002,LG,4603,SG_GEN_PARL,0.0
2002,LG,4603,SG_GEN_PARLN,0.0
2002,LG,4603,SG_GEN_PARLNT,0.0
2004,LG,4603,SG_GEN_PARL,0.0
2004,LG,4603,SG_GEN_PARLN,0.0
2004,LG,4603,SG_GEN_PARLNT,0.0
2008,LG,4603,SG_GEN_PARL,0.0
2008,LG,4603,SG_GEN_PARLN,0.0
2008,LG,4603,SG_GEN_PARLNT,0.0
2011,LG,4603,SG_GEN_PARL,0.0
2011,LG,4603,SG_GEN_PARLN,0.0
2011,LG,4603,SG_GEN_PARLNT,0.0
2012,LG,4603,SG_GEN_PARL,0.0
2012,LG,4603,SG_GEN_PARLN,0.0
2012,LG,4603,SG_GEN_PARLNT,0.0
2015,LG,4603,SG_GEN_PARL,0.0
2015,LG,4603,SG_GEN_PARLN,0.0
2015,LG,4603,SG_GEN_PARLNT,0.0
2016,LG,4603,SG_GEN_PARL,0.0
2016,LG,4603,SG_GEN_PARLN,0.0
2016,LG,4603,SG_GEN_PARLNT,0.0
2019,LG,4603,SG_GEN_PARL,0.0
2019,LG,4603,SG_GEN_PARLN,0.0
2019,LG,4603,SG_GEN_PARLNT,0.0
2020,LG,4603,SG_GEN_PARL,0.0
2020,LG,4603,SG_GEN_PARLN,0.0
2020,LG,4603,SG_GEN_PARLNT,0.0
2022,LG,4603,SG_GEN_PARL,0.0
2022,LG,4603,SG_GEN_PARLN,0.0
2022,LG,4603,SG_GEN_PARLNT,0.0
2024,LG,4603,SG_GEN_PARL,0.0
2024,LG,4603,SG_GEN_PARLN,0.0
2024,LG,4603,SG_GEN_PARLNT,0.0
1984,LG,4203,SG_GEN_PARL,0.0
1984,LG,4203,SG_GEN_PARLN,0.0
1984,LG,4203,SG_GEN_PARLNT,0.0
1988,LG,4203,SG_GEN_PARL,0.0
1988,LG,4203,SG_GEN_PARLN,0.0
1988,LG,4203,SG_GEN_PARLNT,0.0
1990,LG,4203,SG_GEN_PARL,0.0
1990,LG,4203,SG_GEN_PARLN,0.0
1990,LG,4203,SG_GEN_PARLNT,0.0
1992,LG,4203,SG_GEN_PARL,0.0
1992,LG,4203,SG_GEN_PARLN,0.0
1992,LG,4203,SG_GEN_PARLNT,0.0
1994,LG,4203,SG_GEN_PARL,0.0
1994,LG,4203,SG_GEN_PARLN,0.0
1994,LG,4203,SG_GEN_PARLNT,0.0
1996,LG,4203,SG_GEN_PARL,0.0
1996,LG,4203,SG_GEN_PARLN,0.0
1996,LG,4203,SG_GEN_PARLNT,0.0
1998,LG,4203,SG_GEN_PARL,0.0
1998,LG,4203,SG_GEN_PARLN,0.0
1998,LG,4203,SG_GEN_PARLNT,0.0
2000,LG,4203,SG_GEN_PARL,0.0
2000,LG,4203,SG_GEN_PARLN,0.0
2000,LG,4203,SG_GEN_PARLNT,0.0
2002,LG,4203,SG_GEN_PARL,0.0
2002,LG,4203,SG_GEN_PARLN,0.0
2002,LG,4203,SG_GEN_PARLNT,0.0
2004,LG,4203,SG_GEN_PARL,0.0
2004,LG,4203,SG_GEN_PARLN,0.0
2004,LG,4203,SG_GEN_PARLNT,0.0
2008,LG,4203,SG_GEN_PARL,0.0
2008,LG,4203,SG_GEN_PARLN,0.0
2008,LG,4203,SG_GEN_PARLNT,0.0
2011,LG,4203,SG_GEN_PARL,0.0
2011,LG,4203,SG_GEN_PARLN,0.0
2011,LG,4203,SG_GEN_PARLNT,0.0
2012,LG,4203,SG_GEN_PARL,0.0
2012,LG,4203,SG_GEN_PARLN,0.0
2012,LG,4203,SG_GEN_PARLNT,0.0
2015,LG,4203,SG_GEN_PARL,0.0
2015,LG,4203,SG_GEN_PARLN,0.0
2015,LG,4203,SG_GEN_PARLNT,0.0
2016,LG,4203,SG_GEN_PARL,0.0
2016,LG,4203,SG_GEN_PARLN,0.0
2016,LG,4203,SG_GEN_PARLNT,0.0
2019,LG,4203,SG_GEN_PARL,0.0
2019,LG,4203,SG_GEN_PARLN,0.0
2019,LG,4203,SG_GEN_PARLNT,0.0
2020,LG,4203,SG_GEN_PARL,0.0
2020,LG,4203,SG_GEN_PARLN,0.0
2020,LG,4203,SG_GEN_PARLNT,0.0
2022,LG,4203,SG_GEN_PARL,0.0
2022,LG,4203,SG_GEN_PARLN,0.0
2022,LG,4203,SG_GEN_PARLNT,0.0
2024,LG,4203,SG_GEN_PARL,0.0
2024,LG,4203,SG_GEN_PARLN,0.0
2024,LG,4203,SG_GEN_PARLNT,0.0
1984,LG,4101,SG_GEN_PARL,0.0
1984,LG,4101,SG_GEN_PARLN,0.0
1984,LG,4101,SG_GEN_PARLNT,0.0
1988,LG,4101,SG_GEN_PARL,0.0
1988,LG,4101,SG_GEN_PARLN,0.0
1988,LG,4101,SG_GEN_PARLNT,0.0
1990,LG,4101,SG_GEN_PARL,0.0
1990,LG,4101,SG_GEN_PARLN,0.0
1990,LG,4101,SG_GEN_PARLNT,0.0
1992,LG,4101,SG_GEN_PARL,0.0
1992,LG,4101,SG_GEN_PARLN,0.0
1992,LG,4101,SG_GEN_PARLNT,0.0
1994,LG,4101,SG_GEN_PARL,0.0
1994,LG,4101,SG_GEN_PARLN,0.0
1994,LG,4101,SG_GEN_PARLNT,0.0
1996,LG,4101,SG_GEN_PARL,0.0
1996,LG,4101,SG_GEN_PARLN,0.0
1996,LG,4101,SG_GEN_PARLNT,0.0
1998,LG,4101,SG_GEN_PARL,0.0
1998,LG,4101,SG_GEN_PARLN,0.0
1998,LG,4101,SG_GEN_PARLNT,0.0
2000,LG,4101,SG_GEN_PARL,0.0
2000,LG,4101,SG_GEN_PARLN,0.0
2000,LG,4101,SG_GEN_PARLNT,0.0
2002,LG,4101,SG_GEN_PARL,0.0
2002,LG,4101,SG_GEN_PARLN,0.0
2002,LG,4101,SG_GEN_PARLNT,0.0
2004,LG,4101,SG_GEN_PARL,0.0
2004,LG,4101,SG_GEN_PARLN,0.0
2004,LG,4101,SG_GEN_PARLNT,0.0
2008,LG,4101,SG_GEN_PARL,0.0
2008,LG,4101,SG_GEN_PARLN,0.0
2008,LG,4101,SG_GEN_PARLNT,0.0
2011,LG,4101,SG_GEN_PARL,0.0
2011,LG,4101,SG_GEN_PARLN,0.0
2011,LG,4101,SG_GEN_PARLNT,0.0
2012,LG,4101,SG_GEN_PARL,0.0
2012,LG,4101,SG_GEN_PARLN,0.0
2012,LG,4101,SG_GEN_PARLNT,0.0
2015,LG,4101,SG_GEN_PARL,0.0
2015,LG,4101,SG_GEN_PARLN,0.0
2015,LG,4101,SG_GEN_PARLNT,0.0
2016,LG,4101,SG_GEN_PARL,0.0
2016,LG,4101,SG_GEN_PARLN,0.0
2016,LG,4101,SG_GEN_PARLNT,0.0
2019,LG,4101,SG_GEN_PARL,0.0
2019,LG,4101,SG_GEN_PARLN,0.0
2019,LG,4101,SG_GEN_PARLNT,0.0
2020,LG,4101,SG_GEN_PARL,0.0
2020,LG,4101,SG_GEN_PARLN,0.0
2020,LG,4101,SG_GEN_PARLNT,0.0
2022,LG,4101,SG_GEN_PARL,0.0
2022,LG,4101,SG_GEN_PARLN,0.0
2022,LG,4101,SG_GEN_PARLNT,0.0
2024,LG,4101,SG_GEN_PARL,0.0
2024,LG,4101,SG_GEN_PARLN,0.0
2024,LG,4101,SG_GEN_PARLNT,0.0
1984,LG,4212,SG_GEN_PARL,0.0
1984,LG,4212,SG_GEN_PARLN,0.0
1984,LG,4212,SG_GEN_PARLNT,0.0
1988,LG,4212,SG_GEN_PARL,0.0
1988,LG,4212,SG_GEN_PARLN,0.0
1988,LG,4212,SG_GEN_PARLNT,0.0
1990,LG,4212,SG_GEN_PARL,0.0
1990,LG,4212,SG_GEN_PARLN,0.0
1990,LG,4212,SG_GEN_PARLNT,0.0
1992,LG,4212,SG_GEN_PARL,0.0
1992,LG,4212,SG_GEN_PARLN,0.0
1992,LG,4212,SG_GEN_PARLNT,0.0
1994,LG,4212,SG_GEN_PARL,0.0
1994,LG,4212,SG_GEN_PARLN,0.0
1994,LG,4212,SG_GEN_PARLNT,0.0
1996,LG,4212,SG_GEN_PARL,0.0
1996,LG,4212,SG_GEN_PARLN,0.0
1996,LG,4212,SG_GEN_PARLNT,0.0
1998,LG,4212,SG_GEN_PARL,0.0
1998,LG,4212,SG_GEN_PARLN,0.0
1998,LG,4212,SG_GEN_PARLNT,0.0
2000,LG,4212,SG_GEN_PARL,0.0
2000,LG,4212,SG_GEN_PARLN,0.0
2000,LG,4212,SG_GEN_PARLNT,0.0
2002,LG,4212,SG_GEN_PARL,0.0
2002,LG,4212,SG_GEN_PARLN,0.0
2002,LG,4212,SG_GEN_PARLNT,0.0
2004,LG,4212,SG_GEN_PARL,0.0
2004,LG,4212,SG_GEN_PARLN,0.0
2004,LG,4212,SG_GEN_PARLNT,0.0
2008,LG,4212,SG_GEN_PARL,0.0
2008,LG,4212,SG_GEN_PARLN,0.0
2008,LG,4212,SG_GEN_PARLNT,0.0
2011,LG,4212,SG_GEN_PARL,0.0
2011,LG,4212,SG_GEN_PARLN,0.0
2011,LG,4212,SG_GEN_PARLNT,0.0
2012,LG,4212,SG_GEN_PARL,0.0
2012,LG,4212,SG_GEN_PARLN,0.0
2012,LG,4212,SG_GEN_PARLNT,0.0
2015,LG,4212,SG_GEN_PARL,0.0
2015,LG,4212,SG_GEN_PARLN,0.0
2015,LG,4212,SG_GEN_PARLNT,0.0
2016,LG,4212,SG_GEN_PARL,0.0
2016,LG,4212,SG_GEN_PARLN,0.0
2016,LG,4212,SG_GEN_PARLNT,0.0
2019,LG,4212,SG_GEN_PARL,0.0
2019,LG,4212,SG_GEN_PARLN,0.0
2019,LG,4212,SG_GEN_PARLNT,0.0
2020,LG,4212,SG_GEN_PARL,0.0
2020,LG,4212,SG_GEN_PARLN,0.0
2020,LG,4212,SG_GEN_PARLNT,0.0
2022,LG,4212,SG_GEN_PARL,0.0
2022,LG,4212,SG_GEN_PARLN,0.0
2022,LG,4212,SG_GEN_PARLNT,0.0
2024,LG,4212,SG_GEN_PARL,0.0
2024,LG,4212,SG_GEN_PARLN,0.0
2024,LG,4212,SG_GEN_PARLNT,0.0
1984,LG,4213,SG_GEN_PARL,0.0
1984,LG,4213,SG_GEN_PARLN,0.0
1984,LG,4213,SG_GEN_PARLNT,0.0
1988,LG,4213,SG_GEN_PARL,0.0
1988,LG,4213,SG_GEN_PARLN,0.0
1988,LG,4213,SG_GEN_PARLNT,0.0
1990,LG,4213,SG_GEN_PARL,0.0
1990,LG,4213,SG_GEN_PARLN,0.0
1990,LG,4213,SG_GEN_PARLNT,0.0
1992,LG,4213,SG_GEN_PARL,0.0
1992,LG,4213,SG_GEN_PARLN,0.0
1992,LG,4213,SG_GEN_PARLNT,0.0
1994,LG,4213,SG_GEN_PARL,0.0
1994,LG,4213,SG_GEN_PARLN,0.0
1994,LG,4213,SG_GEN_PARLNT,0.0
1996,LG,4213,SG_GEN_PARL,0.0
1996,LG,4213,SG_GEN_PARLN,0.0
1996,LG,4213,SG_GEN_PARLNT,0.0
1998,LG,4213,SG_GEN_PARL,0.0
1998,LG,4213,SG_GEN_PARLN,0.0
1998,LG,4213,SG_GEN_PARLNT,0.0
2000,LG,4213,SG_GEN_PARL,0.0
2000,LG,4213,SG_GEN_PARLN,0.0
2000,LG,4213,SG_GEN_PARLNT,0.0
2002,LG,4213,SG_GEN_PARL,0.0
2002,LG,4213,SG_GEN_PARLN,0.0
2002,LG,4213,SG_GEN_PARLNT,0.0
2004,LG,4213,SG_GEN_PARL,0.0
2004,LG,4213,SG_GEN_PARLN,0.0
2004,LG,4213,SG_GEN_PARLNT,0.0
2008,LG,4213,SG_GEN_PARL,0.0
2008,LG,4213,SG_GEN_PARLN,0.0
2008,LG,4213,SG_GEN_PARLNT,0.0
2011,LG,4213,SG_GEN_PARL,0.0
2011,LG,4213,SG_GEN_PARLN,0.0
2011,LG,4213,SG_GEN_PARLNT,0.0
2012,LG,4213,SG_GEN_PARL,0.0
2012,LG,4213,SG_GEN_PARLN,0.0
2012,LG,4213,SG_GEN_PARLNT,0.0
2015,LG,4213,SG_GEN_PARL,0.0
2015,LG,4213,SG_GEN_PARLN,0.0
2015,LG,4213,SG_GEN_PARLNT,0.0
2016,LG,4213,SG_GEN_PARL,0.0
2016,LG,4213,SG_GEN_PARLN,0.0
2016,LG,4213,SG_GEN_PARLNT,0.0
2019,LG,4213,SG_GEN_PARL,0.0
2019,LG,4213,SG_GEN_PARLN,0.0
2019,LG,4213,SG_GEN_PARLNT,0.0
2020,LG,4213,SG_GEN_PARL,0.0
2020,LG,4213,SG_GEN_PARLN,0.0
2020,LG,4213,SG_GEN_PARLNT,0.0
2022,LG,4213,SG_GEN_PARL,0.0
2022,LG,4213,SG_GEN_PARLN,0.0
2022,LG,4213,SG_GEN_PARLNT,0.0
2024,LG,4213,SG_GEN_PARL,0.0
2024,LG,4213,SG_GEN_PARLN,0.0
2024,LG,4213,SG_GEN_PARLNT,0.0
1984,LG,4205,SG_GEN_PARL,0.0
1984,LG,4205,SG_GEN_PARLN,0.0
1984,LG,4205,SG_GEN_PARLNT,0.0
1988,LG,4205,SG_GEN_PARL,0.0
1988,LG,4205,SG_GEN_PARLN,0.0
1988,LG,4205,SG_GEN_PARLNT,0.0
1990,LG,4205,SG_GEN_PARL,0.0
1990,LG,4205,SG_GEN_PARLN,0.0
1990,LG,4205,SG_GEN_PARLNT,0.0
1992,LG,4205,SG_GEN_PARL,0.0
1992,LG,4205,SG_GEN_PARLN,0.0
1992,LG,4205,SG_GEN_PARLNT,0.0
1994,LG,4205,SG_GEN_PARL,0.0
1994,LG,4205,SG_GEN_PARLN,0.0
1994,LG,4205,SG_GEN_PARLNT,0.0
1996,LG,4205,SG_GEN_PARL,0.0
1996,LG,4205,SG_GEN_PARLN,0.0
1996,LG,4205,SG_GEN_PARLNT,0.0
1998,LG,4205,SG_GEN_PARL,0.0
1998,LG,4205,SG_GEN_PARLN,0.0
1998,LG,4205,SG_GEN_PARLNT,0.0
2000,LG,4205,SG_GEN_PARL,0.0
2000,LG,4205,SG_GEN_PARLN,0.0
2000,LG,4205,SG_GEN_PARLNT,0.0
2002,LG,4205,SG_GEN_PARL,0.0
2002,LG,4205,SG_GEN_PARLN,0.0
2002,LG,4205,SG_GEN_PARLNT,0.0
2004,LG,4205,SG_GEN_PARL,0.0
2004,LG,4205,SG_GEN_PARLN,0.0
2004,LG,4205,SG_GEN_PARLNT,0.0
2008,LG,4205,SG_GEN_PARL,0.0
2008,LG,4205,SG_GEN_PARLN,0.0
2008,LG,4205,SG_GEN_PARLNT,0.0
2011,LG,4205,SG_GEN_PARL,0.0
2011,LG,4205,SG_GEN_PARLN,0.0
2011,LG,4205,SG_GEN_PARLNT,0.0
2012,LG,4205,SG_GEN_PARL,0.0
2012,LG,4205,SG_GEN_PARLN,0.0
2012,LG,4205,SG_GEN_PARLNT,0.0
2015,LG,4205,SG_GEN_PARL,0.0
2015,LG,4205,SG_GEN_PARLN,0.0
2015,LG,4205,SG_GEN_PARLNT,0.0
2016,LG,4205,SG_GEN_PARL,0.0
2016,LG,4205,SG_GEN_PARLN,0.0
2016,LG,4205,SG_GEN_PARLNT,0.0
2019,LG,4205,SG_GEN_PARL,0.0
2019,LG,4205,SG_GEN_PARLN,0.0
2019,LG,4205,SG_GEN_PARLNT,0.0
2020,LG,4205,SG_GEN_PARL,0.0
2020,LG,4205,SG_GEN_PARLN,0.0
2020,LG,4205,SG_GEN_PARLNT,0.0
2022,LG,4205,SG_GEN_PARL,0.0
2022,LG,4205,SG_GEN_PARLN,0.0
2022,LG,4205,SG_GEN_PARLNT,0.0
2024,LG,4205,SG_GEN_PARL,0.0
2024,LG,4205,SG_GEN_PARLN,0.0
2024,LG,4205,SG_GEN_PARLNT,0.0
1984,LG,4301,SG_GEN_PARL,0.0
1984,LG,4301,SG_GEN_PARLN,0.0
1984,LG,4301,SG_GEN_PARLNT,0.0
1988,LG,4301,SG_GEN_PARL,0.0
1988,LG,4301,SG_GEN_PARLN,0.0
1988,LG,4301,SG_GEN_PARLNT,0.0
1990,LG,4301,SG_GEN_PARL,0.0
1990,LG,4301,SG_GEN_PARLN,0.0
1990,LG,4301,SG_GEN_PARLNT,0.0
1992,LG,4301,SG_GEN_PARL,0.0
1992,LG,4301,SG_GEN_PARLN,0.0
1992,LG,4301,SG_GEN_PARLNT,0.0
1994,LG,4301,SG_GEN_PARL,0.0
1994,LG,4301,SG_GEN_PARLN,0.0
1994,LG,4301,SG_GEN_PARLNT,0.0
1996,LG,4301,SG_GEN_PARL,0.0
1996,LG,4301,SG_GEN_PARLN,0.0
1996,LG,4301,SG_GEN_PARLNT,0.0
1998,LG,4301,SG_GEN_PARL,0.0
1998,LG,4301,SG_GEN_PARLN,0.0
1998,LG,4301,SG_GEN_PARLNT,0.0
2000,LG,4301,SG_GEN_PARL,0.0
2000,LG,4301,SG_GEN_PARLN,0.0
2000,LG,4301,SG_GEN_PARLNT,0.0
2002,LG,4301,SG_GEN_PARL,0.0
2002,LG,4301,SG_GEN_PARLN,0.0
2002,LG,4301,SG_GEN_PARLNT,0.0
2004,LG,4301,SG_GEN_PARL,0.0
2004,LG,4301,SG_GEN_PARLN,0.0
2004,LG,4301,SG_GEN_PARLNT,0.0
2008,LG,4301,SG_GEN_PARL,0.0
2008,LG,4301,SG_GEN_PARLN,0.0
2008,LG,4301,SG_GEN_PARLNT,0.0
2011,LG,4301,SG_GEN_PARL,0.0
2011,LG,4301,SG_GEN_PARLN,0.0
2011,LG,4301,SG_GEN_PARLNT,0.0
2012,LG,4301,SG_GEN_PARL,0.0
2012,LG,4301,SG_GEN_PARLN,0.0
2012,LG,4301,SG_GEN_PARLNT,0.0
2015,LG,4301,SG_GEN_PARL,0.0
2015,LG,4301,SG_GEN_PARLN,0.0
2015,LG,4301,SG_GEN_PARLNT,0.0
2016,LG,4301,SG_GEN_PARL,0.0
2016,LG,4301,SG_GEN_PARLN,0.0
2016,LG,4301,SG_GEN_PARLNT,0.0
2019,LG,4301,SG_GEN_PARL,0.0
2019,LG,4301,SG_GEN_PARLN,0.0
2019,LG,4301,SG_GEN_PARLNT,0.0
2020,LG,4301,SG_GEN_PARL,0.0
2020,LG,4301,SG_GEN_PARLN,0.0
2020,LG,4301,SG_GEN_PARLNT,0.0
2022,LG,4301,SG_GEN_PARL,0.0
2022,LG,4301,SG_GEN_PARLN,0.0
2022,LG,4301,SG_GEN_PARLNT,0.0
2024,LG,4301,SG_GEN_PARL,0.0
2024,LG,4301,SG_GEN_PARLN,0.0
2024,LG,4301,SG_GEN_PARLNT,0.0
1984,LG,4310,SG_GEN_PARL,0.0
1984,LG,4310,SG_GEN_PARLN,0.0
1984,LG,4310,SG_GEN_PARLNT,0.0
1988,LG,4310,SG_GEN_PARL,0.0
1988,LG,4310,SG_GEN_PARLN,0.0
1988,LG,4310,SG_GEN_PARLNT,0.0
1990,LG,4310,SG_GEN_PARL,0.0
1990,LG,4310,SG_GEN_PARLN,0.0
1990,LG,4310,SG_GEN_PARLNT,0.0
1992,LG,4310,SG_GEN_PARL,0.0
1992,LG,4310,SG_GEN_PARLN,0.0
1992,LG,4310,SG_GEN_PARLNT,0.0
1994,LG,4310,SG_GEN_PARL,0.0
1994,LG,4310,SG_GEN_PARLN,0.0
1994,LG,4310,SG_GEN_PARLNT,0.0
1996,LG,4310,SG_GEN_PARL,0.0
1996,LG,4310,SG_GEN_PARLN,0.0
1996,LG,4310,SG_GEN_PARLNT,0.0
1998,LG,4310,SG_GEN_PARL,0.0
1998,LG,4310,SG_GEN_PARLN,0.0
1998,LG,4310,SG_GEN_PARLNT,0.0
2000,LG,4310,SG_GEN_PARL,0.0
2000,LG,4310,SG_GEN_PARLN,0.0
2000,LG,4310,SG_GEN_PARLNT,0.0
2002,LG,4310,SG_GEN_PARL,0.0
2002,LG,4310,SG_GEN_PARLN,0.0
2002,LG,4310,SG_GEN_PARLNT,0.0
2004,LG,4310,SG_GEN_PARL,0.0
2004,LG,4310,SG_GEN_PARLN,0.0
2004,LG,4310,SG_GEN_PARLNT,0.0
2008,LG,4310,SG_GEN_PARL,0.0
2008,LG,4310,SG_GEN_PARLN,0.0
2008,LG,4310,SG_GEN_PARLNT,0.0
2011,LG,4310,SG_GEN_PARL,0.0
2011,LG,4310,SG_GEN_PARLN,0.0
2011,LG,4310,SG_GEN_PARLNT,0.0
2012,LG,4310,SG_GEN_PARL,0.0
2012,LG,4310,SG_GEN_PARLN,0.0
2012,LG,4310,SG_GEN_PARLNT,0.0
2015,LG,4310,SG_GEN_PARL,0.0
2015,LG,4310,SG_GEN_PARLN,0.0
2015,LG,4310,SG_GEN_PARLNT,0.0
2016,LG,4310,SG_GEN_PARL,0.0
2016,LG,4310,SG_GEN_PARLN,0.0
2016,LG,4310,SG_GEN_PARLNT,0.0
2019,LG,4310,SG_GEN_PARL,0.0
2019,LG,4310,SG_GEN_PARLN,0.0
2019,LG,4310,SG_GEN_PARLNT,0.0
2020,LG,4310,SG_GEN_PARL,0.0
2020,LG,4310,SG_GEN_PARLN,0.0
2020,LG,4310,SG_GEN_PARLNT,0.0
2022,LG,4310,SG_GEN_PARL,0.0
2022,LG,4310,SG_GEN_PARLN,0.0
2022,LG,4310,SG_GEN_PARLNT,0.0
2024,LG,4310,SG_GEN_PARL,0.0
2024,LG,4310,SG_GEN_PARLN,0.0
2024,LG,4310,SG_GEN_PARLNT,0.0
1984,LG,4304,SG_GEN_PARL,0.0
1984,LG,4304,SG_GEN_PARLN,0.0
1984,LG,4304,SG_GEN_PARLNT,0.0
1988,LG,4304,SG_GEN_PARL,0.0
1988,LG,4304,SG_GEN_PARLN,0.0
1988,LG,4304,SG_GEN_PARLNT,0.0
1990,LG,4304,SG_GEN_PARL,0.0
1990,LG,4304,SG_GEN_PARLN,0.0
1990,LG,4304,SG_GEN_PARLNT,0.0
1992,LG,4304,SG_GEN_PARL,0.0
1992,LG,4304,SG_GEN_PARLN,0.0
1992,LG,4304,SG_GEN_PARLNT,0.0
1994,LG,4304,SG_GEN_PARL,0.0
1994,LG,4304,SG_GEN_PARLN,0.0
1994,LG,4304,SG_GEN_PARLNT,0.0
1996,LG,4304,SG_GEN_PARL,0.0
1996,LG,4304,SG_GEN_PARLN,0.0
1996,LG,4304,SG_GEN_PARLNT,0.0
1998,LG,4304,SG_GEN_PARL,0.0
1998,LG,4304,SG_GEN_PARLN,0.0
1998,LG,4304,SG_GEN_PARLNT,0.0
2000,LG,4304,SG_GEN_PARL,0.0
2000,LG,4304,SG_GEN_PARLN,0.0
2000,LG,4304,SG_GEN_PARLNT,0.0
2002,LG,4304,SG_GEN_PARL,0.0
2002,LG,4304,SG_GEN_PARLN,0.0
2002,LG,4304,SG_GEN_PARLNT,0.0
2004,LG,4304,SG_GEN_PARL,0.0
2004,LG,4304,SG_GEN_PARLN,0.0
2004,LG,4304,SG_GEN_PARLNT,0.0
2008,LG,4304,SG_GEN_PARL,0.0
2008,LG,4304,SG_GEN_PARLN,0.0
2008,LG,4304,SG_GEN_PARLNT,0.0
2011,LG,4304,SG_GEN_PARL,0.0
2011,LG,4304,SG_GEN_PARLN,0.0
2011,LG,4304,SG_GEN_PARLNT,0.0
2012,LG,4304,SG_GEN_PARL,0.0
2012,LG,4304,SG_GEN_PARLN,0.0
2012,LG,4304,SG_GEN_PARLNT,0.0
2015,LG,4304,SG_GEN_PARL,0.0
2015,LG,4304,SG_GEN_PARLN,0.0
2015,LG,4304,SG_GEN_PARLNT,0.0
2016,LG,4304,SG_GEN_PARL,0.0
2016,LG,4304,SG_GEN_PARLN,0.0
2016,LG,4304,SG_GEN_PARLNT,0.0
2019,LG,4304,SG_GEN_PARL,0.0
2019,LG,4304,SG_GEN_PARLN,0.0
2019,LG,4304,SG_GEN_PARLNT,0.0
2020,LG,4304,SG_GEN_PARL,0.0
2020,LG,4304,SG_GEN_PARLN,0.0
2020,LG,4304,SG_GEN_PARLNT,0.0
2022,LG,4304,SG_GEN_PARL,0.0
2022,LG,4304,SG_GEN_PARLN,0.0
2022,LG,4304,SG_GEN_PARLNT,0.0
2024,LG,4304,SG_GEN_PARL,0.0
2024,LG,4304,SG_GEN_PARLN,0.0
2024,LG,4304,SG_GEN_PARLNT,0.0
1984,LG,4604,SG_GEN_PARL,0.0
1984,LG,4604,SG_GEN_PARLN,0.0
1984,LG,4604,SG_GEN_PARLNT,0.0
1988,LG,4604,SG_GEN_PARL,0.0
1988,LG,4604,SG_GEN_PARLN,0.0
1988,LG,4604,SG_GEN_PARLNT,0.0
1990,LG,4604,SG_GEN_PARL,0.0
1990,LG,4604,SG_GEN_PARLN,0.0
1990,LG,4604,SG_GEN_PARLNT,0.0
1992,LG,4604,SG_GEN_PARL,0.0
1992,LG,4604,SG_GEN_PARLN,0.0
1992,LG,4604,SG_GEN_PARLNT,0.0
1994,LG,4604,SG_GEN_PARL,0.0
1994,LG,4604,SG_GEN_PARLN,0.0
1994,LG,4604,SG_GEN_PARLNT,0.0
1996,LG,4604,SG_GEN_PARL,0.0
1996,LG,4604,SG_GEN_PARLN,0.0
1996,LG,4604,SG_GEN_PARLNT,0.0
1998,LG,4604,SG_GEN_PARL,0.0
1998,LG,4604,SG_GEN_PARLN,0.0
1998,LG,4604,SG_GEN_PARLNT,0.0
2000,LG,4604,SG_GEN_PARL,0.0
2000,LG,4604,SG_GEN_PARLN,0.0
2000,LG,4604,SG_GEN_PARLNT,0.0
2002,LG,4604,SG_GEN_PARL,0.0
2002,LG,4604,SG_GEN_PARLN,0.0
2002,LG,4604,SG_GEN_PARLNT,0.0
2004,LG,4604,SG_GEN_PARL,0.0
2004,LG,4604,SG_GEN_PARLN,0.0
2004,LG,4604,SG_GEN_PARLNT,0.0
2008,LG,4604,SG_GEN_PARL,0.0
2008,LG,4604,SG_GEN_PARLN,0.0
2008,LG,4604,SG_GEN_PARLNT,0.0
2011,LG,4604,SG_GEN_PARL,0.0
2011,LG,4604,SG_GEN_PARLN,0.0
2011,LG,4604,SG_GEN_PARLNT,0.0
2012,LG,4604,SG_GEN_PARL,0.0
2012,LG,4604,SG_GEN_PARLN,0.0
2012,LG,4604,SG_GEN_PARLNT,0.0
2015,LG,4604,SG_GEN_PARL,0.0
2015,LG,4604,SG_GEN_PARLN,0.0
2015,LG,4604,SG_GEN_PARLNT,0.0
2016,LG,4604,SG_GEN_PARL,0.0
2016,LG,4604,SG_GEN_PARLN,0.0
2016,LG,4604,SG_GEN_PARLNT,0.0
2019,LG,4604,SG_GEN_PARL,0.0
2019,LG,4604,SG_GEN_PARLN,0.0
2019,LG,4604,SG_GEN_PARLNT,0.0
2020,LG,4604,SG_GEN_PARL,0.0
2020,LG,4604,SG_GEN_PARLN,0.0
2020,LG,4604,SG_GEN_PARLNT,0.0
2022,LG,4604,SG_GEN_PARL,0.0
2022,LG,4604,SG_GEN_PARLN,0.0
2022,LG,4604,SG_GEN_PARLNT,0.0
2024,LG,4604,SG_GEN_PARL,0.0
2024,LG,4604,SG_GEN_PARLN,0.0
2024,LG,4604,SG_GEN_PARLNT,0.0
1984,LG,4108,SG_GEN_PARL,0.0
1984,LG,4108,SG_GEN_PARLN,0.0
1984,LG,4108,SG_GEN_PARLNT,0.0
1988,LG,4108,SG_GEN_PARL,0.0
1988,LG,4108,SG_GEN_PARLN,0.0
1988,LG,4108,SG_GEN_PARLNT,0.0
1990,LG,4108,SG_GEN_PARL,0.0
1990,LG,4108,SG_GEN_PARLN,0.0
1990,LG,4108,SG_GEN_PARLNT,0.0
1992,LG,4108,SG_GEN_PARL,0.0
1992,LG,4108,SG_GEN_PARLN,0.0
1992,LG,4108,SG_GEN_PARLNT,0.0
1994,LG,4108,SG_GEN_PARL,0.0
1994,LG,4108,SG_GEN_PARLN,0.0
1994,LG,4108,SG_GEN_PARLNT,0.0
1996,LG,4108,SG_GEN_PARL,0.0
1996,LG,4108,SG_GEN_PARLN,0.0
1996,LG,4108,SG_GEN_PARLNT,0.0
1998,LG,4108,SG_GEN_PARL,0.0
1998,LG,4108,SG_GEN_PARLN,0.0
1998,LG,4108,SG_GEN_PARLNT,0.0
2000,LG,4108,SG_GEN_PARL,0.0
2000,LG,4108,SG_GEN_PARLN,0.0
2000,LG,4108,SG_GEN_PARLNT,0.0
2002,LG,4108,SG_GEN_PARL,0.0
2002,LG,4108,SG_GEN_PARLN,0.0
2002,LG,4108,SG_GEN_PARLNT,0.0
2004,LG,4108,SG_GEN_PARL,0.0
2004,LG,4108,SG_GEN_PARLN,0.0
2004,LG,4108,SG_GEN_PARLNT,0.0
2008,LG,4108,SG_GEN_PARL,0.0
2008,LG,4108,SG_GEN_PARLN,0.0
2008,LG,4108,SG_GEN_PARLNT,0.0
2011,LG,4108,SG_GEN_PARL,0.0
2011,LG,4108,SG_GEN_PARLN,0.0
2011,LG,4108,SG_GEN_PARLNT,0.0
2012,LG,4108,SG_GEN_PARL,0.0
2012,LG,4108,SG_GEN_PARLN,0.0
2012,LG,4108,SG_GEN_PARLNT,0.0
2015,LG,4108,SG_GEN_PARL,0.0
2015,LG,4108,SG_GEN_PARLN,0.0
2015,LG,4108,SG_GEN_PARLNT,0.0
2016,LG,4108,SG_GEN_PARL,0.0
2016,LG,4108,SG_GEN_PARLN,0.0
2016,LG,4108,SG_GEN_PARLNT,0.0
2019,LG,4108,SG_GEN_PARL,0.0
2019,LG,4108,SG_GEN_PARLN,0.0
2019,LG,4108,SG_GEN_PARLNT,0.0
2020,LG,4108,SG_GEN_PARL,0.0
2020,LG,4108,SG_GEN_PARLN,0.0
2020,LG,4108,SG_GEN_PARLNT,0.0
2022,LG,4108,SG_GEN_PARL,0.0
2022,LG,4108,SG_GEN_PARLN,0.0
2022,LG,4108,SG_GEN_PARLNT,0.0
2024,LG,4108,SG_GEN_PARL,0.0
2024,LG,4108,SG_GEN_PARLN,0.0
2024,LG,4108,SG_GEN_PARLNT,0.0
1984,LG,4504,SG_GEN_PARL,0.0
1984,LG,4504,SG_GEN_PARLN,0.0
1984,LG,4504,SG_GEN_PARLNT,0.0
1988,LG,4504,SG_GEN_PARL,0.0
1988,LG,4504,SG_GEN_PARLN,0.0
1988,LG,4504,SG_GEN_PARLNT,0.0
1990,LG,4504,SG_GEN_PARL,0.0
1990,LG,4504,SG_GEN_PARLN,0.0
1990,LG,4504,SG_GEN_PARLNT,0.0
1992,LG,4504,SG_GEN_PARL,0.0
1992,LG,4504,SG_GEN_PARLN,0.0
1992,LG,4504,SG_GEN_PARLNT,0.0
1994,LG,4504,SG_GEN_PARL,0.0
1994,LG,4504,SG_GEN_PARLN,0.0
1994,LG,4504,SG_GEN_PARLNT,0.0
1996,LG,4504,SG_GEN_PARL,0.0
1996,LG,4504,SG_GEN_PARLN,0.0
1996,LG,4504,SG_GEN_PARLNT,0.0
1998,LG,4504,SG_GEN_PARL,0.0
1998,LG,4504,SG_GEN_PARLN,0.0
1998,LG,4504,SG_GEN_PARLNT,0.0
2000,LG,4504,SG_GEN_PARL,0.0
2000,LG,4504,SG_GEN_PARLN,0.0
2000,LG,4504,SG_GEN_PARLNT,0.0
2002,LG,4504,SG_GEN_PARL,0.0
2002,LG,4504,SG_GEN_PARLN,0.0
2002,LG,4504,SG_GEN_PARLNT,0.0
2004,LG,4504,SG_GEN_PARL,0.0
2004,LG,4504,SG_GEN_PARLN,0.0
2004,LG,4504,SG_GEN_PARLNT,0.0
2008,LG,4504,SG_GEN_PARL,0.0
2008,LG,4504,SG_GEN_PARLN,0.0
2008,LG,4504,SG_GEN_PARLNT,0.0
2011,LG,4504,SG_GEN_PARL,0.0
2011,LG,4504,SG_GEN_PARLN,0.0
2011,LG,4504,SG_GEN_PARLNT,0.0
2012,LG,4504,SG_GEN_PARL,0.0
2012,LG,4504,SG_GEN_PARLN,0.0
2012,LG,4504,SG_GEN_PARLNT,0.0
2015,LG,4504,SG_GEN_PARL,0.0
2015,LG,4504,SG_GEN_PARLN,0.0
2015,LG,4504,SG_GEN_PARLNT,0.0
2016,LG,4504,SG_GEN_PARL,0.0
2016,LG,4504,SG_GEN_PARLN,0.0
2016,LG,4504,SG_GEN_PARLNT,0.0
2019,LG,4504,SG_GEN_PARL,0.0
2019,LG,4504,SG_GEN_PARLN,0.0
2019,LG,4504,SG_GEN_PARLNT,0.0
2020,LG,4504,SG_GEN_PARL,0.0
2020,LG,4504,SG_GEN_PARLN,0.0
2020,LG,4504,SG_GEN_PARLNT,0.0
2022,LG,4504,SG_GEN_PARL,0.0
2022,LG,4504,SG_GEN_PARLN,0.0
2022,LG,4504,SG_GEN_PARLNT,0.0
2024,LG,4504,SG_GEN_PARL,0.0
2024,LG,4504,SG_GEN_PARLN,0.0
2024,LG,4504,SG_GEN_PARLNT,0.0
1984,LG,4601,SG_GEN_PARL,0.0
1984,LG,4601,SG_GEN_PARLN,0.0
1984,LG,4601,SG_GEN_PARLNT,0.0
1988,LG,4601,SG_GEN_PARL,0.0
1988,LG,4601,SG_GEN_PARLN,0.0
1988,LG,4601,SG_GEN_PARLNT,0.0
1990,LG,4601,SG_GEN_PARL,0.0
1990,LG,4601,SG_GEN_PARLN,0.0
1990,LG,4601,SG_GEN_PARLNT,0.0
1992,LG,4601,SG_GEN_PARL,0.0
1992,LG,4601,SG_GEN_PARLN,0.0
1992,LG,4601,SG_GEN_PARLNT,0.0
1994,LG,4601,SG_GEN_PARL,0.0
1994,LG,4601,SG_GEN_PARLN,0.0
1994,LG,4601,SG_GEN_PARLNT,0.0
1996,LG,4601,SG_GEN_PARL,0.0
1996,LG,4601,SG_GEN_PARLN,0.0
1996,LG,4601,SG_GEN_PARLNT,0.0
1998,LG,4601,SG_GEN_PARL,0.0
1998,LG,4601,SG_GEN_PARLN,0.0
1998,LG,4601,SG_GEN_PARLNT,0.0
2000,LG,4601,SG_GEN_PARL,0.0
2000,LG,4601,SG_GEN_PARLN,0.0
2000,LG,4601,SG_GEN_PARLNT,0.0
2002,LG,4601,SG_GEN_PARL,0.0
2002,LG,4601,SG_GEN_PARLN,0.0
2002,LG,4601,SG_GEN_PARLNT,0.0
2004,LG,4601,SG_GEN_PARL,0.0
2004,LG,4601,SG_GEN_PARLN,0.0
2004,LG,4601,SG_GEN_PARLNT,0.0
2008,LG,4601,SG_GEN_PARL,0.0
2008,LG,4601,SG_GEN_PARLN,0.0
2008,LG,4601,SG_GEN_PARLNT,0.0
2011,LG,4601,SG_GEN_PARL,0.0
2011,LG,4601,SG_GEN_PARLN,0.0
2011,LG,4601,SG_GEN_PARLNT,0.0
2012,LG,4601,SG_GEN_PARL,0.0
2012,LG,4601,SG_GEN_PARLN,0.0
2012,LG,4601,SG_GEN_PARLNT,0.0
2015,LG,4601,SG_GEN_PARL,0.0
2015,LG,4601,SG_GEN_PARLN,0.0
2015,LG,4601,SG_GEN_PARLNT,0.0
2016,LG,4601,SG_GEN_PARL,0.0
2016,LG,4601,SG_GEN_PARLN,0.0
2016,LG,4601,SG_GEN_PARLNT,0.0
2019,LG,4601,SG_GEN_PARL,0.0
2019,LG,4601,SG_GEN_PARLN,0.0
2019,LG,4601,SG_GEN_PARLNT,0.0
2020,LG,4601,SG_GEN_PARL,0.0
2020,LG,4601,SG_GEN_PARLN,0.0
2020,LG,4601,SG_GEN_PARLNT,0.0
2022,LG,4601,SG_GEN_PARL,0.0
2022,LG,4601,SG_GEN_PARLN,0.0
2022,LG,4601,SG_GEN_PARLNT,0.0
2024,LG,4601,SG_GEN_PARL,0.0
2024,LG,4601,SG_GEN_PARLN,0.0
2024,LG,4601,SG_GEN_PARLNT,0.0
1984,LG,4303,SG_GEN_PARL,0.0
1984,LG,4303,SG_GEN_PARLN,0.0
1984,LG,4303,SG_GEN_PARLNT,0.0
1988,LG,4303,SG_GEN_PARL,0.0
1988,LG,4303,SG_GEN_PARLN,0.0
1988,LG,4303,SG_GEN_PARLNT,0.0
1990,LG,4303,SG_GEN_PARL,0.0
1990,LG,4303,SG_GEN_PARLN,0.0
1990,LG,4303,SG_GEN_PARLNT,0.0
1992,LG,4303,SG_GEN_PARL,0.0
1992,LG,4303,SG_GEN_PARLN,0.0
1992,LG,4303,SG_GEN_PARLNT,0.0
1994,LG,4303,SG_GEN_PARL,0.0
1994,LG,4303,SG_GEN_PARLN,0.0
1994,LG,4303,SG_GEN_PARLNT,0.0
1996,LG,4303,SG_GEN_PARL,0.0
1996,LG,4303,SG_GEN_PARLN,0.0
1996,LG,4303,SG_GEN_PARLNT,0.0
1998,LG,4303,SG_GEN_PARL,0.0
1998,LG,4303,SG_GEN_PARLN,0.0
1998,LG,4303,SG_GEN_PARLNT,0.0
2000,LG,4303,SG_GEN_PARL,0.0
2000,LG,4303,SG_GEN_PARLN,0.0
2000,LG,4303,SG_GEN_PARLNT,0.0
2002,LG,4303,SG_GEN_PARL,0.0
2002,LG,4303,SG_GEN_PARLN,0.0
2002,LG,4303,SG_GEN_PARLNT,0.0
2004,LG,4303,SG_GEN_PARL,0.0
2004,LG,4303,SG_GEN_PARLN,0.0
2004,LG,4303,SG_GEN_PARLNT,0.0
2008,LG,4303,SG_GEN_PARL,0.0
2008,LG,4303,SG_GEN_PARLN,0.0
2008,LG,4303,SG_GEN_PARLNT,0.0
2011,LG,4303,SG_GEN_PARL,0.0
2011,LG,4303,SG_GEN_PARLN,0.0
2011,LG,4303,SG_GEN_PARLNT,0.0
2012,LG,4303,SG_GEN_PARL,0.0
2012,LG,4303,SG_GEN_PARLN,0.0
2012,LG,4303,SG_GEN_PARLNT,0.0
2015,LG,4303,SG_GEN_PARL,0.0
2015,LG,4303,SG_GEN_PARLN,0.0
2015,LG,4303,SG_GEN_PARLNT,0.0
2016,LG,4303,SG_GEN_PARL,0.0
2016,LG,4303,SG_GEN_PARLN,0.0
2016,LG,4303,SG_GEN_PARLNT,0.0
2019,LG,4303,SG_GEN_PARL,0.0
2019,LG,4303,SG_GEN_PARLN,0.0
2019,LG,4303,SG_GEN_PARLNT,0.0
2020,LG,4303,SG_GEN_PARL,0.0
2020,LG,4303,SG_GEN_PARLN,0.0
2020,LG,4303,SG_GEN_PARLNT,0.0
2022,LG,4303,SG_GEN_PARL,0.0
2022,LG,4303,SG_GEN_PARLN,0.0
2022,LG,4303,SG_GEN_PARLNT,0.0
2024,LG,4303,SG_GEN_PARL,0.0
2024,LG,4303,SG_GEN_PARLN,0.0
2024,LG,4303,SG_GEN_PARLNT,0.0
1984,LG,4104,SG_GEN_PARL,0.0
1984,LG,4104,SG_GEN_PARLN,0.0
1984,LG,4104,SG_GEN_PARLNT,0.0
1988,LG,4104,SG_GEN_PARL,0.0
1988,LG,4104,SG_GEN_PARLN,0.0
1988,LG,4104,SG_GEN_PARLNT,0.0
1990,LG,4104,SG_GEN_PARL,0.0
1990,LG,4104,SG_GEN_PARLN,0.0
1990,LG,4104,SG_GEN_PARLNT,0.0
1992,LG,4104,SG_GEN_PARL,0.0
1992,LG,4104,SG_GEN_PARLN,0.0
1992,LG,4104,SG_GEN_PARLNT,0.0
1994,LG,4104,SG_GEN_PARL,0.0
1994,LG,4104,SG_GEN_PARLN,0.0
1994,LG,4104,SG_GEN_PARLNT,0.0
1996,LG,4104,SG_GEN_PARL,0.0
1996,LG,4104,SG_GEN_PARLN,0.0
1996,LG,4104,SG_GEN_PARLNT,0.0
1998,LG,4104,SG_GEN_PARL,0.0
1998,LG,4104,SG_GEN_PARLN,0.0
1998,LG,4104,SG_GEN_PARLNT,0.0
2000,LG,4104,SG_GEN_PARL,0.0
2000,LG,4104,SG_GEN_PARLN,0.0
2000,LG,4104,SG_GEN_PARLNT,0.0
2002,LG,4104,SG_GEN_PARL,0.0
2002,LG,4104,SG_GEN_PARLN,0.0
2002,LG,4104,SG_GEN_PARLNT,0.0
2004,LG,4104,SG_GEN_PARL,0.0
2004,LG,4104,SG_GEN_PARLN,0.0
2004,LG,4104,SG_GEN_PARLNT,0.0
2008,LG,4104,SG_GEN_PARL,0.0
2008,LG,4104,SG_GEN_PARLN,0.0
2008,LG,4104,SG_GEN_PARLNT,0.0
2011,LG,4104,SG_GEN_PARL,0.0
2011,LG,4104,SG_GEN_PARLN,0.0
2011,LG,4104,SG_GEN_PARLNT,0.0
2012,LG,4104,SG_GEN_PARL,0.0
2012,LG,4104,SG_GEN_PARLN,0.0
2012,LG,4104,SG_GEN_PARLNT,0.0
2015,LG,4104,SG_GEN_PARL,0.0
2015,LG,4104,SG_GEN_PARLN,0.0
2015,LG,4104,SG_GEN_PARLNT,0.0
2016,LG,4104,SG_GEN_PARL,0.0
2016,LG,4104,SG_GEN_PARLN,0.0
2016,LG,4104,SG_GEN_PARLNT,0.0
2019,LG,4104,SG_GEN_PARL,0.0
2019,LG,4104,SG_GEN_PARLN,0.0
2019,LG,4104,SG_GEN_PARLNT,0.0
2020,LG,4104,SG_GEN_PARL,0.0
2020,LG,4104,SG_GEN_PARLN,0.0
2020,LG,4104,SG_GEN_PARLNT,0.0
2022,LG,4104,SG_GEN_PARL,0.0
2022,LG,4104,SG_GEN_PARLN,0.0
2022,LG,4104,SG_GEN_PARLNT,0.0
2024,LG,4104,SG_GEN_PARL,0.0
2024,LG,4104,SG_GEN_PARLN,0.0
2024,LG,4104,SG_GEN_PARLNT,0.0
1984,LG,4309,SG_GEN_PARL,0.0
1984,LG,4309,SG_GEN_PARLN,0.0
1984,LG,4309,SG_GEN_PARLNT,0.0
1988,LG,4309,SG_GEN_PARL,0.0
1988,LG,4309,SG_GEN_PARLN,0.0
1988,LG,4309,SG_GEN_PARLNT,0.0
1990,LG,4309,SG_GEN_PARL,0.0
1990,LG,4309,SG_GEN_PARLN,0.0
1990,LG,4309,SG_GEN_PARLNT,0.0
1992,LG,4309,SG_GEN_PARL,0.0
1992,LG,4309,SG_GEN_PARLN,0.0
1992,LG,4309,SG_GEN_PARLNT,0.0
1994,LG,4309,SG_GEN_PARL,0.0
1994,LG,4309,SG_GEN_PARLN,0.0
1994,LG,4309,SG_GEN_PARLNT,0.0
1996,LG,4309,SG_GEN_PARL,0.0
1996,LG,4309,SG_GEN_PARLN,0.0
1996,LG,4309,SG_GEN_PARLNT,0.0
1998,LG,4309,SG_GEN_PARL,0.0
1998,LG,4309,SG_GEN_PARLN,0.0
1998,LG,4309,SG_GEN_PARLNT,0.0
2000,LG,4309,SG_GEN_PARL,0.0
2000,LG,4309,SG_GEN_PARLN,0.0
2000,LG,4309,SG_GEN_PARLNT,0.0
2002,LG,4309,SG_GEN_PARL,0.0
2002,LG,4309,SG_GEN_PARLN,0.0
2002,LG,4309,SG_GEN_PARLNT,0.0
2004,LG,4309,SG_GEN_PARL,0.0
2004,LG,4309,SG_GEN_PARLN,0.0
2004,LG,4309,SG_GEN_PARLNT,0.0
2008,LG,4309,SG_GEN_PARL,0.0
2008,LG,4309,SG_GEN_PARLN,0.0
2008,LG,4309,SG_GEN_PARLNT,0.0
2011,LG,4309,SG_GEN_PARL,0.0
2011,LG,4309,SG_GEN_PARLN,0.0
2011,LG,4309,SG_GEN_PARLNT,0.0
2012,LG,4309,SG_GEN_PARL,0.0
2012,LG,4309,SG_GEN_PARLN,0.0
2012,LG,4309,SG_GEN_PARLNT,0.0
2015,LG,4309,SG_GEN_PARL,0.0
2015,LG,4309,SG_GEN_PARLN,0.0
2015,LG,4309,SG_GEN_PARLNT,0.0
2016,LG,4309,SG_GEN_PARL,0.0
2016,LG,4309,SG_GEN_PARLN,0.0
2016,LG,4309,SG_GEN_PARLNT,0.0
2019,LG,4309,SG_GEN_PARL,0.0
2019,LG,4309,SG_GEN_PARLN,0.0
2019,LG,4309,SG_GEN_PARLNT,0.0
2020,LG,4309,SG_GEN_PARL,0.0
2020,LG,4309,SG_GEN_PARLN,0.0
2020,LG,4309,SG_GEN_PARLNT,0.0
2022,LG,4309,SG_GEN_PARL,0.0
2022,LG,4309,SG_GEN_PARLN,0.0
2022,LG,4309,SG_GEN_PARLNT,0.0
2024,LG,4309,SG_GEN_PARL,0.0
2024,LG,4309,SG_GEN_PARLN,0.0
2024,LG,4309,SG_GEN_PARLNT,0.0
1984,LG,4105,SG_GEN_PARL,0.0
1984,LG,4105,SG_GEN_PARLN,0.0
1984,LG,4105,SG_GEN_PARLNT,0.0
1988,LG,4105,SG_GEN_PARL,0.0
1988,LG,4105,SG_GEN_PARLN,0.0
1988,LG,4105,SG_GEN_PARLNT,0.0
1990,LG,4105,SG_GEN_PARL,0.0
1990,LG,4105,SG_GEN_PARLN,0.0
1990,LG,4105,SG_GEN_PARLNT,0.0
1992,LG,4105,SG_GEN_PARL,0.0
1992,LG,4105,SG_GEN_PARLN,0.0
1992,LG,4105,SG_GEN_PARLNT,0.0
1994,LG,4105,SG_GEN_PARL,0.0
1994,LG,4105,SG_GEN_PARLN,0.0
1994,LG,4105,SG_GEN_PARLNT,0.0
1996,LG,4105,SG_GEN_PARL,0.0
1996,LG,4105,SG_GEN_PARLN,0.0
1996,LG,4105,SG_GEN_PARLNT,0.0
1998,LG,4105,SG_GEN_PARL,0.0
1998,LG,4105,SG_GEN_PARLN,0.0
1998,LG,4105,SG_GEN_PARLNT,0.0
2000,LG,4105,SG_GEN_PARL,0.0
2000,LG,4105,SG_GEN_PARLN,0.0
2000,LG,4105,SG_GEN_PARLNT,0.0
2002,LG,4105,SG_GEN_PARL,0.0
2002,LG,4105,SG_GEN_PARLN,0.0
2002,LG,4105,SG_GEN_PARLNT,0.0
2004,LG,4105,SG_GEN_PARL,0.0
2004,LG,4105,SG_GEN_PARLN,0.0
2004,LG,4105,SG_GEN_PARLNT,0.0
2008,LG,4105,SG_GEN_PARL,0.0
2008,LG,4105,SG_GEN_PARLN,0.0
2008,LG,4105,SG_GEN_PARLNT,0.0
2011,LG,4105,SG_GEN_PARL,0.0
2011,LG,4105,SG_GEN_PARLN,0.0
2011,LG,4105,SG_GEN_PARLNT,0.0
2012,LG,4105,SG_GEN_PARL,0.0
2012,LG,4105,SG_GEN_PARLN,0.0
2012,LG,4105,SG_GEN_PARLNT,0.0
2015,LG,4105,SG_GEN_PARL,0.0
2015,LG,4105,SG_GEN_PARLN,0.0
2015,LG,4105,SG_GEN_PARLNT,0.0
2016,LG,4105,SG_GEN_PARL,0.0
2016,LG,4105,SG_GEN_PARLN,0.0
2016,LG,4105,SG_GEN_PARLNT,0.0
2019,LG,4105,SG_GEN_PARL,0.0
2019,LG,4105,SG_GEN_PARLN,0.0
2019,LG,4105,SG_GEN_PARLNT,0.0
2020,LG,4105,SG_GEN_PARL,0.0
2020,LG,4105,SG_GEN_PARLN,0.0
2020,LG,4105,SG_GEN_PARLNT,0.0
2022,LG,4105,SG_GEN_PARL,0.0
2022,LG,4105,SG_GEN_PARLN,0.0
2022,LG,4105,SG_GEN_PARLNT,0.0
2024,LG,4105,SG_GEN_PARL,0.0
2024,LG,4105,SG_GEN_PARLN,0.0
2024,LG,4105,SG_GEN_PARLNT,0.0
1984,LG,4305,SG_GEN_PARL,0.0
1984,LG,4305,SG_GEN_PARLN,0.0
1984,LG,4305,SG_GEN_PARLNT,0.0
1988,LG,4305,SG_GEN_PARL,0.0
1988,LG,4305,SG_GEN_PARLN,0.0
1988,LG,4305,SG_GEN_PARLNT,0.0
1990,LG,4305,SG_GEN_PARL,0.0
1990,LG,4305,SG_GEN_PARLN,0.0
1990,LG,4305,SG_GEN_PARLNT,0.0
1992,LG,4305,SG_GEN_PARL,0.0
1992,LG,4305,SG_GEN_PARLN,0.0
1992,LG,4305,SG_GEN_PARLNT,0.0
1994,LG,4305,SG_GEN_PARL,0.0
1994,LG,4305,SG_GEN_PARLN,0.0
1994,LG,4305,SG_GEN_PARLNT,0.0
1996,LG,4305,SG_GEN_PARL,0.0
1996,LG,4305,SG_GEN_PARLN,0.0
1996,LG,4305,SG_GEN_PARLNT,0.0
1998,LG,4305,SG_GEN_PARL,0.0
1998,LG,4305,SG_GEN_PARLN,0.0
1998,LG,4305,SG_GEN_PARLNT,0.0
2000,LG,4305,SG_GEN_PARL,0.0
2000,LG,4305,SG_GEN_PARLN,0.0
2000,LG,4305,SG_GEN_PARLNT,0.0
2002,LG,4305,SG_GEN_PARL,0.0
2002,LG,4305,SG_GEN_PARLN,0.0
2002,LG,4305,SG_GEN_PARLNT,0.0
2004,LG,4305,SG_GEN_PARL,0.0
2004,LG,4305,SG_GEN_PARLN,0.0
2004,LG,4305,SG_GEN_PARLNT,0.0
2008,LG,4305,SG_GEN_PARL,0.0
2008,LG,4305,SG_GEN_PARLN,0.0
2008,LG,4305,SG_GEN_PARLNT,0.0
2011,LG,4305,SG_GEN_PARL,0.0
2011,LG,4305,SG_GEN_PARLN,0.0
2011,LG,4305,SG_GEN_PARLNT,0.0
2012,LG,4305,SG_GEN_PARL,0.0
2012,LG,4305,SG_GEN_PARLN,0.0
2012,LG,4305,SG_GEN_PARLNT,0.0
2015,LG,4305,SG_GEN_PARL,0.0
2015,LG,4305,SG_GEN_PARLN,0.0
2015,LG,4305,SG_GEN_PARLNT,0.0
2016,LG,4305,SG_GEN_PARL,0.0
2016,LG,4305,SG_GEN_PARLN,0.0
2016,LG,4305,SG_GEN_PARLNT,0.0
2019,LG,4305,SG_GEN_PARL,0.0
2019,LG,4305,SG_GEN_PARLN,0.0
2019,LG,4305,SG_GEN_PARLNT,0.0
2020,LG,4305,SG_GEN_PARL,0.0
2020,LG,4305,SG_GEN_PARLN,0.0
2020,LG,4305,SG_GEN_PARLNT,0.0
2022,LG,4305,SG_GEN_PARL,0.0
2022,LG,4305,SG_GEN_PARLN,0.0
2022,LG,4305,SG_GEN_PARLNT,0.0
2024,LG,4305,SG_GEN_PARL,0.0
2024,LG,4305,SG_GEN_PARLN,0.0
2024,LG,4305,SG_GEN_PARLNT,0.0
1984,LG,4106,SG_GEN_PARL,0.0
1984,LG,4106,SG_GEN_PARLN,0.0
1984,LG,4106,SG_GEN_PARLNT,0.0
1988,LG,4106,SG_GEN_PARL,0.0
1988,LG,4106,SG_GEN_PARLN,0.0
1988,LG,4106,SG_GEN_PARLNT,0.0
1990,LG,4106,SG_GEN_PARL,0.0
1990,LG,4106,SG_GEN_PARLN,0.0
1990,LG,4106,SG_GEN_PARLNT,0.0
1992,LG,4106,SG_GEN_PARL,0.0
1992,LG,4106,SG_GEN_PARLN,0.0
1992,LG,4106,SG_GEN_PARLNT,0.0
1994,LG,4106,SG_GEN_PARL,0.0
1994,LG,4106,SG_GEN_PARLN,0.0
1994,LG,4106,SG_GEN_PARLNT,0.0
1996,LG,4106,SG_GEN_PARL,0.0
1996,LG,4106,SG_GEN_PARLN,0.0
1996,LG,4106,SG_GEN_PARLNT,0.0
1998,LG,4106,SG_GEN_PARL,0.0
1998,LG,4106,SG_GEN_PARLN,0.0
1998,LG,4106,SG_GEN_PARLNT,0.0
2000,LG,4106,SG_GEN_PARL,0.0
2000,LG,4106,SG_GEN_PARLN,0.0
2000,LG,4106,SG_GEN_PARLNT,0.0
2002,LG,4106,SG_GEN_PARL,0.0
2002,LG,4106,SG_GEN_PARLN,0.0
2002,LG,4106,SG_GEN_PARLNT,0.0
2004,LG,4106,SG_GEN_PARL,0.0
2004,LG,4106,SG_GEN_PARLN,0.0
2004,LG,4106,SG_GEN_PARLNT,0.0
2008,LG,4106,SG_GEN_PARL,0.0
2008,LG,4106,SG_GEN_PARLN,0.0
2008,LG,4106,SG_GEN_PARLNT,0.0
2011,LG,4106,SG_GEN_PARL,0.0
2011,LG,4106,SG_GEN_PARLN,0.0
2011,LG,4106,SG_GEN_PARLNT,0.0
2012,LG,4106,SG_GEN_PARL,0.0
2012,LG,4106,SG_GEN_PARLN,0.0
2012,LG,4106,SG_GEN_PARLNT,0.0
2015,LG,4106,SG_GEN_PARL,0.0
2015,LG,4106,SG_GEN_PARLN,0.0
2015,LG,4106,SG_GEN_PARLNT,0.0
2016,LG,4106,SG_GEN_PARL,0.0
2016,LG,4106,SG_GEN_PARLN,0.0
2016,LG,4106,SG_GEN_PARLNT,0.0
2019,LG,4106,SG_GEN_PARL,0.0
2019,LG,4106,SG_GEN_PARLN,0.0
2019,LG,4106,SG_GEN_PARLNT,0.0
2020,LG,4106,SG_GEN_PARL,0.0
2020,LG,4106,SG_GEN_PARLN,0.0
2020,LG,4106,SG_GEN_PARLNT,0.0
2022,LG,4106,SG_GEN_PARL,0.0
2022,LG,4106,SG_GEN_PARLN,0.0
2022,LG,4106,SG_GEN_PARLNT,0.0
2024,LG,4106,SG_GEN_PARL,0.0
2024,LG,4106,SG_GEN_PARLN,0.0
2024,LG,4106,SG_GEN_PARLNT,0.0
1984,LG,4306,SG_GEN_PARL,0.0
1984,LG,4306,SG_GEN_PARLN,0.0
1984,LG,4306,SG_GEN_PARLNT,0.0
1988,LG,4306,SG_GEN_PARL,0.0
1988,LG,4306,SG_GEN_PARLN,0.0
1988,LG,4306,SG_GEN_PARLNT,0.0
1990,LG,4306,SG_GEN_PARL,0.0
1990,LG,4306,SG_GEN_PARLN,0.0
1990,LG,4306,SG_GEN_PARLNT,0.0
1992,LG,4306,SG_GEN_PARL,0.0
1992,LG,4306,SG_GEN_PARLN,0.0
1992,LG,4306,SG_GEN_PARLNT,0.0
1994,LG,4306,SG_GEN_PARL,0.0
1994,LG,4306,SG_GEN_PARLN,0.0
1994,LG,4306,SG_GEN_PARLNT,0.0
1996,LG,4306,SG_GEN_PARL,0.0
1996,LG,4306,SG_GEN_PARLN,0.0
1996,LG,4306,SG_GEN_PARLNT,0.0
1998,LG,4306,SG_GEN_PARL,0.0
1998,LG,4306,SG_GEN_PARLN,0.0
1998,LG,4306,SG_GEN_PARLNT,0.0
2000,LG,4306,SG_GEN_PARL,0.0
2000,LG,4306,SG_GEN_PARLN,0.0
2000,LG,4306,SG_GEN_PARLNT,0.0
2002,LG,4306,SG_GEN_PARL,0.0
2002,LG,4306,SG_GEN_PARLN,0.0
2002,LG,4306,SG_GEN_PARLNT,0.0
2004,LG,4306,SG_GEN_PARL,0.0
2004,LG,4306,SG_GEN_PARLN,0.0
2004,LG,4306,SG_GEN_PARLNT,0.0
2008,LG,4306,SG_GEN_PARL,0.0
2008,LG,4306,SG_GEN_PARLN,0.0
2008,LG,4306,SG_GEN_PARLNT,0.0
2011,LG,4306,SG_GEN_PARL,0.0
2011,LG,4306,SG_GEN_PARLN,0.0
2011,LG,4306,SG_GEN_PARLNT,0.0
2012,LG,4306,SG_GEN_PARL,0.0
2012,LG,4306,SG_GEN_PARLN,0.0
2012,LG,4306,SG_GEN_PARLNT,0.0
2015,LG,4306,SG_GEN_PARL,0.0
2015,LG,4306,SG_GEN_PARLN,0.0
2015,LG,4306,SG_GEN_PARLNT,0.0
2016,LG,4306,SG_GEN_PARL,0.0
2016,LG,4306,SG_GEN_PARLN,0.0
2016,LG,4306,SG_GEN_PARLNT,0.0
2019,LG,4306,SG_GEN_PARL,0.0
2019,LG,4306,SG_GEN_PARLN,0.0
2019,LG,4306,SG_GEN_PARLNT,0.0
2020,LG,4306,SG_GEN_PARL,0.0
2020,LG,4306,SG_GEN_PARLN,0.0
2020,LG,4306,SG_GEN_PARLNT,0.0
2022,LG,4306,SG_GEN_PARL,0.0
2022,LG,4306,SG_GEN_PARLN,0.0
2022,LG,4306,SG_GEN_PARLNT,0.0
2024,LG,4306,SG_GEN_PARL,0.0
2024,LG,4306,SG_GEN_PARLN,0.0
2024,LG,4306,SG_GEN_PARLNT,0.0
1984,LG,4204,SG_GEN_PARL,0.0
1984,LG,4204,SG_GEN_PARLN,0.0
1984,LG,4204,SG_GEN_PARLNT,0.0
1988,LG,4204,SG_GEN_PARL,0.0
1988,LG,4204,SG_GEN_PARLN,0.0
1988,LG,4204,SG_GEN_PARLNT,0.0
1990,LG,4204,SG_GEN_PARL,0.0
1990,LG,4204,SG_GEN_PARLN,0.0
1990,LG,4204,SG_GEN_PARLNT,0.0
1992,LG,4204,SG_GEN_PARL,0.0
1992,LG,4204,SG_GEN_PARLN,0.0
1992,LG,4204,SG_GEN_PARLNT,0.0
1994,LG,4204,SG_GEN_PARL,0.0
1994,LG,4204,SG_GEN_PARLN,0.0
1994,LG,4204,SG_GEN_PARLNT,0.0
1996,LG,4204,SG_GEN_PARL,0.0
1996,LG,4204,SG_GEN_PARLN,0.0
1996,LG,4204,SG_GEN_PARLNT,0.0
1998,LG,4204,SG_GEN_PARL,0.0
1998,LG,4204,SG_GEN_PARLN,0.0
1998,LG,4204,SG_GEN_PARLNT,0.0
2000,LG,4204,SG_GEN_PARL,0.0
2000,LG,4204,SG_GEN_PARLN,0.0
2000,LG,4204,SG_GEN_PARLNT,0.0
2002,LG,4204,SG_GEN_PARL,0.0
2002,LG,4204,SG_GEN_PARLN,0.0
2002,LG,4204,SG_GEN_PARLNT,0.0
2004,LG,4204,SG_GEN_PARL,0.0
2004,LG,4204,SG_GEN_PARLN,0.0
2004,LG,4204,SG_GEN_PARLNT,0.0
2008,LG,4204,SG_GEN_PARL,0.0
2008,LG,4204,SG_GEN_PARLN,0.0
2008,LG,4204,SG_GEN_PARLNT,0.0
2011,LG,4204,SG_GEN_PARL,0.0
2011,LG,4204,SG_GEN_PARLN,0.0
2011,LG,4204,SG_GEN_PARLNT,0.0
2012,LG,4204,SG_GEN_PARL,0.0
2012,LG,4204,SG_GEN_PARLN,0.0
2012,LG,4204,SG_GEN_PARLNT,0.0
2015,LG,4204,SG_GEN_PARL,0.0
2015,LG,4204,SG_GEN_PARLN,0.0
2015,LG,4204,SG_GEN_PARLNT,0.0
2016,LG,4204,SG_GEN_PARL,0.0
2016,LG,4204,SG_GEN_PARLN,0.0
2016,LG,4204,SG_GEN_PARLNT,0.0
2019,LG,4204,SG_GEN_PARL,0.0
2019,LG,4204,SG_GEN_PARLN,0.0
2019,LG,4204,SG_GEN_PARLNT,0.0
2020,LG,4204,SG_GEN_PARL,0.0
2020,LG,4204,SG_GEN_PARLN,0.0
2020,LG,4204,SG_GEN_PARLNT,0.0
2022,LG,4204,SG_GEN_PARL,0.0
2022,LG,4204,SG_GEN_PARLN,0.0
2022,LG,4204,SG_GEN_PARLNT,0.0
2024,LG,4204,SG_GEN_PARL,0.0
2024,LG,4204,SG_GEN_PARLN,0.0
2024,LG,4204,SG_GEN_PARLNT,0.0
1984,LG,4402,SG_GEN_PARL,0.0
1984,LG,4402,SG_GEN_PARLN,0.0
1984,LG,4402,SG_GEN_PARLNT,0.0
1988,LG,4402,SG_GEN_PARL,0.0
1988,LG,4402,SG_GEN_PARLN,0.0
1988,LG,4402,SG_GEN_PARLNT,0.0
1990,LG,4402,SG_GEN_PARL,0.0
1990,LG,4402,SG_GEN_PARLN,0.0
1990,LG,4402,SG_GEN_PARLNT,0.0
1992,LG,4402,SG_GEN_PARL,0.0
1992,LG,4402,SG_GEN_PARLN,0.0
1992,LG,4402,SG_GEN_PARLNT,0.0
1994,LG,4402,SG_GEN_PARL,0.0
1994,LG,4402,SG_GEN_PARLN,0.0
1994,LG,4402,SG_GEN_PARLNT,0.0
1996,LG,4402,SG_GEN_PARL,0.0
1996,LG,4402,SG_GEN_PARLN,0.0
1996,LG,4402,SG_GEN_PARLNT,0.0
1998,LG,4402,SG_GEN_PARL,0.0
1998,LG,4402,SG_GEN_PARLN,0.0
1998,LG,4402,SG_GEN_PARLNT,0.0
2000,LG,4402,SG_GEN_PARL,0.0
2000,LG,4402,SG_GEN_PARLN,0.0
2000,LG,4402,SG_GEN_PARLNT,0.0
2002,LG,4402,SG_GEN_PARL,0.0
2002,LG,4402,SG_GEN_PARLN,0.0
2002,LG,4402,SG_GEN_PARLNT,0.0
2004,LG,4402,SG_GEN_PARL,0.0
2004,LG,4402,SG_GEN_PARLN,0.0
2004,LG,4402,SG_GEN_PARLNT,0.0
2008,LG,4402,SG_GEN_PARL,0.0
2008,LG,4402,SG_GEN_PARLN,0.0
2008,LG,4402,SG_GEN_PARLNT,0.0
2011,LG,4402,SG_GEN_PARL,0.0
2011,LG,4402,SG_GEN_PARLN,0.0
2011,LG,4402,SG_GEN_PARLNT,0.0
2012,LG,4402,SG_GEN_PARL,0.0
2012,LG,4402,SG_GEN_PARLN,0.0
2012,LG,4402,SG_GEN_PARLNT,0.0
2015,LG,4402,SG_GEN_PARL,0.0
2015,LG,4402,SG_GEN_PARLN,0.0
2015,LG,4402,SG_GEN_PARLNT,0.0
2016,LG,4402,SG_GEN_PARL,0.0
2016,LG,4402,SG_GEN_PARLN,0.0
2016,LG,4402,SG_GEN_PARLNT,0.0
2019,LG,4402,SG_GEN_PARL,0.0
2019,LG,4402,SG_GEN_PARLN,0.0
2019,LG,4402,SG_GEN_PARLNT,0.0
2020,LG,4402,SG_GEN_PARL,0.0
2020,LG,4402,SG_GEN_PARLN,0.0
2020,LG,4402,SG_GEN_PARLNT,0.0
2022,LG,4402,SG_GEN_PARL,0.0
2022,LG,4402,SG_GEN_PARLN,0.0
2022,LG,4402,SG_GEN_PARLNT,0.0
2024,LG,4402,SG_GEN_PARL,0.0
2024,LG,4402,SG_GEN_PARLN,0.0
2024,LG,4402,SG_GEN_PARLNT,0.0
1984,LG,4107,SG_GEN_PARL,0.0
1984,LG,4107,SG_GEN_PARLN,0.0
1984,LG,4107,SG_GEN_PARLNT,0.0
1988,LG,4107,SG_GEN_PARL,0.0
1988,LG,4107,SG_GEN_PARLN,0.0
1988,LG,4107,SG_GEN_PARLNT,0.0
1990,LG,4107,SG_GEN_PARL,0.0
1990,LG,4107,SG_GEN_PARLN,0.0
1990,LG,4107,SG_GEN_PARLNT,0.0
1992,LG,4107,SG_GEN_PARL,0.0
1992,LG,4107,SG_GEN_PARLN,0.0
1992,LG,4107,SG_GEN_PARLNT,0.0
1994,LG,4107,SG_GEN_PARL,0.0
1994,LG,4107,SG_GEN_PARLN,0.0
1994,LG,4107,SG_GEN_PARLNT,0.0
1996,LG,4107,SG_GEN_PARL,0.0
1996,LG,4107,SG_GEN_PARLN,0.0
1996,LG,4107,SG_GEN_PARLNT,0.0
1998,LG,4107,SG_GEN_PARL,0.0
1998,LG,4107,SG_GEN_PARLN,0.0
1998,LG,4107,SG_GEN_PARLNT,0.0
2000,LG,4107,SG_GEN_PARL,0.0
2000,LG,4107,SG_GEN_PARLN,0.0
2000,LG,4107,SG_GEN_PARLNT,0.0
2002,LG,4107,SG_GEN_PARL,0.0
2002,LG,4107,SG_GEN_PARLN,0.0
2002,LG,4107,SG_GEN_PARLNT,0.0
2004,LG,4107,SG_GEN_PARL,0.0
2004,LG,4107,SG_GEN_PARLN,0.0
2004,LG,4107,SG_GEN_PARLNT,0.0
2008,LG,4107,SG_GEN_PARL,0.0
2008,LG,4107,SG_GEN_PARLN,0.0
2008,LG,4107,SG_GEN_PARLNT,0.0
2011,LG,4107,SG_GEN_PARL,0.0
2011,LG,4107,SG_GEN_PARLN,0.0
2011,LG,4107,SG_GEN_PARLNT,0.0
2012,LG,4107,SG_GEN_PARL,0.0
2012,LG,4107,SG_GEN_PARLN,0.0
2012,LG,4107,SG_GEN_PARLNT,0.0
2015,LG,4107,SG_GEN_PARL,0.0
2015,LG,4107,SG_GEN_PARLN,0.0
2015,LG,4107,SG_GEN_PARLNT,0.0
2016,LG,4107,SG_GEN_PARL,0.0
2016,LG,4107,SG_GEN_PARLN,0.0
2016,LG,4107,SG_GEN_PARLNT,0.0
2019,LG,4107,SG_GEN_PARL,0.0
2019,LG,4107,SG_GEN_PARLN,0.0
2019,LG,4107,SG_GEN_PARLNT,0.0
2020,LG,4107,SG_GEN_PARL,0.0
2020,LG,4107,SG_GEN_PARLN,0.0
2020,LG,4107,SG_GEN_PARLNT,0.0
2022,LG,4107,SG_GEN_PARL,0.0
2022,LG,4107,SG_GEN_PARLN,0.0
2022,LG,4107,SG_GEN_PARLNT,0.0
2024,LG,4107,SG_GEN_PARL,0.0
2024,LG,4107,SG_GEN_PARLN,0.0
2024,LG,4107,SG_GEN_PARLNT,0.0
1984,LG,4405,SG_GEN_PARL,0.0
1984,LG,4405,SG_GEN_PARLN,0.0
1984,LG,4405,SG_GEN_PARLNT,0.0
1988,LG,4405,SG_GEN_PARL,0.0
1988,LG,4405,SG_GEN_PARLN,0.0
1988,LG,4405,SG_GEN_PARLNT,0.0
1990,LG,4405,SG_GEN_PARL,0.0
1990,LG,4405,SG_GEN_PARLN,0.0
1990,LG,4405,SG_GEN_PARLNT,0.0
1992,LG,4405,SG_GEN_PARL,0.0
1992,LG,4405,SG_GEN_PARLN,0.0
1992,LG,4405,SG_GEN_PARLNT,0.0
1994,LG,4405,SG_GEN_PARL,0.0
1994,LG,4405,SG_GEN_PARLN,0.0
1994,LG,4405,SG_GEN_PARLNT,0.0
1996,LG,4405,SG_GEN_PARL,0.0
1996,LG,4405,SG_GEN_PARLN,0.0
1996,LG,4405,SG_GEN_PARLNT,0.0
1998,LG,4405,SG_GEN_PARL,0.0
1998,LG,4405,SG_GEN_PARLN,0.0
1998,LG,4405,SG_GEN_PARLNT,0.0
2000,LG,4405,SG_GEN_PARL,0.0
2000,LG,4405,SG_GEN_PARLN,0.0
2000,LG,4405,SG_GEN_PARLNT,0.0
2002,LG,4405,SG_GEN_PARL,0.0
2002,LG,4405,SG_GEN_PARLN,0.0
2002,LG,4405,SG_GEN_PARLNT,0.0
2004,LG,4405,SG_GEN_PARL,0.0
2004,LG,4405,SG_GEN_PARLN,0.0
2004,LG,4405,SG_GEN_PARLNT,0.0
2008,LG,4405,SG_GEN_PARL,0.0
2008,LG,4405,SG_GEN_PARLN,0.0
2008,LG,4405,SG_GEN_PARLNT,0.0
2011,LG,4405,SG_GEN_PARL,0.0
2011,LG,4405,SG_GEN_PARLN,0.0
2011,LG,4405,SG_GEN_PARLNT,0.0
2012,LG,4405,SG_GEN_PARL,0.0
2012,LG,4405,SG_GEN_PARLN,0.0
2012,LG,4405,SG_GEN_PARLNT,0.0
2015,LG,4405,SG_GEN_PARL,0.0
2015,LG,4405,SG_GEN_PARLN,0.0
2015,LG,4405,SG_GEN_PARLNT,0.0
2016,LG,4405,SG_GEN_PARL,0.0
2016,LG,4405,SG_GEN_PARLN,0.0
2016,LG,4405,SG_GEN_PARLNT,0.0
2019,LG,4405,SG_GEN_PARL,0.0
2019,LG,4405,SG_GEN_PARLN,0.0
2019,LG,4405,SG_GEN_PARLNT,0.0
2020,LG,4405,SG_GEN_PARL,0.0
2020,LG,4405,SG_GEN_PARLN,0.0
2020,LG,4405,SG_GEN_PARLNT,0.0
2022,LG,4405,SG_GEN_PARL,0.0
2022,LG,4405,SG_GEN_PARLN,0.0
2022,LG,4405,SG_GEN_PARLNT,0.0
2024,LG,4405,SG_GEN_PARL,0.0
2024,LG,4405,SG_GEN_PARLN,0.0
2024,LG,4405,SG_GEN_PARLNT,0.0
1984,LG,4206,SG_GEN_PARL,0.0
1984,LG,4206,SG_GEN_PARLN,0.0
1984,LG,4206,SG_GEN_PARLNT,0.0
1988,LG,4206,SG_GEN_PARL,0.0
1988,LG,4206,SG_GEN_PARLN,0.0
1988,LG,4206,SG_GEN_PARLNT,0.0
1990,LG,4206,SG_GEN_PARL,0.0
1990,LG,4206,SG_GEN_PARLN,0.0
1990,LG,4206,SG_GEN_PARLNT,0.0
1992,LG,4206,SG_GEN_PARL,0.0
1992,LG,4206,SG_GEN_PARLN,0.0
1992,LG,4206,SG_GEN_PARLNT,0.0
1994,LG,4206,SG_GEN_PARL,0.0
1994,LG,4206,SG_GEN_PARLN,0.0
1994,LG,4206,SG_GEN_PARLNT,0.0
1996,LG,4206,SG_GEN_PARL,0.0
1996,LG,4206,SG_GEN_PARLN,0.0
1996,LG,4206,SG_GEN_PARLNT,0.0
1998,LG,4206,SG_GEN_PARL,0.0
1998,LG,4206,SG_GEN_PARLN,0.0
1998,LG,4206,SG_GEN_PARLNT,0.0
2000,LG,4206,SG_GEN_PARL,0.0
2000,LG,4206,SG_GEN_PARLN,0.0
2000,LG,4206,SG_GEN_PARLNT,0.0
2002,LG,4206,SG_GEN_PARL,0.0
2002,LG,4206,SG_GEN_PARLN,0.0
2002,LG,4206,SG_GEN_PARLNT,0.0
2004,LG,4206,SG_GEN_PARL,0.0
2004,LG,4206,SG_GEN_PARLN,0.0
2004,LG,4206,SG_GEN_PARLNT,0.0
2008,LG,4206,SG_GEN_PARL,0.0
2008,LG,4206,SG_GEN_PARLN,0.0
2008,LG,4206,SG_GEN_PARLNT,0.0
2011,LG,4206,SG_GEN_PARL,0.0
2011,LG,4206,SG_GEN_PARLN,0.0
2011,LG,4206,SG_GEN_PARLNT,0.0
2012,LG,4206,SG_GEN_PARL,0.0
2012,LG,4206,SG_GEN_PARLN,0.0
2012,LG,4206,SG_GEN_PARLNT,0.0
2015,LG,4206,SG_GEN_PARL,0.0
2015,LG,4206,SG_GEN_PARLN,0.0
2015,LG,4206,SG_GEN_PARLNT,0.0
2016,LG,4206,SG_GEN_PARL,0.0
2016,LG,4206,SG_GEN_PARLN,0.0
2016,LG,4206,SG_GEN_PARLNT,0.0
2019,LG,4206,SG_GEN_PARL,0.0
2019,LG,4206,SG_GEN_PARLN,0.0
2019,LG,4206,SG_GEN_PARLNT,0.0
2020,LG,4206,SG_GEN_PARL,0.0
2020,LG,4206,SG_GEN_PARLN,0.0
2020,LG,4206,SG_GEN_PARLNT,0.0
2022,LG,4206,SG_GEN_PARL,0.0
2022,LG,4206,SG_GEN_PARLN,0.0
2022,LG,4206,SG_GEN_PARLNT,0.0
2024,LG,4206,SG_GEN_PARL,0.0
2024,LG,4206,SG_GEN_PARLN,0.0
2024,LG,4206,SG_GEN_PARLNT,0.0
1984,LG,4311,SG_GEN_PARL,0.0
1984,LG,4311,SG_GEN_PARLN,0.0
1984,LG,4311,SG_GEN_PARLNT,0.0
1988,LG,4311,SG_GEN_PARL,0.0
1988,LG,4311,SG_GEN_PARLN,0.0
1988,LG,4311,SG_GEN_PARLNT,0.0
1990,LG,4311,SG_GEN_PARL,0.0
1990,LG,4311,SG_GEN_PARLN,0.0
1990,LG,4311,SG_GEN_PARLNT,0.0
1992,LG,4311,SG_GEN_PARL,0.0
1992,LG,4311,SG_GEN_PARLN,0.0
1992,LG,4311,SG_GEN_PARLNT,0.0
1994,LG,4311,SG_GEN_PARL,0.0
1994,LG,4311,SG_GEN_PARLN,0.0
1994,LG,4311,SG_GEN_PARLNT,0.0
1996,LG,4311,SG_GEN_PARL,0.0
1996,LG,4311,SG_GEN_PARLN,0.0
1996,LG,4311,SG_GEN_PARLNT,0.0
1998,LG,4311,SG_GEN_PARL,0.0
1998,LG,4311,SG_GEN_PARLN,0.0
1998,LG,4311,SG_GEN_PARLNT,0.0
2000,LG,4311,SG_GEN_PARL,0.0
2000,LG,4311,SG_GEN_PARLN,0.0
2000,LG,4311,SG_GEN_PARLNT,0.0
2002,LG,4311,SG_GEN_PARL,0.0
2002,LG,4311,SG_GEN_PARLN,0.0
2002,LG,4311,SG_GEN_PARLNT,0.0
2004,LG,4311,SG_GEN_PARL,0.0
2004,LG,4311,SG_GEN_PARLN,0.0
2004,LG,4311,SG_GEN_PARLNT,0.0
2008,LG,4311,SG_GEN_PARL,0.0
2008,LG,4311,SG_GEN_PARLN,0.0
2008,LG,4311,SG_GEN_PARLNT,0.0
2011,LG,4311,SG_GEN_PARL,0.0
2011,LG,4311,SG_GEN_PARLN,0.0
2011,LG,4311,SG_GEN_PARLNT,0.0
2012,LG,4311,SG_GEN_PARL,0.0
2012,LG,4311,SG_GEN_PARLN,0.0
2012,LG,4311,SG_GEN_PARLNT,0.0
2015,LG,4311,SG_GEN_PARL,0.0
2015,LG,4311,SG_GEN_PARLN,0.0
2015,LG,4311,SG_GEN_PARLNT,0.0
2016,LG,4311,SG_GEN_PARL,0.0
2016,LG,4311,SG_GEN_PARLN,0.0
2016,LG,4311,SG_GEN_PARLNT,0.0
2019,LG,4311,SG_GEN_PARL,0.0
2019,LG,4311,SG_GEN_PARLN,0.0
2019,LG,4311,SG_GEN_PARLNT,0.0
2020,LG,4311,SG_GEN_PARL,0.0
2020,LG,4311,SG_GEN_PARLN,0.0
2020,LG,4311,SG_GEN_PARLNT,0.0
2022,LG,4311,SG_GEN_PARL,0.0
2022,LG,4311,SG_GEN_PARLN,0.0
2022,LG,4311,SG_GEN_PARLNT,0.0
2024,LG,4311,SG_GEN_PARL,0.0
2024,LG,4311,SG_GEN_PARLN,0.0
2024,LG,4311,SG_GEN_PARLNT,0.0
1984,LG,4201,SG_GEN_PARL,0.0
1984,LG,4201,SG_GEN_PARLN,0.0
1984,LG,4201,SG_GEN_PARLNT,0.0
1988,LG,4201,SG_GEN_PARL,0.0
1988,LG,4201,SG_GEN_PARLN,0.0
1988,LG,4201,SG_GEN_PARLNT,0.0
1990,LG,4201,SG_GEN_PARL,0.0
1990,LG,4201,SG_GEN_PARLN,0.0
1990,LG,4201,SG_GEN_PARLNT,0.0
1992,LG,4201,SG_GEN_PARL,0.0
1992,LG,4201,SG_GEN_PARLN,0.0
1992,LG,4201,SG_GEN_PARLNT,0.0
1994,LG,4201,SG_GEN_PARL,0.0
1994,LG,4201,SG_GEN_PARLN,0.0
1994,LG,4201,SG_GEN_PARLNT,0.0
1996,LG,4201,SG_GEN_PARL,0.0
1996,LG,4201,SG_GEN_PARLN,0.0
1996,LG,4201,SG_GEN_PARLNT,0.0
1998,LG,4201,SG_GEN_PARL,0.0
1998,LG,4201,SG_GEN_PARLN,0.0
1998,LG,4201,SG_GEN_PARLNT,0.0
2000,LG,4201,SG_GEN_PARL,0.0
2000,LG,4201,SG_GEN_PARLN,0.0
2000,LG,4201,SG_GEN_PARLNT,0.0
2002,LG,4201,SG_GEN_PARL,0.0
2002,LG,4201,SG_GEN_PARLN,0.0
2002,LG,4201,SG_GEN_PARLNT,0.0
2004,LG,4201,SG_GEN_PARL,0.0
2004,LG,4201,SG_GEN_PARLN,0.0
2004,LG,4201,SG_GEN_PARLNT,0.0
2008,LG,4201,SG_GEN_PARL,0.0
2008,LG,4201,SG_GEN_PARLN,0.0
2008,LG,4201,SG_GEN_PARLNT,0.0
2011,LG,4201,SG_GEN_PARL,0.0
2011,LG,4201,SG_GEN_PARLN,0.0
2011,LG,4201,SG_GEN_PARLNT,0.0
2012,LG,4201,SG_GEN_PARL,0.0
2012,LG,4201,SG_GEN_PARLN,0.0
2012,LG,4201,SG_GEN_PARLNT,0.0
2015,LG,4201,SG_GEN_PARL,0.0
2015,LG,4201,SG_GEN_PARLN,0.0
2015,LG,4201,SG_GEN_PARLNT,0.0
2016,LG,4201,SG_GEN_PARL,0.0
2016,LG,4201,SG_GEN_PARLN,0.0
2016,LG,4201,SG_GEN_PARLNT,0.0
2019,LG,4201,SG_GEN_PARL,0.0
2019,LG,4201,SG_GEN_PARLN,0.0
2019,LG,4201,SG_GEN_PARLNT,0.0
2020,LG,4201,SG_GEN_PARL,0.0
2020,LG,4201,SG_GEN_PARLN,0.0
2020,LG,4201,SG_GEN_PARLNT,0.0
2022,LG,4201,SG_GEN_PARL,0.0
2022,LG,4201,SG_GEN_PARLN,0.0
2022,LG,4201,SG_GEN_PARLNT,0.0
2024,LG,4201,SG_GEN_PARL,0.0
2024,LG,4201,SG_GEN_PARLN,0.0
2024,LG,4201,SG_GEN_PARLNT,0.0
1984,LG,4605,SG_GEN_PARL,0.0
1984,LG,4605,SG_GEN_PARLN,0.0
1984,LG,4605,SG_GEN_PARLNT,0.0
1988,LG,4605,SG_GEN_PARL,0.0
1988,LG,4605,SG_GEN_PARLN,0.0
1988,LG,4605,SG_GEN_PARLNT,0.0
1990,LG,4605,SG_GEN_PARL,0.0
1990,LG,4605,SG_GEN_PARLN,0.0
1990,LG,4605,SG_GEN_PARLNT,0.0
1992,LG,4605,SG_GEN_PARL,0.0
1992,LG,4605,SG_GEN_PARLN,0.0
1992,LG,4605,SG_GEN_PARLNT,0.0
1994,LG,4605,SG_GEN_PARL,0.0
1994,LG,4605,SG_GEN_PARLN,0.0
1994,LG,4605,SG_GEN_PARLNT,0.0
1996,LG,4605,SG_GEN_PARL,0.0
1996,LG,4605,SG_GEN_PARLN,0.0
1996,LG,4605,SG_GEN_PARLNT,0.0
1998,LG,4605,SG_GEN_PARL,0.0
1998,LG,4605,SG_GEN_PARLN,0.0
1998,LG,4605,SG_GEN_PARLNT,0.0
2000,LG,4605,SG_GEN_PARL,0.0
2000,LG,4605,SG_GEN_PARLN,0.0
2000,LG,4605,SG_GEN_PARLNT,0.0
2002,LG,4605,SG_GEN_PARL,0.0
2002,LG,4605,SG_GEN_PARLN,0.0
2002,LG,4605,SG_GEN_PARLNT,0.0
2004,LG,4605,SG_GEN_PARL,0.0
2004,LG,4605,SG_GEN_PARLN,0.0
2004,LG,4605,SG_GEN_PARLNT,0.0
2008,LG,4605,SG_GEN_PARL,0.0
2008,LG,4605,SG_GEN_PARLN,0.0
2008,LG,4605,SG_GEN_PARLNT,0.0
2011,LG,4605,SG_GEN_PARL,0.0
2011,LG,4605,SG_GEN_PARLN,0.0
2011,LG,4605,SG_GEN_PARLNT,0.0
2012,LG,4605,SG_GEN_PARL,0.0
2012,LG,4605,SG_GEN_PARLN,0.0
2012,LG,4605,SG_GEN_PARLNT,0.0
2015,LG,4605,SG_GEN_PARL,0.0
2015,LG,4605,SG_GEN_PARLN,0.0
2015,LG,4605,SG_GEN_PARLNT,0.0
2016,LG,4605,SG_GEN_PARL,0.0
2016,LG,4605,SG_GEN_PARLN,0.0
2016,LG,4605,SG_GEN_PARLNT,0.0
2019,LG,4605,SG_GEN_PARL,0.0
2019,LG,4605,SG_GEN_PARLN,0.0
2019,LG,4605,SG_GEN_PARLNT,0.0
2020,LG,4605,SG_GEN_PARL,0.0
2020,LG,4605,SG_GEN_PARLN,0.0
2020,LG,4605,SG_GEN_PARLNT,0.0
2022,LG,4605,SG_GEN_PARL,0.0
2022,LG,4605,SG_GEN_PARLN,0.0
2022,LG,4605,SG_GEN_PARLNT,0.0
2024,LG,4605,SG_GEN_PARL,0.0
2024,LG,4605,SG_GEN_PARLN,0.0
2024,LG,4605,SG_GEN_PARLNT,0.0
1984,LG,4207,SG_GEN_PARL,0.0
1984,LG,4207,SG_GEN_PARLN,0.0
1984,LG,4207,SG_GEN_PARLNT,0.0
1988,LG,4207,SG_GEN_PARL,0.0
1988,LG,4207,SG_GEN_PARLN,0.0
1988,LG,4207,SG_GEN_PARLNT,0.0
1990,LG,4207,SG_GEN_PARL,0.0
1990,LG,4207,SG_GEN_PARLN,0.0
1990,LG,4207,SG_GEN_PARLNT,0.0
1992,LG,4207,SG_GEN_PARL,0.0
1992,LG,4207,SG_GEN_PARLN,0.0
1992,LG,4207,SG_GEN_PARLNT,0.0
1994,LG,4207,SG_GEN_PARL,0.0
1994,LG,4207,SG_GEN_PARLN,0.0
1994,LG,4207,SG_GEN_PARLNT,0.0
1996,LG,4207,SG_GEN_PARL,0.0
1996,LG,4207,SG_GEN_PARLN,0.0
1996,LG,4207,SG_GEN_PARLNT,0.0
1998,LG,4207,SG_GEN_PARL,0.0
1998,LG,4207,SG_GEN_PARLN,0.0
1998,LG,4207,SG_GEN_PARLNT,0.0
2000,LG,4207,SG_GEN_PARL,0.0
2000,LG,4207,SG_GEN_PARLN,0.0
2000,LG,4207,SG_GEN_PARLNT,0.0
2002,LG,4207,SG_GEN_PARL,0.0
2002,LG,4207,SG_GEN_PARLN,0.0
2002,LG,4207,SG_GEN_PARLNT,0.0
2004,LG,4207,SG_GEN_PARL,0.0
2004,LG,4207,SG_GEN_PARLN,0.0
2004,LG,4207,SG_GEN_PARLNT,0.0
2008,LG,4207,SG_GEN_PARL,0.0
2008,LG,4207,SG_GEN_PARLN,0.0
2008,LG,4207,SG_GEN_PARLNT,0.0
2011,LG,4207,SG_GEN_PARL,0.0
2011,LG,4207,SG_GEN_PARLN,0.0
2011,LG,4207,SG_GEN_PARLNT,0.0
2012,LG,4207,SG_GEN_PARL,0.0
2012,LG,4207,SG_GEN_PARLN,0.0
2012,LG,4207,SG_GEN_PARLNT,0.0
2015,LG,4207,SG_GEN_PARL,0.0
2015,LG,4207,SG_GEN_PARLN,0.0
2015,LG,4207,SG_GEN_PARLNT,0.0
2016,LG,4207,SG_GEN_PARL,0.0
2016,LG,4207,SG_GEN_PARLN,0.0
2016,LG,4207,SG_GEN_PARLNT,0.0
2019,LG,4207,SG_GEN_PARL,0.0
2019,LG,4207,SG_GEN_PARLN,0.0
2019,LG,4207,SG_GEN_PARLNT,0.0
2020,LG,4207,SG_GEN_PARL,0.0
2020,LG,4207,SG_GEN_PARLN,0.0
2020,LG,4207,SG_GEN_PARLNT,0.0
2022,LG,4207,SG_GEN_PARL,0.0
2022,LG,4207,SG_GEN_PARLN,0.0
2022,LG,4207,SG_GEN_PARLNT,0.0
2024,LG,4207,SG_GEN_PARL,0.0
2024,LG,4207,SG_GEN_PARLN,0.0
2024,LG,4207,SG_GEN_PARLNT,0.0
1984,LG,4302,SG_GEN_PARL,0.0
1984,LG,4302,SG_GEN_PARLN,0.0
1984,LG,4302,SG_GEN_PARLNT,0.0
1988,LG,4302,SG_GEN_PARL,0.0
1988,LG,4302,SG_GEN_PARLN,0.0
1988,LG,4302,SG_GEN_PARLNT,0.0
1990,LG,4302,SG_GEN_PARL,0.0
1990,LG,4302,SG_GEN_PARLN,0.0
1990,LG,4302,SG_GEN_PARLNT,0.0
1992,LG,4302,SG_GEN_PARL,0.0
1992,LG,4302,SG_GEN_PARLN,0.0
1992,LG,4302,SG_GEN_PARLNT,0.0
1994,LG,4302,SG_GEN_PARL,0.0
1994,LG,4302,SG_GEN_PARLN,0.0
1994,LG,4302,SG_GEN_PARLNT,0.0
1996,LG,4302,SG_GEN_PARL,0.0
1996,LG,4302,SG_GEN_PARLN,0.0
1996,LG,4302,SG_GEN_PARLNT,0.0
1998,LG,4302,SG_GEN_PARL,0.0
1998,LG,4302,SG_GEN_PARLN,0.0
1998,LG,4302,SG_GEN_PARLNT,0.0
2000,LG,4302,SG_GEN_PARL,0.0
2000,LG,4302,SG_GEN_PARLN,0.0
2000,LG,4302,SG_GEN_PARLNT,0.0
2002,LG,4302,SG_GEN_PARL,0.0
2002,LG,4302,SG_GEN_PARLN,0.0
2002,LG,4302,SG_GEN_PARLNT,0.0
2004,LG,4302,SG_GEN_PARL,0.0
2004,LG,4302,SG_GEN_PARLN,0.0
2004,LG,4302,SG_GEN_PARLNT,0.0
2008,LG,4302,SG_GEN_PARL,0.0
2008,LG,4302,SG_GEN_PARLN,0.0
2008,LG,4302,SG_GEN_PARLNT,0.0
2011,LG,4302,SG_GEN_PARL,0.0
2011,LG,4302,SG_GEN_PARLN,0.0
2011,LG,4302,SG_GEN_PARLNT,0.0
2012,LG,4302,SG_GEN_PARL,0.0
2012,LG,4302,SG_GEN_PARLN,0.0
2012,LG,4302,SG_GEN_PARLNT,0.0
2015,LG,4302,SG_GEN_PARL,0.0
2015,LG,4302,SG_GEN_PARLN,0.0
2015,LG,4302,SG_GEN_PARLNT,0.0
2016,LG,4302,SG_GEN_PARL,0.0
2016,LG,4302,SG_GEN_PARLN,0.0
2016,LG,4302,SG_GEN_PARLNT,0.0
2019,LG,4302,SG_GEN_PARL,0.0
2019,LG,4302,SG_GEN_PARLN,0.0
2019,LG,4302,SG_GEN_PARLNT,0.0
2020,LG,4302,SG_GEN_PARL,0.0
2020,LG,4302,SG_GEN_PARLN,0.0
2020,LG,4302,SG_GEN_PARLNT,0.0
2022,LG,4302,SG_GEN_PARL,0.0
2022,LG,4302,SG_GEN_PARLN,0.0
2022,LG,4302,SG_GEN_PARLNT,0.0
2024,LG,4302,SG_GEN_PARL,0.0
2024,LG,4302,SG_GEN_PARLN,0.0
2024,LG,4302,SG_GEN_PARLNT,0.0
1984,LG,4401,SG_GEN_PARL,0.0
1984,LG,4401,SG_GEN_PARLN,0.0
1984,LG,4401,SG_GEN_PARLNT,0.0
1988,LG,4401,SG_GEN_PARL,0.0
1988,LG,4401,SG_GEN_PARLN,0.0
1988,LG,4401,SG_GEN_PARLNT,0.0
1990,LG,4401,SG_GEN_PARL,0.0
1990,LG,4401,SG_GEN_PARLN,0.0
1990,LG,4401,SG_GEN_PARLNT,0.0
1992,LG,4401,SG_GEN_PARL,0.0
1992,LG,4401,SG_GEN_PARLN,0.0
1992,LG,4401,SG_GEN_PARLNT,0.0
1994,LG,4401,SG_GEN_PARL,0.0
1994,LG,4401,SG_GEN_PARLN,0.0
1994,LG,4401,SG_GEN_PARLNT,0.0
1996,LG,4401,SG_GEN_PARL,0.0
1996,LG,4401,SG_GEN_PARLN,0.0
1996,LG,4401,SG_GEN_PARLNT,0.0
1998,LG,4401,SG_GEN_PARL,0.0
1998,LG,4401,SG_GEN_PARLN,0.0
1998,LG,4401,SG_GEN_PARLNT,0.0
2000,LG,4401,SG_GEN_PARL,0.0
2000,LG,4401,SG_GEN_PARLN,0.0
2000,LG,4401,SG_GEN_PARLNT,0.0
2002,LG,4401,SG_GEN_PARL,0.0
2002,LG,4401,SG_GEN_PARLN,0.0
2002,LG,4401,SG_GEN_PARLNT,0.0
2004,LG,4401,SG_GEN_PARL,0.0
2004,LG,4401,SG_GEN_PARLN,0.0
2004,LG,4401,SG_GEN_PARLNT,0.0
2008,LG,4401,SG_GEN_PARL,0.0
2008,LG,4401,SG_GEN_PARLN,0.0
2008,LG,4401,SG_GEN_PARLNT,0.0
2011,LG,4401,SG_GEN_PARL,0.0
2011,LG,4401,SG_GEN_PARLN,0.0
2011,LG,4401,SG_GEN_PARLNT,0.0
2012,LG,4401,SG_GEN_PARL,0.0
2012,LG,4401,SG_GEN_PARLN,0.0
2012,LG,4401,SG_GEN_PARLNT,0.0
2015,LG,4401,SG_GEN_PARL,0.0
2015,LG,4401,SG_GEN_PARLN,0.0
2015,LG,4401,SG_GEN_PARLNT,0.0
2016,LG,4401,SG_GEN_PARL,0.0
2016,LG,4401,SG_GEN_PARLN,0.0
2016,LG,4401,SG_GEN_PARLNT,0.0
2019,LG,4401,SG_GEN_PARL,0.0
2019,LG,4401,SG_GEN_PARLN,0.0
2019,LG,4401,SG_GEN_PARLNT,0.0
2020,LG,4401,SG_GEN_PARL,0.0
2020,LG,4401,SG_GEN_PARLN,0.0
2020,LG,4401,SG_GEN_PARLNT,0.0
2022,LG,4401,SG_GEN_PARL,0.0
2022,LG,4401,SG_GEN_PARLN,0.0
2022,LG,4401,SG_GEN_PARLNT,0.0
2024,LG,4401,SG_GEN_PARL,0.0
2024,LG,4401,SG_GEN_PARLN,0.0
2024,LG,4401,SG_GEN_PARLNT,0.0
1984,LG,4501,SG_GEN_PARL,0.0
1984,LG,4501,SG_GEN_PARLN,0.0
1984,LG,4501,SG_GEN_PARLNT,0.0
1988,LG,4501,SG_GEN_PARL,0.0
1988,LG,4501,SG_GEN_PARLN,0.0
1988,LG,4501,SG_GEN_PARLNT,0.0
1990,LG,4501,SG_GEN_PARL,0.0
1990,LG,4501,SG_GEN_PARLN,0.0
1990,LG,4501,SG_GEN_PARLNT,0.0
1992,LG,4501,SG_GEN_PARL,0.0
1992,LG,4501,SG_GEN_PARLN,0.0
1992,LG,4501,SG_GEN_PARLNT,0.0
1994,LG,4501,SG_GEN_PARL,0.0
1994,LG,4501,SG_GEN_PARLN,0.0
1994,LG,4501,SG_GEN_PARLNT,0.0
1996,LG,4501,SG_GEN_PARL,0.0
1996,LG,4501,SG_GEN_PARLN,0.0
1996,LG,4501,SG_GEN_PARLNT,0.0
1998,LG,4501,SG_GEN_PARL,0.0
1998,LG,4501,SG_GEN_PARLN,0.0
1998,LG,4501,SG_GEN_PARLNT,0.0
2000,LG,4501,SG_GEN_PARL,0.0
2000,LG,4501,SG_GEN_PARLN,0.0
2000,LG,4501,SG_GEN_PARLNT,0.0
2002,LG,4501,SG_GEN_PARL,0.0
2002,LG,4501,SG_GEN_PARLN,0.0
2002,LG,4501,SG_GEN_PARLNT,0.0
2004,LG,4501,SG_GEN_PARL,0.0
2004,LG,4501,SG_GEN_PARLN,0.0
2004,LG,4501,SG_GEN_PARLNT,0.0
2008,LG,4501,SG_GEN_PARL,0.0
2008,LG,4501,SG_GEN_PARLN,0.0
2008,LG,4501,SG_GEN_PARLNT,0.0
2011,LG,4501,SG_GEN_PARL,0.0
2011,LG,4501,SG_GEN_PARLN,0.0
2011,LG,4501,SG_GEN_PARLNT,0.0
2012,LG,4501,SG_GEN_PARL,0.0
2012,LG,4501,SG_GEN_PARLN,0.0
2012,LG,4501,SG_GEN_PARLNT,0.0
2015,LG,4501,SG_GEN_PARL,0.0
2015,LG,4501,SG_GEN_PARLN,0.0
2015,LG,4501,SG_GEN_PARLNT,0.0
2016,LG,4501,SG_GEN_PARL,0.0
2016,LG,4501,SG_GEN_PARLN,0.0
2016,LG,4501,SG_GEN_PARLNT,0.0
2019,LG,4501,SG_GEN_PARL,0.0
2019,LG,4501,SG_GEN_PARLN,0.0
2019,LG,4501,SG_GEN_PARLNT,0.0
2020,LG,4501,SG_GEN_PARL,0.0
2020,LG,4501,SG_GEN_PARLN,0.0
2020,LG,4501,SG_GEN_PARLNT,0.0
2022,LG,4501,SG_GEN_PARL,0.0
2022,LG,4501,SG_GEN_PARLN,0.0
2022,LG,4501,SG_GEN_PARLNT,0.0
2024,LG,4501,SG_GEN_PARL,0.0
2024,LG,4501,SG_GEN_PARLN,0.0
2024,LG,4501,SG_GEN_PARLNT,0.0
1984,LG,4208,SG_GEN_PARL,0.0
1984,LG,4208,SG_GEN_PARLN,0.0
1984,LG,4208,SG_GEN_PARLNT,0.0
1988,LG,4208,SG_GEN_PARL,0.0
1988,LG,4208,SG_GEN_PARLN,0.0
1988,LG,4208,SG_GEN_PARLNT,0.0
1990,LG,4208,SG_GEN_PARL,0.0
1990,LG,4208,SG_GEN_PARLN,0.0
1990,LG,4208,SG_GEN_PARLNT,0.0
1992,LG,4208,SG_GEN_PARL,0.0
1992,LG,4208,SG_GEN_PARLN,0.0
1992,LG,4208,SG_GEN_PARLNT,0.0
1994,LG,4208,SG_GEN_PARL,0.0
1994,LG,4208,SG_GEN_PARLN,0.0
1994,LG,4208,SG_GEN_PARLNT,0.0
1996,LG,4208,SG_GEN_PARL,0.0
1996,LG,4208,SG_GEN_PARLN,0.0
1996,LG,4208,SG_GEN_PARLNT,0.0
1998,LG,4208,SG_GEN_PARL,0.0
1998,LG,4208,SG_GEN_PARLN,0.0
1998,LG,4208,SG_GEN_PARLNT,0.0
2000,LG,4208,SG_GEN_PARL,0.0
2000,LG,4208,SG_GEN_PARLN,0.0
2000,LG,4208,SG_GEN_PARLNT,0.0
2002,LG,4208,SG_GEN_PARL,0.0
2002,LG,4208,SG_GEN_PARLN,0.0
2002,LG,4208,SG_GEN_PARLNT,0.0
2004,LG,4208,SG_GEN_PARL,0.0
2004,LG,4208,SG_GEN_PARLN,0.0
2004,LG,4208,SG_GEN_PARLNT,0.0
2008,LG,4208,SG_GEN_PARL,0.0
2008,LG,4208,SG_GEN_PARLN,0.0
2008,LG,4208,SG_GEN_PARLNT,0.0
2011,LG,4208,SG_GEN_PARL,0.0
2011,LG,4208,SG_GEN_PARLN,0.0
2011,LG,4208,SG_GEN_PARLNT,0.0
2012,LG,4208,SG_GEN_PARL,0.0
2012,LG,4208,SG_GEN_PARLN,0.0
2012,LG,4208,SG_GEN_PARLNT,0.0
2015,LG,4208,SG_GEN_PARL,0.0
2015,LG,4208,SG_GEN_PARLN,0.0
2015,LG,4208,SG_GEN_PARLNT,0.0
2016,LG,4208,SG_GEN_PARL,0.0
2016,LG,4208,SG_GEN_PARLN,0.0
2016,LG,4208,SG_GEN_PARLNT,0.0
2019,LG,4208,SG_GEN_PARL,0.0
2019,LG,4208,SG_GEN_PARLN,0.0
2019,LG,4208,SG_GEN_PARLNT,0.0
2020,LG,4208,SG_GEN_PARL,0.0
2020,LG,4208,SG_GEN_PARLN,0.0
2020,LG,4208,SG_GEN_PARLNT,0.0
2022,LG,4208,SG_GEN_PARL,0.0
2022,LG,4208,SG_GEN_PARLN,0.0
2022,LG,4208,SG_GEN_PARLNT,0.0
2024,LG,4208,SG_GEN_PARL,0.0
2024,LG,4208,SG_GEN_PARLN,0.0
2024,LG,4208,SG_GEN_PARLNT,0.0
1984,LG,4209,SG_GEN_PARL,0.0
1984,LG,4209,SG_GEN_PARLN,0.0
1984,LG,4209,SG_GEN_PARLNT,0.0
1988,LG,4209,SG_GEN_PARL,0.0
1988,LG,4209,SG_GEN_PARLN,0.0
1988,LG,4209,SG_GEN_PARLNT,0.0
1990,LG,4209,SG_GEN_PARL,0.0
1990,LG,4209,SG_GEN_PARLN,0.0
1990,LG,4209,SG_GEN_PARLNT,0.0
1992,LG,4209,SG_GEN_PARL,0.0
1992,LG,4209,SG_GEN_PARLN,0.0
1992,LG,4209,SG_GEN_PARLNT,0.0
1994,LG,4209,SG_GEN_PARL,0.0
1994,LG,4209,SG_GEN_PARLN,0.0
1994,LG,4209,SG_GEN_PARLNT,0.0
1996,LG,4209,SG_GEN_PARL,0.0
1996,LG,4209,SG_GEN_PARLN,0.0
1996,LG,4209,SG_GEN_PARLNT,0.0
1998,LG,4209,SG_GEN_PARL,0.0
1998,LG,4209,SG_GEN_PARLN,0.0
1998,LG,4209,SG_GEN_PARLNT,0.0
2000,LG,4209,SG_GEN_PARL,0.0
2000,LG,4209,SG_GEN_PARLN,0.0
2000,LG,4209,SG_GEN_PARLNT,0.0
2002,LG,4209,SG_GEN_PARL,0.0
2002,LG,4209,SG_GEN_PARLN,0.0
2002,LG,4209,SG_GEN_PARLNT,0.0
2004,LG,4209,SG_GEN_PARL,0.0
2004,LG,4209,SG_GEN_PARLN,0.0
2004,LG,4209,SG_GEN_PARLNT,0.0
2008,LG,4209,SG_GEN_PARL,0.0
2008,LG,4209,SG_GEN_PARLN,0.0
2008,LG,4209,SG_GEN_PARLNT,0.0
2011,LG,4209,SG_GEN_PARL,0.0
2011,LG,4209,SG_GEN_PARLN,0.0
2011,LG,4209,SG_GEN_PARLNT,0.0
2012,LG,4209,SG_GEN_PARL,0.0
2012,LG,4209,SG_GEN_PARLN,0.0
2012,LG,4209,SG_GEN_PARLNT,0.0
2015,LG,4209,SG_GEN_PARL,0.0
2015,LG,4209,SG_GEN_PARLN,0.0
2015,LG,4209,SG_GEN_PARLNT,0.0
2016,LG,4209,SG_GEN_PARL,0.0
2016,LG,4209,SG_GEN_PARLN,0.0
2016,LG,4209,SG_GEN_PARLNT,0.0
2019,LG,4209,SG_GEN_PARL,0.0
2019,LG,4209,SG_GEN_PARLN,0.0
2019,LG,4209,SG_GEN_PARLNT,0.0
2020,LG,4209,SG_GEN_PARL,0.0
2020,LG,4209,SG_GEN_PARLN,0.0
2020,LG,4209,SG_GEN_PARLNT,0.0
2022,LG,4209,SG_GEN_PARL,0.0
2022,LG,4209,SG_GEN_PARLN,0.0
2022,LG,4209,SG_GEN_PARLNT,0.0
2024,LG,4209,SG_GEN_PARL,0.0
2024,LG,4209,SG_GEN_PARLN,0.0
2024,LG,4209,SG_GEN_PARLNT,0.0
1984,LG,4503,SG_GEN_PARL,0.0
1984,LG,4503,SG_GEN_PARLN,0.0
1984,LG,4503,SG_GEN_PARLNT,0.0
1988,LG,4503,SG_GEN_PARL,0.0
1988,LG,4503,SG_GEN_PARLN,0.0
1988,LG,4503,SG_GEN_PARLNT,0.0
1990,LG,4503,SG_GEN_PARL,0.0
1990,LG,4503,SG_GEN_PARLN,0.0
1990,LG,4503,SG_GEN_PARLNT,0.0
1992,LG,4503,SG_GEN_PARL,0.0
1992,LG,4503,SG_GEN_PARLN,0.0
1992,LG,4503,SG_GEN_PARLNT,0.0
1994,LG,4503,SG_GEN_PARL,0.0
1994,LG,4503,SG_GEN_PARLN,0.0
1994,LG,4503,SG_GEN_PARLNT,0.0
1996,LG,4503,SG_GEN_PARL,0.0
1996,LG,4503,SG_GEN_PARLN,0.0
1996,LG,4503,SG_GEN_PARLNT,0.0
1998,LG,4503,SG_GEN_PARL,0.0
1998,LG,4503,SG_GEN_PARLN,0.0
1998,LG,4503,SG_GEN_PARLNT,0.0
2000,LG,4503,SG_GEN_PARL,0.0
2000,LG,4503,SG_GEN_PARLN,0.0
2000,LG,4503,SG_GEN_PARLNT,0.0
2002,LG,4503,SG_GEN_PARL,0.0
2002,LG,4503,SG_GEN_PARLN,0.0
2002,LG,4503,SG_GEN_PARLNT,0.0
2004,LG,4503,SG_GEN_PARL,0.0
2004,LG,4503,SG_GEN_PARLN,0.0
2004,LG,4503,SG_GEN_PARLNT,0.0
2008,LG,4503,SG_GEN_PARL,0.0
2008,LG,4503,SG_GEN_PARLN,0.0
2008,LG,4503,SG_GEN_PARLNT,0.0
2011,LG,4503,SG_GEN_PARL,0.0
2011,LG,4503,SG_GEN_PARLN,0.0
2011,LG,4503,SG_GEN_PARLNT,0.0
2012,LG,4503,SG_GEN_PARL,0.0
2012,LG,4503,SG_GEN_PARLN,0.0
2012,LG,4503,SG_GEN_PARLNT,0.0
2015,LG,4503,SG_GEN_PARL,0.0
2015,LG,4503,SG_GEN_PARLN,0.0
2015,LG,4503,SG_GEN_PARLNT,0.0
2016,LG,4503,SG_GEN_PARL,0.0
2016,LG,4503,SG_GEN_PARLN,0.0
2016,LG,4503,SG_GEN_PARLNT,0.0
2019,LG,4503,SG_GEN_PARL,0.0
2019,LG,4503,SG_GEN_PARLN,0.0
2019,LG,4503,SG_GEN_PARLNT,0.0
2020,LG,4503,SG_GEN_PARL,0.0
2020,LG,4503,SG_GEN_PARLN,0.0
2020,LG,4503,SG_GEN_PARLNT,0.0
2022,LG,4503,SG_GEN_PARL,0.0
2022,LG,4503,SG_GEN_PARLN,0.0
2022,LG,4503,SG_GEN_PARLNT,0.0
2024,LG,4503,SG_GEN_PARL,0.0
2024,LG,4503,SG_GEN_PARLN,0.0
2024,LG,4503,SG_GEN_PARLNT,0.0
1984,LG,4502,SG_GEN_PARL,0.0
1984,LG,4502,SG_GEN_PARLN,0.0
1984,LG,4502,SG_GEN_PARLNT,0.0
1988,LG,4502,SG_GEN_PARL,0.0
1988,LG,4502,SG_GEN_PARLN,0.0
1988,LG,4502,SG_GEN_PARLNT,0.0
1990,LG,4502,SG_GEN_PARL,0.0
1990,LG,4502,SG_GEN_PARLN,0.0
1990,LG,4502,SG_GEN_PARLNT,0.0
1992,LG,4502,SG_GEN_PARL,0.0
1992,LG,4502,SG_GEN_PARLN,0.0
1992,LG,4502,SG_GEN_PARLNT,0.0
1994,LG,4502,SG_GEN_PARL,0.0
1994,LG,4502,SG_GEN_PARLN,0.0
1994,LG,4502,SG_GEN_PARLNT,0.0
1996,LG,4502,SG_GEN_PARL,0.0
1996,LG,4502,SG_GEN_PARLN,0.0
1996,LG,4502,SG_GEN_PARLNT,0.0
1998,LG,4502,SG_GEN_PARL,0.0
1998,LG,4502,SG_GEN_PARLN,0.0
1998,LG,4502,SG_GEN_PARLNT,0.0
2000,LG,4502,SG_GEN_PARL,0.0
2000,LG,4502,SG_GEN_PARLN,0.0
2000,LG,4502,SG_GEN_PARLNT,0.0
2002,LG,4502,SG_GEN_PARL,0.0
2002,LG,4502,SG_GEN_PARLN,0.0
2002,LG,4502,SG_GEN_PARLNT,0.0
2004,LG,4502,SG_GEN_PARL,0.0
2004,LG,4502,SG_GEN_PARLN,0.0
2004,LG,4502,SG_GEN_PARLNT,0.0
2008,LG,4502,SG_GEN_PARL,0.0
2008,LG,4502,SG_GEN_PARLN,0.0
2008,LG,4502,SG_GEN_PARLNT,0.0
2011,LG,4502,SG_GEN_PARL,0.0
2011,LG,4502,SG_GEN_PARLN,0.0
2011,LG,4502,SG_GEN_PARLNT,0.0
2012,LG,4502,SG_GEN_PARL,0.0
2012,LG,4502,SG_GEN_PARLN,0.0
2012,LG,4502,SG_GEN_PARLNT,0.0
2015,LG,4502,SG_GEN_PARL,0.0
2015,LG,4502,SG_GEN_PARLN,0.0
2015,LG,4502,SG_GEN_PARLNT,0.0
2016,LG,4502,SG_GEN_PARL,0.0
2016,LG,4502,SG_GEN_PARLN,0.0
2016,LG,4502,SG_GEN_PARLNT,0.0
2019,LG,4502,SG_GEN_PARL,0.0
2019,LG,4502,SG_GEN_PARLN,0.0
2019,LG,4502,SG_GEN_PARLNT,0.0
2020,LG,4502,SG_GEN_PARL,0.0
2020,LG,4502,SG_GEN_PARLN,0.0
2020,LG,4502,SG_GEN_PARLNT,0.0
2022,LG,4502,SG_GEN_PARL,0.0
2022,LG,4502,SG_GEN_PARLN,0.0
2022,LG,4502,SG_GEN_PARLNT,0.0
2024,LG,4502,SG_GEN_PARL,0.0
2024,LG,4502,SG_GEN_PARLN,0.0
2024,LG,4502,SG_GEN_PARLNT,0.0
1984,LG,4505,SG_GEN_PARL,0.0
1984,LG,4505,SG_GEN_PARLN,0.0
1984,LG,4505,SG_GEN_PARLNT,0.0
1988,LG,4505,SG_GEN_PARL,0.0
1988,LG,4505,SG_GEN_PARLN,0.0
1988,LG,4505,SG_GEN_PARLNT,0.0
1990,LG,4505,SG_GEN_PARL,0.0
1990,LG,4505,SG_GEN_PARLN,0.0
1990,LG,4505,SG_GEN_PARLNT,0.0
1992,LG,4505,SG_GEN_PARL,0.0
1992,LG,4505,SG_GEN_PARLN,0.0
1992,LG,4505,SG_GEN_PARLNT,0.0
1994,LG,4505,SG_GEN_PARL,0.0
1994,LG,4505,SG_GEN_PARLN,0.0
1994,LG,4505,SG_GEN_PARLNT,0.0
1996,LG,4505,SG_GEN_PARL,0.0
1996,LG,4505,SG_GEN_PARLN,0.0
1996,LG,4505,SG_GEN_PARLNT,0.0
1998,LG,4505,SG_GEN_PARL,0.0
1998,LG,4505,SG_GEN_PARLN,0.0
1998,LG,4505,SG_GEN_PARLNT,0.0
2000,LG,4505,SG_GEN_PARL,0.0
2000,LG,4505,SG_GEN_PARLN,0.0
2000,LG,4505,SG_GEN_PARLNT,0.0
2002,LG,4505,SG_GEN_PARL,0.0
2002,LG,4505,SG_GEN_PARLN,0.0
2002,LG,4505,SG_GEN_PARLNT,0.0
2004,LG,4505,SG_GEN_PARL,0.0
2004,LG,4505,SG_GEN_PARLN,0.0
2004,LG,4505,SG_GEN_PARLNT,0.0
2008,LG,4505,SG_GEN_PARL,0.0
2008,LG,4505,SG_GEN_PARLN,0.0
2008,LG,4505,SG_GEN_PARLNT,0.0
2011,LG,4505,SG_GEN_PARL,0.0
2011,LG,4505,SG_GEN_PARLN,0.0
2011,LG,4505,SG_GEN_PARLNT,0.0
2012,LG,4505,SG_GEN_PARL,0.0
2012,LG,4505,SG_GEN_PARLN,0.0
2012,LG,4505,SG_GEN_PARLNT,0.0
2015,LG,4505,SG_GEN_PARL,0.0
2015,LG,4505,SG_GEN_PARLN,0.0
2015,LG,4505,SG_GEN_PARLNT,0.0
2016,LG,4505,SG_GEN_PARL,0.0
2016,LG,4505,SG_GEN_PARLN,0.0
2016,LG,4505,SG_GEN_PARLNT,0.0
2019,LG,4505,SG_GEN_PARL,0.0
2019,LG,4505,SG_GEN_PARLN,0.0
2019,LG,4505,SG_GEN_PARLNT,0.0
2020,LG,4505,SG_GEN_PARL,0.0
2020,LG,4505,SG_GEN_PARLN,0.0
2020,LG,4505,SG_GEN_PARLNT,0.0
2022,LG,4505,SG_GEN_PARL,0.0
2022,LG,4505,SG_GEN_PARLN,0.0
2022,LG,4505,SG_GEN_PARLNT,0.0
2024,LG,4505,SG_GEN_PARL,0.0
2024,LG,4505,SG_GEN_PARLN,0.0
2024,LG,4505,SG_GEN_PARLNT,0.0
1984,LG,4403,SG_GEN_PARL,0.0
1984,LG,4403,SG_GEN_PARLN,0.0
1984,LG,4403,SG_GEN_PARLNT,0.0
1988,LG,4403,SG_GEN_PARL,0.0
1988,LG,4403,SG_GEN_PARLN,0.0
1988,LG,4403,SG_GEN_PARLNT,0.0
1990,LG,4403,SG_GEN_PARL,0.0
1990,LG,4403,SG_GEN_PARLN,0.0
1990,LG,4403,SG_GEN_PARLNT,0.0
1992,LG,4403,SG_GEN_PARL,0.0
1992,LG,4403,SG_GEN_PARLN,0.0
1992,LG,4403,SG_GEN_PARLNT,0.0
1994,LG,4403,SG_GEN_PARL,0.0
1994,LG,4403,SG_GEN_PARLN,0.0
1994,LG,4403,SG_GEN_PARLNT,0.0
1996,LG,4403,SG_GEN_PARL,0.0
1996,LG,4403,SG_GEN_PARLN,0.0
1996,LG,4403,SG_GEN_PARLNT,0.0
1998,LG,4403,SG_GEN_PARL,0.0
1998,LG,4403,SG_GEN_PARLN,0.0
1998,LG,4403,SG_GEN_PARLNT,0.0
2000,LG,4403,SG_GEN_PARL,0.0
2000,LG,4403,SG_GEN_PARLN,0.0
2000,LG,4403,SG_GEN_PARLNT,0.0
2002,LG,4403,SG_GEN_PARL,0.0
2002,LG,4403,SG_GEN_PARLN,0.0
2002,LG,4403,SG_GEN_PARLNT,0.0
2004,LG,4403,SG_GEN_PARL,0.0
2004,LG,4403,SG_GEN_PARLN,0.0
2004,LG,4403,SG_GEN_PARLNT,0.0
2008,LG,4403,SG_GEN_PARL,0.0
2008,LG,4403,SG_GEN_PARLN,0.0
2008,LG,4403,SG_GEN_PARLNT,0.0
2011,LG,4403,SG_GEN_PARL,0.0
2011,LG,4403,SG_GEN_PARLN,0.0
2011,LG,4403,SG_GEN_PARLNT,0.0
2012,LG,4403,SG_GEN_PARL,0.0
2012,LG,4403,SG_GEN_PARLN,0.0
2012,LG,4403,SG_GEN_PARLNT,0.0
2015,LG,4403,SG_GEN_PARL,0.0
2015,LG,4403,SG_GEN_PARLN,0.0
2015,LG,4403,SG_GEN_PARLNT,0.0
2016,LG,4403,SG_GEN_PARL,0.0
2016,LG,4403,SG_GEN_PARLN,0.0
2016,LG,4403,SG_GEN_PARLNT,0.0
2019,LG,4403,SG_GEN_PARL,0.0
2019,LG,4403,SG_GEN_PARLN,0.0
2019,LG,4403,SG_GEN_PARLNT,0.0
2020,LG,4403,SG_GEN_PARL,0.0
2020,LG,4403,SG_GEN_PARLN,0.0
2020,LG,4403,SG_GEN_PARLNT,0.0
2022,LG,4403,SG_GEN_PARL,0.0
2022,LG,4403,SG_GEN_PARLN,0.0
2022,LG,4403,SG_GEN_PARLNT,0.0
2024,LG,4403,SG_GEN_PARL,0.0
2024,LG,4403,SG_GEN_PARLN,0.0
2024,LG,4403,SG_GEN_PARLNT,0.0
1984,LG,4607,SG_GEN_PARL,0.0
1984,LG,4607,SG_GEN_PARLN,0.0
1984,LG,4607,SG_GEN_PARLNT,0.0
1988,LG,4607,SG_GEN_PARL,0.0
1988,LG,4607,SG_GEN_PARLN,0.0
1988,LG,4607,SG_GEN_PARLNT,0.0
1990,LG,4607,SG_GEN_PARL,0.0
1990,LG,4607,SG_GEN_PARLN,0.0
1990,LG,4607,SG_GEN_PARLNT,0.0
1992,LG,4607,SG_GEN_PARL,0.0
1992,LG,4607,SG_GEN_PARLN,0.0
1992,LG,4607,SG_GEN_PARLNT,0.0
1994,LG,4607,SG_GEN_PARL,0.0
1994,LG,4607,SG_GEN_PARLN,0.0
1994,LG,4607,SG_GEN_PARLNT,0.0
1996,LG,4607,SG_GEN_PARL,0.0
1996,LG,4607,SG_GEN_PARLN,0.0
1996,LG,4607,SG_GEN_PARLNT,0.0
1998,LG,4607,SG_GEN_PARL,0.0
1998,LG,4607,SG_GEN_PARLN,0.0
1998,LG,4607,SG_GEN_PARLNT,0.0
2000,LG,4607,SG_GEN_PARL,0.0
2000,LG,4607,SG_GEN_PARLN,0.0
2000,LG,4607,SG_GEN_PARLNT,0.0
2002,LG,4607,SG_GEN_PARL,0.0
2002,LG,4607,SG_GEN_PARLN,0.0
2002,LG,4607,SG_GEN_PARLNT,0.0
2004,LG,4607,SG_GEN_PARL,0.0
2004,LG,4607,SG_GEN_PARLN,0.0
2004,LG,4607,SG_GEN_PARLNT,0.0
2008,LG,4607,SG_GEN_PARL,0.0
2008,LG,4607,SG_GEN_PARLN,0.0
2008,LG,4607,SG_GEN_PARLNT,0.0
2011,LG,4607,SG_GEN_PARL,0.0
2011,LG,4607,SG_GEN_PARLN,0.0
2011,LG,4607,SG_GEN_PARLNT,0.0
2012,LG,4607,SG_GEN_PARL,0.0
2012,LG,4607,SG_GEN_PARLN,0.0
2012,LG,4607,SG_GEN_PARLNT,0.0
2015,LG,4607,SG_GEN_PARL,0.0
2015,LG,4607,SG_GEN_PARLN,0.0
2015,LG,4607,SG_GEN_PARLNT,0.0
2016,LG,4607,SG_GEN_PARL,0.0
2016,LG,4607,SG_GEN_PARLN,0.0
2016,LG,4607,SG_GEN_PARLNT,0.0
2019,LG,4607,SG_GEN_PARL,0.0
2019,LG,4607,SG_GEN_PARLN,0.0
2019,LG,4607,SG_GEN_PARLNT,0.0
2020,LG,4607,SG_GEN_PARL,0.0
2020,LG,4607,SG_GEN_PARLN,0.0
2020,LG,4607,SG_GEN_PARLNT,0.0
2022,LG,4607,SG_GEN_PARL,0.0
2022,LG,4607,SG_GEN_PARLN,0.0
2022,LG,4607,SG_GEN_PARLNT,0.0
2024,LG,4607,SG_GEN_PARL,0.0
2024,LG,4607,SG_GEN_PARLN,0.0
2024,LG,4607,SG_GEN_PARLNT,0.0
1984,LG,4211,SG_GEN_PARL,0.0
1984,LG,4211,SG_GEN_PARLN,0.0
1984,LG,4211,SG_GEN_PARLNT,0.0
1988,LG,4211,SG_GEN_PARL,0.0
1988,LG,4211,SG_GEN_PARLN,0.0
1988,LG,4211,SG_GEN_PARLNT,0.0
1990,LG,4211,SG_GEN_PARL,0.0
1990,LG,4211,SG_GEN_PARLN,0.0
1990,LG,4211,SG_GEN_PARLNT,0.0
1992,LG,4211,SG_GEN_PARL,0.0
1992,LG,4211,SG_GEN_PARLN,0.0
1992,LG,4211,SG_GEN_PARLNT,0.0
1994,LG,4211,SG_GEN_PARL,0.0
1994,LG,4211,SG_GEN_PARLN,0.0
1994,LG,4211,SG_GEN_PARLNT,0.0
1996,LG,4211,SG_GEN_PARL,0.0
1996,LG,4211,SG_GEN_PARLN,0.0
1996,LG,4211,SG_GEN_PARLNT,0.0
1998,LG,4211,SG_GEN_PARL,0.0
1998,LG,4211,SG_GEN_PARLN,0.0
1998,LG,4211,SG_GEN_PARLNT,0.0
2000,LG,4211,SG_GEN_PARL,0.0
2000,LG,4211,SG_GEN_PARLN,0.0
2000,LG,4211,SG_GEN_PARLNT,0.0
2002,LG,4211,SG_GEN_PARL,0.0
2002,LG,4211,SG_GEN_PARLN,0.0
2002,LG,4211,SG_GEN_PARLNT,0.0
2004,LG,4211,SG_GEN_PARL,0.0
2004,LG,4211,SG_GEN_PARLN,0.0
2004,LG,4211,SG_GEN_PARLNT,0.0
2008,LG,4211,SG_GEN_PARL,0.0
2008,LG,4211,SG_GEN_PARLN,0.0
2008,LG,4211,SG_GEN_PARLNT,0.0
2011,LG,4211,SG_GEN_PARL,0.0
2011,LG,4211,SG_GEN_PARLN,0.0
2011,LG,4211,SG_GEN_PARLNT,0.0
2012,LG,4211,SG_GEN_PARL,0.0
2012,LG,4211,SG_GEN_PARLN,0.0
2012,LG,4211,SG_GEN_PARLNT,0.0
2015,LG,4211,SG_GEN_PARL,0.0
2015,LG,4211,SG_GEN_PARLN,0.0
2015,LG,4211,SG_GEN_PARLNT,0.0
2016,LG,4211,SG_GEN_PARL,0.0
2016,LG,4211,SG_GEN_PARLN,0.0
2016,LG,4211,SG_GEN_PARLNT,0.0
2019,LG,4211,SG_GEN_PARL,0.0
2019,LG,4211,SG_GEN_PARLN,0.0
2019,LG,4211,SG_GEN_PARLNT,0.0
2020,LG,4211,SG_GEN_PARL,0.0
2020,LG,4211,SG_GEN_PARLN,0.0
2020,LG,4211,SG_GEN_PARLNT,0.0
2022,LG,4211,SG_GEN_PARL,0.0
2022,LG,4211,SG_GEN_PARLN,0.0
2022,LG,4211,SG_GEN_PARLNT,0.0
2024,LG,4211,SG_GEN_PARL,0.0
2024,LG,4211,SG_GEN_PARLN,0.0
2024,LG,4211,SG_GEN_PARLNT,0.0
1984,LG,4102,SG_GEN_PARL,0.0
1984,LG,4102,SG_GEN_PARLN,0.0
1984,LG,4102,SG_GEN_PARLNT,0.0
1988,LG,4102,SG_GEN_PARL,0.0
1988,LG,4102,SG_GEN_PARLN,0.0
1988,LG,4102,SG_GEN_PARLNT,0.0
1990,LG,4102,SG_GEN_PARL,0.0
1990,LG,4102,SG_GEN_PARLN,0.0
1990,LG,4102,SG_GEN_PARLNT,0.0
1992,LG,4102,SG_GEN_PARL,0.0
1992,LG,4102,SG_GEN_PARLN,0.0
1992,LG,4102,SG_GEN_PARLNT,0.0
1994,LG,4102,SG_GEN_PARL,0.0
1994,LG,4102,SG_GEN_PARLN,0.0
1994,LG,4102,SG_GEN_PARLNT,0.0
1996,LG,4102,SG_GEN_PARL,0.0
1996,LG,4102,SG_GEN_PARLN,0.0
1996,LG,4102,SG_GEN_PARLNT,0.0
1998,LG,4102,SG_GEN_PARL,0.0
1998,LG,4102,SG_GEN_PARLN,0.0
1998,LG,4102,SG_GEN_PARLNT,0.0
2000,LG,4102,SG_GEN_PARL,0.0
2000,LG,4102,SG_GEN_PARLN,0.0
2000,LG,4102,SG_GEN_PARLNT,0.0
2002,LG,4102,SG_GEN_PARL,0.0
2002,LG,4102,SG_GEN_PARLN,0.0
2002,LG,4102,SG_GEN_PARLNT,0.0
2004,LG,4102,SG_GEN_PARL,0.0
2004,LG,4102,SG_GEN_PARLN,0.0
2004,LG,4102,SG_GEN_PARLNT,0.0
2008,LG,4102,SG_GEN_PARL,0.0
2008,LG,4102,SG_GEN_PARLN,0.0
2008,LG,4102,SG_GEN_PARLNT,0.0
2011,LG,4102,SG_GEN_PARL,0.0
2011,LG,4102,SG_GEN_PARLN,0.0
2011,LG,4102,SG_GEN_PARLNT,0.0
2012,LG,4102,SG_GEN_PARL,0.0
2012,LG,4102,SG_GEN_PARLN,0.0
2012,LG,4102,SG_GEN_PARLNT,0.0
2015,LG,4102,SG_GEN_PARL,0.0
2015,LG,4102,SG_GEN_PARLN,0.0
2015,LG,4102,SG_GEN_PARLNT,0.0
2016,LG,4102,SG_GEN_PARL,0.0
2016,LG,4102,SG_GEN_PARLN,0.0
2016,LG,4102,SG_GEN_PARLNT,0.0
2019,LG,4102,SG_GEN_PARL,0.0
2019,LG,4102,SG_GEN_PARLN,0.0
2019,LG,4102,SG_GEN_PARLNT,0.0
2020,LG,4102,SG_GEN_PARL,0.0
2020,LG,4102,SG_GEN_PARLN,0.0
2020,LG,4102,SG_GEN_PARLNT,0.0
2022,LG,4102,SG_GEN_PARL,0.0
2022,LG,4102,SG_GEN_PARLN,0.0
2022,LG,4102,SG_GEN_PARLNT,0.0
2024,LG,4102,SG_GEN_PARL,0.0
2024,LG,4102,SG_GEN_PARLN,0.0
2024,LG,4102,SG_GEN_PARLNT,0.0
1984,LG,4701,SG_GEN_PARL,0.0
1984,LG,4701,SG_GEN_PARLN,0.0
1984,LG,4701,SG_GEN_PARLNT,0.0
1988,LG,4701,SG_GEN_PARL,0.0
1988,LG,4701,SG_GEN_PARLN,0.0
1988,LG,4701,SG_GEN_PARLNT,0.0
1990,LG,4701,SG_GEN_PARL,0.0
1990,LG,4701,SG_GEN_PARLN,0.0
1990,LG,4701,SG_GEN_PARLNT,0.0
1992,LG,4701,SG_GEN_PARL,0.0
1992,LG,4701,SG_GEN_PARLN,0.0
1992,LG,4701,SG_GEN_PARLNT,0.0
1994,LG,4701,SG_GEN_PARL,0.0
1994,LG,4701,SG_GEN_PARLN,0.0
1994,LG,4701,SG_GEN_PARLNT,0.0
1996,LG,4701,SG_GEN_PARL,0.0
1996,LG,4701,SG_GEN_PARLN,0.0
1996,LG,4701,SG_GEN_PARLNT,0.0
1998,LG,4701,SG_GEN_PARL,0.0
1998,LG,4701,SG_GEN_PARLN,0.0
1998,LG,4701,SG_GEN_PARLNT,0.0
2000,LG,4701,SG_GEN_PARL,0.0
2000,LG,4701,SG_GEN_PARLN,0.0
2000,LG,4701,SG_GEN_PARLNT,0.0
2002,LG,4701,SG_GEN_PARL,0.0
2002,LG,4701,SG_GEN_PARLN,0.0
2002,LG,4701,SG_GEN_PARLNT,0.0
2004,LG,4701,SG_GEN_PARL,0.0
2004,LG,4701,SG_GEN_PARLN,0.0
2004,LG,4701,SG_GEN_PARLNT,0.0
2008,LG,4701,SG_GEN_PARL,0.0
2008,LG,4701,SG_GEN_PARLN,0.0
2008,LG,4701,SG_GEN_PARLNT,0.0
2011,LG,4701,SG_GEN_PARL,0.0
2011,LG,4701,SG_GEN_PARLN,0.0
2011,LG,4701,SG_GEN_PARLNT,0.0
2012,LG,4701,SG_GEN_PARL,0.0
2012,LG,4701,SG_GEN_PARLN,0.0
2012,LG,4701,SG_GEN_PARLNT,0.0
2015,LG,4701,SG_GEN_PARL,0.0
2015,LG,4701,SG_GEN_PARLN,0.0
2015,LG,4701,SG_GEN_PARLNT,0.0
2016,LG,4701,SG_GEN_PARL,0.0
2016,LG,4701,SG_GEN_PARLN,0.0
2016,LG,4701,SG_GEN_PARLNT,0.0
2019,LG,4701,SG_GEN_PARL,0.0
2019,LG,4701,SG_GEN_PARLN,0.0
2019,LG,4701,SG_GEN_PARLNT,0.0
2020,LG,4701,SG_GEN_PARL,0.0
2020,LG,4701,SG_GEN_PARLN,0.0
2020,LG,4701,SG_GEN_PARLNT,0.0
2022,LG,4701,SG_GEN_PARL,0.0
2022,LG,4701,SG_GEN_PARLN,0.0
2022,LG,4701,SG_GEN_PARLNT,0.0
2024,LG,4701,SG_GEN_PARL,0.0
2024,LG,4701,SG_GEN_PARLN,0.0
2024,LG,4701,SG_GEN_PARLNT,0.0
1984,LG,4602,SG_GEN_PARL,0.0
1984,LG,4602,SG_GEN_PARLN,0.0
1984,LG,4602,SG_GEN_PARLNT,0.0
1988,LG,4602,SG_GEN_PARL,0.0
1988,LG,4602,SG_GEN_PARLN,0.0
1988,LG,4602,SG_GEN_PARLNT,0.0
1990,LG,4602,SG_GEN_PARL,0.0
1990,LG,4602,SG_GEN_PARLN,0.0
1990,LG,4602,SG_GEN_PARLNT,0.0
1992,LG,4602,SG_GEN_PARL,0.0
1992,LG,4602,SG_GEN_PARLN,0.0
1992,LG,4602,SG_GEN_PARLNT,0.0
1994,LG,4602,SG_GEN_PARL,0.0
1994,LG,4602,SG_GEN_PARLN,0.0
1994,LG,4602,SG_GEN_PARLNT,0.0
1996,LG,4602,SG_GEN_PARL,0.0
1996,LG,4602,SG_GEN_PARLN,0.0
1996,LG,4602,SG_GEN_PARLNT,0.0
1998,LG,4602,SG_GEN_PARL,0.0
1998,LG,4602,SG_GEN_PARLN,0.0
1998,LG,4602,SG_GEN_PARLNT,0.0
2000,LG,4602,SG_GEN_PARL,0.0
2000,LG,4602,SG_GEN_PARLN,0.0
2000,LG,4602,SG_GEN_PARLNT,0.0
2002,LG,4602,SG_GEN_PARL,0.0
2002,LG,4602,SG_GEN_PARLN,0.0
2002,LG,4602,SG_GEN_PARLNT,0.0
2004,LG,4602,SG_GEN_PARL,0.0
2004,LG,4602,SG_GEN_PARLN,0.0
2004,LG,4602,SG_GEN_PARLNT,0.0
2008,LG,4602,SG_GEN_PARL,0.0
2008,LG,4602,SG_GEN_PARLN,0.0
2008,LG,4602,SG_GEN_PARLNT,0.0
2011,LG,4602,SG_GEN_PARL,0.0
2011,LG,4602,SG_GEN_PARLN,0.0
2011,LG,4602,SG_GEN_PARLNT,0.0
2012,LG,4602,SG_GEN_PARL,0.0
2012,LG,4602,SG_GEN_PARLN,0.0
2012,LG,4602,SG_GEN_PARLNT,0.0
2015,LG,4602,SG_GEN_PARL,0.0
2015,LG,4602,SG_GEN_PARLN,0.0
2015,LG,4602,SG_GEN_PARLNT,0.0
2016,LG,4602,SG_GEN_PARL,0.0
2016,LG,4602,SG_GEN_PARLN,0.0
2016,LG,4602,SG_GEN_PARLNT,0.0
2019,LG,4602,SG_GEN_PARL,0.0
2019,LG,4602,SG_GEN_PARLN,0.0
2019,LG,4602,SG_GEN_PARLNT,0.0
2020,LG,4602,SG_GEN_PARL,0.0
2020,LG,4602,SG_GEN_PARLN,0.0
2020,LG,4602,SG_GEN_PARLNT,0.0
2022,LG,4602,SG_GEN_PARL,0.0
2022,LG,4602,SG_GEN_PARLN,0.0
2022,LG,4602,SG_GEN_PARLNT,0.0
2024,LG,4602,SG_GEN_PARL,0.0
2024,LG,4602,SG_GEN_PARLN,0.0
2024,LG,4602,SG_GEN_PARLNT,0.0
1984,LG,4402V,SG_GEN_PARL,0.0
1984,LG,4402V,SG_GEN_PARLN,0.0
1984,LG,4402V,SG_GEN_PARLNT,0.0
1988,LG,4402V,SG_GEN_PARL,0.0
1988,LG,4402V,SG_GEN_PARLN,0.0
1988,LG,4402V,SG_GEN_PARLNT,0.0
1990,LG,4402V,SG_GEN_PARL,0.0
1990,LG,4402V,SG_GEN_PARLN,0.0
1990,LG,4402V,SG_GEN_PARLNT,0.0
1992,LG,4402V,SG_GEN_PARL,0.0
1992,LG,4402V,SG_GEN_PARLN,0.0
1992,LG,4402V,SG_GEN_PARLNT,0.0
1994,LG,4402V,SG_GEN_PARL,0.0
1994,LG,4402V,SG_GEN_PARLN,0.0
1994,LG,4402V,SG_GEN_PARLNT,0.0
1996,LG,4402V,SG_GEN_PARL,0.0
1996,LG,4402V,SG_GEN_PARLN,0.0
1996,LG,4402V,SG_GEN_PARLNT,0.0
1998,LG,4402V,SG_GEN_PARL,0.0
1998,LG,4402V,SG_GEN_PARLN,0.0
1998,LG,4402V,SG_GEN_PARLNT,0.0
2000,LG,4402V,SG_GEN_PARL,0.0
2000,LG,4402V,SG_GEN_PARLN,0.0
2000,LG,4402V,SG_GEN_PARLNT,0.0
2002,LG,4402V,SG_GEN_PARL,0.0
2002,LG,4402V,SG_GEN_PARLN,0.0
2002,LG,4402V,SG_GEN_PARLNT,0.0
2004,LG,4402V,SG_GEN_PARL,0.0
2004,LG,4402V,SG_GEN_PARLN,0.0
2004,LG,4402V,SG_GEN_PARLNT,0.0
2008,LG,4402V,SG_GEN_PARL,0.0
2008,LG,4402V,SG_GEN_PARLN,0.0
2008,LG,4402V,SG_GEN_PARLNT,0.0
2011,LG,4402V,SG_GEN_PARL,0.0
2011,LG,4402V,SG_GEN_PARLN,0.0
2011,LG,4402V,SG_GEN_PARLNT,0.0
2012,LG,4402V,SG_GEN_PARL,0.0
2012,LG,4402V,SG_GEN_PARLN,0.0
2012,LG,4402V,SG_GEN_PARLNT,0.0
2015,LG,4402V,SG_GEN_PARL,0.0
2015,LG,4402V,SG_GEN_PARLN,0.0
2015,LG,4402V,SG_GEN_PARLNT,0.0
2016,LG,4402V,SG_GEN_PARL,0.0
2016,LG,4402V,SG_GEN_PARLN,0.0
2016,LG,4402V,SG_GEN_PARLNT,0.0
2019,LG,4402V,SG_GEN_PARL,0.0
2019,LG,4402V,SG_GEN_PARLN,0.0
2019,LG,4402V,SG_GEN_PARLNT,0.0
2020,LG,4402V,SG_GEN_PARL,0.0
2020,LG,4402V,SG_GEN_PARLN,0.0
2020,LG,4402V,SG_GEN_PARLNT,0.0
2022,LG,4402V,SG_GEN_PARL,0.0
2022,LG,4402V,SG_GEN_PARLN,0.0
2022,LG,4402V,SG_GEN_PARLNT,0.0
2024,LG,4402V,SG_GEN_PARL,0.0
2024,LG,4402V,SG_GEN_PARLN,0.0
2024,LG,4402V,SG_GEN_PARLNT,0.0
1984,LG,4606,SG_GEN_PARL,0.0
1984,LG,4606,SG_GEN_PARLN,0.0
1984,LG,4606,SG_GEN_PARLNT,0.0
1988,LG,4606,SG_GEN_PARL,0.0
1988,LG,4606,SG_GEN_PARLN,0.0
1988,LG,4606,SG_GEN_PARLNT,0.0
1990,LG,4606,SG_GEN_PARL,0.0
1990,LG,4606,SG_GEN_PARLN,0.0
1990,LG,4606,SG_GEN_PARLNT,0.0
1992,LG,4606,SG_GEN_PARL,0.0
1992,LG,4606,SG_GEN_PARLN,0.0
1992,LG,4606,SG_GEN_PARLNT,0.0
1994,LG,4606,SG_GEN_PARL,0.0
1994,LG,4606,SG_GEN_PARLN,0.0
1994,LG,4606,SG_GEN_PARLNT,0.0
1996,LG,4606,SG_GEN_PARL,0.0
1996,LG,4606,SG_GEN_PARLN,0.0
1996,LG,4606,SG_GEN_PARLNT,0.0
1998,LG,4606,SG_GEN_PARL,0.0
1998,LG,4606,SG_GEN_PARLN,0.0
1998,LG,4606,SG_GEN_PARLNT,0.0
2000,LG,4606,SG_GEN_PARL,0.0
2000,LG,4606,SG_GEN_PARLN,0.0
2000,LG,4606,SG_GEN_PARLNT,0.0
2002,LG,4606,SG_GEN_PARL,0.0
2002,LG,4606,SG_GEN_PARLN,0.0
2002,LG,4606,SG_GEN_PARLNT,0.0
2004,LG,4606,SG_GEN_PARL,0.0
2004,LG,4606,SG_GEN_PARLN,0.0
2004,LG,4606,SG_GEN_PARLNT,0.0
2008,LG,4606,SG_GEN_PARL,0.0
2008,LG,4606,SG_GEN_PARLN,0.0
2008,LG,4606,SG_GEN_PARLNT,0.0
2011,LG,4606,SG_GEN_PARL,0.0
2011,LG,4606,SG_GEN_PARLN,0.0
2011,LG,4606,SG_GEN_PARLNT,0.0
2012,LG,4606,SG_GEN_PARL,0.0
2012,LG,4606,SG_GEN_PARLN,0.0
2012,LG,4606,SG_GEN_PARLNT,0.0
2015,LG,4606,SG_GEN_PARL,0.0
2015,LG,4606,SG_GEN_PARLN,0.0
2015,LG,4606,SG_GEN_PARLNT,0.0
2016,LG,4606,SG_GEN_PARL,0.0
2016,LG,4606,SG_GEN_PARLN,0.0
2016,LG,4606,SG_GEN_PARLNT,0.0
2019,LG,4606,SG_GEN_PARL,0.0
2019,LG,4606,SG_GEN_PARLN,0.0
2019,LG,4606,SG_GEN_PARLNT,0.0
2020,LG,4606,SG_GEN_PARL,0.0
2020,LG,4606,SG_GEN_PARLN,0.0
2020,LG,4606,SG_GEN_PARLNT,0.0
2022,LG,4606,SG_GEN_PARL,0.0
2022,LG,4606,SG_GEN_PARLN,0.0
2022,LG,4606,SG_GEN_PARLNT,0.0
2024,LG,4606,SG_GEN_PARL,0.0
2024,LG,4606,SG_GEN_PARLN,0.0
2024,LG,4606,SG_GEN_PARLNT,0.0
1984,LG,4307,SG_GEN_PARL,0.0
1984,LG,4307,SG_GEN_PARLN,0.0
1984,LG,4307,SG_GEN_PARLNT,0.0
1988,LG,4307,SG_GEN_PARL,0.0
1988,LG,4307,SG_GEN_PARLN,0.0
1988,LG,4307,SG_GEN_PARLNT,0.0
1990,LG,4307,SG_GEN_PARL,0.0
1990,LG,4307,SG_GEN_PARLN,0.0
1990,LG,4307,SG_GEN_PARLNT,0.0
1992,LG,4307,SG_GEN_PARL,0.0
1992,LG,4307,SG_GEN_PARLN,0.0
1992,LG,4307,SG_GEN_PARLNT,0.0
1994,LG,4307,SG_GEN_PARL,0.0
1994,LG,4307,SG_GEN_PARLN,0.0
1994,LG,4307,SG_GEN_PARLNT,0.0
1996,LG,4307,SG_GEN_PARL,0.0
1996,LG,4307,SG_GEN_PARLN,0.0
1996,LG,4307,SG_GEN_PARLNT,0.0
1998,LG,4307,SG_GEN_PARL,0.0
1998,LG,4307,SG_GEN_PARLN,0.0
1998,LG,4307,SG_GEN_PARLNT,0.0
2000,LG,4307,SG_GEN_PARL,0.0
2000,LG,4307,SG_GEN_PARLN,0.0
2000,LG,4307,SG_GEN_PARLNT,0.0
2002,LG,4307,SG_GEN_PARL,0.0
2002,LG,4307,SG_GEN_PARLN,0.0
2002,LG,4307,SG_GEN_PARLNT,0.0
2004,LG,4307,SG_GEN_PARL,0.0
2004,LG,4307,SG_GEN_PARLN,0.0
2004,LG,4307,SG_GEN_PARLNT,0.0
2008,LG,4307,SG_GEN_PARL,0.0
2008,LG,4307,SG_GEN_PARLN,0.0
2008,LG,4307,SG_GEN_PARLNT,0.0
2011,LG,4307,SG_GEN_PARL,0.0
2011,LG,4307,SG_GEN_PARLN,0.0
2011,LG,4307,SG_GEN_PARLNT,0.0
2012,LG,4307,SG_GEN_PARL,0.0
2012,LG,4307,SG_GEN_PARLN,0.0
2012,LG,4307,SG_GEN_PARLNT,0.0
2015,LG,4307,SG_GEN_PARL,0.0
2015,LG,4307,SG_GEN_PARLN,0.0
2015,LG,4307,SG_GEN_PARLNT,0.0
2016,LG,4307,SG_GEN_PARL,0.0
2016,LG,4307,SG_GEN_PARLN,0.0
2016,LG,4307,SG_GEN_PARLNT,0.0
2019,LG,4307,SG_GEN_PARL,0.0
2019,LG,4307,SG_GEN_PARLN,0.0
2019,LG,4307,SG_GEN_PARLNT,0.0
2020,LG,4307,SG_GEN_PARL,0.0
2020,LG,4307,SG_GEN_PARLN,0.0
2020,LG,4307,SG_GEN_PARLNT,0.0
2022,LG,4307,SG_GEN_PARL,0.0
2022,LG,4307,SG_GEN_PARLN,0.0
2022,LG,4307,SG_GEN_PARLNT,0.0
2024,LG,4307,SG_GEN_PARL,0.0
2024,LG,4307,SG_GEN_PARLN,0.0
2024,LG,4307,SG_GEN_PARLNT,0.0
1984,LG,4103,SG_GEN_PARL,0.0
1984,LG,4103,SG_GEN_PARLN,0.0
1984,LG,4103,SG_GEN_PARLNT,0.0
1988,LG,4103,SG_GEN_PARL,0.0
1988,LG,4103,SG_GEN_PARLN,0.0
1988,LG,4103,SG_GEN_PARLNT,0.0
1990,LG,4103,SG_GEN_PARL,0.0
1990,LG,4103,SG_GEN_PARLN,0.0
1990,LG,4103,SG_GEN_PARLNT,0.0
1992,LG,4103,SG_GEN_PARL,0.0
1992,LG,4103,SG_GEN_PARLN,0.0
1992,LG,4103,SG_GEN_PARLNT,0.0
1994,LG,4103,SG_GEN_PARL,0.0
1994,LG,4103,SG_GEN_PARLN,0.0
1994,LG,4103,SG_GEN_PARLNT,0.0
1996,LG,4103,SG_GEN_PARL,0.0
1996,LG,4103,SG_GEN_PARLN,0.0
1996,LG,4103,SG_GEN_PARLNT,0.0
1998,LG,4103,SG_GEN_PARL,0.0
1998,LG,4103,SG_GEN_PARLN,0.0
1998,LG,4103,SG_GEN_PARLNT,0.0
2000,LG,4103,SG_GEN_PARL,0.0
2000,LG,4103,SG_GEN_PARLN,0.0
2000,LG,4103,SG_GEN_PARLNT,0.0
2002,LG,4103,SG_GEN_PARL,0.0
2002,LG,4103,SG_GEN_PARLN,0.0
2002,LG,4103,SG_GEN_PARLNT,0.0
2004,LG,4103,SG_GEN_PARL,0.0
2004,LG,4103,SG_GEN_PARLN,0.0
2004,LG,4103,SG_GEN_PARLNT,0.0
2008,LG,4103,SG_GEN_PARL,0.0
2008,LG,4103,SG_GEN_PARLN,0.0
2008,LG,4103,SG_GEN_PARLNT,0.0
2011,LG,4103,SG_GEN_PARL,0.0
2011,LG,4103,SG_GEN_PARLN,0.0
2011,LG,4103,SG_GEN_PARLNT,0.0
2012,LG,4103,SG_GEN_PARL,0.0
2012,LG,4103,SG_GEN_PARLN,0.0
2012,LG,4103,SG_GEN_PARLNT,0.0
2015,LG,4103,SG_GEN_PARL,0.0
2015,LG,4103,SG_GEN_PARLN,0.0
2015,LG,4103,SG_GEN_PARLNT,0.0
2016,LG,4103,SG_GEN_PARL,0.0
2016,LG,4103,SG_GEN_PARLN,0.0
2016,LG,4103,SG_GEN_PARLNT,0.0
2019,LG,4103,SG_GEN_PARL,0.0
2019,LG,4103,SG_GEN_PARLN,0.0
2019,LG,4103,SG_GEN_PARLNT,0.0
2020,LG,4103,SG_GEN_PARL,0.0
2020,LG,4103,SG_GEN_PARLN,0.0
2020,LG,4103,SG_GEN_PARLNT,0.0
2022,LG,4103,SG_GEN_PARL,0.0
2022,LG,4103,SG_GEN_PARLN,0.0
2022,LG,4103,SG_GEN_PARLNT,0.0
2024,LG,4103,SG_GEN_PARL,0.0
2024,LG,4103,SG_GEN_PARLN,0.0
2024,LG,4103,SG_GEN_PARLNT,0.0
