{"data":{"Year":[1990,1991,1992,1993,1994,1995,1996,1997,1998,1999,2000,2001,2002,2003,2004,2005,2006,2007,2008,2009,2010,2011,2012,2013,2014,2015,2016,2017,2018,2019,2020],"Value":[0.8093517611,0.7893411619,0.7789967937,0.6680283531,0.692002948,0.6802106299,0.7007303346,0.6964881479,0.7414191287,0.7729745566,0.8123271094,0.9897007177,0.9410313003,0.9466071946,0.9501023907,0.9490903778,0.936300376,0.9637038219,0.8962946854,0.9275839495,1.0047329246,0.8860297704,0.9783101116,0.955989123,0.9943045126,0.9737292036,0.9822107531,1.1530680897,1.279715653,1.3525306041,1.4085294447]},"edges":[]}