{"data":{"Year":[1998,1998,1998,1998,1998,1999,1999,1999,1999,1999,2000,2000,2000,2000,2000,2001,2001,2001,2001,2001,2002,2002,2002,2002,2002,2003,2003,2003,2003,2003,2004,2004,2004,2004,2004,2005,2005,2005,2005,2005,2006,2006,2006,2006,2006,2007,2007,2007,2007,2007,2008,2008,2008,2008,2008,2009,2009,2009,2009,2009,2010,2010,2010,2010,2010,2011,2011,2011,2011,2011,2012,2012,2012,2012,2012,2013,2013,2013,2013,2013,2014,2014,2014,2014,2014,2015,2015,2015,2015,2015,2016,2016,2016,2016,2016,2017,2017,2017,2017,2017,2018,2018,2018,2018,2018,2019,2019,2019,2019,2019,2020,2020,2020,2020,2020,2021,2021,2021,2021,2021],"Source":[null,"Taxes","Social contributions","Grants","Other revenue",null,"Taxes","Social contributions","Grants","Other revenue",null,"Taxes","Social contributions","Grants","Other revenue",null,"Taxes","Social contributions","Grants","Other revenue",null,"Taxes","Social contributions","Grants","Other revenue",null,"Taxes","Social contributions","Grants","Other revenue",null,"Taxes","Social contributions","Grants","Other revenue",null,"Taxes","Social contributions","Grants","Other revenue",null,"Taxes","Social contributions","Grants","Other revenue",null,"Taxes","Social contributions","Grants","Other revenue",null,"Taxes","Social contributions","Grants","Other revenue",null,"Taxes","Social contributions","Grants","Other revenue",null,"Taxes","Social contributions","Grants","Other revenue",null,"Taxes","Social contributions","Grants","Other revenue",null,"Taxes","Social contributions","Grants","Other revenue",null,"Taxes","Social contributions","Grants","Other revenue",null,"Taxes","Social contributions","Grants","Other revenue",null,"Taxes","Social contributions","Grants","Other revenue",null,"Taxes","Social contributions","Grants","Other revenue",null,"Taxes","Social contributions","Grants","Other revenue",null,"Taxes","Social contributions","Grants","Other revenue",null,"Taxes","Social contributions","Grants","Other revenue",null,"Taxes","Social contributions","Grants","Other revenue",null,"Taxes","Social contributions","Grants","Other revenue"],"Value":[77.0261631614,41.1026844355,3.6554331378,15.0080791428,17.2599664453,64.9852775462,42.4875381813,3.4562039286,14.4463985469,4.5951368893,62.7838988959,41.9517711282,3.0652872067,13.582793084,4.184047477,60.9556549734,41.3485270447,2.8726192497,12.2785315227,4.4559771563,57.5034632995,42.1714581071,3.0487186689,8.0544186925,4.228867831,57.2691816541,42.7386327229,2.4539314742,8.1258686379,3.9507488191,54.7478807003,40.5847746752,2.7474586953,8.003340405,3.4123069248,55.0888349366,40.1783194515,3.2057371393,7.7608593469,3.943918999,54.0050908091,39.7201904793,3.6320650897,6.7599082016,3.8929270385,54.7849202216,40.5516947507,4.1938654756,6.3842570134,3.6551029819,56.4177969788,40.5760671813,4.5786530202,6.5103215001,4.7527552771,55.5810871894,38.9995397059,4.6324342847,6.7528575543,5.1962556445,52.7954745371,38.3119289855,4.5363068594,6.4365382753,3.510700417,54.526860424,39.1135242157,4.5203037127,6.305827396,4.5872050997,52.6221148011,37.9800454983,4.7050076964,6.0258239159,3.9112376905,49.9295425194,35.5104974509,4.4564347232,5.6272995718,4.3353107734,48.8211530868,35.2685536057,4.2862044829,5.2596192527,4.0067757455,49.1822603403,36.1950345298,4.390479228,5.0383968518,3.5583497307,48.1635825732,34.6047206422,4.660429761,4.629803778,4.268628392,50.7286467562,35.9708434006,4.7268269917,4.6963346124,5.3346417516,52.4598148737,36.6757314812,5.0464765536,4.3476878015,6.3899190374,50.7085976793,35.8996896274,5.3810627472,3.9067174674,5.5211278374,51.9090117644,37.9596764269,5.71580685,4.0290133402,4.2045151474,51.5691449979,36.1346149901,5.3740647145,4.0157319448,6.0447333485]},"edges":[]}