{"data":{"Year":[1985,1985,1985,1986,1986,1986,1987,1987,1987,1988,1988,1988,1989,1989,1989,1990,1990,1990,1991,1991,1991,1992,1992,1992,1993,1993,1993,1994,1994,1994,1995,1995,1995,1996,1996,1996,1997,1997,1997,1998,1998,1998,1999,1999,1999,2000,2000,2000,2001,2001,2001,2002,2002,2002,2003,2003,2003,2004,2004,2004,2005,2005,2005,2006,2006,2006,2007,2007,2007,2008,2008,2008,2009,2009,2009,2010,2010,2010,2011,2011,2011,2012,2012,2012,2013,2013,2013,2014,2014,2014,2015,2015,2015,2016,2016,2016,2017,2017,2017,2018,2018,2018,2019,2019,2019,2020,2020,2020,2021,2021,2021],"Sex":[null,"Males","Females",null,"Males","Females",null,"Males","Females",null,"Males","Females",null,"Males","Females",null,"Males","Females",null,"Males","Females",null,"Males","Females",null,"Males","Females",null,"Males","Females",null,"Males","Females",null,"Males","Females",null,"Males","Females",null,"Males","Females",null,"Males","Females",null,"Males","Females",null,"Males","Females",null,"Males","Females",null,"Males","Females",null,"Males","Females",null,"Males","Females",null,"Males","Females",null,"Males","Females",null,"Males","Females",null,"Males","Females",null,"Males","Females",null,"Males","Females",null,"Males","Females",null,"Males","Females",null,"Males","Females",null,"Males","Females",null,"Males","Females",null,"Males","Females",null,"Males","Females",null,"Males","Females",null,"Males","Females",null,"Males","Females"],"Value":[0.0439439714,0.0841184388,0.0,0.0652741514,0.0832379565,0.0455944375,0.0214762794,0.0410728221,0.0,0.0211729833,0.0405005873,0.0,0.0629273818,0.0803277372,0.0439058658,0.0,0.0,0.0,0.0,0.0,0.0,0.0851661805,0.1229306671,0.0443203475,0.0217412573,0.0419137833,0.0,0.0,0.0,0.0,0.0229985511,0.0444919025,0.0,0.0,0.0,0.0,0.0,0.0,0.0,0.0,0.0,0.0,0.0221970655,0.0429212181,0.0,0.0,0.0,0.0,0.0,0.0,0.0,0.0211445547,0.0407930162,0.0,0.0417562687,0.0,0.0867773077,0.0,0.0,0.0,0.0,0.0,0.0,0.0,0.0,0.0,0.0,0.0,0.0,0.0,0.0,0.0,0.0,0.0,0.0,0.0206362145,0.0,0.0429322743,0.0,0.0,0.0,0.0,0.0,0.0,0.0,0.0,0.0,0.0,0.0,0.0,0.0204735533,0.0396361402,0.0,0.0,0.0,0.0,0.0,0.0,0.0,0.0,0.0,0.0,0.0,0.0,0.0,0.0381141137,0.0368398755,0.0394796581,0.0,0.0,0.0]},"edges":[]}