{"data":{"Year":[1985,1985,1986,1986,1987,1987,1988,1988,1989,1989,1990,1990,1991,1991,1992,1992,1993,1993,1994,1994,1995,1995,1996,1996,1997,1997,1998,1998,1999,1999,2000,2000,2001,2001,2002,2002,2003,2003,2004,2004,2005,2005,2006,2006,2007,2007,2008,2008,2009,2009,2010,2010,2011,2011,2012,2012,2013,2013,2014,2014,2015,2015,2016,2016,2017,2017,2018,2018,2019,2019,2020,2020,2021,2021,2022,2022,2023,2023],"Age":["15-17 years","younger than 15 years","15-17 years","younger than 15 years","15-17 years","younger than 15 years","15-17 years","younger than 15 years","15-17 years","younger than 15 years","15-17 years","younger than 15 years","15-17 years","younger than 15 years","15-17 years","younger than 15 years","15-17 years","younger than 15 years","15-17 years","younger than 15 years","15-17 years","younger than 15 years","15-17 years","younger than 15 years","15-17 years","younger than 15 years","15-17 years","younger than 15 years","15-17 years","younger than 15 years","15-17 years","younger than 15 years","15-17 years","younger than 15 years","15-17 years","younger than 15 years","15-17 years","younger than 15 years","15-17 years","younger than 15 years","15-17 years","younger than 15 years","15-17 years","younger than 15 years","15-17 years","younger than 15 years","15-17 years","younger than 15 years","15-17 years","younger than 15 years","15-17 years","younger than 15 years","15-17 years","younger than 15 years","15-17 years","younger than 15 years","15-17 years","younger than 15 years","15-17 years","younger than 15 years","15-17 years","younger than 15 years","15-17 years","younger than 15 years","15-17 years","younger than 15 years","15-17 years","younger than 15 years","15-17 years","younger than 15 years","15-17 years","younger than 15 years","15-17 years","younger than 15 years","15-17 years","younger than 15 years","15-17 years","younger than 15 years"],"Value":[0.4700352526,0.0,0.510493477,0.0,0.4354926511,0.0,0.2619172342,0.0,0.2031488065,0.0,0.3670686943,0.0,0.3456221198,0.0,0.1817080557,0.0,0.3441156228,0.0,0.4095004095,0.0,0.2683363148,0.0,0.4344048653,0.0,0.3270645953,0.0,0.3147128245,0.0,0.2309468822,0.0,0.1537279016,0.0,0.0748502994,0.0,0.1456664239,0.0,0.0719942405,0.0,0.0745712155,0.0,0.0,0.0,0.0,0.0,0.0,0.0,0.0,0.0,0.0,0.0,0.0,0.0,0.0,0.0,0.0,0.0,0.0,0.0,0.0,0.0,0.0,0.0,0.0,0.0,0.0722543353,0.0,0.0732064422,0.0,0.074906367,0.0,0.1411432604,0.0,0.1396648045,0.0,0.0712758375,0.0,0.0700280112,0.0]},"edges":[]}