{"Year":[1991,1992,1993,1994,1995,1996,1997,1998,1999,2000,2001,2002,2003,2004,2005,2006,2007,2008,2009,2010,2011,2012,2013,2014,2015,2016,2017,2018,2019,2020,2021],"Value":[0.0,2.1289958591,2.1739603035,0.0,4.5993399947,0.0,0.0,6.7422548348,4.4392160344,13.1184817544,2.1487816408,0.0,2.0875737174,0.0,0.0,2.0748394593,2.0708435581,2.0634724114,0.0,4.1262211036,4.1386017734,4.155153429,8.3147118433,2.0667562261,4.0925740244,4.0432220436,1.9943161988,1.9655053806,1.9345540369,0.0,0.0]}