{"Year":[1986,1986,1986,1987,1987,1987,1988,1988,1988,1989,1989,1989,1990,1990,1990,1991,1991,1991,1992,1992,1992,1993,1993,1993,1994,1994,1994,1995,1995,1995,1996,1996,1996,1997,1997,1997,1998,1998,1998,1999,1999,1999,2000,2000,2000,2001,2001,2001,2002,2002,2002,2003,2003,2003,2004,2004,2004,2005,2005,2005,2006,2006,2006,2007,2007,2007,2008,2008,2008,2009,2009,2009,2010,2010,2010,2011,2011,2011,2012,2012,2012,2013,2013,2013,2014,2014,2014,2015,2015,2015,2016,2016,2016,2017,2017,2017,2018,2018,2018,2019,2019,2019,2020,2020,2020,2021,2021,2021],"Sex":[null,"Males","Females",null,"Males","Females",null,"Males","Females",null,"Males","Females",null,"Males","Females",null,"Males","Females",null,"Males","Females",null,"Males","Females",null,"Males","Females",null,"Males","Females",null,"Males","Females",null,"Males","Females",null,"Males","Females",null,"Males","Females",null,"Males","Females",null,"Males","Females",null,"Males","Females",null,"Males","Females",null,"Males","Females",null,"Males","Females",null,"Males","Females",null,"Males","Females",null,"Males","Females",null,"Males","Females",null,"Males","Females",null,"Males","Females",null,"Males","Females",null,"Males","Females",null,"Males","Females",null,"Males","Females",null,"Males","Females",null,"Males","Females",null,"Males","Females",null,"Males","Females",null,"Males","Females",null,"Males","Females"],"Value":[0.043944937,0.084123746,0.0,0.0652777022,0.0832466181,0.0455944375,0.0214769713,0.04107704,0.0,0.0211732074,0.0405038681,0.0,0.0629267218,0.0803325769,0.0439020107,0.0,0.0,0.0,0.0,0.0,0.0,0.0851598344,0.1229231116,0.0443164192,0.021739603,0.0419120267,0.0,0.0,0.0,0.0,0.0229967,0.044489923,0.0,0.0,0.0,0.0,0.0,0.0,0.0,0.0,0.0,0.0,0.0221960802,0.0429212181,0.0,0.0,0.0,0.0,0.0,0.0,0.0,0.021142096,0.0407871928,0.0,0.0417514743,0.0,0.0867735427,0.0,0.0,0.0,0.0,0.0,0.0,0.0,0.0,0.0,0.0,0.0,0.0,0.0,0.0,0.0,0.0,0.0,0.0,0.0206311055,0.0,0.0429276669,0.0,0.0,0.0,0.0,0.0,0.0,0.0,0.0,0.0,0.0,0.0,0.0,0.0204628701,0.0396110198,0.0,0.0,0.0,0.0,0.0,0.0,0.0,0.0,0.0,0.0,0.0,0.0,0.0,0.0380956009,0.0368161402,0.0394671929]}