Year,Series,party,Units,Value
1984,NP,TOT,SG_GEN_PARL,3.1
1984,NP,TOT,SG_GEN_PARLN,1.0
1984,NP,TOT,SG_GEN_PARLNT,32.0
1988,NP,TOT,SG_GEN_PARL,9.4
1988,NP,TOT,SG_GEN_PARLN,3.0
1988,NP,TOT,SG_GEN_PARLNT,32.0
1990,NP,TOT,SG_GEN_PARL,9.4
1990,NP,TOT,SG_GEN_PARLN,3.0
1990,NP,TOT,SG_GEN_PARLNT,32.0
1992,NP,TOT,SG_GEN_PARL,
1992,NP,TOT,SG_GEN_PARLN,
1992,NP,TOT,SG_GEN_PARLNT,
1994,NP,TOT,SG_GEN_PARL,15.6
1994,NP,TOT,SG_GEN_PARLN,5.0
1994,NP,TOT,SG_GEN_PARLNT,32.0
1996,NP,TOT,SG_GEN_PARL,
1996,NP,TOT,SG_GEN_PARLN,
1996,NP,TOT,SG_GEN_PARLNT,
1998,NP,TOT,SG_GEN_PARL,12.5
1998,NP,TOT,SG_GEN_PARLN,4.0
1998,NP,TOT,SG_GEN_PARLNT,32.0
2000,NP,TOT,SG_GEN_PARL,
2000,NP,TOT,SG_GEN_PARLN,
2000,NP,TOT,SG_GEN_PARLNT,
2002,NP,TOT,SG_GEN_PARL,12.5
2002,NP,TOT,SG_GEN_PARLN,4.0
2002,NP,TOT,SG_GEN_PARLNT,32.0
2004,NP,TOT,SG_GEN_PARL,9.4
2004,NP,TOT,SG_GEN_PARLN,3.0
2004,NP,TOT,SG_GEN_PARLNT,32.0
2008,NP,TOT,SG_GEN_PARL,21.2
2008,NP,TOT,SG_GEN_PARLN,7.0
2008,NP,TOT,SG_GEN_PARLNT,33.0
2011,NP,TOT,SG_GEN_PARL,30.3
2011,NP,TOT,SG_GEN_PARLN,10.0
2011,NP,TOT,SG_GEN_PARLNT,33.0
2012,NP,TOT,SG_GEN_PARL,
2012,NP,TOT,SG_GEN_PARLN,
2012,NP,TOT,SG_GEN_PARLNT,
2015,NP,TOT,SG_GEN_PARL,30.3
2015,NP,TOT,SG_GEN_PARLN,10.0
2015,NP,TOT,SG_GEN_PARLNT,33.0
2016,NP,TOT,SG_GEN_PARL,
2016,NP,TOT,SG_GEN_PARLN,
2016,NP,TOT,SG_GEN_PARLNT,
2019,NP,TOT,SG_GEN_PARL,24.2
2019,NP,TOT,SG_GEN_PARLN,8.0
2019,NP,TOT,SG_GEN_PARLNT,33.0
2020,NP,TOT,SG_GEN_PARL,
2020,NP,TOT,SG_GEN_PARLN,
2020,NP,TOT,SG_GEN_PARLNT,
2022,NP,TOT,SG_GEN_PARL,30.3
2022,NP,TOT,SG_GEN_PARLN,10.0
2022,NP,TOT,SG_GEN_PARLNT,33.0
1984,NP,A,SG_GEN_PARL,0.0
1984,NP,A,SG_GEN_PARLN,0.0
1984,NP,A,SG_GEN_PARLNT,7.0
1988,NP,A,SG_GEN_PARL,0.0
1988,NP,A,SG_GEN_PARLN,0.0
1988,NP,A,SG_GEN_PARLNT,8.0
1990,NP,A,SG_GEN_PARL,0.0
1990,NP,A,SG_GEN_PARLN,0.0
1990,NP,A,SG_GEN_PARLNT,7.0
1992,NP,A,SG_GEN_PARL,
1992,NP,A,SG_GEN_PARLN,
1992,NP,A,SG_GEN_PARLNT,
1994,NP,A,SG_GEN_PARL,0.0
1994,NP,A,SG_GEN_PARLN,0.0
1994,NP,A,SG_GEN_PARLNT,6.0
1996,NP,A,SG_GEN_PARL,
1996,NP,A,SG_GEN_PARLN,
1996,NP,A,SG_GEN_PARLNT,
1998,NP,A,SG_GEN_PARL,0.0
1998,NP,A,SG_GEN_PARLN,0.0
1998,NP,A,SG_GEN_PARLNT,8.0
2000,NP,A,SG_GEN_PARL,
2000,NP,A,SG_GEN_PARLN,
2000,NP,A,SG_GEN_PARLNT,
2002,NP,A,SG_GEN_PARL,0.0
2002,NP,A,SG_GEN_PARLN,0.0
2002,NP,A,SG_GEN_PARLNT,7.0
2004,NP,A,SG_GEN_PARL,0.0
2004,NP,A,SG_GEN_PARLN,0.0
2004,NP,A,SG_GEN_PARLNT,7.0
2008,NP,A,SG_GEN_PARL,14.3
2008,NP,A,SG_GEN_PARLN,1.0
2008,NP,A,SG_GEN_PARLNT,7.0
2011,NP,A,SG_GEN_PARL,25.0
2011,NP,A,SG_GEN_PARLN,2.0
2011,NP,A,SG_GEN_PARLNT,8.0
2012,NP,A,SG_GEN_PARL,
2012,NP,A,SG_GEN_PARLN,
2012,NP,A,SG_GEN_PARLNT,
2015,NP,A,SG_GEN_PARL,33.3
2015,NP,A,SG_GEN_PARLN,2.0
2015,NP,A,SG_GEN_PARLNT,6.0
2016,NP,A,SG_GEN_PARL,
2016,NP,A,SG_GEN_PARLN,
2016,NP,A,SG_GEN_PARLNT,
2019,NP,A,SG_GEN_PARL,12.5
2019,NP,A,SG_GEN_PARLN,1.0
2019,NP,A,SG_GEN_PARLNT,8.0
2020,NP,A,SG_GEN_PARL,
2020,NP,A,SG_GEN_PARLN,
2020,NP,A,SG_GEN_PARLNT,
2022,NP,A,SG_GEN_PARL,16.7
2022,NP,A,SG_GEN_PARLN,1.0
2022,NP,A,SG_GEN_PARLNT,6.0
1984,NP,FBF,SG_GEN_PARL,0.0
1984,NP,FBF,SG_GEN_PARLN,0.0
1984,NP,FBF,SG_GEN_PARLNT,2.0
1988,NP,FBF,SG_GEN_PARL,
1988,NP,FBF,SG_GEN_PARLN,
1988,NP,FBF,SG_GEN_PARLNT,
1990,NP,FBF,SG_GEN_PARL,
1990,NP,FBF,SG_GEN_PARLN,
1990,NP,FBF,SG_GEN_PARLNT,
1992,NP,FBF,SG_GEN_PARL,
1992,NP,FBF,SG_GEN_PARLN,
1992,NP,FBF,SG_GEN_PARLNT,
1994,NP,FBF,SG_GEN_PARL,
1994,NP,FBF,SG_GEN_PARLN,
1994,NP,FBF,SG_GEN_PARLNT,
1996,NP,FBF,SG_GEN_PARL,
1996,NP,FBF,SG_GEN_PARLN,
1996,NP,FBF,SG_GEN_PARLNT,
1998,NP,FBF,SG_GEN_PARL,
1998,NP,FBF,SG_GEN_PARLN,
1998,NP,FBF,SG_GEN_PARLNT,
2000,NP,FBF,SG_GEN_PARL,
2000,NP,FBF,SG_GEN_PARLN,
2000,NP,FBF,SG_GEN_PARLNT,
2002,NP,FBF,SG_GEN_PARL,
2002,NP,FBF,SG_GEN_PARLN,
2002,NP,FBF,SG_GEN_PARLNT,
2004,NP,FBF,SG_GEN_PARL,
2004,NP,FBF,SG_GEN_PARLN,
2004,NP,FBF,SG_GEN_PARLNT,
2008,NP,FBF,SG_GEN_PARL,
2008,NP,FBF,SG_GEN_PARLN,
2008,NP,FBF,SG_GEN_PARLNT,
2011,NP,FBF,SG_GEN_PARL,
2011,NP,FBF,SG_GEN_PARLN,
2011,NP,FBF,SG_GEN_PARLNT,
2012,NP,FBF,SG_GEN_PARL,
2012,NP,FBF,SG_GEN_PARLN,
2012,NP,FBF,SG_GEN_PARLNT,
2015,NP,FBF,SG_GEN_PARL,
2015,NP,FBF,SG_GEN_PARLN,
2015,NP,FBF,SG_GEN_PARLNT,
2016,NP,FBF,SG_GEN_PARL,
2016,NP,FBF,SG_GEN_PARLN,
2016,NP,FBF,SG_GEN_PARLNT,
2019,NP,FBF,SG_GEN_PARL,
2019,NP,FBF,SG_GEN_PARLN,
2019,NP,FBF,SG_GEN_PARLNT,
2020,NP,FBF,SG_GEN_PARL,
2020,NP,FBF,SG_GEN_PARLN,
2020,NP,FBF,SG_GEN_PARLNT,
2022,NP,FBF,SG_GEN_PARL,
2022,NP,FBF,SG_GEN_PARLN,
2022,NP,FBF,SG_GEN_PARLNT,
1984,NP,F,SG_GEN_PARL,
1984,NP,F,SG_GEN_PARLN,
1984,NP,F,SG_GEN_PARLNT,
1988,NP,F,SG_GEN_PARL,
1988,NP,F,SG_GEN_PARLN,
1988,NP,F,SG_GEN_PARLNT,
1990,NP,F,SG_GEN_PARL,
1990,NP,F,SG_GEN_PARLN,
1990,NP,F,SG_GEN_PARLNT,
1992,NP,F,SG_GEN_PARL,
1992,NP,F,SG_GEN_PARLN,
1992,NP,F,SG_GEN_PARLNT,
1994,NP,F,SG_GEN_PARL,
1994,NP,F,SG_GEN_PARLN,
1994,NP,F,SG_GEN_PARLNT,
1996,NP,F,SG_GEN_PARL,
1996,NP,F,SG_GEN_PARLN,
1996,NP,F,SG_GEN_PARLNT,
1998,NP,F,SG_GEN_PARL,
1998,NP,F,SG_GEN_PARLN,
1998,NP,F,SG_GEN_PARLNT,
2000,NP,F,SG_GEN_PARL,
2000,NP,F,SG_GEN_PARLN,
2000,NP,F,SG_GEN_PARLNT,
2002,NP,F,SG_GEN_PARL,
2002,NP,F,SG_GEN_PARLN,
2002,NP,F,SG_GEN_PARLNT,
2004,NP,F,SG_GEN_PARL,
2004,NP,F,SG_GEN_PARLN,
2004,NP,F,SG_GEN_PARLNT,
2008,NP,F,SG_GEN_PARL,
2008,NP,F,SG_GEN_PARLN,
2008,NP,F,SG_GEN_PARLNT,
2011,NP,F,SG_GEN_PARL,0.0
2011,NP,F,SG_GEN_PARLN,0.0
2011,NP,F,SG_GEN_PARLNT,2.0
2012,NP,F,SG_GEN_PARL,
2012,NP,F,SG_GEN_PARLN,
2012,NP,F,SG_GEN_PARLNT,
2015,NP,F,SG_GEN_PARL,50.0
2015,NP,F,SG_GEN_PARLN,1.0
2015,NP,F,SG_GEN_PARLNT,2.0
2016,NP,F,SG_GEN_PARL,
2016,NP,F,SG_GEN_PARLN,
2016,NP,F,SG_GEN_PARLNT,
2019,NP,F,SG_GEN_PARL,0.0
2019,NP,F,SG_GEN_PARLN,0.0
2019,NP,F,SG_GEN_PARLNT,2.0
2020,NP,F,SG_GEN_PARL,
2020,NP,F,SG_GEN_PARLN,
2020,NP,F,SG_GEN_PARLNT,
2022,NP,F,SG_GEN_PARL,33.3
2022,NP,F,SG_GEN_PARLN,1.0
2022,NP,F,SG_GEN_PARLNT,3.0
1984,NP,C,SG_GEN_PARL,0.0
1984,NP,C,SG_GEN_PARLN,0.0
1984,NP,C,SG_GEN_PARLNT,8.0
1988,NP,C,SG_GEN_PARL,14.3
1988,NP,C,SG_GEN_PARLN,1.0
1988,NP,C,SG_GEN_PARLNT,7.0
1990,NP,C,SG_GEN_PARL,10.0
1990,NP,C,SG_GEN_PARLN,1.0
1990,NP,C,SG_GEN_PARLNT,10.0
1992,NP,C,SG_GEN_PARL,
1992,NP,C,SG_GEN_PARLN,
1992,NP,C,SG_GEN_PARLNT,
1994,NP,C,SG_GEN_PARL,20.0
1994,NP,C,SG_GEN_PARLN,1.0
1994,NP,C,SG_GEN_PARLNT,5.0
1996,NP,C,SG_GEN_PARL,
1996,NP,C,SG_GEN_PARLN,
1996,NP,C,SG_GEN_PARLNT,
1998,NP,C,SG_GEN_PARL,14.3
1998,NP,C,SG_GEN_PARLN,1.0
1998,NP,C,SG_GEN_PARLNT,7.0
2000,NP,C,SG_GEN_PARL,
2000,NP,C,SG_GEN_PARLN,
2000,NP,C,SG_GEN_PARLNT,
2002,NP,C,SG_GEN_PARL,14.3
2002,NP,C,SG_GEN_PARLN,1.0
2002,NP,C,SG_GEN_PARLNT,7.0
2004,NP,C,SG_GEN_PARL,0.0
2004,NP,C,SG_GEN_PARLN,0.0
2004,NP,C,SG_GEN_PARLNT,7.0
2008,NP,C,SG_GEN_PARL,33.3
2008,NP,C,SG_GEN_PARLN,2.0
2008,NP,C,SG_GEN_PARLNT,6.0
2011,NP,C,SG_GEN_PARL,33.3
2011,NP,C,SG_GEN_PARLN,2.0
2011,NP,C,SG_GEN_PARLNT,6.0
2012,NP,C,SG_GEN_PARL,
2012,NP,C,SG_GEN_PARLN,
2012,NP,C,SG_GEN_PARLNT,
2015,NP,C,SG_GEN_PARL,37.5
2015,NP,C,SG_GEN_PARLN,3.0
2015,NP,C,SG_GEN_PARLNT,8.0
2016,NP,C,SG_GEN_PARL,
2016,NP,C,SG_GEN_PARLN,
2016,NP,C,SG_GEN_PARLNT,
2019,NP,C,SG_GEN_PARL,14.3
2019,NP,C,SG_GEN_PARLN,1.0
2019,NP,C,SG_GEN_PARLNT,7.0
2020,NP,C,SG_GEN_PARL,
2020,NP,C,SG_GEN_PARLN,
2020,NP,C,SG_GEN_PARLNT,
2022,NP,C,SG_GEN_PARL,33.3
2022,NP,C,SG_GEN_PARLN,3.0
2022,NP,C,SG_GEN_PARLNT,9.0
1984,NP,KF,SG_GEN_PARL,
1984,NP,KF,SG_GEN_PARLN,
1984,NP,KF,SG_GEN_PARLNT,
1988,NP,KF,SG_GEN_PARL,0.0
1988,NP,KF,SG_GEN_PARLN,0.0
1988,NP,KF,SG_GEN_PARLNT,2.0
1990,NP,KF,SG_GEN_PARL,0.0
1990,NP,KF,SG_GEN_PARLN,0.0
1990,NP,KF,SG_GEN_PARLNT,2.0
1992,NP,KF,SG_GEN_PARL,
1992,NP,KF,SG_GEN_PARLN,
1992,NP,KF,SG_GEN_PARLNT,
1994,NP,KF,SG_GEN_PARL,0.0
1994,NP,KF,SG_GEN_PARLN,0.0
1994,NP,KF,SG_GEN_PARLNT,2.0
1996,NP,KF,SG_GEN_PARL,
1996,NP,KF,SG_GEN_PARLN,
1996,NP,KF,SG_GEN_PARLNT,
1998,NP,KF,SG_GEN_PARL,
1998,NP,KF,SG_GEN_PARLN,
1998,NP,KF,SG_GEN_PARLNT,
2000,NP,KF,SG_GEN_PARL,
2000,NP,KF,SG_GEN_PARLN,
2000,NP,KF,SG_GEN_PARLNT,
2002,NP,KF,SG_GEN_PARL,
2002,NP,KF,SG_GEN_PARLN,
2002,NP,KF,SG_GEN_PARLNT,
2004,NP,KF,SG_GEN_PARL,
2004,NP,KF,SG_GEN_PARLN,
2004,NP,KF,SG_GEN_PARLNT,
2008,NP,KF,SG_GEN_PARL,
2008,NP,KF,SG_GEN_PARLN,
2008,NP,KF,SG_GEN_PARLNT,
2011,NP,KF,SG_GEN_PARL,
2011,NP,KF,SG_GEN_PARLN,
2011,NP,KF,SG_GEN_PARLNT,
2012,NP,KF,SG_GEN_PARL,
2012,NP,KF,SG_GEN_PARLN,
2012,NP,KF,SG_GEN_PARLNT,
2015,NP,KF,SG_GEN_PARL,
2015,NP,KF,SG_GEN_PARLN,
2015,NP,KF,SG_GEN_PARLNT,
2016,NP,KF,SG_GEN_PARL,
2016,NP,KF,SG_GEN_PARLN,
2016,NP,KF,SG_GEN_PARLNT,
2019,NP,KF,SG_GEN_PARL,
2019,NP,KF,SG_GEN_PARLN,
2019,NP,KF,SG_GEN_PARLNT,
2020,NP,KF,SG_GEN_PARL,
2020,NP,KF,SG_GEN_PARLN,
2020,NP,KF,SG_GEN_PARLNT,
2022,NP,KF,SG_GEN_PARL,
2022,NP,KF,SG_GEN_PARLN,
2022,NP,KF,SG_GEN_PARLNT,
1984,NP,H,SG_GEN_PARL,
1984,NP,H,SG_GEN_PARLN,
1984,NP,H,SG_GEN_PARLNT,
1988,NP,H,SG_GEN_PARL,
1988,NP,H,SG_GEN_PARLN,
1988,NP,H,SG_GEN_PARLNT,
1990,NP,H,SG_GEN_PARL,
1990,NP,H,SG_GEN_PARLN,
1990,NP,H,SG_GEN_PARLNT,
1992,NP,H,SG_GEN_PARL,
1992,NP,H,SG_GEN_PARLN,
1992,NP,H,SG_GEN_PARLNT,
1994,NP,H,SG_GEN_PARL,0.0
1994,NP,H,SG_GEN_PARLN,0.0
1994,NP,H,SG_GEN_PARLNT,2.0
1996,NP,H,SG_GEN_PARL,
1996,NP,H,SG_GEN_PARLN,
1996,NP,H,SG_GEN_PARLNT,
1998,NP,H,SG_GEN_PARL,0.0
1998,NP,H,SG_GEN_PARLN,0.0
1998,NP,H,SG_GEN_PARLNT,1.0
2000,NP,H,SG_GEN_PARL,
2000,NP,H,SG_GEN_PARLN,
2000,NP,H,SG_GEN_PARLNT,
2002,NP,H,SG_GEN_PARL,0.0
2002,NP,H,SG_GEN_PARLN,0.0
2002,NP,H,SG_GEN_PARLNT,1.0
2004,NP,H,SG_GEN_PARL,0.0
2004,NP,H,SG_GEN_PARLN,0.0
2004,NP,H,SG_GEN_PARLNT,2.0
2008,NP,H,SG_GEN_PARL,0.0
2008,NP,H,SG_GEN_PARLN,0.0
2008,NP,H,SG_GEN_PARLNT,3.0
2011,NP,H,SG_GEN_PARL,0.0
2011,NP,H,SG_GEN_PARLN,0.0
2011,NP,H,SG_GEN_PARLNT,2.0
2012,NP,H,SG_GEN_PARL,
2012,NP,H,SG_GEN_PARLN,
2012,NP,H,SG_GEN_PARLNT,
2015,NP,H,SG_GEN_PARL,0.0
2015,NP,H,SG_GEN_PARLN,0.0
2015,NP,H,SG_GEN_PARLNT,2.0
2016,NP,H,SG_GEN_PARL,
2016,NP,H,SG_GEN_PARLN,
2016,NP,H,SG_GEN_PARLNT,
2019,NP,H,SG_GEN_PARL,0.0
2019,NP,H,SG_GEN_PARLN,0.0
2019,NP,H,SG_GEN_PARLNT,2.0
2020,NP,H,SG_GEN_PARL,
2020,NP,H,SG_GEN_PARLN,
2020,NP,H,SG_GEN_PARLNT,
2022,NP,H,SG_GEN_PARL,0.0
2022,NP,H,SG_GEN_PARLN,0.0
2022,NP,H,SG_GEN_PARLNT,2.0
1984,NP,B,SG_GEN_PARL,0.0
1984,NP,B,SG_GEN_PARLN,0.0
1984,NP,B,SG_GEN_PARLNT,7.0
1988,NP,B,SG_GEN_PARL,0.0
1988,NP,B,SG_GEN_PARLN,0.0
1988,NP,B,SG_GEN_PARLNT,7.0
1990,NP,B,SG_GEN_PARL,16.7
1990,NP,B,SG_GEN_PARLN,1.0
1990,NP,B,SG_GEN_PARLNT,6.0
1992,NP,B,SG_GEN_PARL,
1992,NP,B,SG_GEN_PARLN,
1992,NP,B,SG_GEN_PARLNT,
1994,NP,B,SG_GEN_PARL,25.0
1994,NP,B,SG_GEN_PARLN,2.0
1994,NP,B,SG_GEN_PARLNT,8.0
1996,NP,B,SG_GEN_PARL,
1996,NP,B,SG_GEN_PARLN,
1996,NP,B,SG_GEN_PARLNT,
1998,NP,B,SG_GEN_PARL,16.7
1998,NP,B,SG_GEN_PARLN,1.0
1998,NP,B,SG_GEN_PARLNT,6.0
2000,NP,B,SG_GEN_PARL,
2000,NP,B,SG_GEN_PARLN,
2000,NP,B,SG_GEN_PARLNT,
2002,NP,B,SG_GEN_PARL,12.5
2002,NP,B,SG_GEN_PARLN,1.0
2002,NP,B,SG_GEN_PARLNT,8.0
2004,NP,B,SG_GEN_PARL,14.3
2004,NP,B,SG_GEN_PARLN,1.0
2004,NP,B,SG_GEN_PARLNT,7.0
2008,NP,B,SG_GEN_PARL,14.3
2008,NP,B,SG_GEN_PARLN,1.0
2008,NP,B,SG_GEN_PARLNT,7.0
2011,NP,B,SG_GEN_PARL,25.0
2011,NP,B,SG_GEN_PARLN,2.0
2011,NP,B,SG_GEN_PARLNT,8.0
2012,NP,B,SG_GEN_PARL,
2012,NP,B,SG_GEN_PARLN,
2012,NP,B,SG_GEN_PARLNT,
2015,NP,B,SG_GEN_PARL,0.0
2015,NP,B,SG_GEN_PARLN,0.0
2015,NP,B,SG_GEN_PARLNT,6.0
2016,NP,B,SG_GEN_PARL,
2016,NP,B,SG_GEN_PARLN,
2016,NP,B,SG_GEN_PARLNT,
2019,NP,B,SG_GEN_PARL,14.3
2019,NP,B,SG_GEN_PARLN,1.0
2019,NP,B,SG_GEN_PARLNT,7.0
2020,NP,B,SG_GEN_PARL,
2020,NP,B,SG_GEN_PARLN,
2020,NP,B,SG_GEN_PARLNT,
2022,NP,B,SG_GEN_PARL,14.3
2022,NP,B,SG_GEN_PARLN,1.0
2022,NP,B,SG_GEN_PARLNT,7.0
1984,NP,D,SG_GEN_PARL,0.0
1984,NP,D,SG_GEN_PARLN,0.0
1984,NP,D,SG_GEN_PARLNT,2.0
1988,NP,D,SG_GEN_PARL,0.0
1988,NP,D,SG_GEN_PARLN,0.0
1988,NP,D,SG_GEN_PARLNT,2.0
1990,NP,D,SG_GEN_PARL,33.3
1990,NP,D,SG_GEN_PARLN,1.0
1990,NP,D,SG_GEN_PARLNT,3.0
1992,NP,D,SG_GEN_PARL,
1992,NP,D,SG_GEN_PARLN,
1992,NP,D,SG_GEN_PARLNT,
1994,NP,D,SG_GEN_PARL,50.0
1994,NP,D,SG_GEN_PARLN,1.0
1994,NP,D,SG_GEN_PARLNT,2.0
1996,NP,D,SG_GEN_PARL,
1996,NP,D,SG_GEN_PARLN,
1996,NP,D,SG_GEN_PARLNT,
1998,NP,D,SG_GEN_PARL,50.0
1998,NP,D,SG_GEN_PARLN,1.0
1998,NP,D,SG_GEN_PARLNT,2.0
2000,NP,D,SG_GEN_PARL,
2000,NP,D,SG_GEN_PARLN,
2000,NP,D,SG_GEN_PARLNT,
2002,NP,D,SG_GEN_PARL,0.0
2002,NP,D,SG_GEN_PARLN,0.0
2002,NP,D,SG_GEN_PARLNT,1.0
2004,NP,D,SG_GEN_PARL,0.0
2004,NP,D,SG_GEN_PARLN,0.0
2004,NP,D,SG_GEN_PARLNT,1.0
2008,NP,D,SG_GEN_PARL,0.0
2008,NP,D,SG_GEN_PARLN,0.0
2008,NP,D,SG_GEN_PARLNT,2.0
2011,NP,D,SG_GEN_PARL,0.0
2011,NP,D,SG_GEN_PARLN,0.0
2011,NP,D,SG_GEN_PARLNT,1.0
2012,NP,D,SG_GEN_PARL,
2012,NP,D,SG_GEN_PARLN,
2012,NP,D,SG_GEN_PARLNT,
2015,NP,D,SG_GEN_PARL,0.0
2015,NP,D,SG_GEN_PARLN,0.0
2015,NP,D,SG_GEN_PARLNT,2.0
2016,NP,D,SG_GEN_PARL,
2016,NP,D,SG_GEN_PARLN,
2016,NP,D,SG_GEN_PARLNT,
2019,NP,D,SG_GEN_PARL,0.0
2019,NP,D,SG_GEN_PARLN,0.0
2019,NP,D,SG_GEN_PARLNT,1.0
2020,NP,D,SG_GEN_PARL,
2020,NP,D,SG_GEN_PARLN,
2020,NP,D,SG_GEN_PARLNT,
2022,NP,D,SG_GEN_PARL,
2022,NP,D,SG_GEN_PARLN,
2022,NP,D,SG_GEN_PARLNT,
1984,NP,E,SG_GEN_PARL,16.7
1984,NP,E,SG_GEN_PARLN,1.0
1984,NP,E,SG_GEN_PARLNT,6.0
1988,NP,E,SG_GEN_PARL,33.3
1988,NP,E,SG_GEN_PARLN,2.0
1988,NP,E,SG_GEN_PARLNT,6.0
1990,NP,E,SG_GEN_PARL,0.0
1990,NP,E,SG_GEN_PARLN,0.0
1990,NP,E,SG_GEN_PARLNT,4.0
1992,NP,E,SG_GEN_PARL,
1992,NP,E,SG_GEN_PARLN,
1992,NP,E,SG_GEN_PARLNT,
1994,NP,E,SG_GEN_PARL,0.0
1994,NP,E,SG_GEN_PARLN,0.0
1994,NP,E,SG_GEN_PARLNT,4.0
1996,NP,E,SG_GEN_PARL,
1996,NP,E,SG_GEN_PARLN,
1996,NP,E,SG_GEN_PARLNT,
1998,NP,E,SG_GEN_PARL,12.5
1998,NP,E,SG_GEN_PARLN,1.0
1998,NP,E,SG_GEN_PARLNT,8.0
2000,NP,E,SG_GEN_PARL,
2000,NP,E,SG_GEN_PARLN,
2000,NP,E,SG_GEN_PARLNT,
2002,NP,E,SG_GEN_PARL,25.0
2002,NP,E,SG_GEN_PARLN,2.0
2002,NP,E,SG_GEN_PARLNT,8.0
2004,NP,E,SG_GEN_PARL,25.0
2004,NP,E,SG_GEN_PARLN,2.0
2004,NP,E,SG_GEN_PARLNT,8.0
2008,NP,E,SG_GEN_PARL,37.5
2008,NP,E,SG_GEN_PARLN,3.0
2008,NP,E,SG_GEN_PARLNT,8.0
2011,NP,E,SG_GEN_PARL,66.7
2011,NP,E,SG_GEN_PARLN,4.0
2011,NP,E,SG_GEN_PARLNT,6.0
2012,NP,E,SG_GEN_PARL,
2012,NP,E,SG_GEN_PARLN,
2012,NP,E,SG_GEN_PARLNT,
2015,NP,E,SG_GEN_PARL,57.1
2015,NP,E,SG_GEN_PARLN,4.0
2015,NP,E,SG_GEN_PARLNT,7.0
2016,NP,E,SG_GEN_PARL,
2016,NP,E,SG_GEN_PARLN,
2016,NP,E,SG_GEN_PARLNT,
2019,NP,E,SG_GEN_PARL,83.3
2019,NP,E,SG_GEN_PARLN,5.0
2019,NP,E,SG_GEN_PARLNT,6.0
2020,NP,E,SG_GEN_PARL,
2020,NP,E,SG_GEN_PARLN,
2020,NP,E,SG_GEN_PARLNT,
2022,NP,E,SG_GEN_PARL,66.7
2022,NP,E,SG_GEN_PARLN,4.0
2022,NP,E,SG_GEN_PARLNT,6.0
1984,NP,vmf,SG_GEN_PARL,
1984,NP,vmf,SG_GEN_PARLN,
1984,NP,vmf,SG_GEN_PARLNT,
1988,NP,vmf,SG_GEN_PARL,
1988,NP,vmf,SG_GEN_PARLN,
1988,NP,vmf,SG_GEN_PARLNT,
1990,NP,vmf,SG_GEN_PARL,
1990,NP,vmf,SG_GEN_PARLN,
1990,NP,vmf,SG_GEN_PARLNT,
1992,NP,vmf,SG_GEN_PARL,
1992,NP,vmf,SG_GEN_PARLN,
1992,NP,vmf,SG_GEN_PARLNT,
1994,NP,vmf,SG_GEN_PARL,33.3
1994,NP,vmf,SG_GEN_PARLN,1.0
1994,NP,vmf,SG_GEN_PARLNT,3.0
1996,NP,vmf,SG_GEN_PARL,
1996,NP,vmf,SG_GEN_PARLN,
1996,NP,vmf,SG_GEN_PARLNT,
1998,NP,vmf,SG_GEN_PARL,
1998,NP,vmf,SG_GEN_PARLN,
1998,NP,vmf,SG_GEN_PARLNT,
2000,NP,vmf,SG_GEN_PARL,
2000,NP,vmf,SG_GEN_PARLN,
2000,NP,vmf,SG_GEN_PARLNT,
2002,NP,vmf,SG_GEN_PARL,
2002,NP,vmf,SG_GEN_PARLN,
2002,NP,vmf,SG_GEN_PARLNT,
2004,NP,vmf,SG_GEN_PARL,
2004,NP,vmf,SG_GEN_PARLN,
2004,NP,vmf,SG_GEN_PARLNT,
2008,NP,vmf,SG_GEN_PARL,
2008,NP,vmf,SG_GEN_PARLN,
2008,NP,vmf,SG_GEN_PARLNT,
2011,NP,vmf,SG_GEN_PARL,
2011,NP,vmf,SG_GEN_PARLN,
2011,NP,vmf,SG_GEN_PARLNT,
2012,NP,vmf,SG_GEN_PARL,
2012,NP,vmf,SG_GEN_PARLN,
2012,NP,vmf,SG_GEN_PARLNT,
2015,NP,vmf,SG_GEN_PARL,
2015,NP,vmf,SG_GEN_PARLN,
2015,NP,vmf,SG_GEN_PARLNT,
2016,NP,vmf,SG_GEN_PARL,
2016,NP,vmf,SG_GEN_PARLN,
2016,NP,vmf,SG_GEN_PARLNT,
2019,NP,vmf,SG_GEN_PARL,
2019,NP,vmf,SG_GEN_PARLN,
2019,NP,vmf,SG_GEN_PARLNT,
2020,NP,vmf,SG_GEN_PARL,
2020,NP,vmf,SG_GEN_PARLN,
2020,NP,vmf,SG_GEN_PARLNT,
2022,NP,vmf,SG_GEN_PARL,
2022,NP,vmf,SG_GEN_PARLN,
2022,NP,vmf,SG_GEN_PARLNT,
1984,NP,9999,SG_GEN_PARL,
1984,NP,9999,SG_GEN_PARLN,
1984,NP,9999,SG_GEN_PARLNT,
1988,NP,9999,SG_GEN_PARL,
1988,NP,9999,SG_GEN_PARLN,
1988,NP,9999,SG_GEN_PARLNT,
1990,NP,9999,SG_GEN_PARL,
1990,NP,9999,SG_GEN_PARLN,
1990,NP,9999,SG_GEN_PARLNT,
1992,NP,9999,SG_GEN_PARL,
1992,NP,9999,SG_GEN_PARLN,
1992,NP,9999,SG_GEN_PARLNT,
1994,NP,9999,SG_GEN_PARL,
1994,NP,9999,SG_GEN_PARLN,
1994,NP,9999,SG_GEN_PARLNT,
1996,NP,9999,SG_GEN_PARL,
1996,NP,9999,SG_GEN_PARLN,
1996,NP,9999,SG_GEN_PARLNT,
1998,NP,9999,SG_GEN_PARL,
1998,NP,9999,SG_GEN_PARLN,
1998,NP,9999,SG_GEN_PARLNT,
2000,NP,9999,SG_GEN_PARL,
2000,NP,9999,SG_GEN_PARLN,
2000,NP,9999,SG_GEN_PARLNT,
2002,NP,9999,SG_GEN_PARL,
2002,NP,9999,SG_GEN_PARLN,
2002,NP,9999,SG_GEN_PARLNT,
2004,NP,9999,SG_GEN_PARL,
2004,NP,9999,SG_GEN_PARLN,
2004,NP,9999,SG_GEN_PARLNT,
2008,NP,9999,SG_GEN_PARL,
2008,NP,9999,SG_GEN_PARLN,
2008,NP,9999,SG_GEN_PARLNT,
2011,NP,9999,SG_GEN_PARL,
2011,NP,9999,SG_GEN_PARLN,
2011,NP,9999,SG_GEN_PARLNT,
2012,NP,9999,SG_GEN_PARL,
2012,NP,9999,SG_GEN_PARLN,
2012,NP,9999,SG_GEN_PARLNT,
2015,NP,9999,SG_GEN_PARL,
2015,NP,9999,SG_GEN_PARLN,
2015,NP,9999,SG_GEN_PARLNT,
2016,NP,9999,SG_GEN_PARL,
2016,NP,9999,SG_GEN_PARLN,
2016,NP,9999,SG_GEN_PARLNT,
2019,NP,9999,SG_GEN_PARL,
2019,NP,9999,SG_GEN_PARLN,
2019,NP,9999,SG_GEN_PARLNT,
2020,NP,9999,SG_GEN_PARL,
2020,NP,9999,SG_GEN_PARLN,
2020,NP,9999,SG_GEN_PARLNT,
2022,NP,9999,SG_GEN_PARL,
2022,NP,9999,SG_GEN_PARLN,
2022,NP,9999,SG_GEN_PARLNT,
1984,NP,4308,SG_GEN_PARL,
1984,NP,4308,SG_GEN_PARLN,
1984,NP,4308,SG_GEN_PARLNT,
1988,NP,4308,SG_GEN_PARL,
1988,NP,4308,SG_GEN_PARLN,
1988,NP,4308,SG_GEN_PARLNT,
1990,NP,4308,SG_GEN_PARL,
1990,NP,4308,SG_GEN_PARLN,
1990,NP,4308,SG_GEN_PARLNT,
1992,NP,4308,SG_GEN_PARL,
1992,NP,4308,SG_GEN_PARLN,
1992,NP,4308,SG_GEN_PARLNT,
1994,NP,4308,SG_GEN_PARL,
1994,NP,4308,SG_GEN_PARLN,
1994,NP,4308,SG_GEN_PARLNT,
1996,NP,4308,SG_GEN_PARL,
1996,NP,4308,SG_GEN_PARLN,
1996,NP,4308,SG_GEN_PARLNT,
1998,NP,4308,SG_GEN_PARL,
1998,NP,4308,SG_GEN_PARLN,
1998,NP,4308,SG_GEN_PARLNT,
2000,NP,4308,SG_GEN_PARL,
2000,NP,4308,SG_GEN_PARLN,
2000,NP,4308,SG_GEN_PARLNT,
2002,NP,4308,SG_GEN_PARL,
2002,NP,4308,SG_GEN_PARLN,
2002,NP,4308,SG_GEN_PARLNT,
2004,NP,4308,SG_GEN_PARL,
2004,NP,4308,SG_GEN_PARLN,
2004,NP,4308,SG_GEN_PARLNT,
2008,NP,4308,SG_GEN_PARL,
2008,NP,4308,SG_GEN_PARLN,
2008,NP,4308,SG_GEN_PARLNT,
2011,NP,4308,SG_GEN_PARL,
2011,NP,4308,SG_GEN_PARLN,
2011,NP,4308,SG_GEN_PARLNT,
2012,NP,4308,SG_GEN_PARL,
2012,NP,4308,SG_GEN_PARLN,
2012,NP,4308,SG_GEN_PARLNT,
2015,NP,4308,SG_GEN_PARL,
2015,NP,4308,SG_GEN_PARLN,
2015,NP,4308,SG_GEN_PARLNT,
2016,NP,4308,SG_GEN_PARL,
2016,NP,4308,SG_GEN_PARLN,
2016,NP,4308,SG_GEN_PARLNT,
2019,NP,4308,SG_GEN_PARL,
2019,NP,4308,SG_GEN_PARLN,
2019,NP,4308,SG_GEN_PARLNT,
2020,NP,4308,SG_GEN_PARL,
2020,NP,4308,SG_GEN_PARLN,
2020,NP,4308,SG_GEN_PARLNT,
2022,NP,4308,SG_GEN_PARL,
2022,NP,4308,SG_GEN_PARLN,
2022,NP,4308,SG_GEN_PARLNT,
1984,NP,4404,SG_GEN_PARL,
1984,NP,4404,SG_GEN_PARLN,
1984,NP,4404,SG_GEN_PARLNT,
1988,NP,4404,SG_GEN_PARL,
1988,NP,4404,SG_GEN_PARLN,
1988,NP,4404,SG_GEN_PARLNT,
1990,NP,4404,SG_GEN_PARL,
1990,NP,4404,SG_GEN_PARLN,
1990,NP,4404,SG_GEN_PARLNT,
1992,NP,4404,SG_GEN_PARL,
1992,NP,4404,SG_GEN_PARLN,
1992,NP,4404,SG_GEN_PARLNT,
1994,NP,4404,SG_GEN_PARL,
1994,NP,4404,SG_GEN_PARLN,
1994,NP,4404,SG_GEN_PARLNT,
1996,NP,4404,SG_GEN_PARL,
1996,NP,4404,SG_GEN_PARLN,
1996,NP,4404,SG_GEN_PARLNT,
1998,NP,4404,SG_GEN_PARL,
1998,NP,4404,SG_GEN_PARLN,
1998,NP,4404,SG_GEN_PARLNT,
2000,NP,4404,SG_GEN_PARL,
2000,NP,4404,SG_GEN_PARLN,
2000,NP,4404,SG_GEN_PARLNT,
2002,NP,4404,SG_GEN_PARL,
2002,NP,4404,SG_GEN_PARLN,
2002,NP,4404,SG_GEN_PARLNT,
2004,NP,4404,SG_GEN_PARL,
2004,NP,4404,SG_GEN_PARLN,
2004,NP,4404,SG_GEN_PARLNT,
2008,NP,4404,SG_GEN_PARL,
2008,NP,4404,SG_GEN_PARLN,
2008,NP,4404,SG_GEN_PARLNT,
2011,NP,4404,SG_GEN_PARL,
2011,NP,4404,SG_GEN_PARLN,
2011,NP,4404,SG_GEN_PARLNT,
2012,NP,4404,SG_GEN_PARL,
2012,NP,4404,SG_GEN_PARLN,
2012,NP,4404,SG_GEN_PARLNT,
2015,NP,4404,SG_GEN_PARL,
2015,NP,4404,SG_GEN_PARLN,
2015,NP,4404,SG_GEN_PARLNT,
2016,NP,4404,SG_GEN_PARL,
2016,NP,4404,SG_GEN_PARLN,
2016,NP,4404,SG_GEN_PARLNT,
2019,NP,4404,SG_GEN_PARL,
2019,NP,4404,SG_GEN_PARLN,
2019,NP,4404,SG_GEN_PARLNT,
2020,NP,4404,SG_GEN_PARL,
2020,NP,4404,SG_GEN_PARLN,
2020,NP,4404,SG_GEN_PARLNT,
2022,NP,4404,SG_GEN_PARL,
2022,NP,4404,SG_GEN_PARLN,
2022,NP,4404,SG_GEN_PARLNT,
1984,NP,4210,SG_GEN_PARL,
1984,NP,4210,SG_GEN_PARLN,
1984,NP,4210,SG_GEN_PARLNT,
1988,NP,4210,SG_GEN_PARL,
1988,NP,4210,SG_GEN_PARLN,
1988,NP,4210,SG_GEN_PARLNT,
1990,NP,4210,SG_GEN_PARL,
1990,NP,4210,SG_GEN_PARLN,
1990,NP,4210,SG_GEN_PARLNT,
1992,NP,4210,SG_GEN_PARL,
1992,NP,4210,SG_GEN_PARLN,
1992,NP,4210,SG_GEN_PARLNT,
1994,NP,4210,SG_GEN_PARL,
1994,NP,4210,SG_GEN_PARLN,
1994,NP,4210,SG_GEN_PARLNT,
1996,NP,4210,SG_GEN_PARL,
1996,NP,4210,SG_GEN_PARLN,
1996,NP,4210,SG_GEN_PARLNT,
1998,NP,4210,SG_GEN_PARL,
1998,NP,4210,SG_GEN_PARLN,
1998,NP,4210,SG_GEN_PARLNT,
2000,NP,4210,SG_GEN_PARL,
2000,NP,4210,SG_GEN_PARLN,
2000,NP,4210,SG_GEN_PARLNT,
2002,NP,4210,SG_GEN_PARL,
2002,NP,4210,SG_GEN_PARLN,
2002,NP,4210,SG_GEN_PARLNT,
2004,NP,4210,SG_GEN_PARL,
2004,NP,4210,SG_GEN_PARLN,
2004,NP,4210,SG_GEN_PARLNT,
2008,NP,4210,SG_GEN_PARL,
2008,NP,4210,SG_GEN_PARLN,
2008,NP,4210,SG_GEN_PARLNT,
2011,NP,4210,SG_GEN_PARL,
2011,NP,4210,SG_GEN_PARLN,
2011,NP,4210,SG_GEN_PARLNT,
2012,NP,4210,SG_GEN_PARL,
2012,NP,4210,SG_GEN_PARLN,
2012,NP,4210,SG_GEN_PARLNT,
2015,NP,4210,SG_GEN_PARL,
2015,NP,4210,SG_GEN_PARLN,
2015,NP,4210,SG_GEN_PARLNT,
2016,NP,4210,SG_GEN_PARL,
2016,NP,4210,SG_GEN_PARLN,
2016,NP,4210,SG_GEN_PARLNT,
2019,NP,4210,SG_GEN_PARL,
2019,NP,4210,SG_GEN_PARLN,
2019,NP,4210,SG_GEN_PARLNT,
2020,NP,4210,SG_GEN_PARL,
2020,NP,4210,SG_GEN_PARLN,
2020,NP,4210,SG_GEN_PARLNT,
2022,NP,4210,SG_GEN_PARL,
2022,NP,4210,SG_GEN_PARLN,
2022,NP,4210,SG_GEN_PARLNT,
1984,NP,4202,SG_GEN_PARL,
1984,NP,4202,SG_GEN_PARLN,
1984,NP,4202,SG_GEN_PARLNT,
1988,NP,4202,SG_GEN_PARL,
1988,NP,4202,SG_GEN_PARLN,
1988,NP,4202,SG_GEN_PARLNT,
1990,NP,4202,SG_GEN_PARL,
1990,NP,4202,SG_GEN_PARLN,
1990,NP,4202,SG_GEN_PARLNT,
1992,NP,4202,SG_GEN_PARL,
1992,NP,4202,SG_GEN_PARLN,
1992,NP,4202,SG_GEN_PARLNT,
1994,NP,4202,SG_GEN_PARL,
1994,NP,4202,SG_GEN_PARLN,
1994,NP,4202,SG_GEN_PARLNT,
1996,NP,4202,SG_GEN_PARL,
1996,NP,4202,SG_GEN_PARLN,
1996,NP,4202,SG_GEN_PARLNT,
1998,NP,4202,SG_GEN_PARL,
1998,NP,4202,SG_GEN_PARLN,
1998,NP,4202,SG_GEN_PARLNT,
2000,NP,4202,SG_GEN_PARL,
2000,NP,4202,SG_GEN_PARLN,
2000,NP,4202,SG_GEN_PARLNT,
2002,NP,4202,SG_GEN_PARL,
2002,NP,4202,SG_GEN_PARLN,
2002,NP,4202,SG_GEN_PARLNT,
2004,NP,4202,SG_GEN_PARL,
2004,NP,4202,SG_GEN_PARLN,
2004,NP,4202,SG_GEN_PARLNT,
2008,NP,4202,SG_GEN_PARL,
2008,NP,4202,SG_GEN_PARLN,
2008,NP,4202,SG_GEN_PARLNT,
2011,NP,4202,SG_GEN_PARL,
2011,NP,4202,SG_GEN_PARLN,
2011,NP,4202,SG_GEN_PARLNT,
2012,NP,4202,SG_GEN_PARL,
2012,NP,4202,SG_GEN_PARLN,
2012,NP,4202,SG_GEN_PARLNT,
2015,NP,4202,SG_GEN_PARL,
2015,NP,4202,SG_GEN_PARLN,
2015,NP,4202,SG_GEN_PARLNT,
2016,NP,4202,SG_GEN_PARL,
2016,NP,4202,SG_GEN_PARLN,
2016,NP,4202,SG_GEN_PARLNT,
2019,NP,4202,SG_GEN_PARL,
2019,NP,4202,SG_GEN_PARLN,
2019,NP,4202,SG_GEN_PARLNT,
2020,NP,4202,SG_GEN_PARL,
2020,NP,4202,SG_GEN_PARLN,
2020,NP,4202,SG_GEN_PARLNT,
2022,NP,4202,SG_GEN_PARL,
2022,NP,4202,SG_GEN_PARLN,
2022,NP,4202,SG_GEN_PARLNT,
1984,NP,4205E,SG_GEN_PARL,
1984,NP,4205E,SG_GEN_PARLN,
1984,NP,4205E,SG_GEN_PARLNT,
1988,NP,4205E,SG_GEN_PARL,
1988,NP,4205E,SG_GEN_PARLN,
1988,NP,4205E,SG_GEN_PARLNT,
1990,NP,4205E,SG_GEN_PARL,
1990,NP,4205E,SG_GEN_PARLN,
1990,NP,4205E,SG_GEN_PARLNT,
1992,NP,4205E,SG_GEN_PARL,
1992,NP,4205E,SG_GEN_PARLN,
1992,NP,4205E,SG_GEN_PARLNT,
1994,NP,4205E,SG_GEN_PARL,
1994,NP,4205E,SG_GEN_PARLN,
1994,NP,4205E,SG_GEN_PARLNT,
1996,NP,4205E,SG_GEN_PARL,
1996,NP,4205E,SG_GEN_PARLN,
1996,NP,4205E,SG_GEN_PARLNT,
1998,NP,4205E,SG_GEN_PARL,
1998,NP,4205E,SG_GEN_PARLN,
1998,NP,4205E,SG_GEN_PARLNT,
2000,NP,4205E,SG_GEN_PARL,
2000,NP,4205E,SG_GEN_PARLN,
2000,NP,4205E,SG_GEN_PARLNT,
2002,NP,4205E,SG_GEN_PARL,
2002,NP,4205E,SG_GEN_PARLN,
2002,NP,4205E,SG_GEN_PARLNT,
2004,NP,4205E,SG_GEN_PARL,
2004,NP,4205E,SG_GEN_PARLN,
2004,NP,4205E,SG_GEN_PARLNT,
2008,NP,4205E,SG_GEN_PARL,
2008,NP,4205E,SG_GEN_PARLN,
2008,NP,4205E,SG_GEN_PARLNT,
2011,NP,4205E,SG_GEN_PARL,
2011,NP,4205E,SG_GEN_PARLN,
2011,NP,4205E,SG_GEN_PARLNT,
2012,NP,4205E,SG_GEN_PARL,
2012,NP,4205E,SG_GEN_PARLN,
2012,NP,4205E,SG_GEN_PARLNT,
2015,NP,4205E,SG_GEN_PARL,
2015,NP,4205E,SG_GEN_PARLN,
2015,NP,4205E,SG_GEN_PARLNT,
2016,NP,4205E,SG_GEN_PARL,
2016,NP,4205E,SG_GEN_PARLN,
2016,NP,4205E,SG_GEN_PARLNT,
2019,NP,4205E,SG_GEN_PARL,
2019,NP,4205E,SG_GEN_PARLN,
2019,NP,4205E,SG_GEN_PARLNT,
2020,NP,4205E,SG_GEN_PARL,
2020,NP,4205E,SG_GEN_PARLN,
2020,NP,4205E,SG_GEN_PARLNT,
2022,NP,4205E,SG_GEN_PARL,
2022,NP,4205E,SG_GEN_PARLN,
2022,NP,4205E,SG_GEN_PARLNT,
1984,NP,4603,SG_GEN_PARL,
1984,NP,4603,SG_GEN_PARLN,
1984,NP,4603,SG_GEN_PARLNT,
1988,NP,4603,SG_GEN_PARL,
1988,NP,4603,SG_GEN_PARLN,
1988,NP,4603,SG_GEN_PARLNT,
1990,NP,4603,SG_GEN_PARL,
1990,NP,4603,SG_GEN_PARLN,
1990,NP,4603,SG_GEN_PARLNT,
1992,NP,4603,SG_GEN_PARL,
1992,NP,4603,SG_GEN_PARLN,
1992,NP,4603,SG_GEN_PARLNT,
1994,NP,4603,SG_GEN_PARL,
1994,NP,4603,SG_GEN_PARLN,
1994,NP,4603,SG_GEN_PARLNT,
1996,NP,4603,SG_GEN_PARL,
1996,NP,4603,SG_GEN_PARLN,
1996,NP,4603,SG_GEN_PARLNT,
1998,NP,4603,SG_GEN_PARL,
1998,NP,4603,SG_GEN_PARLN,
1998,NP,4603,SG_GEN_PARLNT,
2000,NP,4603,SG_GEN_PARL,
2000,NP,4603,SG_GEN_PARLN,
2000,NP,4603,SG_GEN_PARLNT,
2002,NP,4603,SG_GEN_PARL,
2002,NP,4603,SG_GEN_PARLN,
2002,NP,4603,SG_GEN_PARLNT,
2004,NP,4603,SG_GEN_PARL,
2004,NP,4603,SG_GEN_PARLN,
2004,NP,4603,SG_GEN_PARLNT,
2008,NP,4603,SG_GEN_PARL,
2008,NP,4603,SG_GEN_PARLN,
2008,NP,4603,SG_GEN_PARLNT,
2011,NP,4603,SG_GEN_PARL,
2011,NP,4603,SG_GEN_PARLN,
2011,NP,4603,SG_GEN_PARLNT,
2012,NP,4603,SG_GEN_PARL,
2012,NP,4603,SG_GEN_PARLN,
2012,NP,4603,SG_GEN_PARLNT,
2015,NP,4603,SG_GEN_PARL,
2015,NP,4603,SG_GEN_PARLN,
2015,NP,4603,SG_GEN_PARLNT,
2016,NP,4603,SG_GEN_PARL,
2016,NP,4603,SG_GEN_PARLN,
2016,NP,4603,SG_GEN_PARLNT,
2019,NP,4603,SG_GEN_PARL,
2019,NP,4603,SG_GEN_PARLN,
2019,NP,4603,SG_GEN_PARLNT,
2020,NP,4603,SG_GEN_PARL,
2020,NP,4603,SG_GEN_PARLN,
2020,NP,4603,SG_GEN_PARLNT,
2022,NP,4603,SG_GEN_PARL,
2022,NP,4603,SG_GEN_PARLN,
2022,NP,4603,SG_GEN_PARLNT,
1984,NP,4203,SG_GEN_PARL,
1984,NP,4203,SG_GEN_PARLN,
1984,NP,4203,SG_GEN_PARLNT,
1988,NP,4203,SG_GEN_PARL,
1988,NP,4203,SG_GEN_PARLN,
1988,NP,4203,SG_GEN_PARLNT,
1990,NP,4203,SG_GEN_PARL,
1990,NP,4203,SG_GEN_PARLN,
1990,NP,4203,SG_GEN_PARLNT,
1992,NP,4203,SG_GEN_PARL,
1992,NP,4203,SG_GEN_PARLN,
1992,NP,4203,SG_GEN_PARLNT,
1994,NP,4203,SG_GEN_PARL,
1994,NP,4203,SG_GEN_PARLN,
1994,NP,4203,SG_GEN_PARLNT,
1996,NP,4203,SG_GEN_PARL,
1996,NP,4203,SG_GEN_PARLN,
1996,NP,4203,SG_GEN_PARLNT,
1998,NP,4203,SG_GEN_PARL,
1998,NP,4203,SG_GEN_PARLN,
1998,NP,4203,SG_GEN_PARLNT,
2000,NP,4203,SG_GEN_PARL,
2000,NP,4203,SG_GEN_PARLN,
2000,NP,4203,SG_GEN_PARLNT,
2002,NP,4203,SG_GEN_PARL,
2002,NP,4203,SG_GEN_PARLN,
2002,NP,4203,SG_GEN_PARLNT,
2004,NP,4203,SG_GEN_PARL,
2004,NP,4203,SG_GEN_PARLN,
2004,NP,4203,SG_GEN_PARLNT,
2008,NP,4203,SG_GEN_PARL,
2008,NP,4203,SG_GEN_PARLN,
2008,NP,4203,SG_GEN_PARLNT,
2011,NP,4203,SG_GEN_PARL,
2011,NP,4203,SG_GEN_PARLN,
2011,NP,4203,SG_GEN_PARLNT,
2012,NP,4203,SG_GEN_PARL,
2012,NP,4203,SG_GEN_PARLN,
2012,NP,4203,SG_GEN_PARLNT,
2015,NP,4203,SG_GEN_PARL,
2015,NP,4203,SG_GEN_PARLN,
2015,NP,4203,SG_GEN_PARLNT,
2016,NP,4203,SG_GEN_PARL,
2016,NP,4203,SG_GEN_PARLN,
2016,NP,4203,SG_GEN_PARLNT,
2019,NP,4203,SG_GEN_PARL,
2019,NP,4203,SG_GEN_PARLN,
2019,NP,4203,SG_GEN_PARLNT,
2020,NP,4203,SG_GEN_PARL,
2020,NP,4203,SG_GEN_PARLN,
2020,NP,4203,SG_GEN_PARLNT,
2022,NP,4203,SG_GEN_PARL,
2022,NP,4203,SG_GEN_PARLN,
2022,NP,4203,SG_GEN_PARLNT,
1984,NP,4101,SG_GEN_PARL,
1984,NP,4101,SG_GEN_PARLN,
1984,NP,4101,SG_GEN_PARLNT,
1988,NP,4101,SG_GEN_PARL,
1988,NP,4101,SG_GEN_PARLN,
1988,NP,4101,SG_GEN_PARLNT,
1990,NP,4101,SG_GEN_PARL,
1990,NP,4101,SG_GEN_PARLN,
1990,NP,4101,SG_GEN_PARLNT,
1992,NP,4101,SG_GEN_PARL,
1992,NP,4101,SG_GEN_PARLN,
1992,NP,4101,SG_GEN_PARLNT,
1994,NP,4101,SG_GEN_PARL,
1994,NP,4101,SG_GEN_PARLN,
1994,NP,4101,SG_GEN_PARLNT,
1996,NP,4101,SG_GEN_PARL,
1996,NP,4101,SG_GEN_PARLN,
1996,NP,4101,SG_GEN_PARLNT,
1998,NP,4101,SG_GEN_PARL,
1998,NP,4101,SG_GEN_PARLN,
1998,NP,4101,SG_GEN_PARLNT,
2000,NP,4101,SG_GEN_PARL,
2000,NP,4101,SG_GEN_PARLN,
2000,NP,4101,SG_GEN_PARLNT,
2002,NP,4101,SG_GEN_PARL,
2002,NP,4101,SG_GEN_PARLN,
2002,NP,4101,SG_GEN_PARLNT,
2004,NP,4101,SG_GEN_PARL,
2004,NP,4101,SG_GEN_PARLN,
2004,NP,4101,SG_GEN_PARLNT,
2008,NP,4101,SG_GEN_PARL,
2008,NP,4101,SG_GEN_PARLN,
2008,NP,4101,SG_GEN_PARLNT,
2011,NP,4101,SG_GEN_PARL,
2011,NP,4101,SG_GEN_PARLN,
2011,NP,4101,SG_GEN_PARLNT,
2012,NP,4101,SG_GEN_PARL,
2012,NP,4101,SG_GEN_PARLN,
2012,NP,4101,SG_GEN_PARLNT,
2015,NP,4101,SG_GEN_PARL,
2015,NP,4101,SG_GEN_PARLN,
2015,NP,4101,SG_GEN_PARLNT,
2016,NP,4101,SG_GEN_PARL,
2016,NP,4101,SG_GEN_PARLN,
2016,NP,4101,SG_GEN_PARLNT,
2019,NP,4101,SG_GEN_PARL,
2019,NP,4101,SG_GEN_PARLN,
2019,NP,4101,SG_GEN_PARLNT,
2020,NP,4101,SG_GEN_PARL,
2020,NP,4101,SG_GEN_PARLN,
2020,NP,4101,SG_GEN_PARLNT,
2022,NP,4101,SG_GEN_PARL,
2022,NP,4101,SG_GEN_PARLN,
2022,NP,4101,SG_GEN_PARLNT,
1984,NP,4212,SG_GEN_PARL,
1984,NP,4212,SG_GEN_PARLN,
1984,NP,4212,SG_GEN_PARLNT,
1988,NP,4212,SG_GEN_PARL,
1988,NP,4212,SG_GEN_PARLN,
1988,NP,4212,SG_GEN_PARLNT,
1990,NP,4212,SG_GEN_PARL,
1990,NP,4212,SG_GEN_PARLN,
1990,NP,4212,SG_GEN_PARLNT,
1992,NP,4212,SG_GEN_PARL,
1992,NP,4212,SG_GEN_PARLN,
1992,NP,4212,SG_GEN_PARLNT,
1994,NP,4212,SG_GEN_PARL,
1994,NP,4212,SG_GEN_PARLN,
1994,NP,4212,SG_GEN_PARLNT,
1996,NP,4212,SG_GEN_PARL,
1996,NP,4212,SG_GEN_PARLN,
1996,NP,4212,SG_GEN_PARLNT,
1998,NP,4212,SG_GEN_PARL,
1998,NP,4212,SG_GEN_PARLN,
1998,NP,4212,SG_GEN_PARLNT,
2000,NP,4212,SG_GEN_PARL,
2000,NP,4212,SG_GEN_PARLN,
2000,NP,4212,SG_GEN_PARLNT,
2002,NP,4212,SG_GEN_PARL,
2002,NP,4212,SG_GEN_PARLN,
2002,NP,4212,SG_GEN_PARLNT,
2004,NP,4212,SG_GEN_PARL,
2004,NP,4212,SG_GEN_PARLN,
2004,NP,4212,SG_GEN_PARLNT,
2008,NP,4212,SG_GEN_PARL,
2008,NP,4212,SG_GEN_PARLN,
2008,NP,4212,SG_GEN_PARLNT,
2011,NP,4212,SG_GEN_PARL,
2011,NP,4212,SG_GEN_PARLN,
2011,NP,4212,SG_GEN_PARLNT,
2012,NP,4212,SG_GEN_PARL,
2012,NP,4212,SG_GEN_PARLN,
2012,NP,4212,SG_GEN_PARLNT,
2015,NP,4212,SG_GEN_PARL,
2015,NP,4212,SG_GEN_PARLN,
2015,NP,4212,SG_GEN_PARLNT,
2016,NP,4212,SG_GEN_PARL,
2016,NP,4212,SG_GEN_PARLN,
2016,NP,4212,SG_GEN_PARLNT,
2019,NP,4212,SG_GEN_PARL,
2019,NP,4212,SG_GEN_PARLN,
2019,NP,4212,SG_GEN_PARLNT,
2020,NP,4212,SG_GEN_PARL,
2020,NP,4212,SG_GEN_PARLN,
2020,NP,4212,SG_GEN_PARLNT,
2022,NP,4212,SG_GEN_PARL,
2022,NP,4212,SG_GEN_PARLN,
2022,NP,4212,SG_GEN_PARLNT,
1984,NP,4213,SG_GEN_PARL,
1984,NP,4213,SG_GEN_PARLN,
1984,NP,4213,SG_GEN_PARLNT,
1988,NP,4213,SG_GEN_PARL,
1988,NP,4213,SG_GEN_PARLN,
1988,NP,4213,SG_GEN_PARLNT,
1990,NP,4213,SG_GEN_PARL,
1990,NP,4213,SG_GEN_PARLN,
1990,NP,4213,SG_GEN_PARLNT,
1992,NP,4213,SG_GEN_PARL,
1992,NP,4213,SG_GEN_PARLN,
1992,NP,4213,SG_GEN_PARLNT,
1994,NP,4213,SG_GEN_PARL,
1994,NP,4213,SG_GEN_PARLN,
1994,NP,4213,SG_GEN_PARLNT,
1996,NP,4213,SG_GEN_PARL,
1996,NP,4213,SG_GEN_PARLN,
1996,NP,4213,SG_GEN_PARLNT,
1998,NP,4213,SG_GEN_PARL,
1998,NP,4213,SG_GEN_PARLN,
1998,NP,4213,SG_GEN_PARLNT,
2000,NP,4213,SG_GEN_PARL,
2000,NP,4213,SG_GEN_PARLN,
2000,NP,4213,SG_GEN_PARLNT,
2002,NP,4213,SG_GEN_PARL,
2002,NP,4213,SG_GEN_PARLN,
2002,NP,4213,SG_GEN_PARLNT,
2004,NP,4213,SG_GEN_PARL,
2004,NP,4213,SG_GEN_PARLN,
2004,NP,4213,SG_GEN_PARLNT,
2008,NP,4213,SG_GEN_PARL,
2008,NP,4213,SG_GEN_PARLN,
2008,NP,4213,SG_GEN_PARLNT,
2011,NP,4213,SG_GEN_PARL,
2011,NP,4213,SG_GEN_PARLN,
2011,NP,4213,SG_GEN_PARLNT,
2012,NP,4213,SG_GEN_PARL,
2012,NP,4213,SG_GEN_PARLN,
2012,NP,4213,SG_GEN_PARLNT,
2015,NP,4213,SG_GEN_PARL,
2015,NP,4213,SG_GEN_PARLN,
2015,NP,4213,SG_GEN_PARLNT,
2016,NP,4213,SG_GEN_PARL,
2016,NP,4213,SG_GEN_PARLN,
2016,NP,4213,SG_GEN_PARLNT,
2019,NP,4213,SG_GEN_PARL,
2019,NP,4213,SG_GEN_PARLN,
2019,NP,4213,SG_GEN_PARLNT,
2020,NP,4213,SG_GEN_PARL,
2020,NP,4213,SG_GEN_PARLN,
2020,NP,4213,SG_GEN_PARLNT,
2022,NP,4213,SG_GEN_PARL,
2022,NP,4213,SG_GEN_PARLN,
2022,NP,4213,SG_GEN_PARLNT,
1984,NP,4205,SG_GEN_PARL,
1984,NP,4205,SG_GEN_PARLN,
1984,NP,4205,SG_GEN_PARLNT,
1988,NP,4205,SG_GEN_PARL,
1988,NP,4205,SG_GEN_PARLN,
1988,NP,4205,SG_GEN_PARLNT,
1990,NP,4205,SG_GEN_PARL,
1990,NP,4205,SG_GEN_PARLN,
1990,NP,4205,SG_GEN_PARLNT,
1992,NP,4205,SG_GEN_PARL,
1992,NP,4205,SG_GEN_PARLN,
1992,NP,4205,SG_GEN_PARLNT,
1994,NP,4205,SG_GEN_PARL,
1994,NP,4205,SG_GEN_PARLN,
1994,NP,4205,SG_GEN_PARLNT,
1996,NP,4205,SG_GEN_PARL,
1996,NP,4205,SG_GEN_PARLN,
1996,NP,4205,SG_GEN_PARLNT,
1998,NP,4205,SG_GEN_PARL,
1998,NP,4205,SG_GEN_PARLN,
1998,NP,4205,SG_GEN_PARLNT,
2000,NP,4205,SG_GEN_PARL,
2000,NP,4205,SG_GEN_PARLN,
2000,NP,4205,SG_GEN_PARLNT,
2002,NP,4205,SG_GEN_PARL,
2002,NP,4205,SG_GEN_PARLN,
2002,NP,4205,SG_GEN_PARLNT,
2004,NP,4205,SG_GEN_PARL,
2004,NP,4205,SG_GEN_PARLN,
2004,NP,4205,SG_GEN_PARLNT,
2008,NP,4205,SG_GEN_PARL,
2008,NP,4205,SG_GEN_PARLN,
2008,NP,4205,SG_GEN_PARLNT,
2011,NP,4205,SG_GEN_PARL,
2011,NP,4205,SG_GEN_PARLN,
2011,NP,4205,SG_GEN_PARLNT,
2012,NP,4205,SG_GEN_PARL,
2012,NP,4205,SG_GEN_PARLN,
2012,NP,4205,SG_GEN_PARLNT,
2015,NP,4205,SG_GEN_PARL,
2015,NP,4205,SG_GEN_PARLN,
2015,NP,4205,SG_GEN_PARLNT,
2016,NP,4205,SG_GEN_PARL,
2016,NP,4205,SG_GEN_PARLN,
2016,NP,4205,SG_GEN_PARLNT,
2019,NP,4205,SG_GEN_PARL,
2019,NP,4205,SG_GEN_PARLN,
2019,NP,4205,SG_GEN_PARLNT,
2020,NP,4205,SG_GEN_PARL,
2020,NP,4205,SG_GEN_PARLN,
2020,NP,4205,SG_GEN_PARLNT,
2022,NP,4205,SG_GEN_PARL,
2022,NP,4205,SG_GEN_PARLN,
2022,NP,4205,SG_GEN_PARLNT,
1984,NP,4301,SG_GEN_PARL,
1984,NP,4301,SG_GEN_PARLN,
1984,NP,4301,SG_GEN_PARLNT,
1988,NP,4301,SG_GEN_PARL,
1988,NP,4301,SG_GEN_PARLN,
1988,NP,4301,SG_GEN_PARLNT,
1990,NP,4301,SG_GEN_PARL,
1990,NP,4301,SG_GEN_PARLN,
1990,NP,4301,SG_GEN_PARLNT,
1992,NP,4301,SG_GEN_PARL,
1992,NP,4301,SG_GEN_PARLN,
1992,NP,4301,SG_GEN_PARLNT,
1994,NP,4301,SG_GEN_PARL,
1994,NP,4301,SG_GEN_PARLN,
1994,NP,4301,SG_GEN_PARLNT,
1996,NP,4301,SG_GEN_PARL,
1996,NP,4301,SG_GEN_PARLN,
1996,NP,4301,SG_GEN_PARLNT,
1998,NP,4301,SG_GEN_PARL,
1998,NP,4301,SG_GEN_PARLN,
1998,NP,4301,SG_GEN_PARLNT,
2000,NP,4301,SG_GEN_PARL,
2000,NP,4301,SG_GEN_PARLN,
2000,NP,4301,SG_GEN_PARLNT,
2002,NP,4301,SG_GEN_PARL,
2002,NP,4301,SG_GEN_PARLN,
2002,NP,4301,SG_GEN_PARLNT,
2004,NP,4301,SG_GEN_PARL,
2004,NP,4301,SG_GEN_PARLN,
2004,NP,4301,SG_GEN_PARLNT,
2008,NP,4301,SG_GEN_PARL,
2008,NP,4301,SG_GEN_PARLN,
2008,NP,4301,SG_GEN_PARLNT,
2011,NP,4301,SG_GEN_PARL,
2011,NP,4301,SG_GEN_PARLN,
2011,NP,4301,SG_GEN_PARLNT,
2012,NP,4301,SG_GEN_PARL,
2012,NP,4301,SG_GEN_PARLN,
2012,NP,4301,SG_GEN_PARLNT,
2015,NP,4301,SG_GEN_PARL,
2015,NP,4301,SG_GEN_PARLN,
2015,NP,4301,SG_GEN_PARLNT,
2016,NP,4301,SG_GEN_PARL,
2016,NP,4301,SG_GEN_PARLN,
2016,NP,4301,SG_GEN_PARLNT,
2019,NP,4301,SG_GEN_PARL,
2019,NP,4301,SG_GEN_PARLN,
2019,NP,4301,SG_GEN_PARLNT,
2020,NP,4301,SG_GEN_PARL,
2020,NP,4301,SG_GEN_PARLN,
2020,NP,4301,SG_GEN_PARLNT,
2022,NP,4301,SG_GEN_PARL,
2022,NP,4301,SG_GEN_PARLN,
2022,NP,4301,SG_GEN_PARLNT,
1984,NP,4310,SG_GEN_PARL,
1984,NP,4310,SG_GEN_PARLN,
1984,NP,4310,SG_GEN_PARLNT,
1988,NP,4310,SG_GEN_PARL,
1988,NP,4310,SG_GEN_PARLN,
1988,NP,4310,SG_GEN_PARLNT,
1990,NP,4310,SG_GEN_PARL,
1990,NP,4310,SG_GEN_PARLN,
1990,NP,4310,SG_GEN_PARLNT,
1992,NP,4310,SG_GEN_PARL,
1992,NP,4310,SG_GEN_PARLN,
1992,NP,4310,SG_GEN_PARLNT,
1994,NP,4310,SG_GEN_PARL,
1994,NP,4310,SG_GEN_PARLN,
1994,NP,4310,SG_GEN_PARLNT,
1996,NP,4310,SG_GEN_PARL,
1996,NP,4310,SG_GEN_PARLN,
1996,NP,4310,SG_GEN_PARLNT,
1998,NP,4310,SG_GEN_PARL,
1998,NP,4310,SG_GEN_PARLN,
1998,NP,4310,SG_GEN_PARLNT,
2000,NP,4310,SG_GEN_PARL,
2000,NP,4310,SG_GEN_PARLN,
2000,NP,4310,SG_GEN_PARLNT,
2002,NP,4310,SG_GEN_PARL,
2002,NP,4310,SG_GEN_PARLN,
2002,NP,4310,SG_GEN_PARLNT,
2004,NP,4310,SG_GEN_PARL,
2004,NP,4310,SG_GEN_PARLN,
2004,NP,4310,SG_GEN_PARLNT,
2008,NP,4310,SG_GEN_PARL,
2008,NP,4310,SG_GEN_PARLN,
2008,NP,4310,SG_GEN_PARLNT,
2011,NP,4310,SG_GEN_PARL,
2011,NP,4310,SG_GEN_PARLN,
2011,NP,4310,SG_GEN_PARLNT,
2012,NP,4310,SG_GEN_PARL,
2012,NP,4310,SG_GEN_PARLN,
2012,NP,4310,SG_GEN_PARLNT,
2015,NP,4310,SG_GEN_PARL,
2015,NP,4310,SG_GEN_PARLN,
2015,NP,4310,SG_GEN_PARLNT,
2016,NP,4310,SG_GEN_PARL,
2016,NP,4310,SG_GEN_PARLN,
2016,NP,4310,SG_GEN_PARLNT,
2019,NP,4310,SG_GEN_PARL,
2019,NP,4310,SG_GEN_PARLN,
2019,NP,4310,SG_GEN_PARLNT,
2020,NP,4310,SG_GEN_PARL,
2020,NP,4310,SG_GEN_PARLN,
2020,NP,4310,SG_GEN_PARLNT,
2022,NP,4310,SG_GEN_PARL,
2022,NP,4310,SG_GEN_PARLN,
2022,NP,4310,SG_GEN_PARLNT,
1984,NP,4304,SG_GEN_PARL,
1984,NP,4304,SG_GEN_PARLN,
1984,NP,4304,SG_GEN_PARLNT,
1988,NP,4304,SG_GEN_PARL,
1988,NP,4304,SG_GEN_PARLN,
1988,NP,4304,SG_GEN_PARLNT,
1990,NP,4304,SG_GEN_PARL,
1990,NP,4304,SG_GEN_PARLN,
1990,NP,4304,SG_GEN_PARLNT,
1992,NP,4304,SG_GEN_PARL,
1992,NP,4304,SG_GEN_PARLN,
1992,NP,4304,SG_GEN_PARLNT,
1994,NP,4304,SG_GEN_PARL,
1994,NP,4304,SG_GEN_PARLN,
1994,NP,4304,SG_GEN_PARLNT,
1996,NP,4304,SG_GEN_PARL,
1996,NP,4304,SG_GEN_PARLN,
1996,NP,4304,SG_GEN_PARLNT,
1998,NP,4304,SG_GEN_PARL,
1998,NP,4304,SG_GEN_PARLN,
1998,NP,4304,SG_GEN_PARLNT,
2000,NP,4304,SG_GEN_PARL,
2000,NP,4304,SG_GEN_PARLN,
2000,NP,4304,SG_GEN_PARLNT,
2002,NP,4304,SG_GEN_PARL,
2002,NP,4304,SG_GEN_PARLN,
2002,NP,4304,SG_GEN_PARLNT,
2004,NP,4304,SG_GEN_PARL,
2004,NP,4304,SG_GEN_PARLN,
2004,NP,4304,SG_GEN_PARLNT,
2008,NP,4304,SG_GEN_PARL,
2008,NP,4304,SG_GEN_PARLN,
2008,NP,4304,SG_GEN_PARLNT,
2011,NP,4304,SG_GEN_PARL,
2011,NP,4304,SG_GEN_PARLN,
2011,NP,4304,SG_GEN_PARLNT,
2012,NP,4304,SG_GEN_PARL,
2012,NP,4304,SG_GEN_PARLN,
2012,NP,4304,SG_GEN_PARLNT,
2015,NP,4304,SG_GEN_PARL,
2015,NP,4304,SG_GEN_PARLN,
2015,NP,4304,SG_GEN_PARLNT,
2016,NP,4304,SG_GEN_PARL,
2016,NP,4304,SG_GEN_PARLN,
2016,NP,4304,SG_GEN_PARLNT,
2019,NP,4304,SG_GEN_PARL,
2019,NP,4304,SG_GEN_PARLN,
2019,NP,4304,SG_GEN_PARLNT,
2020,NP,4304,SG_GEN_PARL,
2020,NP,4304,SG_GEN_PARLN,
2020,NP,4304,SG_GEN_PARLNT,
2022,NP,4304,SG_GEN_PARL,
2022,NP,4304,SG_GEN_PARLN,
2022,NP,4304,SG_GEN_PARLNT,
1984,NP,4604,SG_GEN_PARL,
1984,NP,4604,SG_GEN_PARLN,
1984,NP,4604,SG_GEN_PARLNT,
1988,NP,4604,SG_GEN_PARL,
1988,NP,4604,SG_GEN_PARLN,
1988,NP,4604,SG_GEN_PARLNT,
1990,NP,4604,SG_GEN_PARL,
1990,NP,4604,SG_GEN_PARLN,
1990,NP,4604,SG_GEN_PARLNT,
1992,NP,4604,SG_GEN_PARL,
1992,NP,4604,SG_GEN_PARLN,
1992,NP,4604,SG_GEN_PARLNT,
1994,NP,4604,SG_GEN_PARL,
1994,NP,4604,SG_GEN_PARLN,
1994,NP,4604,SG_GEN_PARLNT,
1996,NP,4604,SG_GEN_PARL,
1996,NP,4604,SG_GEN_PARLN,
1996,NP,4604,SG_GEN_PARLNT,
1998,NP,4604,SG_GEN_PARL,
1998,NP,4604,SG_GEN_PARLN,
1998,NP,4604,SG_GEN_PARLNT,
2000,NP,4604,SG_GEN_PARL,
2000,NP,4604,SG_GEN_PARLN,
2000,NP,4604,SG_GEN_PARLNT,
2002,NP,4604,SG_GEN_PARL,
2002,NP,4604,SG_GEN_PARLN,
2002,NP,4604,SG_GEN_PARLNT,
2004,NP,4604,SG_GEN_PARL,
2004,NP,4604,SG_GEN_PARLN,
2004,NP,4604,SG_GEN_PARLNT,
2008,NP,4604,SG_GEN_PARL,
2008,NP,4604,SG_GEN_PARLN,
2008,NP,4604,SG_GEN_PARLNT,
2011,NP,4604,SG_GEN_PARL,
2011,NP,4604,SG_GEN_PARLN,
2011,NP,4604,SG_GEN_PARLNT,
2012,NP,4604,SG_GEN_PARL,
2012,NP,4604,SG_GEN_PARLN,
2012,NP,4604,SG_GEN_PARLNT,
2015,NP,4604,SG_GEN_PARL,
2015,NP,4604,SG_GEN_PARLN,
2015,NP,4604,SG_GEN_PARLNT,
2016,NP,4604,SG_GEN_PARL,
2016,NP,4604,SG_GEN_PARLN,
2016,NP,4604,SG_GEN_PARLNT,
2019,NP,4604,SG_GEN_PARL,
2019,NP,4604,SG_GEN_PARLN,
2019,NP,4604,SG_GEN_PARLNT,
2020,NP,4604,SG_GEN_PARL,
2020,NP,4604,SG_GEN_PARLN,
2020,NP,4604,SG_GEN_PARLNT,
2022,NP,4604,SG_GEN_PARL,
2022,NP,4604,SG_GEN_PARLN,
2022,NP,4604,SG_GEN_PARLNT,
1984,NP,4108,SG_GEN_PARL,
1984,NP,4108,SG_GEN_PARLN,
1984,NP,4108,SG_GEN_PARLNT,
1988,NP,4108,SG_GEN_PARL,
1988,NP,4108,SG_GEN_PARLN,
1988,NP,4108,SG_GEN_PARLNT,
1990,NP,4108,SG_GEN_PARL,
1990,NP,4108,SG_GEN_PARLN,
1990,NP,4108,SG_GEN_PARLNT,
1992,NP,4108,SG_GEN_PARL,
1992,NP,4108,SG_GEN_PARLN,
1992,NP,4108,SG_GEN_PARLNT,
1994,NP,4108,SG_GEN_PARL,
1994,NP,4108,SG_GEN_PARLN,
1994,NP,4108,SG_GEN_PARLNT,
1996,NP,4108,SG_GEN_PARL,
1996,NP,4108,SG_GEN_PARLN,
1996,NP,4108,SG_GEN_PARLNT,
1998,NP,4108,SG_GEN_PARL,
1998,NP,4108,SG_GEN_PARLN,
1998,NP,4108,SG_GEN_PARLNT,
2000,NP,4108,SG_GEN_PARL,
2000,NP,4108,SG_GEN_PARLN,
2000,NP,4108,SG_GEN_PARLNT,
2002,NP,4108,SG_GEN_PARL,
2002,NP,4108,SG_GEN_PARLN,
2002,NP,4108,SG_GEN_PARLNT,
2004,NP,4108,SG_GEN_PARL,
2004,NP,4108,SG_GEN_PARLN,
2004,NP,4108,SG_GEN_PARLNT,
2008,NP,4108,SG_GEN_PARL,
2008,NP,4108,SG_GEN_PARLN,
2008,NP,4108,SG_GEN_PARLNT,
2011,NP,4108,SG_GEN_PARL,
2011,NP,4108,SG_GEN_PARLN,
2011,NP,4108,SG_GEN_PARLNT,
2012,NP,4108,SG_GEN_PARL,
2012,NP,4108,SG_GEN_PARLN,
2012,NP,4108,SG_GEN_PARLNT,
2015,NP,4108,SG_GEN_PARL,
2015,NP,4108,SG_GEN_PARLN,
2015,NP,4108,SG_GEN_PARLNT,
2016,NP,4108,SG_GEN_PARL,
2016,NP,4108,SG_GEN_PARLN,
2016,NP,4108,SG_GEN_PARLNT,
2019,NP,4108,SG_GEN_PARL,
2019,NP,4108,SG_GEN_PARLN,
2019,NP,4108,SG_GEN_PARLNT,
2020,NP,4108,SG_GEN_PARL,
2020,NP,4108,SG_GEN_PARLN,
2020,NP,4108,SG_GEN_PARLNT,
2022,NP,4108,SG_GEN_PARL,
2022,NP,4108,SG_GEN_PARLN,
2022,NP,4108,SG_GEN_PARLNT,
1984,NP,4504,SG_GEN_PARL,
1984,NP,4504,SG_GEN_PARLN,
1984,NP,4504,SG_GEN_PARLNT,
1988,NP,4504,SG_GEN_PARL,
1988,NP,4504,SG_GEN_PARLN,
1988,NP,4504,SG_GEN_PARLNT,
1990,NP,4504,SG_GEN_PARL,
1990,NP,4504,SG_GEN_PARLN,
1990,NP,4504,SG_GEN_PARLNT,
1992,NP,4504,SG_GEN_PARL,
1992,NP,4504,SG_GEN_PARLN,
1992,NP,4504,SG_GEN_PARLNT,
1994,NP,4504,SG_GEN_PARL,
1994,NP,4504,SG_GEN_PARLN,
1994,NP,4504,SG_GEN_PARLNT,
1996,NP,4504,SG_GEN_PARL,
1996,NP,4504,SG_GEN_PARLN,
1996,NP,4504,SG_GEN_PARLNT,
1998,NP,4504,SG_GEN_PARL,
1998,NP,4504,SG_GEN_PARLN,
1998,NP,4504,SG_GEN_PARLNT,
2000,NP,4504,SG_GEN_PARL,
2000,NP,4504,SG_GEN_PARLN,
2000,NP,4504,SG_GEN_PARLNT,
2002,NP,4504,SG_GEN_PARL,
2002,NP,4504,SG_GEN_PARLN,
2002,NP,4504,SG_GEN_PARLNT,
2004,NP,4504,SG_GEN_PARL,
2004,NP,4504,SG_GEN_PARLN,
2004,NP,4504,SG_GEN_PARLNT,
2008,NP,4504,SG_GEN_PARL,
2008,NP,4504,SG_GEN_PARLN,
2008,NP,4504,SG_GEN_PARLNT,
2011,NP,4504,SG_GEN_PARL,
2011,NP,4504,SG_GEN_PARLN,
2011,NP,4504,SG_GEN_PARLNT,
2012,NP,4504,SG_GEN_PARL,
2012,NP,4504,SG_GEN_PARLN,
2012,NP,4504,SG_GEN_PARLNT,
2015,NP,4504,SG_GEN_PARL,
2015,NP,4504,SG_GEN_PARLN,
2015,NP,4504,SG_GEN_PARLNT,
2016,NP,4504,SG_GEN_PARL,
2016,NP,4504,SG_GEN_PARLN,
2016,NP,4504,SG_GEN_PARLNT,
2019,NP,4504,SG_GEN_PARL,
2019,NP,4504,SG_GEN_PARLN,
2019,NP,4504,SG_GEN_PARLNT,
2020,NP,4504,SG_GEN_PARL,
2020,NP,4504,SG_GEN_PARLN,
2020,NP,4504,SG_GEN_PARLNT,
2022,NP,4504,SG_GEN_PARL,
2022,NP,4504,SG_GEN_PARLN,
2022,NP,4504,SG_GEN_PARLNT,
1984,NP,4601,SG_GEN_PARL,
1984,NP,4601,SG_GEN_PARLN,
1984,NP,4601,SG_GEN_PARLNT,
1988,NP,4601,SG_GEN_PARL,
1988,NP,4601,SG_GEN_PARLN,
1988,NP,4601,SG_GEN_PARLNT,
1990,NP,4601,SG_GEN_PARL,
1990,NP,4601,SG_GEN_PARLN,
1990,NP,4601,SG_GEN_PARLNT,
1992,NP,4601,SG_GEN_PARL,
1992,NP,4601,SG_GEN_PARLN,
1992,NP,4601,SG_GEN_PARLNT,
1994,NP,4601,SG_GEN_PARL,
1994,NP,4601,SG_GEN_PARLN,
1994,NP,4601,SG_GEN_PARLNT,
1996,NP,4601,SG_GEN_PARL,
1996,NP,4601,SG_GEN_PARLN,
1996,NP,4601,SG_GEN_PARLNT,
1998,NP,4601,SG_GEN_PARL,
1998,NP,4601,SG_GEN_PARLN,
1998,NP,4601,SG_GEN_PARLNT,
2000,NP,4601,SG_GEN_PARL,
2000,NP,4601,SG_GEN_PARLN,
2000,NP,4601,SG_GEN_PARLNT,
2002,NP,4601,SG_GEN_PARL,
2002,NP,4601,SG_GEN_PARLN,
2002,NP,4601,SG_GEN_PARLNT,
2004,NP,4601,SG_GEN_PARL,
2004,NP,4601,SG_GEN_PARLN,
2004,NP,4601,SG_GEN_PARLNT,
2008,NP,4601,SG_GEN_PARL,
2008,NP,4601,SG_GEN_PARLN,
2008,NP,4601,SG_GEN_PARLNT,
2011,NP,4601,SG_GEN_PARL,
2011,NP,4601,SG_GEN_PARLN,
2011,NP,4601,SG_GEN_PARLNT,
2012,NP,4601,SG_GEN_PARL,
2012,NP,4601,SG_GEN_PARLN,
2012,NP,4601,SG_GEN_PARLNT,
2015,NP,4601,SG_GEN_PARL,
2015,NP,4601,SG_GEN_PARLN,
2015,NP,4601,SG_GEN_PARLNT,
2016,NP,4601,SG_GEN_PARL,
2016,NP,4601,SG_GEN_PARLN,
2016,NP,4601,SG_GEN_PARLNT,
2019,NP,4601,SG_GEN_PARL,
2019,NP,4601,SG_GEN_PARLN,
2019,NP,4601,SG_GEN_PARLNT,
2020,NP,4601,SG_GEN_PARL,
2020,NP,4601,SG_GEN_PARLN,
2020,NP,4601,SG_GEN_PARLNT,
2022,NP,4601,SG_GEN_PARL,
2022,NP,4601,SG_GEN_PARLN,
2022,NP,4601,SG_GEN_PARLNT,
1984,NP,4303,SG_GEN_PARL,
1984,NP,4303,SG_GEN_PARLN,
1984,NP,4303,SG_GEN_PARLNT,
1988,NP,4303,SG_GEN_PARL,
1988,NP,4303,SG_GEN_PARLN,
1988,NP,4303,SG_GEN_PARLNT,
1990,NP,4303,SG_GEN_PARL,
1990,NP,4303,SG_GEN_PARLN,
1990,NP,4303,SG_GEN_PARLNT,
1992,NP,4303,SG_GEN_PARL,
1992,NP,4303,SG_GEN_PARLN,
1992,NP,4303,SG_GEN_PARLNT,
1994,NP,4303,SG_GEN_PARL,
1994,NP,4303,SG_GEN_PARLN,
1994,NP,4303,SG_GEN_PARLNT,
1996,NP,4303,SG_GEN_PARL,
1996,NP,4303,SG_GEN_PARLN,
1996,NP,4303,SG_GEN_PARLNT,
1998,NP,4303,SG_GEN_PARL,
1998,NP,4303,SG_GEN_PARLN,
1998,NP,4303,SG_GEN_PARLNT,
2000,NP,4303,SG_GEN_PARL,
2000,NP,4303,SG_GEN_PARLN,
2000,NP,4303,SG_GEN_PARLNT,
2002,NP,4303,SG_GEN_PARL,
2002,NP,4303,SG_GEN_PARLN,
2002,NP,4303,SG_GEN_PARLNT,
2004,NP,4303,SG_GEN_PARL,
2004,NP,4303,SG_GEN_PARLN,
2004,NP,4303,SG_GEN_PARLNT,
2008,NP,4303,SG_GEN_PARL,
2008,NP,4303,SG_GEN_PARLN,
2008,NP,4303,SG_GEN_PARLNT,
2011,NP,4303,SG_GEN_PARL,
2011,NP,4303,SG_GEN_PARLN,
2011,NP,4303,SG_GEN_PARLNT,
2012,NP,4303,SG_GEN_PARL,
2012,NP,4303,SG_GEN_PARLN,
2012,NP,4303,SG_GEN_PARLNT,
2015,NP,4303,SG_GEN_PARL,
2015,NP,4303,SG_GEN_PARLN,
2015,NP,4303,SG_GEN_PARLNT,
2016,NP,4303,SG_GEN_PARL,
2016,NP,4303,SG_GEN_PARLN,
2016,NP,4303,SG_GEN_PARLNT,
2019,NP,4303,SG_GEN_PARL,
2019,NP,4303,SG_GEN_PARLN,
2019,NP,4303,SG_GEN_PARLNT,
2020,NP,4303,SG_GEN_PARL,
2020,NP,4303,SG_GEN_PARLN,
2020,NP,4303,SG_GEN_PARLNT,
2022,NP,4303,SG_GEN_PARL,
2022,NP,4303,SG_GEN_PARLN,
2022,NP,4303,SG_GEN_PARLNT,
1984,NP,4104,SG_GEN_PARL,
1984,NP,4104,SG_GEN_PARLN,
1984,NP,4104,SG_GEN_PARLNT,
1988,NP,4104,SG_GEN_PARL,
1988,NP,4104,SG_GEN_PARLN,
1988,NP,4104,SG_GEN_PARLNT,
1990,NP,4104,SG_GEN_PARL,
1990,NP,4104,SG_GEN_PARLN,
1990,NP,4104,SG_GEN_PARLNT,
1992,NP,4104,SG_GEN_PARL,
1992,NP,4104,SG_GEN_PARLN,
1992,NP,4104,SG_GEN_PARLNT,
1994,NP,4104,SG_GEN_PARL,
1994,NP,4104,SG_GEN_PARLN,
1994,NP,4104,SG_GEN_PARLNT,
1996,NP,4104,SG_GEN_PARL,
1996,NP,4104,SG_GEN_PARLN,
1996,NP,4104,SG_GEN_PARLNT,
1998,NP,4104,SG_GEN_PARL,
1998,NP,4104,SG_GEN_PARLN,
1998,NP,4104,SG_GEN_PARLNT,
2000,NP,4104,SG_GEN_PARL,
2000,NP,4104,SG_GEN_PARLN,
2000,NP,4104,SG_GEN_PARLNT,
2002,NP,4104,SG_GEN_PARL,
2002,NP,4104,SG_GEN_PARLN,
2002,NP,4104,SG_GEN_PARLNT,
2004,NP,4104,SG_GEN_PARL,
2004,NP,4104,SG_GEN_PARLN,
2004,NP,4104,SG_GEN_PARLNT,
2008,NP,4104,SG_GEN_PARL,
2008,NP,4104,SG_GEN_PARLN,
2008,NP,4104,SG_GEN_PARLNT,
2011,NP,4104,SG_GEN_PARL,
2011,NP,4104,SG_GEN_PARLN,
2011,NP,4104,SG_GEN_PARLNT,
2012,NP,4104,SG_GEN_PARL,
2012,NP,4104,SG_GEN_PARLN,
2012,NP,4104,SG_GEN_PARLNT,
2015,NP,4104,SG_GEN_PARL,
2015,NP,4104,SG_GEN_PARLN,
2015,NP,4104,SG_GEN_PARLNT,
2016,NP,4104,SG_GEN_PARL,
2016,NP,4104,SG_GEN_PARLN,
2016,NP,4104,SG_GEN_PARLNT,
2019,NP,4104,SG_GEN_PARL,
2019,NP,4104,SG_GEN_PARLN,
2019,NP,4104,SG_GEN_PARLNT,
2020,NP,4104,SG_GEN_PARL,
2020,NP,4104,SG_GEN_PARLN,
2020,NP,4104,SG_GEN_PARLNT,
2022,NP,4104,SG_GEN_PARL,
2022,NP,4104,SG_GEN_PARLN,
2022,NP,4104,SG_GEN_PARLNT,
1984,NP,4309,SG_GEN_PARL,
1984,NP,4309,SG_GEN_PARLN,
1984,NP,4309,SG_GEN_PARLNT,
1988,NP,4309,SG_GEN_PARL,
1988,NP,4309,SG_GEN_PARLN,
1988,NP,4309,SG_GEN_PARLNT,
1990,NP,4309,SG_GEN_PARL,
1990,NP,4309,SG_GEN_PARLN,
1990,NP,4309,SG_GEN_PARLNT,
1992,NP,4309,SG_GEN_PARL,
1992,NP,4309,SG_GEN_PARLN,
1992,NP,4309,SG_GEN_PARLNT,
1994,NP,4309,SG_GEN_PARL,
1994,NP,4309,SG_GEN_PARLN,
1994,NP,4309,SG_GEN_PARLNT,
1996,NP,4309,SG_GEN_PARL,
1996,NP,4309,SG_GEN_PARLN,
1996,NP,4309,SG_GEN_PARLNT,
1998,NP,4309,SG_GEN_PARL,
1998,NP,4309,SG_GEN_PARLN,
1998,NP,4309,SG_GEN_PARLNT,
2000,NP,4309,SG_GEN_PARL,
2000,NP,4309,SG_GEN_PARLN,
2000,NP,4309,SG_GEN_PARLNT,
2002,NP,4309,SG_GEN_PARL,
2002,NP,4309,SG_GEN_PARLN,
2002,NP,4309,SG_GEN_PARLNT,
2004,NP,4309,SG_GEN_PARL,
2004,NP,4309,SG_GEN_PARLN,
2004,NP,4309,SG_GEN_PARLNT,
2008,NP,4309,SG_GEN_PARL,
2008,NP,4309,SG_GEN_PARLN,
2008,NP,4309,SG_GEN_PARLNT,
2011,NP,4309,SG_GEN_PARL,
2011,NP,4309,SG_GEN_PARLN,
2011,NP,4309,SG_GEN_PARLNT,
2012,NP,4309,SG_GEN_PARL,
2012,NP,4309,SG_GEN_PARLN,
2012,NP,4309,SG_GEN_PARLNT,
2015,NP,4309,SG_GEN_PARL,
2015,NP,4309,SG_GEN_PARLN,
2015,NP,4309,SG_GEN_PARLNT,
2016,NP,4309,SG_GEN_PARL,
2016,NP,4309,SG_GEN_PARLN,
2016,NP,4309,SG_GEN_PARLNT,
2019,NP,4309,SG_GEN_PARL,
2019,NP,4309,SG_GEN_PARLN,
2019,NP,4309,SG_GEN_PARLNT,
2020,NP,4309,SG_GEN_PARL,
2020,NP,4309,SG_GEN_PARLN,
2020,NP,4309,SG_GEN_PARLNT,
2022,NP,4309,SG_GEN_PARL,
2022,NP,4309,SG_GEN_PARLN,
2022,NP,4309,SG_GEN_PARLNT,
1984,NP,4105,SG_GEN_PARL,
1984,NP,4105,SG_GEN_PARLN,
1984,NP,4105,SG_GEN_PARLNT,
1988,NP,4105,SG_GEN_PARL,
1988,NP,4105,SG_GEN_PARLN,
1988,NP,4105,SG_GEN_PARLNT,
1990,NP,4105,SG_GEN_PARL,
1990,NP,4105,SG_GEN_PARLN,
1990,NP,4105,SG_GEN_PARLNT,
1992,NP,4105,SG_GEN_PARL,
1992,NP,4105,SG_GEN_PARLN,
1992,NP,4105,SG_GEN_PARLNT,
1994,NP,4105,SG_GEN_PARL,
1994,NP,4105,SG_GEN_PARLN,
1994,NP,4105,SG_GEN_PARLNT,
1996,NP,4105,SG_GEN_PARL,
1996,NP,4105,SG_GEN_PARLN,
1996,NP,4105,SG_GEN_PARLNT,
1998,NP,4105,SG_GEN_PARL,
1998,NP,4105,SG_GEN_PARLN,
1998,NP,4105,SG_GEN_PARLNT,
2000,NP,4105,SG_GEN_PARL,
2000,NP,4105,SG_GEN_PARLN,
2000,NP,4105,SG_GEN_PARLNT,
2002,NP,4105,SG_GEN_PARL,
2002,NP,4105,SG_GEN_PARLN,
2002,NP,4105,SG_GEN_PARLNT,
2004,NP,4105,SG_GEN_PARL,
2004,NP,4105,SG_GEN_PARLN,
2004,NP,4105,SG_GEN_PARLNT,
2008,NP,4105,SG_GEN_PARL,
2008,NP,4105,SG_GEN_PARLN,
2008,NP,4105,SG_GEN_PARLNT,
2011,NP,4105,SG_GEN_PARL,
2011,NP,4105,SG_GEN_PARLN,
2011,NP,4105,SG_GEN_PARLNT,
2012,NP,4105,SG_GEN_PARL,
2012,NP,4105,SG_GEN_PARLN,
2012,NP,4105,SG_GEN_PARLNT,
2015,NP,4105,SG_GEN_PARL,
2015,NP,4105,SG_GEN_PARLN,
2015,NP,4105,SG_GEN_PARLNT,
2016,NP,4105,SG_GEN_PARL,
2016,NP,4105,SG_GEN_PARLN,
2016,NP,4105,SG_GEN_PARLNT,
2019,NP,4105,SG_GEN_PARL,
2019,NP,4105,SG_GEN_PARLN,
2019,NP,4105,SG_GEN_PARLNT,
2020,NP,4105,SG_GEN_PARL,
2020,NP,4105,SG_GEN_PARLN,
2020,NP,4105,SG_GEN_PARLNT,
2022,NP,4105,SG_GEN_PARL,
2022,NP,4105,SG_GEN_PARLN,
2022,NP,4105,SG_GEN_PARLNT,
1984,NP,4305,SG_GEN_PARL,
1984,NP,4305,SG_GEN_PARLN,
1984,NP,4305,SG_GEN_PARLNT,
1988,NP,4305,SG_GEN_PARL,
1988,NP,4305,SG_GEN_PARLN,
1988,NP,4305,SG_GEN_PARLNT,
1990,NP,4305,SG_GEN_PARL,
1990,NP,4305,SG_GEN_PARLN,
1990,NP,4305,SG_GEN_PARLNT,
1992,NP,4305,SG_GEN_PARL,
1992,NP,4305,SG_GEN_PARLN,
1992,NP,4305,SG_GEN_PARLNT,
1994,NP,4305,SG_GEN_PARL,
1994,NP,4305,SG_GEN_PARLN,
1994,NP,4305,SG_GEN_PARLNT,
1996,NP,4305,SG_GEN_PARL,
1996,NP,4305,SG_GEN_PARLN,
1996,NP,4305,SG_GEN_PARLNT,
1998,NP,4305,SG_GEN_PARL,
1998,NP,4305,SG_GEN_PARLN,
1998,NP,4305,SG_GEN_PARLNT,
2000,NP,4305,SG_GEN_PARL,
2000,NP,4305,SG_GEN_PARLN,
2000,NP,4305,SG_GEN_PARLNT,
2002,NP,4305,SG_GEN_PARL,
2002,NP,4305,SG_GEN_PARLN,
2002,NP,4305,SG_GEN_PARLNT,
2004,NP,4305,SG_GEN_PARL,
2004,NP,4305,SG_GEN_PARLN,
2004,NP,4305,SG_GEN_PARLNT,
2008,NP,4305,SG_GEN_PARL,
2008,NP,4305,SG_GEN_PARLN,
2008,NP,4305,SG_GEN_PARLNT,
2011,NP,4305,SG_GEN_PARL,
2011,NP,4305,SG_GEN_PARLN,
2011,NP,4305,SG_GEN_PARLNT,
2012,NP,4305,SG_GEN_PARL,
2012,NP,4305,SG_GEN_PARLN,
2012,NP,4305,SG_GEN_PARLNT,
2015,NP,4305,SG_GEN_PARL,
2015,NP,4305,SG_GEN_PARLN,
2015,NP,4305,SG_GEN_PARLNT,
2016,NP,4305,SG_GEN_PARL,
2016,NP,4305,SG_GEN_PARLN,
2016,NP,4305,SG_GEN_PARLNT,
2019,NP,4305,SG_GEN_PARL,
2019,NP,4305,SG_GEN_PARLN,
2019,NP,4305,SG_GEN_PARLNT,
2020,NP,4305,SG_GEN_PARL,
2020,NP,4305,SG_GEN_PARLN,
2020,NP,4305,SG_GEN_PARLNT,
2022,NP,4305,SG_GEN_PARL,
2022,NP,4305,SG_GEN_PARLN,
2022,NP,4305,SG_GEN_PARLNT,
1984,NP,4106,SG_GEN_PARL,
1984,NP,4106,SG_GEN_PARLN,
1984,NP,4106,SG_GEN_PARLNT,
1988,NP,4106,SG_GEN_PARL,
1988,NP,4106,SG_GEN_PARLN,
1988,NP,4106,SG_GEN_PARLNT,
1990,NP,4106,SG_GEN_PARL,
1990,NP,4106,SG_GEN_PARLN,
1990,NP,4106,SG_GEN_PARLNT,
1992,NP,4106,SG_GEN_PARL,
1992,NP,4106,SG_GEN_PARLN,
1992,NP,4106,SG_GEN_PARLNT,
1994,NP,4106,SG_GEN_PARL,
1994,NP,4106,SG_GEN_PARLN,
1994,NP,4106,SG_GEN_PARLNT,
1996,NP,4106,SG_GEN_PARL,
1996,NP,4106,SG_GEN_PARLN,
1996,NP,4106,SG_GEN_PARLNT,
1998,NP,4106,SG_GEN_PARL,
1998,NP,4106,SG_GEN_PARLN,
1998,NP,4106,SG_GEN_PARLNT,
2000,NP,4106,SG_GEN_PARL,
2000,NP,4106,SG_GEN_PARLN,
2000,NP,4106,SG_GEN_PARLNT,
2002,NP,4106,SG_GEN_PARL,
2002,NP,4106,SG_GEN_PARLN,
2002,NP,4106,SG_GEN_PARLNT,
2004,NP,4106,SG_GEN_PARL,
2004,NP,4106,SG_GEN_PARLN,
2004,NP,4106,SG_GEN_PARLNT,
2008,NP,4106,SG_GEN_PARL,
2008,NP,4106,SG_GEN_PARLN,
2008,NP,4106,SG_GEN_PARLNT,
2011,NP,4106,SG_GEN_PARL,
2011,NP,4106,SG_GEN_PARLN,
2011,NP,4106,SG_GEN_PARLNT,
2012,NP,4106,SG_GEN_PARL,
2012,NP,4106,SG_GEN_PARLN,
2012,NP,4106,SG_GEN_PARLNT,
2015,NP,4106,SG_GEN_PARL,
2015,NP,4106,SG_GEN_PARLN,
2015,NP,4106,SG_GEN_PARLNT,
2016,NP,4106,SG_GEN_PARL,
2016,NP,4106,SG_GEN_PARLN,
2016,NP,4106,SG_GEN_PARLNT,
2019,NP,4106,SG_GEN_PARL,
2019,NP,4106,SG_GEN_PARLN,
2019,NP,4106,SG_GEN_PARLNT,
2020,NP,4106,SG_GEN_PARL,
2020,NP,4106,SG_GEN_PARLN,
2020,NP,4106,SG_GEN_PARLNT,
2022,NP,4106,SG_GEN_PARL,
2022,NP,4106,SG_GEN_PARLN,
2022,NP,4106,SG_GEN_PARLNT,
1984,NP,4306,SG_GEN_PARL,
1984,NP,4306,SG_GEN_PARLN,
1984,NP,4306,SG_GEN_PARLNT,
1988,NP,4306,SG_GEN_PARL,
1988,NP,4306,SG_GEN_PARLN,
1988,NP,4306,SG_GEN_PARLNT,
1990,NP,4306,SG_GEN_PARL,
1990,NP,4306,SG_GEN_PARLN,
1990,NP,4306,SG_GEN_PARLNT,
1992,NP,4306,SG_GEN_PARL,
1992,NP,4306,SG_GEN_PARLN,
1992,NP,4306,SG_GEN_PARLNT,
1994,NP,4306,SG_GEN_PARL,
1994,NP,4306,SG_GEN_PARLN,
1994,NP,4306,SG_GEN_PARLNT,
1996,NP,4306,SG_GEN_PARL,
1996,NP,4306,SG_GEN_PARLN,
1996,NP,4306,SG_GEN_PARLNT,
1998,NP,4306,SG_GEN_PARL,
1998,NP,4306,SG_GEN_PARLN,
1998,NP,4306,SG_GEN_PARLNT,
2000,NP,4306,SG_GEN_PARL,
2000,NP,4306,SG_GEN_PARLN,
2000,NP,4306,SG_GEN_PARLNT,
2002,NP,4306,SG_GEN_PARL,
2002,NP,4306,SG_GEN_PARLN,
2002,NP,4306,SG_GEN_PARLNT,
2004,NP,4306,SG_GEN_PARL,
2004,NP,4306,SG_GEN_PARLN,
2004,NP,4306,SG_GEN_PARLNT,
2008,NP,4306,SG_GEN_PARL,
2008,NP,4306,SG_GEN_PARLN,
2008,NP,4306,SG_GEN_PARLNT,
2011,NP,4306,SG_GEN_PARL,
2011,NP,4306,SG_GEN_PARLN,
2011,NP,4306,SG_GEN_PARLNT,
2012,NP,4306,SG_GEN_PARL,
2012,NP,4306,SG_GEN_PARLN,
2012,NP,4306,SG_GEN_PARLNT,
2015,NP,4306,SG_GEN_PARL,
2015,NP,4306,SG_GEN_PARLN,
2015,NP,4306,SG_GEN_PARLNT,
2016,NP,4306,SG_GEN_PARL,
2016,NP,4306,SG_GEN_PARLN,
2016,NP,4306,SG_GEN_PARLNT,
2019,NP,4306,SG_GEN_PARL,
2019,NP,4306,SG_GEN_PARLN,
2019,NP,4306,SG_GEN_PARLNT,
2020,NP,4306,SG_GEN_PARL,
2020,NP,4306,SG_GEN_PARLN,
2020,NP,4306,SG_GEN_PARLNT,
2022,NP,4306,SG_GEN_PARL,
2022,NP,4306,SG_GEN_PARLN,
2022,NP,4306,SG_GEN_PARLNT,
1984,NP,4204,SG_GEN_PARL,
1984,NP,4204,SG_GEN_PARLN,
1984,NP,4204,SG_GEN_PARLNT,
1988,NP,4204,SG_GEN_PARL,
1988,NP,4204,SG_GEN_PARLN,
1988,NP,4204,SG_GEN_PARLNT,
1990,NP,4204,SG_GEN_PARL,
1990,NP,4204,SG_GEN_PARLN,
1990,NP,4204,SG_GEN_PARLNT,
1992,NP,4204,SG_GEN_PARL,
1992,NP,4204,SG_GEN_PARLN,
1992,NP,4204,SG_GEN_PARLNT,
1994,NP,4204,SG_GEN_PARL,
1994,NP,4204,SG_GEN_PARLN,
1994,NP,4204,SG_GEN_PARLNT,
1996,NP,4204,SG_GEN_PARL,
1996,NP,4204,SG_GEN_PARLN,
1996,NP,4204,SG_GEN_PARLNT,
1998,NP,4204,SG_GEN_PARL,
1998,NP,4204,SG_GEN_PARLN,
1998,NP,4204,SG_GEN_PARLNT,
2000,NP,4204,SG_GEN_PARL,
2000,NP,4204,SG_GEN_PARLN,
2000,NP,4204,SG_GEN_PARLNT,
2002,NP,4204,SG_GEN_PARL,
2002,NP,4204,SG_GEN_PARLN,
2002,NP,4204,SG_GEN_PARLNT,
2004,NP,4204,SG_GEN_PARL,
2004,NP,4204,SG_GEN_PARLN,
2004,NP,4204,SG_GEN_PARLNT,
2008,NP,4204,SG_GEN_PARL,
2008,NP,4204,SG_GEN_PARLN,
2008,NP,4204,SG_GEN_PARLNT,
2011,NP,4204,SG_GEN_PARL,
2011,NP,4204,SG_GEN_PARLN,
2011,NP,4204,SG_GEN_PARLNT,
2012,NP,4204,SG_GEN_PARL,
2012,NP,4204,SG_GEN_PARLN,
2012,NP,4204,SG_GEN_PARLNT,
2015,NP,4204,SG_GEN_PARL,
2015,NP,4204,SG_GEN_PARLN,
2015,NP,4204,SG_GEN_PARLNT,
2016,NP,4204,SG_GEN_PARL,
2016,NP,4204,SG_GEN_PARLN,
2016,NP,4204,SG_GEN_PARLNT,
2019,NP,4204,SG_GEN_PARL,
2019,NP,4204,SG_GEN_PARLN,
2019,NP,4204,SG_GEN_PARLNT,
2020,NP,4204,SG_GEN_PARL,
2020,NP,4204,SG_GEN_PARLN,
2020,NP,4204,SG_GEN_PARLNT,
2022,NP,4204,SG_GEN_PARL,
2022,NP,4204,SG_GEN_PARLN,
2022,NP,4204,SG_GEN_PARLNT,
1984,NP,4402,SG_GEN_PARL,
1984,NP,4402,SG_GEN_PARLN,
1984,NP,4402,SG_GEN_PARLNT,
1988,NP,4402,SG_GEN_PARL,
1988,NP,4402,SG_GEN_PARLN,
1988,NP,4402,SG_GEN_PARLNT,
1990,NP,4402,SG_GEN_PARL,
1990,NP,4402,SG_GEN_PARLN,
1990,NP,4402,SG_GEN_PARLNT,
1992,NP,4402,SG_GEN_PARL,
1992,NP,4402,SG_GEN_PARLN,
1992,NP,4402,SG_GEN_PARLNT,
1994,NP,4402,SG_GEN_PARL,
1994,NP,4402,SG_GEN_PARLN,
1994,NP,4402,SG_GEN_PARLNT,
1996,NP,4402,SG_GEN_PARL,
1996,NP,4402,SG_GEN_PARLN,
1996,NP,4402,SG_GEN_PARLNT,
1998,NP,4402,SG_GEN_PARL,
1998,NP,4402,SG_GEN_PARLN,
1998,NP,4402,SG_GEN_PARLNT,
2000,NP,4402,SG_GEN_PARL,
2000,NP,4402,SG_GEN_PARLN,
2000,NP,4402,SG_GEN_PARLNT,
2002,NP,4402,SG_GEN_PARL,
2002,NP,4402,SG_GEN_PARLN,
2002,NP,4402,SG_GEN_PARLNT,
2004,NP,4402,SG_GEN_PARL,
2004,NP,4402,SG_GEN_PARLN,
2004,NP,4402,SG_GEN_PARLNT,
2008,NP,4402,SG_GEN_PARL,
2008,NP,4402,SG_GEN_PARLN,
2008,NP,4402,SG_GEN_PARLNT,
2011,NP,4402,SG_GEN_PARL,
2011,NP,4402,SG_GEN_PARLN,
2011,NP,4402,SG_GEN_PARLNT,
2012,NP,4402,SG_GEN_PARL,
2012,NP,4402,SG_GEN_PARLN,
2012,NP,4402,SG_GEN_PARLNT,
2015,NP,4402,SG_GEN_PARL,
2015,NP,4402,SG_GEN_PARLN,
2015,NP,4402,SG_GEN_PARLNT,
2016,NP,4402,SG_GEN_PARL,
2016,NP,4402,SG_GEN_PARLN,
2016,NP,4402,SG_GEN_PARLNT,
2019,NP,4402,SG_GEN_PARL,
2019,NP,4402,SG_GEN_PARLN,
2019,NP,4402,SG_GEN_PARLNT,
2020,NP,4402,SG_GEN_PARL,
2020,NP,4402,SG_GEN_PARLN,
2020,NP,4402,SG_GEN_PARLNT,
2022,NP,4402,SG_GEN_PARL,
2022,NP,4402,SG_GEN_PARLN,
2022,NP,4402,SG_GEN_PARLNT,
1984,NP,4107,SG_GEN_PARL,
1984,NP,4107,SG_GEN_PARLN,
1984,NP,4107,SG_GEN_PARLNT,
1988,NP,4107,SG_GEN_PARL,
1988,NP,4107,SG_GEN_PARLN,
1988,NP,4107,SG_GEN_PARLNT,
1990,NP,4107,SG_GEN_PARL,
1990,NP,4107,SG_GEN_PARLN,
1990,NP,4107,SG_GEN_PARLNT,
1992,NP,4107,SG_GEN_PARL,
1992,NP,4107,SG_GEN_PARLN,
1992,NP,4107,SG_GEN_PARLNT,
1994,NP,4107,SG_GEN_PARL,
1994,NP,4107,SG_GEN_PARLN,
1994,NP,4107,SG_GEN_PARLNT,
1996,NP,4107,SG_GEN_PARL,
1996,NP,4107,SG_GEN_PARLN,
1996,NP,4107,SG_GEN_PARLNT,
1998,NP,4107,SG_GEN_PARL,
1998,NP,4107,SG_GEN_PARLN,
1998,NP,4107,SG_GEN_PARLNT,
2000,NP,4107,SG_GEN_PARL,
2000,NP,4107,SG_GEN_PARLN,
2000,NP,4107,SG_GEN_PARLNT,
2002,NP,4107,SG_GEN_PARL,
2002,NP,4107,SG_GEN_PARLN,
2002,NP,4107,SG_GEN_PARLNT,
2004,NP,4107,SG_GEN_PARL,
2004,NP,4107,SG_GEN_PARLN,
2004,NP,4107,SG_GEN_PARLNT,
2008,NP,4107,SG_GEN_PARL,
2008,NP,4107,SG_GEN_PARLN,
2008,NP,4107,SG_GEN_PARLNT,
2011,NP,4107,SG_GEN_PARL,
2011,NP,4107,SG_GEN_PARLN,
2011,NP,4107,SG_GEN_PARLNT,
2012,NP,4107,SG_GEN_PARL,
2012,NP,4107,SG_GEN_PARLN,
2012,NP,4107,SG_GEN_PARLNT,
2015,NP,4107,SG_GEN_PARL,
2015,NP,4107,SG_GEN_PARLN,
2015,NP,4107,SG_GEN_PARLNT,
2016,NP,4107,SG_GEN_PARL,
2016,NP,4107,SG_GEN_PARLN,
2016,NP,4107,SG_GEN_PARLNT,
2019,NP,4107,SG_GEN_PARL,
2019,NP,4107,SG_GEN_PARLN,
2019,NP,4107,SG_GEN_PARLNT,
2020,NP,4107,SG_GEN_PARL,
2020,NP,4107,SG_GEN_PARLN,
2020,NP,4107,SG_GEN_PARLNT,
2022,NP,4107,SG_GEN_PARL,
2022,NP,4107,SG_GEN_PARLN,
2022,NP,4107,SG_GEN_PARLNT,
1984,NP,4405,SG_GEN_PARL,
1984,NP,4405,SG_GEN_PARLN,
1984,NP,4405,SG_GEN_PARLNT,
1988,NP,4405,SG_GEN_PARL,
1988,NP,4405,SG_GEN_PARLN,
1988,NP,4405,SG_GEN_PARLNT,
1990,NP,4405,SG_GEN_PARL,
1990,NP,4405,SG_GEN_PARLN,
1990,NP,4405,SG_GEN_PARLNT,
1992,NP,4405,SG_GEN_PARL,
1992,NP,4405,SG_GEN_PARLN,
1992,NP,4405,SG_GEN_PARLNT,
1994,NP,4405,SG_GEN_PARL,
1994,NP,4405,SG_GEN_PARLN,
1994,NP,4405,SG_GEN_PARLNT,
1996,NP,4405,SG_GEN_PARL,
1996,NP,4405,SG_GEN_PARLN,
1996,NP,4405,SG_GEN_PARLNT,
1998,NP,4405,SG_GEN_PARL,
1998,NP,4405,SG_GEN_PARLN,
1998,NP,4405,SG_GEN_PARLNT,
2000,NP,4405,SG_GEN_PARL,
2000,NP,4405,SG_GEN_PARLN,
2000,NP,4405,SG_GEN_PARLNT,
2002,NP,4405,SG_GEN_PARL,
2002,NP,4405,SG_GEN_PARLN,
2002,NP,4405,SG_GEN_PARLNT,
2004,NP,4405,SG_GEN_PARL,
2004,NP,4405,SG_GEN_PARLN,
2004,NP,4405,SG_GEN_PARLNT,
2008,NP,4405,SG_GEN_PARL,
2008,NP,4405,SG_GEN_PARLN,
2008,NP,4405,SG_GEN_PARLNT,
2011,NP,4405,SG_GEN_PARL,
2011,NP,4405,SG_GEN_PARLN,
2011,NP,4405,SG_GEN_PARLNT,
2012,NP,4405,SG_GEN_PARL,
2012,NP,4405,SG_GEN_PARLN,
2012,NP,4405,SG_GEN_PARLNT,
2015,NP,4405,SG_GEN_PARL,
2015,NP,4405,SG_GEN_PARLN,
2015,NP,4405,SG_GEN_PARLNT,
2016,NP,4405,SG_GEN_PARL,
2016,NP,4405,SG_GEN_PARLN,
2016,NP,4405,SG_GEN_PARLNT,
2019,NP,4405,SG_GEN_PARL,
2019,NP,4405,SG_GEN_PARLN,
2019,NP,4405,SG_GEN_PARLNT,
2020,NP,4405,SG_GEN_PARL,
2020,NP,4405,SG_GEN_PARLN,
2020,NP,4405,SG_GEN_PARLNT,
2022,NP,4405,SG_GEN_PARL,
2022,NP,4405,SG_GEN_PARLN,
2022,NP,4405,SG_GEN_PARLNT,
1984,NP,4206,SG_GEN_PARL,
1984,NP,4206,SG_GEN_PARLN,
1984,NP,4206,SG_GEN_PARLNT,
1988,NP,4206,SG_GEN_PARL,
1988,NP,4206,SG_GEN_PARLN,
1988,NP,4206,SG_GEN_PARLNT,
1990,NP,4206,SG_GEN_PARL,
1990,NP,4206,SG_GEN_PARLN,
1990,NP,4206,SG_GEN_PARLNT,
1992,NP,4206,SG_GEN_PARL,
1992,NP,4206,SG_GEN_PARLN,
1992,NP,4206,SG_GEN_PARLNT,
1994,NP,4206,SG_GEN_PARL,
1994,NP,4206,SG_GEN_PARLN,
1994,NP,4206,SG_GEN_PARLNT,
1996,NP,4206,SG_GEN_PARL,
1996,NP,4206,SG_GEN_PARLN,
1996,NP,4206,SG_GEN_PARLNT,
1998,NP,4206,SG_GEN_PARL,
1998,NP,4206,SG_GEN_PARLN,
1998,NP,4206,SG_GEN_PARLNT,
2000,NP,4206,SG_GEN_PARL,
2000,NP,4206,SG_GEN_PARLN,
2000,NP,4206,SG_GEN_PARLNT,
2002,NP,4206,SG_GEN_PARL,
2002,NP,4206,SG_GEN_PARLN,
2002,NP,4206,SG_GEN_PARLNT,
2004,NP,4206,SG_GEN_PARL,
2004,NP,4206,SG_GEN_PARLN,
2004,NP,4206,SG_GEN_PARLNT,
2008,NP,4206,SG_GEN_PARL,
2008,NP,4206,SG_GEN_PARLN,
2008,NP,4206,SG_GEN_PARLNT,
2011,NP,4206,SG_GEN_PARL,
2011,NP,4206,SG_GEN_PARLN,
2011,NP,4206,SG_GEN_PARLNT,
2012,NP,4206,SG_GEN_PARL,
2012,NP,4206,SG_GEN_PARLN,
2012,NP,4206,SG_GEN_PARLNT,
2015,NP,4206,SG_GEN_PARL,
2015,NP,4206,SG_GEN_PARLN,
2015,NP,4206,SG_GEN_PARLNT,
2016,NP,4206,SG_GEN_PARL,
2016,NP,4206,SG_GEN_PARLN,
2016,NP,4206,SG_GEN_PARLNT,
2019,NP,4206,SG_GEN_PARL,
2019,NP,4206,SG_GEN_PARLN,
2019,NP,4206,SG_GEN_PARLNT,
2020,NP,4206,SG_GEN_PARL,
2020,NP,4206,SG_GEN_PARLN,
2020,NP,4206,SG_GEN_PARLNT,
2022,NP,4206,SG_GEN_PARL,
2022,NP,4206,SG_GEN_PARLN,
2022,NP,4206,SG_GEN_PARLNT,
1984,NP,4311,SG_GEN_PARL,
1984,NP,4311,SG_GEN_PARLN,
1984,NP,4311,SG_GEN_PARLNT,
1988,NP,4311,SG_GEN_PARL,
1988,NP,4311,SG_GEN_PARLN,
1988,NP,4311,SG_GEN_PARLNT,
1990,NP,4311,SG_GEN_PARL,
1990,NP,4311,SG_GEN_PARLN,
1990,NP,4311,SG_GEN_PARLNT,
1992,NP,4311,SG_GEN_PARL,
1992,NP,4311,SG_GEN_PARLN,
1992,NP,4311,SG_GEN_PARLNT,
1994,NP,4311,SG_GEN_PARL,
1994,NP,4311,SG_GEN_PARLN,
1994,NP,4311,SG_GEN_PARLNT,
1996,NP,4311,SG_GEN_PARL,
1996,NP,4311,SG_GEN_PARLN,
1996,NP,4311,SG_GEN_PARLNT,
1998,NP,4311,SG_GEN_PARL,
1998,NP,4311,SG_GEN_PARLN,
1998,NP,4311,SG_GEN_PARLNT,
2000,NP,4311,SG_GEN_PARL,
2000,NP,4311,SG_GEN_PARLN,
2000,NP,4311,SG_GEN_PARLNT,
2002,NP,4311,SG_GEN_PARL,
2002,NP,4311,SG_GEN_PARLN,
2002,NP,4311,SG_GEN_PARLNT,
2004,NP,4311,SG_GEN_PARL,
2004,NP,4311,SG_GEN_PARLN,
2004,NP,4311,SG_GEN_PARLNT,
2008,NP,4311,SG_GEN_PARL,
2008,NP,4311,SG_GEN_PARLN,
2008,NP,4311,SG_GEN_PARLNT,
2011,NP,4311,SG_GEN_PARL,
2011,NP,4311,SG_GEN_PARLN,
2011,NP,4311,SG_GEN_PARLNT,
2012,NP,4311,SG_GEN_PARL,
2012,NP,4311,SG_GEN_PARLN,
2012,NP,4311,SG_GEN_PARLNT,
2015,NP,4311,SG_GEN_PARL,
2015,NP,4311,SG_GEN_PARLN,
2015,NP,4311,SG_GEN_PARLNT,
2016,NP,4311,SG_GEN_PARL,
2016,NP,4311,SG_GEN_PARLN,
2016,NP,4311,SG_GEN_PARLNT,
2019,NP,4311,SG_GEN_PARL,
2019,NP,4311,SG_GEN_PARLN,
2019,NP,4311,SG_GEN_PARLNT,
2020,NP,4311,SG_GEN_PARL,
2020,NP,4311,SG_GEN_PARLN,
2020,NP,4311,SG_GEN_PARLNT,
2022,NP,4311,SG_GEN_PARL,
2022,NP,4311,SG_GEN_PARLN,
2022,NP,4311,SG_GEN_PARLNT,
1984,NP,4201,SG_GEN_PARL,
1984,NP,4201,SG_GEN_PARLN,
1984,NP,4201,SG_GEN_PARLNT,
1988,NP,4201,SG_GEN_PARL,
1988,NP,4201,SG_GEN_PARLN,
1988,NP,4201,SG_GEN_PARLNT,
1990,NP,4201,SG_GEN_PARL,
1990,NP,4201,SG_GEN_PARLN,
1990,NP,4201,SG_GEN_PARLNT,
1992,NP,4201,SG_GEN_PARL,
1992,NP,4201,SG_GEN_PARLN,
1992,NP,4201,SG_GEN_PARLNT,
1994,NP,4201,SG_GEN_PARL,
1994,NP,4201,SG_GEN_PARLN,
1994,NP,4201,SG_GEN_PARLNT,
1996,NP,4201,SG_GEN_PARL,
1996,NP,4201,SG_GEN_PARLN,
1996,NP,4201,SG_GEN_PARLNT,
1998,NP,4201,SG_GEN_PARL,
1998,NP,4201,SG_GEN_PARLN,
1998,NP,4201,SG_GEN_PARLNT,
2000,NP,4201,SG_GEN_PARL,
2000,NP,4201,SG_GEN_PARLN,
2000,NP,4201,SG_GEN_PARLNT,
2002,NP,4201,SG_GEN_PARL,
2002,NP,4201,SG_GEN_PARLN,
2002,NP,4201,SG_GEN_PARLNT,
2004,NP,4201,SG_GEN_PARL,
2004,NP,4201,SG_GEN_PARLN,
2004,NP,4201,SG_GEN_PARLNT,
2008,NP,4201,SG_GEN_PARL,
2008,NP,4201,SG_GEN_PARLN,
2008,NP,4201,SG_GEN_PARLNT,
2011,NP,4201,SG_GEN_PARL,
2011,NP,4201,SG_GEN_PARLN,
2011,NP,4201,SG_GEN_PARLNT,
2012,NP,4201,SG_GEN_PARL,
2012,NP,4201,SG_GEN_PARLN,
2012,NP,4201,SG_GEN_PARLNT,
2015,NP,4201,SG_GEN_PARL,
2015,NP,4201,SG_GEN_PARLN,
2015,NP,4201,SG_GEN_PARLNT,
2016,NP,4201,SG_GEN_PARL,
2016,NP,4201,SG_GEN_PARLN,
2016,NP,4201,SG_GEN_PARLNT,
2019,NP,4201,SG_GEN_PARL,
2019,NP,4201,SG_GEN_PARLN,
2019,NP,4201,SG_GEN_PARLNT,
2020,NP,4201,SG_GEN_PARL,
2020,NP,4201,SG_GEN_PARLN,
2020,NP,4201,SG_GEN_PARLNT,
2022,NP,4201,SG_GEN_PARL,
2022,NP,4201,SG_GEN_PARLN,
2022,NP,4201,SG_GEN_PARLNT,
1984,NP,4605,SG_GEN_PARL,
1984,NP,4605,SG_GEN_PARLN,
1984,NP,4605,SG_GEN_PARLNT,
1988,NP,4605,SG_GEN_PARL,
1988,NP,4605,SG_GEN_PARLN,
1988,NP,4605,SG_GEN_PARLNT,
1990,NP,4605,SG_GEN_PARL,
1990,NP,4605,SG_GEN_PARLN,
1990,NP,4605,SG_GEN_PARLNT,
1992,NP,4605,SG_GEN_PARL,
1992,NP,4605,SG_GEN_PARLN,
1992,NP,4605,SG_GEN_PARLNT,
1994,NP,4605,SG_GEN_PARL,
1994,NP,4605,SG_GEN_PARLN,
1994,NP,4605,SG_GEN_PARLNT,
1996,NP,4605,SG_GEN_PARL,
1996,NP,4605,SG_GEN_PARLN,
1996,NP,4605,SG_GEN_PARLNT,
1998,NP,4605,SG_GEN_PARL,
1998,NP,4605,SG_GEN_PARLN,
1998,NP,4605,SG_GEN_PARLNT,
2000,NP,4605,SG_GEN_PARL,
2000,NP,4605,SG_GEN_PARLN,
2000,NP,4605,SG_GEN_PARLNT,
2002,NP,4605,SG_GEN_PARL,
2002,NP,4605,SG_GEN_PARLN,
2002,NP,4605,SG_GEN_PARLNT,
2004,NP,4605,SG_GEN_PARL,
2004,NP,4605,SG_GEN_PARLN,
2004,NP,4605,SG_GEN_PARLNT,
2008,NP,4605,SG_GEN_PARL,
2008,NP,4605,SG_GEN_PARLN,
2008,NP,4605,SG_GEN_PARLNT,
2011,NP,4605,SG_GEN_PARL,
2011,NP,4605,SG_GEN_PARLN,
2011,NP,4605,SG_GEN_PARLNT,
2012,NP,4605,SG_GEN_PARL,
2012,NP,4605,SG_GEN_PARLN,
2012,NP,4605,SG_GEN_PARLNT,
2015,NP,4605,SG_GEN_PARL,
2015,NP,4605,SG_GEN_PARLN,
2015,NP,4605,SG_GEN_PARLNT,
2016,NP,4605,SG_GEN_PARL,
2016,NP,4605,SG_GEN_PARLN,
2016,NP,4605,SG_GEN_PARLNT,
2019,NP,4605,SG_GEN_PARL,
2019,NP,4605,SG_GEN_PARLN,
2019,NP,4605,SG_GEN_PARLNT,
2020,NP,4605,SG_GEN_PARL,
2020,NP,4605,SG_GEN_PARLN,
2020,NP,4605,SG_GEN_PARLNT,
2022,NP,4605,SG_GEN_PARL,
2022,NP,4605,SG_GEN_PARLN,
2022,NP,4605,SG_GEN_PARLNT,
1984,NP,4207,SG_GEN_PARL,
1984,NP,4207,SG_GEN_PARLN,
1984,NP,4207,SG_GEN_PARLNT,
1988,NP,4207,SG_GEN_PARL,
1988,NP,4207,SG_GEN_PARLN,
1988,NP,4207,SG_GEN_PARLNT,
1990,NP,4207,SG_GEN_PARL,
1990,NP,4207,SG_GEN_PARLN,
1990,NP,4207,SG_GEN_PARLNT,
1992,NP,4207,SG_GEN_PARL,
1992,NP,4207,SG_GEN_PARLN,
1992,NP,4207,SG_GEN_PARLNT,
1994,NP,4207,SG_GEN_PARL,
1994,NP,4207,SG_GEN_PARLN,
1994,NP,4207,SG_GEN_PARLNT,
1996,NP,4207,SG_GEN_PARL,
1996,NP,4207,SG_GEN_PARLN,
1996,NP,4207,SG_GEN_PARLNT,
1998,NP,4207,SG_GEN_PARL,
1998,NP,4207,SG_GEN_PARLN,
1998,NP,4207,SG_GEN_PARLNT,
2000,NP,4207,SG_GEN_PARL,
2000,NP,4207,SG_GEN_PARLN,
2000,NP,4207,SG_GEN_PARLNT,
2002,NP,4207,SG_GEN_PARL,
2002,NP,4207,SG_GEN_PARLN,
2002,NP,4207,SG_GEN_PARLNT,
2004,NP,4207,SG_GEN_PARL,
2004,NP,4207,SG_GEN_PARLN,
2004,NP,4207,SG_GEN_PARLNT,
2008,NP,4207,SG_GEN_PARL,
2008,NP,4207,SG_GEN_PARLN,
2008,NP,4207,SG_GEN_PARLNT,
2011,NP,4207,SG_GEN_PARL,
2011,NP,4207,SG_GEN_PARLN,
2011,NP,4207,SG_GEN_PARLNT,
2012,NP,4207,SG_GEN_PARL,
2012,NP,4207,SG_GEN_PARLN,
2012,NP,4207,SG_GEN_PARLNT,
2015,NP,4207,SG_GEN_PARL,
2015,NP,4207,SG_GEN_PARLN,
2015,NP,4207,SG_GEN_PARLNT,
2016,NP,4207,SG_GEN_PARL,
2016,NP,4207,SG_GEN_PARLN,
2016,NP,4207,SG_GEN_PARLNT,
2019,NP,4207,SG_GEN_PARL,
2019,NP,4207,SG_GEN_PARLN,
2019,NP,4207,SG_GEN_PARLNT,
2020,NP,4207,SG_GEN_PARL,
2020,NP,4207,SG_GEN_PARLN,
2020,NP,4207,SG_GEN_PARLNT,
2022,NP,4207,SG_GEN_PARL,
2022,NP,4207,SG_GEN_PARLN,
2022,NP,4207,SG_GEN_PARLNT,
1984,NP,4302,SG_GEN_PARL,
1984,NP,4302,SG_GEN_PARLN,
1984,NP,4302,SG_GEN_PARLNT,
1988,NP,4302,SG_GEN_PARL,
1988,NP,4302,SG_GEN_PARLN,
1988,NP,4302,SG_GEN_PARLNT,
1990,NP,4302,SG_GEN_PARL,
1990,NP,4302,SG_GEN_PARLN,
1990,NP,4302,SG_GEN_PARLNT,
1992,NP,4302,SG_GEN_PARL,
1992,NP,4302,SG_GEN_PARLN,
1992,NP,4302,SG_GEN_PARLNT,
1994,NP,4302,SG_GEN_PARL,
1994,NP,4302,SG_GEN_PARLN,
1994,NP,4302,SG_GEN_PARLNT,
1996,NP,4302,SG_GEN_PARL,
1996,NP,4302,SG_GEN_PARLN,
1996,NP,4302,SG_GEN_PARLNT,
1998,NP,4302,SG_GEN_PARL,
1998,NP,4302,SG_GEN_PARLN,
1998,NP,4302,SG_GEN_PARLNT,
2000,NP,4302,SG_GEN_PARL,
2000,NP,4302,SG_GEN_PARLN,
2000,NP,4302,SG_GEN_PARLNT,
2002,NP,4302,SG_GEN_PARL,
2002,NP,4302,SG_GEN_PARLN,
2002,NP,4302,SG_GEN_PARLNT,
2004,NP,4302,SG_GEN_PARL,
2004,NP,4302,SG_GEN_PARLN,
2004,NP,4302,SG_GEN_PARLNT,
2008,NP,4302,SG_GEN_PARL,
2008,NP,4302,SG_GEN_PARLN,
2008,NP,4302,SG_GEN_PARLNT,
2011,NP,4302,SG_GEN_PARL,
2011,NP,4302,SG_GEN_PARLN,
2011,NP,4302,SG_GEN_PARLNT,
2012,NP,4302,SG_GEN_PARL,
2012,NP,4302,SG_GEN_PARLN,
2012,NP,4302,SG_GEN_PARLNT,
2015,NP,4302,SG_GEN_PARL,
2015,NP,4302,SG_GEN_PARLN,
2015,NP,4302,SG_GEN_PARLNT,
2016,NP,4302,SG_GEN_PARL,
2016,NP,4302,SG_GEN_PARLN,
2016,NP,4302,SG_GEN_PARLNT,
2019,NP,4302,SG_GEN_PARL,
2019,NP,4302,SG_GEN_PARLN,
2019,NP,4302,SG_GEN_PARLNT,
2020,NP,4302,SG_GEN_PARL,
2020,NP,4302,SG_GEN_PARLN,
2020,NP,4302,SG_GEN_PARLNT,
2022,NP,4302,SG_GEN_PARL,
2022,NP,4302,SG_GEN_PARLN,
2022,NP,4302,SG_GEN_PARLNT,
1984,NP,4401,SG_GEN_PARL,
1984,NP,4401,SG_GEN_PARLN,
1984,NP,4401,SG_GEN_PARLNT,
1988,NP,4401,SG_GEN_PARL,
1988,NP,4401,SG_GEN_PARLN,
1988,NP,4401,SG_GEN_PARLNT,
1990,NP,4401,SG_GEN_PARL,
1990,NP,4401,SG_GEN_PARLN,
1990,NP,4401,SG_GEN_PARLNT,
1992,NP,4401,SG_GEN_PARL,
1992,NP,4401,SG_GEN_PARLN,
1992,NP,4401,SG_GEN_PARLNT,
1994,NP,4401,SG_GEN_PARL,
1994,NP,4401,SG_GEN_PARLN,
1994,NP,4401,SG_GEN_PARLNT,
1996,NP,4401,SG_GEN_PARL,
1996,NP,4401,SG_GEN_PARLN,
1996,NP,4401,SG_GEN_PARLNT,
1998,NP,4401,SG_GEN_PARL,
1998,NP,4401,SG_GEN_PARLN,
1998,NP,4401,SG_GEN_PARLNT,
2000,NP,4401,SG_GEN_PARL,
2000,NP,4401,SG_GEN_PARLN,
2000,NP,4401,SG_GEN_PARLNT,
2002,NP,4401,SG_GEN_PARL,
2002,NP,4401,SG_GEN_PARLN,
2002,NP,4401,SG_GEN_PARLNT,
2004,NP,4401,SG_GEN_PARL,
2004,NP,4401,SG_GEN_PARLN,
2004,NP,4401,SG_GEN_PARLNT,
2008,NP,4401,SG_GEN_PARL,
2008,NP,4401,SG_GEN_PARLN,
2008,NP,4401,SG_GEN_PARLNT,
2011,NP,4401,SG_GEN_PARL,
2011,NP,4401,SG_GEN_PARLN,
2011,NP,4401,SG_GEN_PARLNT,
2012,NP,4401,SG_GEN_PARL,
2012,NP,4401,SG_GEN_PARLN,
2012,NP,4401,SG_GEN_PARLNT,
2015,NP,4401,SG_GEN_PARL,
2015,NP,4401,SG_GEN_PARLN,
2015,NP,4401,SG_GEN_PARLNT,
2016,NP,4401,SG_GEN_PARL,
2016,NP,4401,SG_GEN_PARLN,
2016,NP,4401,SG_GEN_PARLNT,
2019,NP,4401,SG_GEN_PARL,
2019,NP,4401,SG_GEN_PARLN,
2019,NP,4401,SG_GEN_PARLNT,
2020,NP,4401,SG_GEN_PARL,
2020,NP,4401,SG_GEN_PARLN,
2020,NP,4401,SG_GEN_PARLNT,
2022,NP,4401,SG_GEN_PARL,
2022,NP,4401,SG_GEN_PARLN,
2022,NP,4401,SG_GEN_PARLNT,
1984,NP,4501,SG_GEN_PARL,
1984,NP,4501,SG_GEN_PARLN,
1984,NP,4501,SG_GEN_PARLNT,
1988,NP,4501,SG_GEN_PARL,
1988,NP,4501,SG_GEN_PARLN,
1988,NP,4501,SG_GEN_PARLNT,
1990,NP,4501,SG_GEN_PARL,
1990,NP,4501,SG_GEN_PARLN,
1990,NP,4501,SG_GEN_PARLNT,
1992,NP,4501,SG_GEN_PARL,
1992,NP,4501,SG_GEN_PARLN,
1992,NP,4501,SG_GEN_PARLNT,
1994,NP,4501,SG_GEN_PARL,
1994,NP,4501,SG_GEN_PARLN,
1994,NP,4501,SG_GEN_PARLNT,
1996,NP,4501,SG_GEN_PARL,
1996,NP,4501,SG_GEN_PARLN,
1996,NP,4501,SG_GEN_PARLNT,
1998,NP,4501,SG_GEN_PARL,
1998,NP,4501,SG_GEN_PARLN,
1998,NP,4501,SG_GEN_PARLNT,
2000,NP,4501,SG_GEN_PARL,
2000,NP,4501,SG_GEN_PARLN,
2000,NP,4501,SG_GEN_PARLNT,
2002,NP,4501,SG_GEN_PARL,
2002,NP,4501,SG_GEN_PARLN,
2002,NP,4501,SG_GEN_PARLNT,
2004,NP,4501,SG_GEN_PARL,
2004,NP,4501,SG_GEN_PARLN,
2004,NP,4501,SG_GEN_PARLNT,
2008,NP,4501,SG_GEN_PARL,
2008,NP,4501,SG_GEN_PARLN,
2008,NP,4501,SG_GEN_PARLNT,
2011,NP,4501,SG_GEN_PARL,
2011,NP,4501,SG_GEN_PARLN,
2011,NP,4501,SG_GEN_PARLNT,
2012,NP,4501,SG_GEN_PARL,
2012,NP,4501,SG_GEN_PARLN,
2012,NP,4501,SG_GEN_PARLNT,
2015,NP,4501,SG_GEN_PARL,
2015,NP,4501,SG_GEN_PARLN,
2015,NP,4501,SG_GEN_PARLNT,
2016,NP,4501,SG_GEN_PARL,
2016,NP,4501,SG_GEN_PARLN,
2016,NP,4501,SG_GEN_PARLNT,
2019,NP,4501,SG_GEN_PARL,
2019,NP,4501,SG_GEN_PARLN,
2019,NP,4501,SG_GEN_PARLNT,
2020,NP,4501,SG_GEN_PARL,
2020,NP,4501,SG_GEN_PARLN,
2020,NP,4501,SG_GEN_PARLNT,
2022,NP,4501,SG_GEN_PARL,
2022,NP,4501,SG_GEN_PARLN,
2022,NP,4501,SG_GEN_PARLNT,
1984,NP,4208,SG_GEN_PARL,
1984,NP,4208,SG_GEN_PARLN,
1984,NP,4208,SG_GEN_PARLNT,
1988,NP,4208,SG_GEN_PARL,
1988,NP,4208,SG_GEN_PARLN,
1988,NP,4208,SG_GEN_PARLNT,
1990,NP,4208,SG_GEN_PARL,
1990,NP,4208,SG_GEN_PARLN,
1990,NP,4208,SG_GEN_PARLNT,
1992,NP,4208,SG_GEN_PARL,
1992,NP,4208,SG_GEN_PARLN,
1992,NP,4208,SG_GEN_PARLNT,
1994,NP,4208,SG_GEN_PARL,
1994,NP,4208,SG_GEN_PARLN,
1994,NP,4208,SG_GEN_PARLNT,
1996,NP,4208,SG_GEN_PARL,
1996,NP,4208,SG_GEN_PARLN,
1996,NP,4208,SG_GEN_PARLNT,
1998,NP,4208,SG_GEN_PARL,
1998,NP,4208,SG_GEN_PARLN,
1998,NP,4208,SG_GEN_PARLNT,
2000,NP,4208,SG_GEN_PARL,
2000,NP,4208,SG_GEN_PARLN,
2000,NP,4208,SG_GEN_PARLNT,
2002,NP,4208,SG_GEN_PARL,
2002,NP,4208,SG_GEN_PARLN,
2002,NP,4208,SG_GEN_PARLNT,
2004,NP,4208,SG_GEN_PARL,
2004,NP,4208,SG_GEN_PARLN,
2004,NP,4208,SG_GEN_PARLNT,
2008,NP,4208,SG_GEN_PARL,
2008,NP,4208,SG_GEN_PARLN,
2008,NP,4208,SG_GEN_PARLNT,
2011,NP,4208,SG_GEN_PARL,
2011,NP,4208,SG_GEN_PARLN,
2011,NP,4208,SG_GEN_PARLNT,
2012,NP,4208,SG_GEN_PARL,
2012,NP,4208,SG_GEN_PARLN,
2012,NP,4208,SG_GEN_PARLNT,
2015,NP,4208,SG_GEN_PARL,
2015,NP,4208,SG_GEN_PARLN,
2015,NP,4208,SG_GEN_PARLNT,
2016,NP,4208,SG_GEN_PARL,
2016,NP,4208,SG_GEN_PARLN,
2016,NP,4208,SG_GEN_PARLNT,
2019,NP,4208,SG_GEN_PARL,
2019,NP,4208,SG_GEN_PARLN,
2019,NP,4208,SG_GEN_PARLNT,
2020,NP,4208,SG_GEN_PARL,
2020,NP,4208,SG_GEN_PARLN,
2020,NP,4208,SG_GEN_PARLNT,
2022,NP,4208,SG_GEN_PARL,
2022,NP,4208,SG_GEN_PARLN,
2022,NP,4208,SG_GEN_PARLNT,
1984,NP,4209,SG_GEN_PARL,
1984,NP,4209,SG_GEN_PARLN,
1984,NP,4209,SG_GEN_PARLNT,
1988,NP,4209,SG_GEN_PARL,
1988,NP,4209,SG_GEN_PARLN,
1988,NP,4209,SG_GEN_PARLNT,
1990,NP,4209,SG_GEN_PARL,
1990,NP,4209,SG_GEN_PARLN,
1990,NP,4209,SG_GEN_PARLNT,
1992,NP,4209,SG_GEN_PARL,
1992,NP,4209,SG_GEN_PARLN,
1992,NP,4209,SG_GEN_PARLNT,
1994,NP,4209,SG_GEN_PARL,
1994,NP,4209,SG_GEN_PARLN,
1994,NP,4209,SG_GEN_PARLNT,
1996,NP,4209,SG_GEN_PARL,
1996,NP,4209,SG_GEN_PARLN,
1996,NP,4209,SG_GEN_PARLNT,
1998,NP,4209,SG_GEN_PARL,
1998,NP,4209,SG_GEN_PARLN,
1998,NP,4209,SG_GEN_PARLNT,
2000,NP,4209,SG_GEN_PARL,
2000,NP,4209,SG_GEN_PARLN,
2000,NP,4209,SG_GEN_PARLNT,
2002,NP,4209,SG_GEN_PARL,
2002,NP,4209,SG_GEN_PARLN,
2002,NP,4209,SG_GEN_PARLNT,
2004,NP,4209,SG_GEN_PARL,
2004,NP,4209,SG_GEN_PARLN,
2004,NP,4209,SG_GEN_PARLNT,
2008,NP,4209,SG_GEN_PARL,
2008,NP,4209,SG_GEN_PARLN,
2008,NP,4209,SG_GEN_PARLNT,
2011,NP,4209,SG_GEN_PARL,
2011,NP,4209,SG_GEN_PARLN,
2011,NP,4209,SG_GEN_PARLNT,
2012,NP,4209,SG_GEN_PARL,
2012,NP,4209,SG_GEN_PARLN,
2012,NP,4209,SG_GEN_PARLNT,
2015,NP,4209,SG_GEN_PARL,
2015,NP,4209,SG_GEN_PARLN,
2015,NP,4209,SG_GEN_PARLNT,
2016,NP,4209,SG_GEN_PARL,
2016,NP,4209,SG_GEN_PARLN,
2016,NP,4209,SG_GEN_PARLNT,
2019,NP,4209,SG_GEN_PARL,
2019,NP,4209,SG_GEN_PARLN,
2019,NP,4209,SG_GEN_PARLNT,
2020,NP,4209,SG_GEN_PARL,
2020,NP,4209,SG_GEN_PARLN,
2020,NP,4209,SG_GEN_PARLNT,
2022,NP,4209,SG_GEN_PARL,
2022,NP,4209,SG_GEN_PARLN,
2022,NP,4209,SG_GEN_PARLNT,
1984,NP,4503,SG_GEN_PARL,
1984,NP,4503,SG_GEN_PARLN,
1984,NP,4503,SG_GEN_PARLNT,
1988,NP,4503,SG_GEN_PARL,
1988,NP,4503,SG_GEN_PARLN,
1988,NP,4503,SG_GEN_PARLNT,
1990,NP,4503,SG_GEN_PARL,
1990,NP,4503,SG_GEN_PARLN,
1990,NP,4503,SG_GEN_PARLNT,
1992,NP,4503,SG_GEN_PARL,
1992,NP,4503,SG_GEN_PARLN,
1992,NP,4503,SG_GEN_PARLNT,
1994,NP,4503,SG_GEN_PARL,
1994,NP,4503,SG_GEN_PARLN,
1994,NP,4503,SG_GEN_PARLNT,
1996,NP,4503,SG_GEN_PARL,
1996,NP,4503,SG_GEN_PARLN,
1996,NP,4503,SG_GEN_PARLNT,
1998,NP,4503,SG_GEN_PARL,
1998,NP,4503,SG_GEN_PARLN,
1998,NP,4503,SG_GEN_PARLNT,
2000,NP,4503,SG_GEN_PARL,
2000,NP,4503,SG_GEN_PARLN,
2000,NP,4503,SG_GEN_PARLNT,
2002,NP,4503,SG_GEN_PARL,
2002,NP,4503,SG_GEN_PARLN,
2002,NP,4503,SG_GEN_PARLNT,
2004,NP,4503,SG_GEN_PARL,
2004,NP,4503,SG_GEN_PARLN,
2004,NP,4503,SG_GEN_PARLNT,
2008,NP,4503,SG_GEN_PARL,
2008,NP,4503,SG_GEN_PARLN,
2008,NP,4503,SG_GEN_PARLNT,
2011,NP,4503,SG_GEN_PARL,
2011,NP,4503,SG_GEN_PARLN,
2011,NP,4503,SG_GEN_PARLNT,
2012,NP,4503,SG_GEN_PARL,
2012,NP,4503,SG_GEN_PARLN,
2012,NP,4503,SG_GEN_PARLNT,
2015,NP,4503,SG_GEN_PARL,
2015,NP,4503,SG_GEN_PARLN,
2015,NP,4503,SG_GEN_PARLNT,
2016,NP,4503,SG_GEN_PARL,
2016,NP,4503,SG_GEN_PARLN,
2016,NP,4503,SG_GEN_PARLNT,
2019,NP,4503,SG_GEN_PARL,
2019,NP,4503,SG_GEN_PARLN,
2019,NP,4503,SG_GEN_PARLNT,
2020,NP,4503,SG_GEN_PARL,
2020,NP,4503,SG_GEN_PARLN,
2020,NP,4503,SG_GEN_PARLNT,
2022,NP,4503,SG_GEN_PARL,
2022,NP,4503,SG_GEN_PARLN,
2022,NP,4503,SG_GEN_PARLNT,
1984,NP,4502,SG_GEN_PARL,
1984,NP,4502,SG_GEN_PARLN,
1984,NP,4502,SG_GEN_PARLNT,
1988,NP,4502,SG_GEN_PARL,
1988,NP,4502,SG_GEN_PARLN,
1988,NP,4502,SG_GEN_PARLNT,
1990,NP,4502,SG_GEN_PARL,
1990,NP,4502,SG_GEN_PARLN,
1990,NP,4502,SG_GEN_PARLNT,
1992,NP,4502,SG_GEN_PARL,
1992,NP,4502,SG_GEN_PARLN,
1992,NP,4502,SG_GEN_PARLNT,
1994,NP,4502,SG_GEN_PARL,
1994,NP,4502,SG_GEN_PARLN,
1994,NP,4502,SG_GEN_PARLNT,
1996,NP,4502,SG_GEN_PARL,
1996,NP,4502,SG_GEN_PARLN,
1996,NP,4502,SG_GEN_PARLNT,
1998,NP,4502,SG_GEN_PARL,
1998,NP,4502,SG_GEN_PARLN,
1998,NP,4502,SG_GEN_PARLNT,
2000,NP,4502,SG_GEN_PARL,
2000,NP,4502,SG_GEN_PARLN,
2000,NP,4502,SG_GEN_PARLNT,
2002,NP,4502,SG_GEN_PARL,
2002,NP,4502,SG_GEN_PARLN,
2002,NP,4502,SG_GEN_PARLNT,
2004,NP,4502,SG_GEN_PARL,
2004,NP,4502,SG_GEN_PARLN,
2004,NP,4502,SG_GEN_PARLNT,
2008,NP,4502,SG_GEN_PARL,
2008,NP,4502,SG_GEN_PARLN,
2008,NP,4502,SG_GEN_PARLNT,
2011,NP,4502,SG_GEN_PARL,
2011,NP,4502,SG_GEN_PARLN,
2011,NP,4502,SG_GEN_PARLNT,
2012,NP,4502,SG_GEN_PARL,
2012,NP,4502,SG_GEN_PARLN,
2012,NP,4502,SG_GEN_PARLNT,
2015,NP,4502,SG_GEN_PARL,
2015,NP,4502,SG_GEN_PARLN,
2015,NP,4502,SG_GEN_PARLNT,
2016,NP,4502,SG_GEN_PARL,
2016,NP,4502,SG_GEN_PARLN,
2016,NP,4502,SG_GEN_PARLNT,
2019,NP,4502,SG_GEN_PARL,
2019,NP,4502,SG_GEN_PARLN,
2019,NP,4502,SG_GEN_PARLNT,
2020,NP,4502,SG_GEN_PARL,
2020,NP,4502,SG_GEN_PARLN,
2020,NP,4502,SG_GEN_PARLNT,
2022,NP,4502,SG_GEN_PARL,
2022,NP,4502,SG_GEN_PARLN,
2022,NP,4502,SG_GEN_PARLNT,
1984,NP,4505,SG_GEN_PARL,
1984,NP,4505,SG_GEN_PARLN,
1984,NP,4505,SG_GEN_PARLNT,
1988,NP,4505,SG_GEN_PARL,
1988,NP,4505,SG_GEN_PARLN,
1988,NP,4505,SG_GEN_PARLNT,
1990,NP,4505,SG_GEN_PARL,
1990,NP,4505,SG_GEN_PARLN,
1990,NP,4505,SG_GEN_PARLNT,
1992,NP,4505,SG_GEN_PARL,
1992,NP,4505,SG_GEN_PARLN,
1992,NP,4505,SG_GEN_PARLNT,
1994,NP,4505,SG_GEN_PARL,
1994,NP,4505,SG_GEN_PARLN,
1994,NP,4505,SG_GEN_PARLNT,
1996,NP,4505,SG_GEN_PARL,
1996,NP,4505,SG_GEN_PARLN,
1996,NP,4505,SG_GEN_PARLNT,
1998,NP,4505,SG_GEN_PARL,
1998,NP,4505,SG_GEN_PARLN,
1998,NP,4505,SG_GEN_PARLNT,
2000,NP,4505,SG_GEN_PARL,
2000,NP,4505,SG_GEN_PARLN,
2000,NP,4505,SG_GEN_PARLNT,
2002,NP,4505,SG_GEN_PARL,
2002,NP,4505,SG_GEN_PARLN,
2002,NP,4505,SG_GEN_PARLNT,
2004,NP,4505,SG_GEN_PARL,
2004,NP,4505,SG_GEN_PARLN,
2004,NP,4505,SG_GEN_PARLNT,
2008,NP,4505,SG_GEN_PARL,
2008,NP,4505,SG_GEN_PARLN,
2008,NP,4505,SG_GEN_PARLNT,
2011,NP,4505,SG_GEN_PARL,
2011,NP,4505,SG_GEN_PARLN,
2011,NP,4505,SG_GEN_PARLNT,
2012,NP,4505,SG_GEN_PARL,
2012,NP,4505,SG_GEN_PARLN,
2012,NP,4505,SG_GEN_PARLNT,
2015,NP,4505,SG_GEN_PARL,
2015,NP,4505,SG_GEN_PARLN,
2015,NP,4505,SG_GEN_PARLNT,
2016,NP,4505,SG_GEN_PARL,
2016,NP,4505,SG_GEN_PARLN,
2016,NP,4505,SG_GEN_PARLNT,
2019,NP,4505,SG_GEN_PARL,
2019,NP,4505,SG_GEN_PARLN,
2019,NP,4505,SG_GEN_PARLNT,
2020,NP,4505,SG_GEN_PARL,
2020,NP,4505,SG_GEN_PARLN,
2020,NP,4505,SG_GEN_PARLNT,
2022,NP,4505,SG_GEN_PARL,
2022,NP,4505,SG_GEN_PARLN,
2022,NP,4505,SG_GEN_PARLNT,
1984,NP,4403,SG_GEN_PARL,
1984,NP,4403,SG_GEN_PARLN,
1984,NP,4403,SG_GEN_PARLNT,
1988,NP,4403,SG_GEN_PARL,
1988,NP,4403,SG_GEN_PARLN,
1988,NP,4403,SG_GEN_PARLNT,
1990,NP,4403,SG_GEN_PARL,
1990,NP,4403,SG_GEN_PARLN,
1990,NP,4403,SG_GEN_PARLNT,
1992,NP,4403,SG_GEN_PARL,
1992,NP,4403,SG_GEN_PARLN,
1992,NP,4403,SG_GEN_PARLNT,
1994,NP,4403,SG_GEN_PARL,
1994,NP,4403,SG_GEN_PARLN,
1994,NP,4403,SG_GEN_PARLNT,
1996,NP,4403,SG_GEN_PARL,
1996,NP,4403,SG_GEN_PARLN,
1996,NP,4403,SG_GEN_PARLNT,
1998,NP,4403,SG_GEN_PARL,
1998,NP,4403,SG_GEN_PARLN,
1998,NP,4403,SG_GEN_PARLNT,
2000,NP,4403,SG_GEN_PARL,
2000,NP,4403,SG_GEN_PARLN,
2000,NP,4403,SG_GEN_PARLNT,
2002,NP,4403,SG_GEN_PARL,
2002,NP,4403,SG_GEN_PARLN,
2002,NP,4403,SG_GEN_PARLNT,
2004,NP,4403,SG_GEN_PARL,
2004,NP,4403,SG_GEN_PARLN,
2004,NP,4403,SG_GEN_PARLNT,
2008,NP,4403,SG_GEN_PARL,
2008,NP,4403,SG_GEN_PARLN,
2008,NP,4403,SG_GEN_PARLNT,
2011,NP,4403,SG_GEN_PARL,
2011,NP,4403,SG_GEN_PARLN,
2011,NP,4403,SG_GEN_PARLNT,
2012,NP,4403,SG_GEN_PARL,
2012,NP,4403,SG_GEN_PARLN,
2012,NP,4403,SG_GEN_PARLNT,
2015,NP,4403,SG_GEN_PARL,
2015,NP,4403,SG_GEN_PARLN,
2015,NP,4403,SG_GEN_PARLNT,
2016,NP,4403,SG_GEN_PARL,
2016,NP,4403,SG_GEN_PARLN,
2016,NP,4403,SG_GEN_PARLNT,
2019,NP,4403,SG_GEN_PARL,
2019,NP,4403,SG_GEN_PARLN,
2019,NP,4403,SG_GEN_PARLNT,
2020,NP,4403,SG_GEN_PARL,
2020,NP,4403,SG_GEN_PARLN,
2020,NP,4403,SG_GEN_PARLNT,
2022,NP,4403,SG_GEN_PARL,
2022,NP,4403,SG_GEN_PARLN,
2022,NP,4403,SG_GEN_PARLNT,
1984,NP,4607,SG_GEN_PARL,
1984,NP,4607,SG_GEN_PARLN,
1984,NP,4607,SG_GEN_PARLNT,
1988,NP,4607,SG_GEN_PARL,
1988,NP,4607,SG_GEN_PARLN,
1988,NP,4607,SG_GEN_PARLNT,
1990,NP,4607,SG_GEN_PARL,
1990,NP,4607,SG_GEN_PARLN,
1990,NP,4607,SG_GEN_PARLNT,
1992,NP,4607,SG_GEN_PARL,
1992,NP,4607,SG_GEN_PARLN,
1992,NP,4607,SG_GEN_PARLNT,
1994,NP,4607,SG_GEN_PARL,
1994,NP,4607,SG_GEN_PARLN,
1994,NP,4607,SG_GEN_PARLNT,
1996,NP,4607,SG_GEN_PARL,
1996,NP,4607,SG_GEN_PARLN,
1996,NP,4607,SG_GEN_PARLNT,
1998,NP,4607,SG_GEN_PARL,
1998,NP,4607,SG_GEN_PARLN,
1998,NP,4607,SG_GEN_PARLNT,
2000,NP,4607,SG_GEN_PARL,
2000,NP,4607,SG_GEN_PARLN,
2000,NP,4607,SG_GEN_PARLNT,
2002,NP,4607,SG_GEN_PARL,
2002,NP,4607,SG_GEN_PARLN,
2002,NP,4607,SG_GEN_PARLNT,
2004,NP,4607,SG_GEN_PARL,
2004,NP,4607,SG_GEN_PARLN,
2004,NP,4607,SG_GEN_PARLNT,
2008,NP,4607,SG_GEN_PARL,
2008,NP,4607,SG_GEN_PARLN,
2008,NP,4607,SG_GEN_PARLNT,
2011,NP,4607,SG_GEN_PARL,
2011,NP,4607,SG_GEN_PARLN,
2011,NP,4607,SG_GEN_PARLNT,
2012,NP,4607,SG_GEN_PARL,
2012,NP,4607,SG_GEN_PARLN,
2012,NP,4607,SG_GEN_PARLNT,
2015,NP,4607,SG_GEN_PARL,
2015,NP,4607,SG_GEN_PARLN,
2015,NP,4607,SG_GEN_PARLNT,
2016,NP,4607,SG_GEN_PARL,
2016,NP,4607,SG_GEN_PARLN,
2016,NP,4607,SG_GEN_PARLNT,
2019,NP,4607,SG_GEN_PARL,
2019,NP,4607,SG_GEN_PARLN,
2019,NP,4607,SG_GEN_PARLNT,
2020,NP,4607,SG_GEN_PARL,
2020,NP,4607,SG_GEN_PARLN,
2020,NP,4607,SG_GEN_PARLNT,
2022,NP,4607,SG_GEN_PARL,
2022,NP,4607,SG_GEN_PARLN,
2022,NP,4607,SG_GEN_PARLNT,
1984,NP,4211,SG_GEN_PARL,
1984,NP,4211,SG_GEN_PARLN,
1984,NP,4211,SG_GEN_PARLNT,
1988,NP,4211,SG_GEN_PARL,
1988,NP,4211,SG_GEN_PARLN,
1988,NP,4211,SG_GEN_PARLNT,
1990,NP,4211,SG_GEN_PARL,
1990,NP,4211,SG_GEN_PARLN,
1990,NP,4211,SG_GEN_PARLNT,
1992,NP,4211,SG_GEN_PARL,
1992,NP,4211,SG_GEN_PARLN,
1992,NP,4211,SG_GEN_PARLNT,
1994,NP,4211,SG_GEN_PARL,
1994,NP,4211,SG_GEN_PARLN,
1994,NP,4211,SG_GEN_PARLNT,
1996,NP,4211,SG_GEN_PARL,
1996,NP,4211,SG_GEN_PARLN,
1996,NP,4211,SG_GEN_PARLNT,
1998,NP,4211,SG_GEN_PARL,
1998,NP,4211,SG_GEN_PARLN,
1998,NP,4211,SG_GEN_PARLNT,
2000,NP,4211,SG_GEN_PARL,
2000,NP,4211,SG_GEN_PARLN,
2000,NP,4211,SG_GEN_PARLNT,
2002,NP,4211,SG_GEN_PARL,
2002,NP,4211,SG_GEN_PARLN,
2002,NP,4211,SG_GEN_PARLNT,
2004,NP,4211,SG_GEN_PARL,
2004,NP,4211,SG_GEN_PARLN,
2004,NP,4211,SG_GEN_PARLNT,
2008,NP,4211,SG_GEN_PARL,
2008,NP,4211,SG_GEN_PARLN,
2008,NP,4211,SG_GEN_PARLNT,
2011,NP,4211,SG_GEN_PARL,
2011,NP,4211,SG_GEN_PARLN,
2011,NP,4211,SG_GEN_PARLNT,
2012,NP,4211,SG_GEN_PARL,
2012,NP,4211,SG_GEN_PARLN,
2012,NP,4211,SG_GEN_PARLNT,
2015,NP,4211,SG_GEN_PARL,
2015,NP,4211,SG_GEN_PARLN,
2015,NP,4211,SG_GEN_PARLNT,
2016,NP,4211,SG_GEN_PARL,
2016,NP,4211,SG_GEN_PARLN,
2016,NP,4211,SG_GEN_PARLNT,
2019,NP,4211,SG_GEN_PARL,
2019,NP,4211,SG_GEN_PARLN,
2019,NP,4211,SG_GEN_PARLNT,
2020,NP,4211,SG_GEN_PARL,
2020,NP,4211,SG_GEN_PARLN,
2020,NP,4211,SG_GEN_PARLNT,
2022,NP,4211,SG_GEN_PARL,
2022,NP,4211,SG_GEN_PARLN,
2022,NP,4211,SG_GEN_PARLNT,
1984,NP,4102,SG_GEN_PARL,
1984,NP,4102,SG_GEN_PARLN,
1984,NP,4102,SG_GEN_PARLNT,
1988,NP,4102,SG_GEN_PARL,
1988,NP,4102,SG_GEN_PARLN,
1988,NP,4102,SG_GEN_PARLNT,
1990,NP,4102,SG_GEN_PARL,
1990,NP,4102,SG_GEN_PARLN,
1990,NP,4102,SG_GEN_PARLNT,
1992,NP,4102,SG_GEN_PARL,
1992,NP,4102,SG_GEN_PARLN,
1992,NP,4102,SG_GEN_PARLNT,
1994,NP,4102,SG_GEN_PARL,
1994,NP,4102,SG_GEN_PARLN,
1994,NP,4102,SG_GEN_PARLNT,
1996,NP,4102,SG_GEN_PARL,
1996,NP,4102,SG_GEN_PARLN,
1996,NP,4102,SG_GEN_PARLNT,
1998,NP,4102,SG_GEN_PARL,
1998,NP,4102,SG_GEN_PARLN,
1998,NP,4102,SG_GEN_PARLNT,
2000,NP,4102,SG_GEN_PARL,
2000,NP,4102,SG_GEN_PARLN,
2000,NP,4102,SG_GEN_PARLNT,
2002,NP,4102,SG_GEN_PARL,
2002,NP,4102,SG_GEN_PARLN,
2002,NP,4102,SG_GEN_PARLNT,
2004,NP,4102,SG_GEN_PARL,
2004,NP,4102,SG_GEN_PARLN,
2004,NP,4102,SG_GEN_PARLNT,
2008,NP,4102,SG_GEN_PARL,
2008,NP,4102,SG_GEN_PARLN,
2008,NP,4102,SG_GEN_PARLNT,
2011,NP,4102,SG_GEN_PARL,
2011,NP,4102,SG_GEN_PARLN,
2011,NP,4102,SG_GEN_PARLNT,
2012,NP,4102,SG_GEN_PARL,
2012,NP,4102,SG_GEN_PARLN,
2012,NP,4102,SG_GEN_PARLNT,
2015,NP,4102,SG_GEN_PARL,
2015,NP,4102,SG_GEN_PARLN,
2015,NP,4102,SG_GEN_PARLNT,
2016,NP,4102,SG_GEN_PARL,
2016,NP,4102,SG_GEN_PARLN,
2016,NP,4102,SG_GEN_PARLNT,
2019,NP,4102,SG_GEN_PARL,
2019,NP,4102,SG_GEN_PARLN,
2019,NP,4102,SG_GEN_PARLNT,
2020,NP,4102,SG_GEN_PARL,
2020,NP,4102,SG_GEN_PARLN,
2020,NP,4102,SG_GEN_PARLNT,
2022,NP,4102,SG_GEN_PARL,
2022,NP,4102,SG_GEN_PARLN,
2022,NP,4102,SG_GEN_PARLNT,
1984,NP,4701,SG_GEN_PARL,
1984,NP,4701,SG_GEN_PARLN,
1984,NP,4701,SG_GEN_PARLNT,
1988,NP,4701,SG_GEN_PARL,
1988,NP,4701,SG_GEN_PARLN,
1988,NP,4701,SG_GEN_PARLNT,
1990,NP,4701,SG_GEN_PARL,
1990,NP,4701,SG_GEN_PARLN,
1990,NP,4701,SG_GEN_PARLNT,
1992,NP,4701,SG_GEN_PARL,
1992,NP,4701,SG_GEN_PARLN,
1992,NP,4701,SG_GEN_PARLNT,
1994,NP,4701,SG_GEN_PARL,
1994,NP,4701,SG_GEN_PARLN,
1994,NP,4701,SG_GEN_PARLNT,
1996,NP,4701,SG_GEN_PARL,
1996,NP,4701,SG_GEN_PARLN,
1996,NP,4701,SG_GEN_PARLNT,
1998,NP,4701,SG_GEN_PARL,
1998,NP,4701,SG_GEN_PARLN,
1998,NP,4701,SG_GEN_PARLNT,
2000,NP,4701,SG_GEN_PARL,
2000,NP,4701,SG_GEN_PARLN,
2000,NP,4701,SG_GEN_PARLNT,
2002,NP,4701,SG_GEN_PARL,
2002,NP,4701,SG_GEN_PARLN,
2002,NP,4701,SG_GEN_PARLNT,
2004,NP,4701,SG_GEN_PARL,
2004,NP,4701,SG_GEN_PARLN,
2004,NP,4701,SG_GEN_PARLNT,
2008,NP,4701,SG_GEN_PARL,
2008,NP,4701,SG_GEN_PARLN,
2008,NP,4701,SG_GEN_PARLNT,
2011,NP,4701,SG_GEN_PARL,
2011,NP,4701,SG_GEN_PARLN,
2011,NP,4701,SG_GEN_PARLNT,
2012,NP,4701,SG_GEN_PARL,
2012,NP,4701,SG_GEN_PARLN,
2012,NP,4701,SG_GEN_PARLNT,
2015,NP,4701,SG_GEN_PARL,
2015,NP,4701,SG_GEN_PARLN,
2015,NP,4701,SG_GEN_PARLNT,
2016,NP,4701,SG_GEN_PARL,
2016,NP,4701,SG_GEN_PARLN,
2016,NP,4701,SG_GEN_PARLNT,
2019,NP,4701,SG_GEN_PARL,
2019,NP,4701,SG_GEN_PARLN,
2019,NP,4701,SG_GEN_PARLNT,
2020,NP,4701,SG_GEN_PARL,
2020,NP,4701,SG_GEN_PARLN,
2020,NP,4701,SG_GEN_PARLNT,
2022,NP,4701,SG_GEN_PARL,
2022,NP,4701,SG_GEN_PARLN,
2022,NP,4701,SG_GEN_PARLNT,
1984,NP,4602,SG_GEN_PARL,
1984,NP,4602,SG_GEN_PARLN,
1984,NP,4602,SG_GEN_PARLNT,
1988,NP,4602,SG_GEN_PARL,
1988,NP,4602,SG_GEN_PARLN,
1988,NP,4602,SG_GEN_PARLNT,
1990,NP,4602,SG_GEN_PARL,
1990,NP,4602,SG_GEN_PARLN,
1990,NP,4602,SG_GEN_PARLNT,
1992,NP,4602,SG_GEN_PARL,
1992,NP,4602,SG_GEN_PARLN,
1992,NP,4602,SG_GEN_PARLNT,
1994,NP,4602,SG_GEN_PARL,
1994,NP,4602,SG_GEN_PARLN,
1994,NP,4602,SG_GEN_PARLNT,
1996,NP,4602,SG_GEN_PARL,
1996,NP,4602,SG_GEN_PARLN,
1996,NP,4602,SG_GEN_PARLNT,
1998,NP,4602,SG_GEN_PARL,
1998,NP,4602,SG_GEN_PARLN,
1998,NP,4602,SG_GEN_PARLNT,
2000,NP,4602,SG_GEN_PARL,
2000,NP,4602,SG_GEN_PARLN,
2000,NP,4602,SG_GEN_PARLNT,
2002,NP,4602,SG_GEN_PARL,
2002,NP,4602,SG_GEN_PARLN,
2002,NP,4602,SG_GEN_PARLNT,
2004,NP,4602,SG_GEN_PARL,
2004,NP,4602,SG_GEN_PARLN,
2004,NP,4602,SG_GEN_PARLNT,
2008,NP,4602,SG_GEN_PARL,
2008,NP,4602,SG_GEN_PARLN,
2008,NP,4602,SG_GEN_PARLNT,
2011,NP,4602,SG_GEN_PARL,
2011,NP,4602,SG_GEN_PARLN,
2011,NP,4602,SG_GEN_PARLNT,
2012,NP,4602,SG_GEN_PARL,
2012,NP,4602,SG_GEN_PARLN,
2012,NP,4602,SG_GEN_PARLNT,
2015,NP,4602,SG_GEN_PARL,
2015,NP,4602,SG_GEN_PARLN,
2015,NP,4602,SG_GEN_PARLNT,
2016,NP,4602,SG_GEN_PARL,
2016,NP,4602,SG_GEN_PARLN,
2016,NP,4602,SG_GEN_PARLNT,
2019,NP,4602,SG_GEN_PARL,
2019,NP,4602,SG_GEN_PARLN,
2019,NP,4602,SG_GEN_PARLNT,
2020,NP,4602,SG_GEN_PARL,
2020,NP,4602,SG_GEN_PARLN,
2020,NP,4602,SG_GEN_PARLNT,
2022,NP,4602,SG_GEN_PARL,
2022,NP,4602,SG_GEN_PARLN,
2022,NP,4602,SG_GEN_PARLNT,
1984,NP,4402V,SG_GEN_PARL,
1984,NP,4402V,SG_GEN_PARLN,
1984,NP,4402V,SG_GEN_PARLNT,
1988,NP,4402V,SG_GEN_PARL,
1988,NP,4402V,SG_GEN_PARLN,
1988,NP,4402V,SG_GEN_PARLNT,
1990,NP,4402V,SG_GEN_PARL,
1990,NP,4402V,SG_GEN_PARLN,
1990,NP,4402V,SG_GEN_PARLNT,
1992,NP,4402V,SG_GEN_PARL,
1992,NP,4402V,SG_GEN_PARLN,
1992,NP,4402V,SG_GEN_PARLNT,
1994,NP,4402V,SG_GEN_PARL,
1994,NP,4402V,SG_GEN_PARLN,
1994,NP,4402V,SG_GEN_PARLNT,
1996,NP,4402V,SG_GEN_PARL,
1996,NP,4402V,SG_GEN_PARLN,
1996,NP,4402V,SG_GEN_PARLNT,
1998,NP,4402V,SG_GEN_PARL,
1998,NP,4402V,SG_GEN_PARLN,
1998,NP,4402V,SG_GEN_PARLNT,
2000,NP,4402V,SG_GEN_PARL,
2000,NP,4402V,SG_GEN_PARLN,
2000,NP,4402V,SG_GEN_PARLNT,
2002,NP,4402V,SG_GEN_PARL,
2002,NP,4402V,SG_GEN_PARLN,
2002,NP,4402V,SG_GEN_PARLNT,
2004,NP,4402V,SG_GEN_PARL,
2004,NP,4402V,SG_GEN_PARLN,
2004,NP,4402V,SG_GEN_PARLNT,
2008,NP,4402V,SG_GEN_PARL,
2008,NP,4402V,SG_GEN_PARLN,
2008,NP,4402V,SG_GEN_PARLNT,
2011,NP,4402V,SG_GEN_PARL,
2011,NP,4402V,SG_GEN_PARLN,
2011,NP,4402V,SG_GEN_PARLNT,
2012,NP,4402V,SG_GEN_PARL,
2012,NP,4402V,SG_GEN_PARLN,
2012,NP,4402V,SG_GEN_PARLNT,
2015,NP,4402V,SG_GEN_PARL,
2015,NP,4402V,SG_GEN_PARLN,
2015,NP,4402V,SG_GEN_PARLNT,
2016,NP,4402V,SG_GEN_PARL,
2016,NP,4402V,SG_GEN_PARLN,
2016,NP,4402V,SG_GEN_PARLNT,
2019,NP,4402V,SG_GEN_PARL,
2019,NP,4402V,SG_GEN_PARLN,
2019,NP,4402V,SG_GEN_PARLNT,
2020,NP,4402V,SG_GEN_PARL,
2020,NP,4402V,SG_GEN_PARLN,
2020,NP,4402V,SG_GEN_PARLNT,
2022,NP,4402V,SG_GEN_PARL,
2022,NP,4402V,SG_GEN_PARLN,
2022,NP,4402V,SG_GEN_PARLNT,
1984,NP,4606,SG_GEN_PARL,
1984,NP,4606,SG_GEN_PARLN,
1984,NP,4606,SG_GEN_PARLNT,
1988,NP,4606,SG_GEN_PARL,
1988,NP,4606,SG_GEN_PARLN,
1988,NP,4606,SG_GEN_PARLNT,
1990,NP,4606,SG_GEN_PARL,
1990,NP,4606,SG_GEN_PARLN,
1990,NP,4606,SG_GEN_PARLNT,
1992,NP,4606,SG_GEN_PARL,
1992,NP,4606,SG_GEN_PARLN,
1992,NP,4606,SG_GEN_PARLNT,
1994,NP,4606,SG_GEN_PARL,
1994,NP,4606,SG_GEN_PARLN,
1994,NP,4606,SG_GEN_PARLNT,
1996,NP,4606,SG_GEN_PARL,
1996,NP,4606,SG_GEN_PARLN,
1996,NP,4606,SG_GEN_PARLNT,
1998,NP,4606,SG_GEN_PARL,
1998,NP,4606,SG_GEN_PARLN,
1998,NP,4606,SG_GEN_PARLNT,
2000,NP,4606,SG_GEN_PARL,
2000,NP,4606,SG_GEN_PARLN,
2000,NP,4606,SG_GEN_PARLNT,
2002,NP,4606,SG_GEN_PARL,
2002,NP,4606,SG_GEN_PARLN,
2002,NP,4606,SG_GEN_PARLNT,
2004,NP,4606,SG_GEN_PARL,
2004,NP,4606,SG_GEN_PARLN,
2004,NP,4606,SG_GEN_PARLNT,
2008,NP,4606,SG_GEN_PARL,
2008,NP,4606,SG_GEN_PARLN,
2008,NP,4606,SG_GEN_PARLNT,
2011,NP,4606,SG_GEN_PARL,
2011,NP,4606,SG_GEN_PARLN,
2011,NP,4606,SG_GEN_PARLNT,
2012,NP,4606,SG_GEN_PARL,
2012,NP,4606,SG_GEN_PARLN,
2012,NP,4606,SG_GEN_PARLNT,
2015,NP,4606,SG_GEN_PARL,
2015,NP,4606,SG_GEN_PARLN,
2015,NP,4606,SG_GEN_PARLNT,
2016,NP,4606,SG_GEN_PARL,
2016,NP,4606,SG_GEN_PARLN,
2016,NP,4606,SG_GEN_PARLNT,
2019,NP,4606,SG_GEN_PARL,
2019,NP,4606,SG_GEN_PARLN,
2019,NP,4606,SG_GEN_PARLNT,
2020,NP,4606,SG_GEN_PARL,
2020,NP,4606,SG_GEN_PARLN,
2020,NP,4606,SG_GEN_PARLNT,
2022,NP,4606,SG_GEN_PARL,
2022,NP,4606,SG_GEN_PARLN,
2022,NP,4606,SG_GEN_PARLNT,
1984,NP,4307,SG_GEN_PARL,
1984,NP,4307,SG_GEN_PARLN,
1984,NP,4307,SG_GEN_PARLNT,
1988,NP,4307,SG_GEN_PARL,
1988,NP,4307,SG_GEN_PARLN,
1988,NP,4307,SG_GEN_PARLNT,
1990,NP,4307,SG_GEN_PARL,
1990,NP,4307,SG_GEN_PARLN,
1990,NP,4307,SG_GEN_PARLNT,
1992,NP,4307,SG_GEN_PARL,
1992,NP,4307,SG_GEN_PARLN,
1992,NP,4307,SG_GEN_PARLNT,
1994,NP,4307,SG_GEN_PARL,
1994,NP,4307,SG_GEN_PARLN,
1994,NP,4307,SG_GEN_PARLNT,
1996,NP,4307,SG_GEN_PARL,
1996,NP,4307,SG_GEN_PARLN,
1996,NP,4307,SG_GEN_PARLNT,
1998,NP,4307,SG_GEN_PARL,
1998,NP,4307,SG_GEN_PARLN,
1998,NP,4307,SG_GEN_PARLNT,
2000,NP,4307,SG_GEN_PARL,
2000,NP,4307,SG_GEN_PARLN,
2000,NP,4307,SG_GEN_PARLNT,
2002,NP,4307,SG_GEN_PARL,
2002,NP,4307,SG_GEN_PARLN,
2002,NP,4307,SG_GEN_PARLNT,
2004,NP,4307,SG_GEN_PARL,
2004,NP,4307,SG_GEN_PARLN,
2004,NP,4307,SG_GEN_PARLNT,
2008,NP,4307,SG_GEN_PARL,
2008,NP,4307,SG_GEN_PARLN,
2008,NP,4307,SG_GEN_PARLNT,
2011,NP,4307,SG_GEN_PARL,
2011,NP,4307,SG_GEN_PARLN,
2011,NP,4307,SG_GEN_PARLNT,
2012,NP,4307,SG_GEN_PARL,
2012,NP,4307,SG_GEN_PARLN,
2012,NP,4307,SG_GEN_PARLNT,
2015,NP,4307,SG_GEN_PARL,
2015,NP,4307,SG_GEN_PARLN,
2015,NP,4307,SG_GEN_PARLNT,
2016,NP,4307,SG_GEN_PARL,
2016,NP,4307,SG_GEN_PARLN,
2016,NP,4307,SG_GEN_PARLNT,
2019,NP,4307,SG_GEN_PARL,
2019,NP,4307,SG_GEN_PARLN,
2019,NP,4307,SG_GEN_PARLNT,
2020,NP,4307,SG_GEN_PARL,
2020,NP,4307,SG_GEN_PARLN,
2020,NP,4307,SG_GEN_PARLNT,
2022,NP,4307,SG_GEN_PARL,
2022,NP,4307,SG_GEN_PARLN,
2022,NP,4307,SG_GEN_PARLNT,
1984,NP,4103,SG_GEN_PARL,
1984,NP,4103,SG_GEN_PARLN,
1984,NP,4103,SG_GEN_PARLNT,
1988,NP,4103,SG_GEN_PARL,
1988,NP,4103,SG_GEN_PARLN,
1988,NP,4103,SG_GEN_PARLNT,
1990,NP,4103,SG_GEN_PARL,
1990,NP,4103,SG_GEN_PARLN,
1990,NP,4103,SG_GEN_PARLNT,
1992,NP,4103,SG_GEN_PARL,
1992,NP,4103,SG_GEN_PARLN,
1992,NP,4103,SG_GEN_PARLNT,
1994,NP,4103,SG_GEN_PARL,
1994,NP,4103,SG_GEN_PARLN,
1994,NP,4103,SG_GEN_PARLNT,
1996,NP,4103,SG_GEN_PARL,
1996,NP,4103,SG_GEN_PARLN,
1996,NP,4103,SG_GEN_PARLNT,
1998,NP,4103,SG_GEN_PARL,
1998,NP,4103,SG_GEN_PARLN,
1998,NP,4103,SG_GEN_PARLNT,
2000,NP,4103,SG_GEN_PARL,
2000,NP,4103,SG_GEN_PARLN,
2000,NP,4103,SG_GEN_PARLNT,
2002,NP,4103,SG_GEN_PARL,
2002,NP,4103,SG_GEN_PARLN,
2002,NP,4103,SG_GEN_PARLNT,
2004,NP,4103,SG_GEN_PARL,
2004,NP,4103,SG_GEN_PARLN,
2004,NP,4103,SG_GEN_PARLNT,
2008,NP,4103,SG_GEN_PARL,
2008,NP,4103,SG_GEN_PARLN,
2008,NP,4103,SG_GEN_PARLNT,
2011,NP,4103,SG_GEN_PARL,
2011,NP,4103,SG_GEN_PARLN,
2011,NP,4103,SG_GEN_PARLNT,
2012,NP,4103,SG_GEN_PARL,
2012,NP,4103,SG_GEN_PARLN,
2012,NP,4103,SG_GEN_PARLNT,
2015,NP,4103,SG_GEN_PARL,
2015,NP,4103,SG_GEN_PARLN,
2015,NP,4103,SG_GEN_PARLNT,
2016,NP,4103,SG_GEN_PARL,
2016,NP,4103,SG_GEN_PARLN,
2016,NP,4103,SG_GEN_PARLNT,
2019,NP,4103,SG_GEN_PARL,
2019,NP,4103,SG_GEN_PARLN,
2019,NP,4103,SG_GEN_PARLNT,
2020,NP,4103,SG_GEN_PARL,
2020,NP,4103,SG_GEN_PARLN,
2020,NP,4103,SG_GEN_PARLNT,
2022,NP,4103,SG_GEN_PARL,
2022,NP,4103,SG_GEN_PARLN,
2022,NP,4103,SG_GEN_PARLNT,
1984,LG,TOT,SG_GEN_PARL,
1984,LG,TOT,SG_GEN_PARLN,
1984,LG,TOT,SG_GEN_PARLNT,
1988,LG,TOT,SG_GEN_PARL,
1988,LG,TOT,SG_GEN_PARLN,
1988,LG,TOT,SG_GEN_PARLNT,
1990,LG,TOT,SG_GEN_PARL,
1990,LG,TOT,SG_GEN_PARLN,
1990,LG,TOT,SG_GEN_PARLNT,
1992,LG,TOT,SG_GEN_PARL,
1992,LG,TOT,SG_GEN_PARLN,
1992,LG,TOT,SG_GEN_PARLNT,
1994,LG,TOT,SG_GEN_PARL,
1994,LG,TOT,SG_GEN_PARLN,
1994,LG,TOT,SG_GEN_PARLNT,
1996,LG,TOT,SG_GEN_PARL,
1996,LG,TOT,SG_GEN_PARLN,
1996,LG,TOT,SG_GEN_PARLNT,
1998,LG,TOT,SG_GEN_PARL,
1998,LG,TOT,SG_GEN_PARLN,
1998,LG,TOT,SG_GEN_PARLNT,
2000,LG,TOT,SG_GEN_PARL,
2000,LG,TOT,SG_GEN_PARLN,
2000,LG,TOT,SG_GEN_PARLNT,
2002,LG,TOT,SG_GEN_PARL,
2002,LG,TOT,SG_GEN_PARLN,
2002,LG,TOT,SG_GEN_PARLNT,
2004,LG,TOT,SG_GEN_PARL,
2004,LG,TOT,SG_GEN_PARLN,
2004,LG,TOT,SG_GEN_PARLNT,
2008,LG,TOT,SG_GEN_PARL,
2008,LG,TOT,SG_GEN_PARLN,
2008,LG,TOT,SG_GEN_PARLNT,
2011,LG,TOT,SG_GEN_PARL,
2011,LG,TOT,SG_GEN_PARLN,
2011,LG,TOT,SG_GEN_PARLNT,
2012,LG,TOT,SG_GEN_PARL,
2012,LG,TOT,SG_GEN_PARLN,
2012,LG,TOT,SG_GEN_PARLNT,
2015,LG,TOT,SG_GEN_PARL,
2015,LG,TOT,SG_GEN_PARLN,
2015,LG,TOT,SG_GEN_PARLNT,
2016,LG,TOT,SG_GEN_PARL,
2016,LG,TOT,SG_GEN_PARLN,
2016,LG,TOT,SG_GEN_PARLNT,
2019,LG,TOT,SG_GEN_PARL,
2019,LG,TOT,SG_GEN_PARLN,
2019,LG,TOT,SG_GEN_PARLNT,
2020,LG,TOT,SG_GEN_PARL,
2020,LG,TOT,SG_GEN_PARLN,
2020,LG,TOT,SG_GEN_PARLNT,
2022,LG,TOT,SG_GEN_PARL,
2022,LG,TOT,SG_GEN_PARLN,
2022,LG,TOT,SG_GEN_PARLNT,
1984,LG,A,SG_GEN_PARL,
1984,LG,A,SG_GEN_PARLN,
1984,LG,A,SG_GEN_PARLNT,
1988,LG,A,SG_GEN_PARL,
1988,LG,A,SG_GEN_PARLN,
1988,LG,A,SG_GEN_PARLNT,
1990,LG,A,SG_GEN_PARL,
1990,LG,A,SG_GEN_PARLN,
1990,LG,A,SG_GEN_PARLNT,
1992,LG,A,SG_GEN_PARL,
1992,LG,A,SG_GEN_PARLN,
1992,LG,A,SG_GEN_PARLNT,
1994,LG,A,SG_GEN_PARL,
1994,LG,A,SG_GEN_PARLN,
1994,LG,A,SG_GEN_PARLNT,
1996,LG,A,SG_GEN_PARL,
1996,LG,A,SG_GEN_PARLN,
1996,LG,A,SG_GEN_PARLNT,
1998,LG,A,SG_GEN_PARL,
1998,LG,A,SG_GEN_PARLN,
1998,LG,A,SG_GEN_PARLNT,
2000,LG,A,SG_GEN_PARL,
2000,LG,A,SG_GEN_PARLN,
2000,LG,A,SG_GEN_PARLNT,
2002,LG,A,SG_GEN_PARL,
2002,LG,A,SG_GEN_PARLN,
2002,LG,A,SG_GEN_PARLNT,
2004,LG,A,SG_GEN_PARL,
2004,LG,A,SG_GEN_PARLN,
2004,LG,A,SG_GEN_PARLNT,
2008,LG,A,SG_GEN_PARL,
2008,LG,A,SG_GEN_PARLN,
2008,LG,A,SG_GEN_PARLNT,
2011,LG,A,SG_GEN_PARL,
2011,LG,A,SG_GEN_PARLN,
2011,LG,A,SG_GEN_PARLNT,
2012,LG,A,SG_GEN_PARL,
2012,LG,A,SG_GEN_PARLN,
2012,LG,A,SG_GEN_PARLNT,
2015,LG,A,SG_GEN_PARL,
2015,LG,A,SG_GEN_PARLN,
2015,LG,A,SG_GEN_PARLNT,
2016,LG,A,SG_GEN_PARL,
2016,LG,A,SG_GEN_PARLN,
2016,LG,A,SG_GEN_PARLNT,
2019,LG,A,SG_GEN_PARL,
2019,LG,A,SG_GEN_PARLN,
2019,LG,A,SG_GEN_PARLNT,
2020,LG,A,SG_GEN_PARL,
2020,LG,A,SG_GEN_PARLN,
2020,LG,A,SG_GEN_PARLNT,
2022,LG,A,SG_GEN_PARL,
2022,LG,A,SG_GEN_PARLN,
2022,LG,A,SG_GEN_PARLNT,
1984,LG,FBF,SG_GEN_PARL,
1984,LG,FBF,SG_GEN_PARLN,
1984,LG,FBF,SG_GEN_PARLNT,
1988,LG,FBF,SG_GEN_PARL,
1988,LG,FBF,SG_GEN_PARLN,
1988,LG,FBF,SG_GEN_PARLNT,
1990,LG,FBF,SG_GEN_PARL,
1990,LG,FBF,SG_GEN_PARLN,
1990,LG,FBF,SG_GEN_PARLNT,
1992,LG,FBF,SG_GEN_PARL,
1992,LG,FBF,SG_GEN_PARLN,
1992,LG,FBF,SG_GEN_PARLNT,
1994,LG,FBF,SG_GEN_PARL,
1994,LG,FBF,SG_GEN_PARLN,
1994,LG,FBF,SG_GEN_PARLNT,
1996,LG,FBF,SG_GEN_PARL,
1996,LG,FBF,SG_GEN_PARLN,
1996,LG,FBF,SG_GEN_PARLNT,
1998,LG,FBF,SG_GEN_PARL,
1998,LG,FBF,SG_GEN_PARLN,
1998,LG,FBF,SG_GEN_PARLNT,
2000,LG,FBF,SG_GEN_PARL,
2000,LG,FBF,SG_GEN_PARLN,
2000,LG,FBF,SG_GEN_PARLNT,
2002,LG,FBF,SG_GEN_PARL,
2002,LG,FBF,SG_GEN_PARLN,
2002,LG,FBF,SG_GEN_PARLNT,
2004,LG,FBF,SG_GEN_PARL,
2004,LG,FBF,SG_GEN_PARLN,
2004,LG,FBF,SG_GEN_PARLNT,
2008,LG,FBF,SG_GEN_PARL,
2008,LG,FBF,SG_GEN_PARLN,
2008,LG,FBF,SG_GEN_PARLNT,
2011,LG,FBF,SG_GEN_PARL,
2011,LG,FBF,SG_GEN_PARLN,
2011,LG,FBF,SG_GEN_PARLNT,
2012,LG,FBF,SG_GEN_PARL,
2012,LG,FBF,SG_GEN_PARLN,
2012,LG,FBF,SG_GEN_PARLNT,
2015,LG,FBF,SG_GEN_PARL,
2015,LG,FBF,SG_GEN_PARLN,
2015,LG,FBF,SG_GEN_PARLNT,
2016,LG,FBF,SG_GEN_PARL,
2016,LG,FBF,SG_GEN_PARLN,
2016,LG,FBF,SG_GEN_PARLNT,
2019,LG,FBF,SG_GEN_PARL,
2019,LG,FBF,SG_GEN_PARLN,
2019,LG,FBF,SG_GEN_PARLNT,
2020,LG,FBF,SG_GEN_PARL,
2020,LG,FBF,SG_GEN_PARLN,
2020,LG,FBF,SG_GEN_PARLNT,
2022,LG,FBF,SG_GEN_PARL,
2022,LG,FBF,SG_GEN_PARLN,
2022,LG,FBF,SG_GEN_PARLNT,
1984,LG,F,SG_GEN_PARL,
1984,LG,F,SG_GEN_PARLN,
1984,LG,F,SG_GEN_PARLNT,
1988,LG,F,SG_GEN_PARL,
1988,LG,F,SG_GEN_PARLN,
1988,LG,F,SG_GEN_PARLNT,
1990,LG,F,SG_GEN_PARL,
1990,LG,F,SG_GEN_PARLN,
1990,LG,F,SG_GEN_PARLNT,
1992,LG,F,SG_GEN_PARL,
1992,LG,F,SG_GEN_PARLN,
1992,LG,F,SG_GEN_PARLNT,
1994,LG,F,SG_GEN_PARL,
1994,LG,F,SG_GEN_PARLN,
1994,LG,F,SG_GEN_PARLNT,
1996,LG,F,SG_GEN_PARL,
1996,LG,F,SG_GEN_PARLN,
1996,LG,F,SG_GEN_PARLNT,
1998,LG,F,SG_GEN_PARL,
1998,LG,F,SG_GEN_PARLN,
1998,LG,F,SG_GEN_PARLNT,
2000,LG,F,SG_GEN_PARL,
2000,LG,F,SG_GEN_PARLN,
2000,LG,F,SG_GEN_PARLNT,
2002,LG,F,SG_GEN_PARL,
2002,LG,F,SG_GEN_PARLN,
2002,LG,F,SG_GEN_PARLNT,
2004,LG,F,SG_GEN_PARL,
2004,LG,F,SG_GEN_PARLN,
2004,LG,F,SG_GEN_PARLNT,
2008,LG,F,SG_GEN_PARL,
2008,LG,F,SG_GEN_PARLN,
2008,LG,F,SG_GEN_PARLNT,
2011,LG,F,SG_GEN_PARL,
2011,LG,F,SG_GEN_PARLN,
2011,LG,F,SG_GEN_PARLNT,
2012,LG,F,SG_GEN_PARL,
2012,LG,F,SG_GEN_PARLN,
2012,LG,F,SG_GEN_PARLNT,
2015,LG,F,SG_GEN_PARL,
2015,LG,F,SG_GEN_PARLN,
2015,LG,F,SG_GEN_PARLNT,
2016,LG,F,SG_GEN_PARL,
2016,LG,F,SG_GEN_PARLN,
2016,LG,F,SG_GEN_PARLNT,
2019,LG,F,SG_GEN_PARL,
2019,LG,F,SG_GEN_PARLN,
2019,LG,F,SG_GEN_PARLNT,
2020,LG,F,SG_GEN_PARL,
2020,LG,F,SG_GEN_PARLN,
2020,LG,F,SG_GEN_PARLNT,
2022,LG,F,SG_GEN_PARL,
2022,LG,F,SG_GEN_PARLN,
2022,LG,F,SG_GEN_PARLNT,
1984,LG,C,SG_GEN_PARL,
1984,LG,C,SG_GEN_PARLN,
1984,LG,C,SG_GEN_PARLNT,
1988,LG,C,SG_GEN_PARL,
1988,LG,C,SG_GEN_PARLN,
1988,LG,C,SG_GEN_PARLNT,
1990,LG,C,SG_GEN_PARL,
1990,LG,C,SG_GEN_PARLN,
1990,LG,C,SG_GEN_PARLNT,
1992,LG,C,SG_GEN_PARL,
1992,LG,C,SG_GEN_PARLN,
1992,LG,C,SG_GEN_PARLNT,
1994,LG,C,SG_GEN_PARL,
1994,LG,C,SG_GEN_PARLN,
1994,LG,C,SG_GEN_PARLNT,
1996,LG,C,SG_GEN_PARL,
1996,LG,C,SG_GEN_PARLN,
1996,LG,C,SG_GEN_PARLNT,
1998,LG,C,SG_GEN_PARL,
1998,LG,C,SG_GEN_PARLN,
1998,LG,C,SG_GEN_PARLNT,
2000,LG,C,SG_GEN_PARL,
2000,LG,C,SG_GEN_PARLN,
2000,LG,C,SG_GEN_PARLNT,
2002,LG,C,SG_GEN_PARL,
2002,LG,C,SG_GEN_PARLN,
2002,LG,C,SG_GEN_PARLNT,
2004,LG,C,SG_GEN_PARL,
2004,LG,C,SG_GEN_PARLN,
2004,LG,C,SG_GEN_PARLNT,
2008,LG,C,SG_GEN_PARL,
2008,LG,C,SG_GEN_PARLN,
2008,LG,C,SG_GEN_PARLNT,
2011,LG,C,SG_GEN_PARL,
2011,LG,C,SG_GEN_PARLN,
2011,LG,C,SG_GEN_PARLNT,
2012,LG,C,SG_GEN_PARL,
2012,LG,C,SG_GEN_PARLN,
2012,LG,C,SG_GEN_PARLNT,
2015,LG,C,SG_GEN_PARL,
2015,LG,C,SG_GEN_PARLN,
2015,LG,C,SG_GEN_PARLNT,
2016,LG,C,SG_GEN_PARL,
2016,LG,C,SG_GEN_PARLN,
2016,LG,C,SG_GEN_PARLNT,
2019,LG,C,SG_GEN_PARL,
2019,LG,C,SG_GEN_PARLN,
2019,LG,C,SG_GEN_PARLNT,
2020,LG,C,SG_GEN_PARL,
2020,LG,C,SG_GEN_PARLN,
2020,LG,C,SG_GEN_PARLNT,
2022,LG,C,SG_GEN_PARL,
2022,LG,C,SG_GEN_PARLN,
2022,LG,C,SG_GEN_PARLNT,
1984,LG,KF,SG_GEN_PARL,
1984,LG,KF,SG_GEN_PARLN,
1984,LG,KF,SG_GEN_PARLNT,
1988,LG,KF,SG_GEN_PARL,
1988,LG,KF,SG_GEN_PARLN,
1988,LG,KF,SG_GEN_PARLNT,
1990,LG,KF,SG_GEN_PARL,
1990,LG,KF,SG_GEN_PARLN,
1990,LG,KF,SG_GEN_PARLNT,
1992,LG,KF,SG_GEN_PARL,
1992,LG,KF,SG_GEN_PARLN,
1992,LG,KF,SG_GEN_PARLNT,
1994,LG,KF,SG_GEN_PARL,
1994,LG,KF,SG_GEN_PARLN,
1994,LG,KF,SG_GEN_PARLNT,
1996,LG,KF,SG_GEN_PARL,
1996,LG,KF,SG_GEN_PARLN,
1996,LG,KF,SG_GEN_PARLNT,
1998,LG,KF,SG_GEN_PARL,
1998,LG,KF,SG_GEN_PARLN,
1998,LG,KF,SG_GEN_PARLNT,
2000,LG,KF,SG_GEN_PARL,
2000,LG,KF,SG_GEN_PARLN,
2000,LG,KF,SG_GEN_PARLNT,
2002,LG,KF,SG_GEN_PARL,
2002,LG,KF,SG_GEN_PARLN,
2002,LG,KF,SG_GEN_PARLNT,
2004,LG,KF,SG_GEN_PARL,
2004,LG,KF,SG_GEN_PARLN,
2004,LG,KF,SG_GEN_PARLNT,
2008,LG,KF,SG_GEN_PARL,
2008,LG,KF,SG_GEN_PARLN,
2008,LG,KF,SG_GEN_PARLNT,
2011,LG,KF,SG_GEN_PARL,
2011,LG,KF,SG_GEN_PARLN,
2011,LG,KF,SG_GEN_PARLNT,
2012,LG,KF,SG_GEN_PARL,
2012,LG,KF,SG_GEN_PARLN,
2012,LG,KF,SG_GEN_PARLNT,
2015,LG,KF,SG_GEN_PARL,
2015,LG,KF,SG_GEN_PARLN,
2015,LG,KF,SG_GEN_PARLNT,
2016,LG,KF,SG_GEN_PARL,
2016,LG,KF,SG_GEN_PARLN,
2016,LG,KF,SG_GEN_PARLNT,
2019,LG,KF,SG_GEN_PARL,
2019,LG,KF,SG_GEN_PARLN,
2019,LG,KF,SG_GEN_PARLNT,
2020,LG,KF,SG_GEN_PARL,
2020,LG,KF,SG_GEN_PARLN,
2020,LG,KF,SG_GEN_PARLNT,
2022,LG,KF,SG_GEN_PARL,
2022,LG,KF,SG_GEN_PARLN,
2022,LG,KF,SG_GEN_PARLNT,
1984,LG,H,SG_GEN_PARL,
1984,LG,H,SG_GEN_PARLN,
1984,LG,H,SG_GEN_PARLNT,
1988,LG,H,SG_GEN_PARL,
1988,LG,H,SG_GEN_PARLN,
1988,LG,H,SG_GEN_PARLNT,
1990,LG,H,SG_GEN_PARL,
1990,LG,H,SG_GEN_PARLN,
1990,LG,H,SG_GEN_PARLNT,
1992,LG,H,SG_GEN_PARL,
1992,LG,H,SG_GEN_PARLN,
1992,LG,H,SG_GEN_PARLNT,
1994,LG,H,SG_GEN_PARL,
1994,LG,H,SG_GEN_PARLN,
1994,LG,H,SG_GEN_PARLNT,
1996,LG,H,SG_GEN_PARL,
1996,LG,H,SG_GEN_PARLN,
1996,LG,H,SG_GEN_PARLNT,
1998,LG,H,SG_GEN_PARL,
1998,LG,H,SG_GEN_PARLN,
1998,LG,H,SG_GEN_PARLNT,
2000,LG,H,SG_GEN_PARL,
2000,LG,H,SG_GEN_PARLN,
2000,LG,H,SG_GEN_PARLNT,
2002,LG,H,SG_GEN_PARL,
2002,LG,H,SG_GEN_PARLN,
2002,LG,H,SG_GEN_PARLNT,
2004,LG,H,SG_GEN_PARL,
2004,LG,H,SG_GEN_PARLN,
2004,LG,H,SG_GEN_PARLNT,
2008,LG,H,SG_GEN_PARL,
2008,LG,H,SG_GEN_PARLN,
2008,LG,H,SG_GEN_PARLNT,
2011,LG,H,SG_GEN_PARL,
2011,LG,H,SG_GEN_PARLN,
2011,LG,H,SG_GEN_PARLNT,
2012,LG,H,SG_GEN_PARL,
2012,LG,H,SG_GEN_PARLN,
2012,LG,H,SG_GEN_PARLNT,
2015,LG,H,SG_GEN_PARL,
2015,LG,H,SG_GEN_PARLN,
2015,LG,H,SG_GEN_PARLNT,
2016,LG,H,SG_GEN_PARL,
2016,LG,H,SG_GEN_PARLN,
2016,LG,H,SG_GEN_PARLNT,
2019,LG,H,SG_GEN_PARL,
2019,LG,H,SG_GEN_PARLN,
2019,LG,H,SG_GEN_PARLNT,
2020,LG,H,SG_GEN_PARL,
2020,LG,H,SG_GEN_PARLN,
2020,LG,H,SG_GEN_PARLNT,
2022,LG,H,SG_GEN_PARL,
2022,LG,H,SG_GEN_PARLN,
2022,LG,H,SG_GEN_PARLNT,
1984,LG,B,SG_GEN_PARL,
1984,LG,B,SG_GEN_PARLN,
1984,LG,B,SG_GEN_PARLNT,
1988,LG,B,SG_GEN_PARL,
1988,LG,B,SG_GEN_PARLN,
1988,LG,B,SG_GEN_PARLNT,
1990,LG,B,SG_GEN_PARL,
1990,LG,B,SG_GEN_PARLN,
1990,LG,B,SG_GEN_PARLNT,
1992,LG,B,SG_GEN_PARL,
1992,LG,B,SG_GEN_PARLN,
1992,LG,B,SG_GEN_PARLNT,
1994,LG,B,SG_GEN_PARL,
1994,LG,B,SG_GEN_PARLN,
1994,LG,B,SG_GEN_PARLNT,
1996,LG,B,SG_GEN_PARL,
1996,LG,B,SG_GEN_PARLN,
1996,LG,B,SG_GEN_PARLNT,
1998,LG,B,SG_GEN_PARL,
1998,LG,B,SG_GEN_PARLN,
1998,LG,B,SG_GEN_PARLNT,
2000,LG,B,SG_GEN_PARL,
2000,LG,B,SG_GEN_PARLN,
2000,LG,B,SG_GEN_PARLNT,
2002,LG,B,SG_GEN_PARL,
2002,LG,B,SG_GEN_PARLN,
2002,LG,B,SG_GEN_PARLNT,
2004,LG,B,SG_GEN_PARL,
2004,LG,B,SG_GEN_PARLN,
2004,LG,B,SG_GEN_PARLNT,
2008,LG,B,SG_GEN_PARL,
2008,LG,B,SG_GEN_PARLN,
2008,LG,B,SG_GEN_PARLNT,
2011,LG,B,SG_GEN_PARL,
2011,LG,B,SG_GEN_PARLN,
2011,LG,B,SG_GEN_PARLNT,
2012,LG,B,SG_GEN_PARL,
2012,LG,B,SG_GEN_PARLN,
2012,LG,B,SG_GEN_PARLNT,
2015,LG,B,SG_GEN_PARL,
2015,LG,B,SG_GEN_PARLN,
2015,LG,B,SG_GEN_PARLNT,
2016,LG,B,SG_GEN_PARL,
2016,LG,B,SG_GEN_PARLN,
2016,LG,B,SG_GEN_PARLNT,
2019,LG,B,SG_GEN_PARL,
2019,LG,B,SG_GEN_PARLN,
2019,LG,B,SG_GEN_PARLNT,
2020,LG,B,SG_GEN_PARL,
2020,LG,B,SG_GEN_PARLN,
2020,LG,B,SG_GEN_PARLNT,
2022,LG,B,SG_GEN_PARL,
2022,LG,B,SG_GEN_PARLN,
2022,LG,B,SG_GEN_PARLNT,
1984,LG,D,SG_GEN_PARL,
1984,LG,D,SG_GEN_PARLN,
1984,LG,D,SG_GEN_PARLNT,
1988,LG,D,SG_GEN_PARL,
1988,LG,D,SG_GEN_PARLN,
1988,LG,D,SG_GEN_PARLNT,
1990,LG,D,SG_GEN_PARL,
1990,LG,D,SG_GEN_PARLN,
1990,LG,D,SG_GEN_PARLNT,
1992,LG,D,SG_GEN_PARL,
1992,LG,D,SG_GEN_PARLN,
1992,LG,D,SG_GEN_PARLNT,
1994,LG,D,SG_GEN_PARL,
1994,LG,D,SG_GEN_PARLN,
1994,LG,D,SG_GEN_PARLNT,
1996,LG,D,SG_GEN_PARL,
1996,LG,D,SG_GEN_PARLN,
1996,LG,D,SG_GEN_PARLNT,
1998,LG,D,SG_GEN_PARL,
1998,LG,D,SG_GEN_PARLN,
1998,LG,D,SG_GEN_PARLNT,
2000,LG,D,SG_GEN_PARL,
2000,LG,D,SG_GEN_PARLN,
2000,LG,D,SG_GEN_PARLNT,
2002,LG,D,SG_GEN_PARL,
2002,LG,D,SG_GEN_PARLN,
2002,LG,D,SG_GEN_PARLNT,
2004,LG,D,SG_GEN_PARL,
2004,LG,D,SG_GEN_PARLN,
2004,LG,D,SG_GEN_PARLNT,
2008,LG,D,SG_GEN_PARL,
2008,LG,D,SG_GEN_PARLN,
2008,LG,D,SG_GEN_PARLNT,
2011,LG,D,SG_GEN_PARL,
2011,LG,D,SG_GEN_PARLN,
2011,LG,D,SG_GEN_PARLNT,
2012,LG,D,SG_GEN_PARL,
2012,LG,D,SG_GEN_PARLN,
2012,LG,D,SG_GEN_PARLNT,
2015,LG,D,SG_GEN_PARL,
2015,LG,D,SG_GEN_PARLN,
2015,LG,D,SG_GEN_PARLNT,
2016,LG,D,SG_GEN_PARL,
2016,LG,D,SG_GEN_PARLN,
2016,LG,D,SG_GEN_PARLNT,
2019,LG,D,SG_GEN_PARL,
2019,LG,D,SG_GEN_PARLN,
2019,LG,D,SG_GEN_PARLNT,
2020,LG,D,SG_GEN_PARL,
2020,LG,D,SG_GEN_PARLN,
2020,LG,D,SG_GEN_PARLNT,
2022,LG,D,SG_GEN_PARL,
2022,LG,D,SG_GEN_PARLN,
2022,LG,D,SG_GEN_PARLNT,
1984,LG,E,SG_GEN_PARL,
1984,LG,E,SG_GEN_PARLN,
1984,LG,E,SG_GEN_PARLNT,
1988,LG,E,SG_GEN_PARL,
1988,LG,E,SG_GEN_PARLN,
1988,LG,E,SG_GEN_PARLNT,
1990,LG,E,SG_GEN_PARL,
1990,LG,E,SG_GEN_PARLN,
1990,LG,E,SG_GEN_PARLNT,
1992,LG,E,SG_GEN_PARL,
1992,LG,E,SG_GEN_PARLN,
1992,LG,E,SG_GEN_PARLNT,
1994,LG,E,SG_GEN_PARL,
1994,LG,E,SG_GEN_PARLN,
1994,LG,E,SG_GEN_PARLNT,
1996,LG,E,SG_GEN_PARL,
1996,LG,E,SG_GEN_PARLN,
1996,LG,E,SG_GEN_PARLNT,
1998,LG,E,SG_GEN_PARL,
1998,LG,E,SG_GEN_PARLN,
1998,LG,E,SG_GEN_PARLNT,
2000,LG,E,SG_GEN_PARL,
2000,LG,E,SG_GEN_PARLN,
2000,LG,E,SG_GEN_PARLNT,
2002,LG,E,SG_GEN_PARL,
2002,LG,E,SG_GEN_PARLN,
2002,LG,E,SG_GEN_PARLNT,
2004,LG,E,SG_GEN_PARL,
2004,LG,E,SG_GEN_PARLN,
2004,LG,E,SG_GEN_PARLNT,
2008,LG,E,SG_GEN_PARL,
2008,LG,E,SG_GEN_PARLN,
2008,LG,E,SG_GEN_PARLNT,
2011,LG,E,SG_GEN_PARL,
2011,LG,E,SG_GEN_PARLN,
2011,LG,E,SG_GEN_PARLNT,
2012,LG,E,SG_GEN_PARL,
2012,LG,E,SG_GEN_PARLN,
2012,LG,E,SG_GEN_PARLNT,
2015,LG,E,SG_GEN_PARL,
2015,LG,E,SG_GEN_PARLN,
2015,LG,E,SG_GEN_PARLNT,
2016,LG,E,SG_GEN_PARL,
2016,LG,E,SG_GEN_PARLN,
2016,LG,E,SG_GEN_PARLNT,
2019,LG,E,SG_GEN_PARL,
2019,LG,E,SG_GEN_PARLN,
2019,LG,E,SG_GEN_PARLNT,
2020,LG,E,SG_GEN_PARL,
2020,LG,E,SG_GEN_PARLN,
2020,LG,E,SG_GEN_PARLNT,
2022,LG,E,SG_GEN_PARL,
2022,LG,E,SG_GEN_PARLN,
2022,LG,E,SG_GEN_PARLNT,
1984,LG,vmf,SG_GEN_PARL,
1984,LG,vmf,SG_GEN_PARLN,
1984,LG,vmf,SG_GEN_PARLNT,
1988,LG,vmf,SG_GEN_PARL,
1988,LG,vmf,SG_GEN_PARLN,
1988,LG,vmf,SG_GEN_PARLNT,
1990,LG,vmf,SG_GEN_PARL,
1990,LG,vmf,SG_GEN_PARLN,
1990,LG,vmf,SG_GEN_PARLNT,
1992,LG,vmf,SG_GEN_PARL,
1992,LG,vmf,SG_GEN_PARLN,
1992,LG,vmf,SG_GEN_PARLNT,
1994,LG,vmf,SG_GEN_PARL,
1994,LG,vmf,SG_GEN_PARLN,
1994,LG,vmf,SG_GEN_PARLNT,
1996,LG,vmf,SG_GEN_PARL,
1996,LG,vmf,SG_GEN_PARLN,
1996,LG,vmf,SG_GEN_PARLNT,
1998,LG,vmf,SG_GEN_PARL,
1998,LG,vmf,SG_GEN_PARLN,
1998,LG,vmf,SG_GEN_PARLNT,
2000,LG,vmf,SG_GEN_PARL,
2000,LG,vmf,SG_GEN_PARLN,
2000,LG,vmf,SG_GEN_PARLNT,
2002,LG,vmf,SG_GEN_PARL,
2002,LG,vmf,SG_GEN_PARLN,
2002,LG,vmf,SG_GEN_PARLNT,
2004,LG,vmf,SG_GEN_PARL,
2004,LG,vmf,SG_GEN_PARLN,
2004,LG,vmf,SG_GEN_PARLNT,
2008,LG,vmf,SG_GEN_PARL,
2008,LG,vmf,SG_GEN_PARLN,
2008,LG,vmf,SG_GEN_PARLNT,
2011,LG,vmf,SG_GEN_PARL,
2011,LG,vmf,SG_GEN_PARLN,
2011,LG,vmf,SG_GEN_PARLNT,
2012,LG,vmf,SG_GEN_PARL,
2012,LG,vmf,SG_GEN_PARLN,
2012,LG,vmf,SG_GEN_PARLNT,
2015,LG,vmf,SG_GEN_PARL,
2015,LG,vmf,SG_GEN_PARLN,
2015,LG,vmf,SG_GEN_PARLNT,
2016,LG,vmf,SG_GEN_PARL,
2016,LG,vmf,SG_GEN_PARLN,
2016,LG,vmf,SG_GEN_PARLNT,
2019,LG,vmf,SG_GEN_PARL,
2019,LG,vmf,SG_GEN_PARLN,
2019,LG,vmf,SG_GEN_PARLNT,
2020,LG,vmf,SG_GEN_PARL,
2020,LG,vmf,SG_GEN_PARLN,
2020,LG,vmf,SG_GEN_PARLNT,
2022,LG,vmf,SG_GEN_PARL,
2022,LG,vmf,SG_GEN_PARLN,
2022,LG,vmf,SG_GEN_PARLNT,
1984,LG,9999,SG_GEN_PARL,
1984,LG,9999,SG_GEN_PARLN,
1984,LG,9999,SG_GEN_PARLNT,
1988,LG,9999,SG_GEN_PARL,
1988,LG,9999,SG_GEN_PARLN,
1988,LG,9999,SG_GEN_PARLNT,
1990,LG,9999,SG_GEN_PARL,
1990,LG,9999,SG_GEN_PARLN,
1990,LG,9999,SG_GEN_PARLNT,
1992,LG,9999,SG_GEN_PARL,15.3
1992,LG,9999,SG_GEN_PARLN,43.0
1992,LG,9999,SG_GEN_PARLNT,281.0
1994,LG,9999,SG_GEN_PARL,
1994,LG,9999,SG_GEN_PARLN,
1994,LG,9999,SG_GEN_PARLNT,
1996,LG,9999,SG_GEN_PARL,15.8
1996,LG,9999,SG_GEN_PARLN,44.0
1996,LG,9999,SG_GEN_PARLNT,279.0
1998,LG,9999,SG_GEN_PARL,
1998,LG,9999,SG_GEN_PARLN,
1998,LG,9999,SG_GEN_PARLNT,
2000,LG,9999,SG_GEN_PARL,23.2
2000,LG,9999,SG_GEN_PARLN,63.0
2000,LG,9999,SG_GEN_PARLNT,272.0
2002,LG,9999,SG_GEN_PARL,
2002,LG,9999,SG_GEN_PARLN,
2002,LG,9999,SG_GEN_PARLNT,
2004,LG,9999,SG_GEN_PARL,22.7
2004,LG,9999,SG_GEN_PARLN,50.0
2004,LG,9999,SG_GEN_PARLNT,220.0
2008,LG,9999,SG_GEN_PARL,
2008,LG,9999,SG_GEN_PARLN,
2008,LG,9999,SG_GEN_PARLNT,
2011,LG,9999,SG_GEN_PARL,
2011,LG,9999,SG_GEN_PARLN,
2011,LG,9999,SG_GEN_PARLNT,
2012,LG,9999,SG_GEN_PARL,27.8
2012,LG,9999,SG_GEN_PARLN,57.0
2012,LG,9999,SG_GEN_PARLNT,205.0
2015,LG,9999,SG_GEN_PARL,
2015,LG,9999,SG_GEN_PARLN,
2015,LG,9999,SG_GEN_PARLNT,
2016,LG,9999,SG_GEN_PARL,33.8
2016,LG,9999,SG_GEN_PARLN,68.0
2016,LG,9999,SG_GEN_PARLNT,201.0
2019,LG,9999,SG_GEN_PARL,
2019,LG,9999,SG_GEN_PARLN,
2019,LG,9999,SG_GEN_PARLNT,
2020,LG,9999,SG_GEN_PARL,35.7
2020,LG,9999,SG_GEN_PARLN,71.0
2020,LG,9999,SG_GEN_PARLNT,199.0
2022,LG,9999,SG_GEN_PARL,
2022,LG,9999,SG_GEN_PARLN,
2022,LG,9999,SG_GEN_PARLNT,
1984,LG,4308,SG_GEN_PARL,
1984,LG,4308,SG_GEN_PARLN,
1984,LG,4308,SG_GEN_PARLNT,
1988,LG,4308,SG_GEN_PARL,
1988,LG,4308,SG_GEN_PARLN,
1988,LG,4308,SG_GEN_PARLNT,
1990,LG,4308,SG_GEN_PARL,
1990,LG,4308,SG_GEN_PARLN,
1990,LG,4308,SG_GEN_PARLNT,
1992,LG,4308,SG_GEN_PARL,0.0
1992,LG,4308,SG_GEN_PARLN,0.0
1992,LG,4308,SG_GEN_PARLNT,7.0
1994,LG,4308,SG_GEN_PARL,
1994,LG,4308,SG_GEN_PARLN,
1994,LG,4308,SG_GEN_PARLNT,
1996,LG,4308,SG_GEN_PARL,
1996,LG,4308,SG_GEN_PARLN,
1996,LG,4308,SG_GEN_PARLNT,
1998,LG,4308,SG_GEN_PARL,
1998,LG,4308,SG_GEN_PARLN,
1998,LG,4308,SG_GEN_PARLNT,
2000,LG,4308,SG_GEN_PARL,
2000,LG,4308,SG_GEN_PARLN,
2000,LG,4308,SG_GEN_PARLNT,
2002,LG,4308,SG_GEN_PARL,
2002,LG,4308,SG_GEN_PARLN,
2002,LG,4308,SG_GEN_PARLNT,
2004,LG,4308,SG_GEN_PARL,
2004,LG,4308,SG_GEN_PARLN,
2004,LG,4308,SG_GEN_PARLNT,
2008,LG,4308,SG_GEN_PARL,
2008,LG,4308,SG_GEN_PARLN,
2008,LG,4308,SG_GEN_PARLNT,
2011,LG,4308,SG_GEN_PARL,
2011,LG,4308,SG_GEN_PARLN,
2011,LG,4308,SG_GEN_PARLNT,
2012,LG,4308,SG_GEN_PARL,
2012,LG,4308,SG_GEN_PARLN,
2012,LG,4308,SG_GEN_PARLNT,
2015,LG,4308,SG_GEN_PARL,
2015,LG,4308,SG_GEN_PARLN,
2015,LG,4308,SG_GEN_PARLNT,
2016,LG,4308,SG_GEN_PARL,
2016,LG,4308,SG_GEN_PARLN,
2016,LG,4308,SG_GEN_PARLNT,
2019,LG,4308,SG_GEN_PARL,
2019,LG,4308,SG_GEN_PARLN,
2019,LG,4308,SG_GEN_PARLNT,
2020,LG,4308,SG_GEN_PARL,
2020,LG,4308,SG_GEN_PARLN,
2020,LG,4308,SG_GEN_PARLNT,
2022,LG,4308,SG_GEN_PARL,
2022,LG,4308,SG_GEN_PARLN,
2022,LG,4308,SG_GEN_PARLNT,
1984,LG,4404,SG_GEN_PARL,
1984,LG,4404,SG_GEN_PARLN,
1984,LG,4404,SG_GEN_PARLNT,
1988,LG,4404,SG_GEN_PARL,
1988,LG,4404,SG_GEN_PARLN,
1988,LG,4404,SG_GEN_PARLNT,
1990,LG,4404,SG_GEN_PARL,
1990,LG,4404,SG_GEN_PARLN,
1990,LG,4404,SG_GEN_PARLNT,
1992,LG,4404,SG_GEN_PARL,66.7
1992,LG,4404,SG_GEN_PARLN,2.0
1992,LG,4404,SG_GEN_PARLNT,3.0
1994,LG,4404,SG_GEN_PARL,
1994,LG,4404,SG_GEN_PARLN,
1994,LG,4404,SG_GEN_PARLNT,
1996,LG,4404,SG_GEN_PARL,33.3
1996,LG,4404,SG_GEN_PARLN,1.0
1996,LG,4404,SG_GEN_PARLNT,3.0
1998,LG,4404,SG_GEN_PARL,
1998,LG,4404,SG_GEN_PARLN,
1998,LG,4404,SG_GEN_PARLNT,
2000,LG,4404,SG_GEN_PARL,0.0
2000,LG,4404,SG_GEN_PARLN,0.0
2000,LG,4404,SG_GEN_PARLNT,3.0
2002,LG,4404,SG_GEN_PARL,
2002,LG,4404,SG_GEN_PARLN,
2002,LG,4404,SG_GEN_PARLNT,
2004,LG,4404,SG_GEN_PARL,
2004,LG,4404,SG_GEN_PARLN,
2004,LG,4404,SG_GEN_PARLNT,
2008,LG,4404,SG_GEN_PARL,
2008,LG,4404,SG_GEN_PARLN,
2008,LG,4404,SG_GEN_PARLNT,
2011,LG,4404,SG_GEN_PARL,
2011,LG,4404,SG_GEN_PARLN,
2011,LG,4404,SG_GEN_PARLNT,
2012,LG,4404,SG_GEN_PARL,
2012,LG,4404,SG_GEN_PARLN,
2012,LG,4404,SG_GEN_PARLNT,
2015,LG,4404,SG_GEN_PARL,
2015,LG,4404,SG_GEN_PARLN,
2015,LG,4404,SG_GEN_PARLNT,
2016,LG,4404,SG_GEN_PARL,
2016,LG,4404,SG_GEN_PARLN,
2016,LG,4404,SG_GEN_PARLNT,
2019,LG,4404,SG_GEN_PARL,
2019,LG,4404,SG_GEN_PARLN,
2019,LG,4404,SG_GEN_PARLNT,
2020,LG,4404,SG_GEN_PARL,
2020,LG,4404,SG_GEN_PARLN,
2020,LG,4404,SG_GEN_PARLNT,
2022,LG,4404,SG_GEN_PARL,
2022,LG,4404,SG_GEN_PARLN,
2022,LG,4404,SG_GEN_PARLNT,
1984,LG,4210,SG_GEN_PARL,
1984,LG,4210,SG_GEN_PARLN,
1984,LG,4210,SG_GEN_PARLNT,
1988,LG,4210,SG_GEN_PARL,
1988,LG,4210,SG_GEN_PARLN,
1988,LG,4210,SG_GEN_PARLNT,
1990,LG,4210,SG_GEN_PARL,
1990,LG,4210,SG_GEN_PARLN,
1990,LG,4210,SG_GEN_PARLNT,
1992,LG,4210,SG_GEN_PARL,0.0
1992,LG,4210,SG_GEN_PARLN,0.0
1992,LG,4210,SG_GEN_PARLNT,7.0
1994,LG,4210,SG_GEN_PARL,
1994,LG,4210,SG_GEN_PARLN,
1994,LG,4210,SG_GEN_PARLNT,
1996,LG,4210,SG_GEN_PARL,14.3
1996,LG,4210,SG_GEN_PARLN,1.0
1996,LG,4210,SG_GEN_PARLNT,7.0
1998,LG,4210,SG_GEN_PARL,
1998,LG,4210,SG_GEN_PARLN,
1998,LG,4210,SG_GEN_PARLNT,
2000,LG,4210,SG_GEN_PARL,14.3
2000,LG,4210,SG_GEN_PARLN,1.0
2000,LG,4210,SG_GEN_PARLNT,7.0
2002,LG,4210,SG_GEN_PARL,
2002,LG,4210,SG_GEN_PARLN,
2002,LG,4210,SG_GEN_PARLNT,
2004,LG,4210,SG_GEN_PARL,14.3
2004,LG,4210,SG_GEN_PARLN,1.0
2004,LG,4210,SG_GEN_PARLNT,7.0
2008,LG,4210,SG_GEN_PARL,
2008,LG,4210,SG_GEN_PARLN,
2008,LG,4210,SG_GEN_PARLNT,
2011,LG,4210,SG_GEN_PARL,
2011,LG,4210,SG_GEN_PARLN,
2011,LG,4210,SG_GEN_PARLNT,
2012,LG,4210,SG_GEN_PARL,14.3
2012,LG,4210,SG_GEN_PARLN,1.0
2012,LG,4210,SG_GEN_PARLNT,7.0
2015,LG,4210,SG_GEN_PARL,
2015,LG,4210,SG_GEN_PARLN,
2015,LG,4210,SG_GEN_PARLNT,
2016,LG,4210,SG_GEN_PARL,14.3
2016,LG,4210,SG_GEN_PARLN,1.0
2016,LG,4210,SG_GEN_PARLNT,7.0
2019,LG,4210,SG_GEN_PARL,
2019,LG,4210,SG_GEN_PARLN,
2019,LG,4210,SG_GEN_PARLNT,
2020,LG,4210,SG_GEN_PARL,57.1
2020,LG,4210,SG_GEN_PARLN,4.0
2020,LG,4210,SG_GEN_PARLNT,7.0
2022,LG,4210,SG_GEN_PARL,
2022,LG,4210,SG_GEN_PARLN,
2022,LG,4210,SG_GEN_PARLNT,
1984,LG,4202,SG_GEN_PARL,
1984,LG,4202,SG_GEN_PARLN,
1984,LG,4202,SG_GEN_PARLNT,
1988,LG,4202,SG_GEN_PARL,
1988,LG,4202,SG_GEN_PARLN,
1988,LG,4202,SG_GEN_PARLNT,
1990,LG,4202,SG_GEN_PARL,
1990,LG,4202,SG_GEN_PARLN,
1990,LG,4202,SG_GEN_PARLNT,
1992,LG,4202,SG_GEN_PARL,0.0
1992,LG,4202,SG_GEN_PARLN,0.0
1992,LG,4202,SG_GEN_PARLNT,5.0
1994,LG,4202,SG_GEN_PARL,
1994,LG,4202,SG_GEN_PARLN,
1994,LG,4202,SG_GEN_PARLNT,
1996,LG,4202,SG_GEN_PARL,25.0
1996,LG,4202,SG_GEN_PARLN,1.0
1996,LG,4202,SG_GEN_PARLNT,4.0
1998,LG,4202,SG_GEN_PARL,
1998,LG,4202,SG_GEN_PARLN,
1998,LG,4202,SG_GEN_PARLNT,
2000,LG,4202,SG_GEN_PARL,25.0
2000,LG,4202,SG_GEN_PARLN,1.0
2000,LG,4202,SG_GEN_PARLNT,4.0
2002,LG,4202,SG_GEN_PARL,
2002,LG,4202,SG_GEN_PARLN,
2002,LG,4202,SG_GEN_PARLNT,
2004,LG,4202,SG_GEN_PARL,
2004,LG,4202,SG_GEN_PARLN,
2004,LG,4202,SG_GEN_PARLNT,
2008,LG,4202,SG_GEN_PARL,
2008,LG,4202,SG_GEN_PARLN,
2008,LG,4202,SG_GEN_PARLNT,
2011,LG,4202,SG_GEN_PARL,
2011,LG,4202,SG_GEN_PARLN,
2011,LG,4202,SG_GEN_PARLNT,
2012,LG,4202,SG_GEN_PARL,
2012,LG,4202,SG_GEN_PARLN,
2012,LG,4202,SG_GEN_PARLNT,
2015,LG,4202,SG_GEN_PARL,
2015,LG,4202,SG_GEN_PARLN,
2015,LG,4202,SG_GEN_PARLNT,
2016,LG,4202,SG_GEN_PARL,
2016,LG,4202,SG_GEN_PARLN,
2016,LG,4202,SG_GEN_PARLNT,
2019,LG,4202,SG_GEN_PARL,
2019,LG,4202,SG_GEN_PARLN,
2019,LG,4202,SG_GEN_PARLNT,
2020,LG,4202,SG_GEN_PARL,
2020,LG,4202,SG_GEN_PARLN,
2020,LG,4202,SG_GEN_PARLNT,
2022,LG,4202,SG_GEN_PARL,
2022,LG,4202,SG_GEN_PARLN,
2022,LG,4202,SG_GEN_PARLNT,
1984,LG,4205E,SG_GEN_PARL,
1984,LG,4205E,SG_GEN_PARLN,
1984,LG,4205E,SG_GEN_PARLNT,
1988,LG,4205E,SG_GEN_PARL,
1988,LG,4205E,SG_GEN_PARLN,
1988,LG,4205E,SG_GEN_PARLNT,
1990,LG,4205E,SG_GEN_PARL,
1990,LG,4205E,SG_GEN_PARLN,
1990,LG,4205E,SG_GEN_PARLNT,
1992,LG,4205E,SG_GEN_PARL,
1992,LG,4205E,SG_GEN_PARLN,
1992,LG,4205E,SG_GEN_PARLNT,
1994,LG,4205E,SG_GEN_PARL,
1994,LG,4205E,SG_GEN_PARLN,
1994,LG,4205E,SG_GEN_PARLNT,
1996,LG,4205E,SG_GEN_PARL,
1996,LG,4205E,SG_GEN_PARLN,
1996,LG,4205E,SG_GEN_PARLNT,
1998,LG,4205E,SG_GEN_PARL,
1998,LG,4205E,SG_GEN_PARLN,
1998,LG,4205E,SG_GEN_PARLNT,
2000,LG,4205E,SG_GEN_PARL,
2000,LG,4205E,SG_GEN_PARLN,
2000,LG,4205E,SG_GEN_PARLNT,
2002,LG,4205E,SG_GEN_PARL,
2002,LG,4205E,SG_GEN_PARLN,
2002,LG,4205E,SG_GEN_PARLNT,
2004,LG,4205E,SG_GEN_PARL,
2004,LG,4205E,SG_GEN_PARLN,
2004,LG,4205E,SG_GEN_PARLNT,
2008,LG,4205E,SG_GEN_PARL,
2008,LG,4205E,SG_GEN_PARLN,
2008,LG,4205E,SG_GEN_PARLNT,
2011,LG,4205E,SG_GEN_PARL,
2011,LG,4205E,SG_GEN_PARLN,
2011,LG,4205E,SG_GEN_PARLNT,
2012,LG,4205E,SG_GEN_PARL,33.3
2012,LG,4205E,SG_GEN_PARLN,3.0
2012,LG,4205E,SG_GEN_PARLNT,9.0
2015,LG,4205E,SG_GEN_PARL,
2015,LG,4205E,SG_GEN_PARLN,
2015,LG,4205E,SG_GEN_PARLNT,
2016,LG,4205E,SG_GEN_PARL,22.2
2016,LG,4205E,SG_GEN_PARLN,2.0
2016,LG,4205E,SG_GEN_PARLNT,9.0
2019,LG,4205E,SG_GEN_PARL,
2019,LG,4205E,SG_GEN_PARLN,
2019,LG,4205E,SG_GEN_PARLNT,
2020,LG,4205E,SG_GEN_PARL,44.4
2020,LG,4205E,SG_GEN_PARLN,4.0
2020,LG,4205E,SG_GEN_PARLNT,9.0
2022,LG,4205E,SG_GEN_PARL,
2022,LG,4205E,SG_GEN_PARLN,
2022,LG,4205E,SG_GEN_PARLNT,
1984,LG,4603,SG_GEN_PARL,
1984,LG,4603,SG_GEN_PARLN,
1984,LG,4603,SG_GEN_PARLNT,
1988,LG,4603,SG_GEN_PARL,
1988,LG,4603,SG_GEN_PARLN,
1988,LG,4603,SG_GEN_PARLNT,
1990,LG,4603,SG_GEN_PARL,
1990,LG,4603,SG_GEN_PARLN,
1990,LG,4603,SG_GEN_PARLNT,
1992,LG,4603,SG_GEN_PARL,20.0
1992,LG,4603,SG_GEN_PARLN,1.0
1992,LG,4603,SG_GEN_PARLNT,5.0
1994,LG,4603,SG_GEN_PARL,
1994,LG,4603,SG_GEN_PARLN,
1994,LG,4603,SG_GEN_PARLNT,
1996,LG,4603,SG_GEN_PARL,20.0
1996,LG,4603,SG_GEN_PARLN,1.0
1996,LG,4603,SG_GEN_PARLNT,5.0
1998,LG,4603,SG_GEN_PARL,
1998,LG,4603,SG_GEN_PARLN,
1998,LG,4603,SG_GEN_PARLNT,
2000,LG,4603,SG_GEN_PARL,20.0
2000,LG,4603,SG_GEN_PARLN,1.0
2000,LG,4603,SG_GEN_PARLNT,5.0
2002,LG,4603,SG_GEN_PARL,
2002,LG,4603,SG_GEN_PARLN,
2002,LG,4603,SG_GEN_PARLNT,
2004,LG,4603,SG_GEN_PARL,40.0
2004,LG,4603,SG_GEN_PARLN,2.0
2004,LG,4603,SG_GEN_PARLNT,5.0
2008,LG,4603,SG_GEN_PARL,
2008,LG,4603,SG_GEN_PARLN,
2008,LG,4603,SG_GEN_PARLNT,
2011,LG,4603,SG_GEN_PARL,
2011,LG,4603,SG_GEN_PARLN,
2011,LG,4603,SG_GEN_PARLNT,
2012,LG,4603,SG_GEN_PARL,42.9
2012,LG,4603,SG_GEN_PARLN,3.0
2012,LG,4603,SG_GEN_PARLNT,7.0
2015,LG,4603,SG_GEN_PARL,
2015,LG,4603,SG_GEN_PARLN,
2015,LG,4603,SG_GEN_PARLNT,
2016,LG,4603,SG_GEN_PARL,0.0
2016,LG,4603,SG_GEN_PARLN,0.0
2016,LG,4603,SG_GEN_PARLNT,3.0
2019,LG,4603,SG_GEN_PARL,
2019,LG,4603,SG_GEN_PARLN,
2019,LG,4603,SG_GEN_PARLNT,
2020,LG,4603,SG_GEN_PARL,0.0
2020,LG,4603,SG_GEN_PARLN,0.0
2020,LG,4603,SG_GEN_PARLNT,3.0
2022,LG,4603,SG_GEN_PARL,
2022,LG,4603,SG_GEN_PARLN,
2022,LG,4603,SG_GEN_PARLNT,
1984,LG,4203,SG_GEN_PARL,
1984,LG,4203,SG_GEN_PARLN,
1984,LG,4203,SG_GEN_PARLNT,
1988,LG,4203,SG_GEN_PARL,
1988,LG,4203,SG_GEN_PARLN,
1988,LG,4203,SG_GEN_PARLNT,
1990,LG,4203,SG_GEN_PARL,
1990,LG,4203,SG_GEN_PARLN,
1990,LG,4203,SG_GEN_PARLNT,
1992,LG,4203,SG_GEN_PARL,33.3
1992,LG,4203,SG_GEN_PARLN,3.0
1992,LG,4203,SG_GEN_PARLNT,9.0
1994,LG,4203,SG_GEN_PARL,
1994,LG,4203,SG_GEN_PARLN,
1994,LG,4203,SG_GEN_PARLNT,
1996,LG,4203,SG_GEN_PARL,11.1
1996,LG,4203,SG_GEN_PARLN,1.0
1996,LG,4203,SG_GEN_PARLNT,9.0
1998,LG,4203,SG_GEN_PARL,
1998,LG,4203,SG_GEN_PARLN,
1998,LG,4203,SG_GEN_PARLNT,
2000,LG,4203,SG_GEN_PARL,11.1
2000,LG,4203,SG_GEN_PARLN,1.0
2000,LG,4203,SG_GEN_PARLNT,9.0
2002,LG,4203,SG_GEN_PARL,
2002,LG,4203,SG_GEN_PARLN,
2002,LG,4203,SG_GEN_PARLNT,
2004,LG,4203,SG_GEN_PARL,11.1
2004,LG,4203,SG_GEN_PARLN,1.0
2004,LG,4203,SG_GEN_PARLNT,9.0
2008,LG,4203,SG_GEN_PARL,
2008,LG,4203,SG_GEN_PARLN,
2008,LG,4203,SG_GEN_PARLNT,
2011,LG,4203,SG_GEN_PARL,
2011,LG,4203,SG_GEN_PARLN,
2011,LG,4203,SG_GEN_PARLNT,
2012,LG,4203,SG_GEN_PARL,11.1
2012,LG,4203,SG_GEN_PARLN,1.0
2012,LG,4203,SG_GEN_PARLNT,9.0
2015,LG,4203,SG_GEN_PARL,
2015,LG,4203,SG_GEN_PARLN,
2015,LG,4203,SG_GEN_PARLNT,
2016,LG,4203,SG_GEN_PARL,11.1
2016,LG,4203,SG_GEN_PARLN,1.0
2016,LG,4203,SG_GEN_PARLNT,9.0
2019,LG,4203,SG_GEN_PARL,
2019,LG,4203,SG_GEN_PARLN,
2019,LG,4203,SG_GEN_PARLNT,
2020,LG,4203,SG_GEN_PARL,22.2
2020,LG,4203,SG_GEN_PARLN,2.0
2020,LG,4203,SG_GEN_PARLNT,9.0
2022,LG,4203,SG_GEN_PARL,
2022,LG,4203,SG_GEN_PARLN,
2022,LG,4203,SG_GEN_PARLNT,
1984,LG,4101,SG_GEN_PARL,
1984,LG,4101,SG_GEN_PARLN,
1984,LG,4101,SG_GEN_PARLNT,
1988,LG,4101,SG_GEN_PARL,
1988,LG,4101,SG_GEN_PARLN,
1988,LG,4101,SG_GEN_PARLNT,
1990,LG,4101,SG_GEN_PARL,
1990,LG,4101,SG_GEN_PARLN,
1990,LG,4101,SG_GEN_PARLNT,
1992,LG,4101,SG_GEN_PARL,20.0
1992,LG,4101,SG_GEN_PARLN,1.0
1992,LG,4101,SG_GEN_PARLNT,5.0
1994,LG,4101,SG_GEN_PARL,
1994,LG,4101,SG_GEN_PARLN,
1994,LG,4101,SG_GEN_PARLNT,
1996,LG,4101,SG_GEN_PARL,0.0
1996,LG,4101,SG_GEN_PARLN,0.0
1996,LG,4101,SG_GEN_PARLNT,5.0
1998,LG,4101,SG_GEN_PARL,
1998,LG,4101,SG_GEN_PARLN,
1998,LG,4101,SG_GEN_PARLNT,
2000,LG,4101,SG_GEN_PARL,0.0
2000,LG,4101,SG_GEN_PARLN,0.0
2000,LG,4101,SG_GEN_PARLNT,3.0
2002,LG,4101,SG_GEN_PARL,
2002,LG,4101,SG_GEN_PARLN,
2002,LG,4101,SG_GEN_PARLNT,
2004,LG,4101,SG_GEN_PARL,33.3
2004,LG,4101,SG_GEN_PARLN,1.0
2004,LG,4101,SG_GEN_PARLNT,3.0
2008,LG,4101,SG_GEN_PARL,
2008,LG,4101,SG_GEN_PARLN,
2008,LG,4101,SG_GEN_PARLNT,
2011,LG,4101,SG_GEN_PARL,
2011,LG,4101,SG_GEN_PARLN,
2011,LG,4101,SG_GEN_PARLNT,
2012,LG,4101,SG_GEN_PARL,33.3
2012,LG,4101,SG_GEN_PARLN,1.0
2012,LG,4101,SG_GEN_PARLNT,3.0
2015,LG,4101,SG_GEN_PARL,
2015,LG,4101,SG_GEN_PARLN,
2015,LG,4101,SG_GEN_PARLNT,
2016,LG,4101,SG_GEN_PARL,66.7
2016,LG,4101,SG_GEN_PARLN,2.0
2016,LG,4101,SG_GEN_PARLNT,3.0
2019,LG,4101,SG_GEN_PARL,
2019,LG,4101,SG_GEN_PARLN,
2019,LG,4101,SG_GEN_PARLNT,
2020,LG,4101,SG_GEN_PARL,66.7
2020,LG,4101,SG_GEN_PARLN,2.0
2020,LG,4101,SG_GEN_PARLNT,3.0
2022,LG,4101,SG_GEN_PARL,
2022,LG,4101,SG_GEN_PARLN,
2022,LG,4101,SG_GEN_PARLNT,
1984,LG,4212,SG_GEN_PARL,
1984,LG,4212,SG_GEN_PARLN,
1984,LG,4212,SG_GEN_PARLNT,
1988,LG,4212,SG_GEN_PARL,
1988,LG,4212,SG_GEN_PARLN,
1988,LG,4212,SG_GEN_PARLNT,
1990,LG,4212,SG_GEN_PARL,
1990,LG,4212,SG_GEN_PARLN,
1990,LG,4212,SG_GEN_PARLNT,
1992,LG,4212,SG_GEN_PARL,20.0
1992,LG,4212,SG_GEN_PARLN,1.0
1992,LG,4212,SG_GEN_PARLNT,5.0
1994,LG,4212,SG_GEN_PARL,
1994,LG,4212,SG_GEN_PARLN,
1994,LG,4212,SG_GEN_PARLNT,
1996,LG,4212,SG_GEN_PARL,0.0
1996,LG,4212,SG_GEN_PARLN,0.0
1996,LG,4212,SG_GEN_PARLNT,5.0
1998,LG,4212,SG_GEN_PARL,
1998,LG,4212,SG_GEN_PARLN,
1998,LG,4212,SG_GEN_PARLNT,
2000,LG,4212,SG_GEN_PARL,33.3
2000,LG,4212,SG_GEN_PARLN,1.0
2000,LG,4212,SG_GEN_PARLNT,3.0
2002,LG,4212,SG_GEN_PARL,
2002,LG,4212,SG_GEN_PARLN,
2002,LG,4212,SG_GEN_PARLNT,
2004,LG,4212,SG_GEN_PARL,50.0
2004,LG,4212,SG_GEN_PARLN,1.0
2004,LG,4212,SG_GEN_PARLNT,2.0
2008,LG,4212,SG_GEN_PARL,
2008,LG,4212,SG_GEN_PARLN,
2008,LG,4212,SG_GEN_PARLNT,
2011,LG,4212,SG_GEN_PARL,
2011,LG,4212,SG_GEN_PARLN,
2011,LG,4212,SG_GEN_PARLNT,
2012,LG,4212,SG_GEN_PARL,
2012,LG,4212,SG_GEN_PARLN,
2012,LG,4212,SG_GEN_PARLNT,
2015,LG,4212,SG_GEN_PARL,
2015,LG,4212,SG_GEN_PARLN,
2015,LG,4212,SG_GEN_PARLNT,
2016,LG,4212,SG_GEN_PARL,
2016,LG,4212,SG_GEN_PARLN,
2016,LG,4212,SG_GEN_PARLNT,
2019,LG,4212,SG_GEN_PARL,
2019,LG,4212,SG_GEN_PARLN,
2019,LG,4212,SG_GEN_PARLNT,
2020,LG,4212,SG_GEN_PARL,
2020,LG,4212,SG_GEN_PARLN,
2020,LG,4212,SG_GEN_PARLNT,
2022,LG,4212,SG_GEN_PARL,
2022,LG,4212,SG_GEN_PARLN,
2022,LG,4212,SG_GEN_PARLNT,
1984,LG,4213,SG_GEN_PARL,
1984,LG,4213,SG_GEN_PARLN,
1984,LG,4213,SG_GEN_PARLNT,
1988,LG,4213,SG_GEN_PARL,
1988,LG,4213,SG_GEN_PARLN,
1988,LG,4213,SG_GEN_PARLNT,
1990,LG,4213,SG_GEN_PARL,
1990,LG,4213,SG_GEN_PARLN,
1990,LG,4213,SG_GEN_PARLNT,
1992,LG,4213,SG_GEN_PARL,25.0
1992,LG,4213,SG_GEN_PARLN,1.0
1992,LG,4213,SG_GEN_PARLNT,4.0
1994,LG,4213,SG_GEN_PARL,
1994,LG,4213,SG_GEN_PARLN,
1994,LG,4213,SG_GEN_PARLNT,
1996,LG,4213,SG_GEN_PARL,0.0
1996,LG,4213,SG_GEN_PARLN,0.0
1996,LG,4213,SG_GEN_PARLNT,4.0
1998,LG,4213,SG_GEN_PARL,
1998,LG,4213,SG_GEN_PARLN,
1998,LG,4213,SG_GEN_PARLNT,
2000,LG,4213,SG_GEN_PARL,0.0
2000,LG,4213,SG_GEN_PARLN,0.0
2000,LG,4213,SG_GEN_PARLNT,1.0
2002,LG,4213,SG_GEN_PARL,
2002,LG,4213,SG_GEN_PARLN,
2002,LG,4213,SG_GEN_PARLNT,
2004,LG,4213,SG_GEN_PARL,
2004,LG,4213,SG_GEN_PARLN,
2004,LG,4213,SG_GEN_PARLNT,
2008,LG,4213,SG_GEN_PARL,
2008,LG,4213,SG_GEN_PARLN,
2008,LG,4213,SG_GEN_PARLNT,
2011,LG,4213,SG_GEN_PARL,
2011,LG,4213,SG_GEN_PARLN,
2011,LG,4213,SG_GEN_PARLNT,
2012,LG,4213,SG_GEN_PARL,
2012,LG,4213,SG_GEN_PARLN,
2012,LG,4213,SG_GEN_PARLNT,
2015,LG,4213,SG_GEN_PARL,
2015,LG,4213,SG_GEN_PARLN,
2015,LG,4213,SG_GEN_PARLNT,
2016,LG,4213,SG_GEN_PARL,
2016,LG,4213,SG_GEN_PARLN,
2016,LG,4213,SG_GEN_PARLNT,
2019,LG,4213,SG_GEN_PARL,
2019,LG,4213,SG_GEN_PARLN,
2019,LG,4213,SG_GEN_PARLNT,
2020,LG,4213,SG_GEN_PARL,
2020,LG,4213,SG_GEN_PARLN,
2020,LG,4213,SG_GEN_PARLNT,
2022,LG,4213,SG_GEN_PARL,
2022,LG,4213,SG_GEN_PARLN,
2022,LG,4213,SG_GEN_PARLNT,
1984,LG,4205,SG_GEN_PARL,
1984,LG,4205,SG_GEN_PARLN,
1984,LG,4205,SG_GEN_PARLNT,
1988,LG,4205,SG_GEN_PARL,
1988,LG,4205,SG_GEN_PARLN,
1988,LG,4205,SG_GEN_PARLNT,
1990,LG,4205,SG_GEN_PARL,
1990,LG,4205,SG_GEN_PARLN,
1990,LG,4205,SG_GEN_PARLNT,
1992,LG,4205,SG_GEN_PARL,0.0
1992,LG,4205,SG_GEN_PARLN,0.0
1992,LG,4205,SG_GEN_PARLNT,5.0
1994,LG,4205,SG_GEN_PARL,
1994,LG,4205,SG_GEN_PARLN,
1994,LG,4205,SG_GEN_PARLNT,
1996,LG,4205,SG_GEN_PARL,0.0
1996,LG,4205,SG_GEN_PARLN,0.0
1996,LG,4205,SG_GEN_PARLNT,5.0
1998,LG,4205,SG_GEN_PARL,
1998,LG,4205,SG_GEN_PARLN,
1998,LG,4205,SG_GEN_PARLNT,
2000,LG,4205,SG_GEN_PARL,33.3
2000,LG,4205,SG_GEN_PARLN,3.0
2000,LG,4205,SG_GEN_PARLNT,9.0
2002,LG,4205,SG_GEN_PARL,
2002,LG,4205,SG_GEN_PARLN,
2002,LG,4205,SG_GEN_PARLNT,
2004,LG,4205,SG_GEN_PARL,33.3
2004,LG,4205,SG_GEN_PARLN,4.0
2004,LG,4205,SG_GEN_PARLNT,12.0
2008,LG,4205,SG_GEN_PARL,
2008,LG,4205,SG_GEN_PARLN,
2008,LG,4205,SG_GEN_PARLNT,
2011,LG,4205,SG_GEN_PARL,
2011,LG,4205,SG_GEN_PARLN,
2011,LG,4205,SG_GEN_PARLNT,
2012,LG,4205,SG_GEN_PARL,
2012,LG,4205,SG_GEN_PARLN,
2012,LG,4205,SG_GEN_PARLNT,
2015,LG,4205,SG_GEN_PARL,
2015,LG,4205,SG_GEN_PARLN,
2015,LG,4205,SG_GEN_PARLNT,
2016,LG,4205,SG_GEN_PARL,
2016,LG,4205,SG_GEN_PARLN,
2016,LG,4205,SG_GEN_PARLNT,
2019,LG,4205,SG_GEN_PARL,
2019,LG,4205,SG_GEN_PARLN,
2019,LG,4205,SG_GEN_PARLNT,
2020,LG,4205,SG_GEN_PARL,
2020,LG,4205,SG_GEN_PARLN,
2020,LG,4205,SG_GEN_PARLNT,
2022,LG,4205,SG_GEN_PARL,
2022,LG,4205,SG_GEN_PARLN,
2022,LG,4205,SG_GEN_PARLNT,
1984,LG,4301,SG_GEN_PARL,
1984,LG,4301,SG_GEN_PARLN,
1984,LG,4301,SG_GEN_PARLNT,
1988,LG,4301,SG_GEN_PARL,
1988,LG,4301,SG_GEN_PARLN,
1988,LG,4301,SG_GEN_PARLNT,
1990,LG,4301,SG_GEN_PARL,
1990,LG,4301,SG_GEN_PARLN,
1990,LG,4301,SG_GEN_PARLNT,
1992,LG,4301,SG_GEN_PARL,25.0
1992,LG,4301,SG_GEN_PARLN,1.0
1992,LG,4301,SG_GEN_PARLNT,4.0
1994,LG,4301,SG_GEN_PARL,
1994,LG,4301,SG_GEN_PARLN,
1994,LG,4301,SG_GEN_PARLNT,
1996,LG,4301,SG_GEN_PARL,0.0
1996,LG,4301,SG_GEN_PARLN,0.0
1996,LG,4301,SG_GEN_PARLNT,3.0
1998,LG,4301,SG_GEN_PARL,
1998,LG,4301,SG_GEN_PARLN,
1998,LG,4301,SG_GEN_PARLNT,
2000,LG,4301,SG_GEN_PARL,0.0
2000,LG,4301,SG_GEN_PARLN,0.0
2000,LG,4301,SG_GEN_PARLNT,3.0
2002,LG,4301,SG_GEN_PARL,
2002,LG,4301,SG_GEN_PARLN,
2002,LG,4301,SG_GEN_PARLNT,
2004,LG,4301,SG_GEN_PARL,
2004,LG,4301,SG_GEN_PARLN,
2004,LG,4301,SG_GEN_PARLNT,
2008,LG,4301,SG_GEN_PARL,
2008,LG,4301,SG_GEN_PARLN,
2008,LG,4301,SG_GEN_PARLNT,
2011,LG,4301,SG_GEN_PARL,
2011,LG,4301,SG_GEN_PARLN,
2011,LG,4301,SG_GEN_PARLNT,
2012,LG,4301,SG_GEN_PARL,
2012,LG,4301,SG_GEN_PARLN,
2012,LG,4301,SG_GEN_PARLNT,
2015,LG,4301,SG_GEN_PARL,
2015,LG,4301,SG_GEN_PARLN,
2015,LG,4301,SG_GEN_PARLNT,
2016,LG,4301,SG_GEN_PARL,
2016,LG,4301,SG_GEN_PARLN,
2016,LG,4301,SG_GEN_PARLNT,
2019,LG,4301,SG_GEN_PARL,
2019,LG,4301,SG_GEN_PARLN,
2019,LG,4301,SG_GEN_PARLNT,
2020,LG,4301,SG_GEN_PARL,
2020,LG,4301,SG_GEN_PARLN,
2020,LG,4301,SG_GEN_PARLNT,
2022,LG,4301,SG_GEN_PARL,
2022,LG,4301,SG_GEN_PARLN,
2022,LG,4301,SG_GEN_PARLNT,
1984,LG,4310,SG_GEN_PARL,
1984,LG,4310,SG_GEN_PARLN,
1984,LG,4310,SG_GEN_PARLNT,
1988,LG,4310,SG_GEN_PARL,
1988,LG,4310,SG_GEN_PARLN,
1988,LG,4310,SG_GEN_PARLNT,
1990,LG,4310,SG_GEN_PARL,
1990,LG,4310,SG_GEN_PARLN,
1990,LG,4310,SG_GEN_PARLNT,
1992,LG,4310,SG_GEN_PARL,20.0
1992,LG,4310,SG_GEN_PARLN,1.0
1992,LG,4310,SG_GEN_PARLNT,5.0
1994,LG,4310,SG_GEN_PARL,
1994,LG,4310,SG_GEN_PARLN,
1994,LG,4310,SG_GEN_PARLNT,
1996,LG,4310,SG_GEN_PARL,0.0
1996,LG,4310,SG_GEN_PARLN,0.0
1996,LG,4310,SG_GEN_PARLNT,5.0
1998,LG,4310,SG_GEN_PARL,
1998,LG,4310,SG_GEN_PARLN,
1998,LG,4310,SG_GEN_PARLNT,
2000,LG,4310,SG_GEN_PARL,0.0
2000,LG,4310,SG_GEN_PARLN,0.0
2000,LG,4310,SG_GEN_PARLNT,3.0
2002,LG,4310,SG_GEN_PARL,
2002,LG,4310,SG_GEN_PARLN,
2002,LG,4310,SG_GEN_PARLNT,
2004,LG,4310,SG_GEN_PARL,
2004,LG,4310,SG_GEN_PARLN,
2004,LG,4310,SG_GEN_PARLNT,
2008,LG,4310,SG_GEN_PARL,
2008,LG,4310,SG_GEN_PARLN,
2008,LG,4310,SG_GEN_PARLNT,
2011,LG,4310,SG_GEN_PARL,
2011,LG,4310,SG_GEN_PARLN,
2011,LG,4310,SG_GEN_PARLNT,
2012,LG,4310,SG_GEN_PARL,
2012,LG,4310,SG_GEN_PARLN,
2012,LG,4310,SG_GEN_PARLNT,
2015,LG,4310,SG_GEN_PARL,
2015,LG,4310,SG_GEN_PARLN,
2015,LG,4310,SG_GEN_PARLNT,
2016,LG,4310,SG_GEN_PARL,
2016,LG,4310,SG_GEN_PARLN,
2016,LG,4310,SG_GEN_PARLNT,
2019,LG,4310,SG_GEN_PARL,
2019,LG,4310,SG_GEN_PARLN,
2019,LG,4310,SG_GEN_PARLNT,
2020,LG,4310,SG_GEN_PARL,
2020,LG,4310,SG_GEN_PARLN,
2020,LG,4310,SG_GEN_PARLNT,
2022,LG,4310,SG_GEN_PARL,
2022,LG,4310,SG_GEN_PARLN,
2022,LG,4310,SG_GEN_PARLNT,
1984,LG,4304,SG_GEN_PARL,
1984,LG,4304,SG_GEN_PARLN,
1984,LG,4304,SG_GEN_PARLNT,
1988,LG,4304,SG_GEN_PARL,
1988,LG,4304,SG_GEN_PARLN,
1988,LG,4304,SG_GEN_PARLNT,
1990,LG,4304,SG_GEN_PARL,
1990,LG,4304,SG_GEN_PARLN,
1990,LG,4304,SG_GEN_PARLNT,
1992,LG,4304,SG_GEN_PARL,0.0
1992,LG,4304,SG_GEN_PARLN,0.0
1992,LG,4304,SG_GEN_PARLNT,3.0
1994,LG,4304,SG_GEN_PARL,
1994,LG,4304,SG_GEN_PARLN,
1994,LG,4304,SG_GEN_PARLNT,
1996,LG,4304,SG_GEN_PARL,0.0
1996,LG,4304,SG_GEN_PARLN,0.0
1996,LG,4304,SG_GEN_PARLNT,4.0
1998,LG,4304,SG_GEN_PARL,
1998,LG,4304,SG_GEN_PARLN,
1998,LG,4304,SG_GEN_PARLNT,
2000,LG,4304,SG_GEN_PARL,50.0
2000,LG,4304,SG_GEN_PARLN,2.0
2000,LG,4304,SG_GEN_PARLNT,4.0
2002,LG,4304,SG_GEN_PARL,
2002,LG,4304,SG_GEN_PARLN,
2002,LG,4304,SG_GEN_PARLNT,
2004,LG,4304,SG_GEN_PARL,
2004,LG,4304,SG_GEN_PARLN,
2004,LG,4304,SG_GEN_PARLNT,
2008,LG,4304,SG_GEN_PARL,
2008,LG,4304,SG_GEN_PARLN,
2008,LG,4304,SG_GEN_PARLNT,
2011,LG,4304,SG_GEN_PARL,
2011,LG,4304,SG_GEN_PARLN,
2011,LG,4304,SG_GEN_PARLNT,
2012,LG,4304,SG_GEN_PARL,
2012,LG,4304,SG_GEN_PARLN,
2012,LG,4304,SG_GEN_PARLNT,
2015,LG,4304,SG_GEN_PARL,
2015,LG,4304,SG_GEN_PARLN,
2015,LG,4304,SG_GEN_PARLNT,
2016,LG,4304,SG_GEN_PARL,
2016,LG,4304,SG_GEN_PARLN,
2016,LG,4304,SG_GEN_PARLNT,
2019,LG,4304,SG_GEN_PARL,
2019,LG,4304,SG_GEN_PARLN,
2019,LG,4304,SG_GEN_PARLNT,
2020,LG,4304,SG_GEN_PARL,
2020,LG,4304,SG_GEN_PARLN,
2020,LG,4304,SG_GEN_PARLNT,
2022,LG,4304,SG_GEN_PARL,
2022,LG,4304,SG_GEN_PARLN,
2022,LG,4304,SG_GEN_PARLNT,
1984,LG,4604,SG_GEN_PARL,
1984,LG,4604,SG_GEN_PARLN,
1984,LG,4604,SG_GEN_PARLNT,
1988,LG,4604,SG_GEN_PARL,
1988,LG,4604,SG_GEN_PARLN,
1988,LG,4604,SG_GEN_PARLNT,
1990,LG,4604,SG_GEN_PARL,
1990,LG,4604,SG_GEN_PARLN,
1990,LG,4604,SG_GEN_PARLNT,
1992,LG,4604,SG_GEN_PARL,60.0
1992,LG,4604,SG_GEN_PARLN,3.0
1992,LG,4604,SG_GEN_PARLNT,5.0
1994,LG,4604,SG_GEN_PARL,
1994,LG,4604,SG_GEN_PARLN,
1994,LG,4604,SG_GEN_PARLNT,
1996,LG,4604,SG_GEN_PARL,20.0
1996,LG,4604,SG_GEN_PARLN,1.0
1996,LG,4604,SG_GEN_PARLNT,5.0
1998,LG,4604,SG_GEN_PARL,
1998,LG,4604,SG_GEN_PARLN,
1998,LG,4604,SG_GEN_PARLNT,
2000,LG,4604,SG_GEN_PARL,40.0
2000,LG,4604,SG_GEN_PARLN,2.0
2000,LG,4604,SG_GEN_PARLNT,5.0
2002,LG,4604,SG_GEN_PARL,
2002,LG,4604,SG_GEN_PARLN,
2002,LG,4604,SG_GEN_PARLNT,
2004,LG,4604,SG_GEN_PARL,40.0
2004,LG,4604,SG_GEN_PARLN,2.0
2004,LG,4604,SG_GEN_PARLNT,5.0
2008,LG,4604,SG_GEN_PARL,
2008,LG,4604,SG_GEN_PARLN,
2008,LG,4604,SG_GEN_PARLNT,
2011,LG,4604,SG_GEN_PARL,
2011,LG,4604,SG_GEN_PARLN,
2011,LG,4604,SG_GEN_PARLNT,
2012,LG,4604,SG_GEN_PARL,40.0
2012,LG,4604,SG_GEN_PARLN,2.0
2012,LG,4604,SG_GEN_PARLNT,5.0
2015,LG,4604,SG_GEN_PARL,
2015,LG,4604,SG_GEN_PARLN,
2015,LG,4604,SG_GEN_PARLNT,
2016,LG,4604,SG_GEN_PARL,40.0
2016,LG,4604,SG_GEN_PARLN,2.0
2016,LG,4604,SG_GEN_PARLNT,5.0
2019,LG,4604,SG_GEN_PARL,
2019,LG,4604,SG_GEN_PARLN,
2019,LG,4604,SG_GEN_PARLNT,
2020,LG,4604,SG_GEN_PARL,33.3
2020,LG,4604,SG_GEN_PARLN,1.0
2020,LG,4604,SG_GEN_PARLNT,3.0
2022,LG,4604,SG_GEN_PARL,
2022,LG,4604,SG_GEN_PARLN,
2022,LG,4604,SG_GEN_PARLNT,
1984,LG,4108,SG_GEN_PARL,
1984,LG,4108,SG_GEN_PARLN,
1984,LG,4108,SG_GEN_PARLNT,
1988,LG,4108,SG_GEN_PARL,
1988,LG,4108,SG_GEN_PARLN,
1988,LG,4108,SG_GEN_PARLNT,
1990,LG,4108,SG_GEN_PARL,
1990,LG,4108,SG_GEN_PARLN,
1990,LG,4108,SG_GEN_PARLNT,
1992,LG,4108,SG_GEN_PARL,0.0
1992,LG,4108,SG_GEN_PARLN,0.0
1992,LG,4108,SG_GEN_PARLNT,5.0
1994,LG,4108,SG_GEN_PARL,
1994,LG,4108,SG_GEN_PARLN,
1994,LG,4108,SG_GEN_PARLNT,
1996,LG,4108,SG_GEN_PARL,20.0
1996,LG,4108,SG_GEN_PARLN,1.0
1996,LG,4108,SG_GEN_PARLNT,5.0
1998,LG,4108,SG_GEN_PARL,
1998,LG,4108,SG_GEN_PARLN,
1998,LG,4108,SG_GEN_PARLNT,
2000,LG,4108,SG_GEN_PARL,33.3
2000,LG,4108,SG_GEN_PARLN,1.0
2000,LG,4108,SG_GEN_PARLNT,3.0
2002,LG,4108,SG_GEN_PARL,
2002,LG,4108,SG_GEN_PARLN,
2002,LG,4108,SG_GEN_PARLNT,
2004,LG,4108,SG_GEN_PARL,33.3
2004,LG,4108,SG_GEN_PARLN,1.0
2004,LG,4108,SG_GEN_PARLNT,3.0
2008,LG,4108,SG_GEN_PARL,
2008,LG,4108,SG_GEN_PARLN,
2008,LG,4108,SG_GEN_PARLNT,
2011,LG,4108,SG_GEN_PARL,
2011,LG,4108,SG_GEN_PARLN,
2011,LG,4108,SG_GEN_PARLNT,
2012,LG,4108,SG_GEN_PARL,
2012,LG,4108,SG_GEN_PARLN,
2012,LG,4108,SG_GEN_PARLNT,
2015,LG,4108,SG_GEN_PARL,
2015,LG,4108,SG_GEN_PARLN,
2015,LG,4108,SG_GEN_PARLNT,
2016,LG,4108,SG_GEN_PARL,
2016,LG,4108,SG_GEN_PARLN,
2016,LG,4108,SG_GEN_PARLNT,
2019,LG,4108,SG_GEN_PARL,
2019,LG,4108,SG_GEN_PARLN,
2019,LG,4108,SG_GEN_PARLNT,
2020,LG,4108,SG_GEN_PARL,
2020,LG,4108,SG_GEN_PARLN,
2020,LG,4108,SG_GEN_PARLNT,
2022,LG,4108,SG_GEN_PARL,
2022,LG,4108,SG_GEN_PARLN,
2022,LG,4108,SG_GEN_PARLNT,
1984,LG,4504,SG_GEN_PARL,
1984,LG,4504,SG_GEN_PARLN,
1984,LG,4504,SG_GEN_PARLNT,
1988,LG,4504,SG_GEN_PARL,
1988,LG,4504,SG_GEN_PARLN,
1988,LG,4504,SG_GEN_PARLNT,
1990,LG,4504,SG_GEN_PARL,
1990,LG,4504,SG_GEN_PARLN,
1990,LG,4504,SG_GEN_PARLNT,
1992,LG,4504,SG_GEN_PARL,20.0
1992,LG,4504,SG_GEN_PARLN,1.0
1992,LG,4504,SG_GEN_PARLNT,5.0
1994,LG,4504,SG_GEN_PARL,
1994,LG,4504,SG_GEN_PARLN,
1994,LG,4504,SG_GEN_PARLNT,
1996,LG,4504,SG_GEN_PARL,20.0
1996,LG,4504,SG_GEN_PARLN,1.0
1996,LG,4504,SG_GEN_PARLNT,5.0
1998,LG,4504,SG_GEN_PARL,
1998,LG,4504,SG_GEN_PARLN,
1998,LG,4504,SG_GEN_PARLNT,
2000,LG,4504,SG_GEN_PARL,20.0
2000,LG,4504,SG_GEN_PARLN,1.0
2000,LG,4504,SG_GEN_PARLNT,5.0
2002,LG,4504,SG_GEN_PARL,
2002,LG,4504,SG_GEN_PARLN,
2002,LG,4504,SG_GEN_PARLNT,
2004,LG,4504,SG_GEN_PARL,20.0
2004,LG,4504,SG_GEN_PARLN,1.0
2004,LG,4504,SG_GEN_PARLNT,5.0
2008,LG,4504,SG_GEN_PARL,
2008,LG,4504,SG_GEN_PARLN,
2008,LG,4504,SG_GEN_PARLNT,
2011,LG,4504,SG_GEN_PARL,
2011,LG,4504,SG_GEN_PARLN,
2011,LG,4504,SG_GEN_PARLNT,
2012,LG,4504,SG_GEN_PARL,40.0
2012,LG,4504,SG_GEN_PARLN,2.0
2012,LG,4504,SG_GEN_PARLNT,5.0
2015,LG,4504,SG_GEN_PARL,
2015,LG,4504,SG_GEN_PARLN,
2015,LG,4504,SG_GEN_PARLNT,
2016,LG,4504,SG_GEN_PARL,60.0
2016,LG,4504,SG_GEN_PARLN,3.0
2016,LG,4504,SG_GEN_PARLNT,5.0
2019,LG,4504,SG_GEN_PARL,
2019,LG,4504,SG_GEN_PARLN,
2019,LG,4504,SG_GEN_PARLNT,
2020,LG,4504,SG_GEN_PARL,40.0
2020,LG,4504,SG_GEN_PARLN,2.0
2020,LG,4504,SG_GEN_PARLNT,5.0
2022,LG,4504,SG_GEN_PARL,
2022,LG,4504,SG_GEN_PARLN,
2022,LG,4504,SG_GEN_PARLNT,
1984,LG,4601,SG_GEN_PARL,
1984,LG,4601,SG_GEN_PARLN,
1984,LG,4601,SG_GEN_PARLNT,
1988,LG,4601,SG_GEN_PARL,
1988,LG,4601,SG_GEN_PARLN,
1988,LG,4601,SG_GEN_PARLNT,
1990,LG,4601,SG_GEN_PARL,
1990,LG,4601,SG_GEN_PARLN,
1990,LG,4601,SG_GEN_PARLNT,
1992,LG,4601,SG_GEN_PARL,0.0
1992,LG,4601,SG_GEN_PARLN,0.0
1992,LG,4601,SG_GEN_PARLNT,5.0
1994,LG,4601,SG_GEN_PARL,
1994,LG,4601,SG_GEN_PARLN,
1994,LG,4601,SG_GEN_PARLNT,
1996,LG,4601,SG_GEN_PARL,0.0
1996,LG,4601,SG_GEN_PARLN,0.0
1996,LG,4601,SG_GEN_PARLNT,5.0
1998,LG,4601,SG_GEN_PARL,
1998,LG,4601,SG_GEN_PARLN,
1998,LG,4601,SG_GEN_PARLNT,
2000,LG,4601,SG_GEN_PARL,14.3
2000,LG,4601,SG_GEN_PARLN,1.0
2000,LG,4601,SG_GEN_PARLNT,7.0
2002,LG,4601,SG_GEN_PARL,
2002,LG,4601,SG_GEN_PARLN,
2002,LG,4601,SG_GEN_PARLNT,
2004,LG,4601,SG_GEN_PARL,14.3
2004,LG,4601,SG_GEN_PARLN,1.0
2004,LG,4601,SG_GEN_PARLNT,7.0
2008,LG,4601,SG_GEN_PARL,
2008,LG,4601,SG_GEN_PARLN,
2008,LG,4601,SG_GEN_PARLNT,
2011,LG,4601,SG_GEN_PARL,
2011,LG,4601,SG_GEN_PARLN,
2011,LG,4601,SG_GEN_PARLNT,
2012,LG,4601,SG_GEN_PARL,0.0
2012,LG,4601,SG_GEN_PARLN,0.0
2012,LG,4601,SG_GEN_PARLNT,7.0
2015,LG,4601,SG_GEN_PARL,
2015,LG,4601,SG_GEN_PARLN,
2015,LG,4601,SG_GEN_PARLNT,
2016,LG,4601,SG_GEN_PARL,28.6
2016,LG,4601,SG_GEN_PARLN,2.0
2016,LG,4601,SG_GEN_PARLNT,7.0
2019,LG,4601,SG_GEN_PARL,
2019,LG,4601,SG_GEN_PARLN,
2019,LG,4601,SG_GEN_PARLNT,
2020,LG,4601,SG_GEN_PARL,28.6
2020,LG,4601,SG_GEN_PARLN,2.0
2020,LG,4601,SG_GEN_PARLNT,7.0
2022,LG,4601,SG_GEN_PARL,
2022,LG,4601,SG_GEN_PARLN,
2022,LG,4601,SG_GEN_PARLNT,
1984,LG,4303,SG_GEN_PARL,
1984,LG,4303,SG_GEN_PARLN,
1984,LG,4303,SG_GEN_PARLNT,
1988,LG,4303,SG_GEN_PARL,
1988,LG,4303,SG_GEN_PARLN,
1988,LG,4303,SG_GEN_PARLNT,
1990,LG,4303,SG_GEN_PARL,
1990,LG,4303,SG_GEN_PARLN,
1990,LG,4303,SG_GEN_PARLNT,
1992,LG,4303,SG_GEN_PARL,33.3
1992,LG,4303,SG_GEN_PARLN,1.0
1992,LG,4303,SG_GEN_PARLNT,3.0
1994,LG,4303,SG_GEN_PARL,
1994,LG,4303,SG_GEN_PARLN,
1994,LG,4303,SG_GEN_PARLNT,
1996,LG,4303,SG_GEN_PARL,0.0
1996,LG,4303,SG_GEN_PARLN,0.0
1996,LG,4303,SG_GEN_PARLNT,4.0
1998,LG,4303,SG_GEN_PARL,
1998,LG,4303,SG_GEN_PARLN,
1998,LG,4303,SG_GEN_PARLNT,
2000,LG,4303,SG_GEN_PARL,0.0
2000,LG,4303,SG_GEN_PARLN,0.0
2000,LG,4303,SG_GEN_PARLNT,1.0
2002,LG,4303,SG_GEN_PARL,
2002,LG,4303,SG_GEN_PARLN,
2002,LG,4303,SG_GEN_PARLNT,
2004,LG,4303,SG_GEN_PARL,
2004,LG,4303,SG_GEN_PARLN,
2004,LG,4303,SG_GEN_PARLNT,
2008,LG,4303,SG_GEN_PARL,
2008,LG,4303,SG_GEN_PARLN,
2008,LG,4303,SG_GEN_PARLNT,
2011,LG,4303,SG_GEN_PARL,
2011,LG,4303,SG_GEN_PARLN,
2011,LG,4303,SG_GEN_PARLNT,
2012,LG,4303,SG_GEN_PARL,
2012,LG,4303,SG_GEN_PARLN,
2012,LG,4303,SG_GEN_PARLNT,
2015,LG,4303,SG_GEN_PARL,
2015,LG,4303,SG_GEN_PARLN,
2015,LG,4303,SG_GEN_PARLNT,
2016,LG,4303,SG_GEN_PARL,
2016,LG,4303,SG_GEN_PARLN,
2016,LG,4303,SG_GEN_PARLNT,
2019,LG,4303,SG_GEN_PARL,
2019,LG,4303,SG_GEN_PARLN,
2019,LG,4303,SG_GEN_PARLNT,
2020,LG,4303,SG_GEN_PARL,
2020,LG,4303,SG_GEN_PARLN,
2020,LG,4303,SG_GEN_PARLNT,
2022,LG,4303,SG_GEN_PARL,
2022,LG,4303,SG_GEN_PARLN,
2022,LG,4303,SG_GEN_PARLNT,
1984,LG,4104,SG_GEN_PARL,
1984,LG,4104,SG_GEN_PARLN,
1984,LG,4104,SG_GEN_PARLNT,
1988,LG,4104,SG_GEN_PARL,
1988,LG,4104,SG_GEN_PARLN,
1988,LG,4104,SG_GEN_PARLNT,
1990,LG,4104,SG_GEN_PARL,
1990,LG,4104,SG_GEN_PARLN,
1990,LG,4104,SG_GEN_PARLNT,
1992,LG,4104,SG_GEN_PARL,0.0
1992,LG,4104,SG_GEN_PARLN,0.0
1992,LG,4104,SG_GEN_PARLNT,5.0
1994,LG,4104,SG_GEN_PARL,
1994,LG,4104,SG_GEN_PARLN,
1994,LG,4104,SG_GEN_PARLNT,
1996,LG,4104,SG_GEN_PARL,0.0
1996,LG,4104,SG_GEN_PARLN,0.0
1996,LG,4104,SG_GEN_PARLNT,6.0
1998,LG,4104,SG_GEN_PARL,
1998,LG,4104,SG_GEN_PARLN,
1998,LG,4104,SG_GEN_PARLNT,
2000,LG,4104,SG_GEN_PARL,40.0
2000,LG,4104,SG_GEN_PARLN,2.0
2000,LG,4104,SG_GEN_PARLNT,5.0
2002,LG,4104,SG_GEN_PARL,
2002,LG,4104,SG_GEN_PARLN,
2002,LG,4104,SG_GEN_PARLNT,
2004,LG,4104,SG_GEN_PARL,20.0
2004,LG,4104,SG_GEN_PARLN,1.0
2004,LG,4104,SG_GEN_PARLNT,5.0
2008,LG,4104,SG_GEN_PARL,
2008,LG,4104,SG_GEN_PARLN,
2008,LG,4104,SG_GEN_PARLNT,
2011,LG,4104,SG_GEN_PARL,
2011,LG,4104,SG_GEN_PARLN,
2011,LG,4104,SG_GEN_PARLNT,
2012,LG,4104,SG_GEN_PARL,40.0
2012,LG,4104,SG_GEN_PARLN,2.0
2012,LG,4104,SG_GEN_PARLNT,5.0
2015,LG,4104,SG_GEN_PARL,
2015,LG,4104,SG_GEN_PARLN,
2015,LG,4104,SG_GEN_PARLNT,
2016,LG,4104,SG_GEN_PARL,40.0
2016,LG,4104,SG_GEN_PARLN,2.0
2016,LG,4104,SG_GEN_PARLNT,5.0
2019,LG,4104,SG_GEN_PARL,
2019,LG,4104,SG_GEN_PARLN,
2019,LG,4104,SG_GEN_PARLNT,
2020,LG,4104,SG_GEN_PARL,80.0
2020,LG,4104,SG_GEN_PARLN,4.0
2020,LG,4104,SG_GEN_PARLNT,5.0
2022,LG,4104,SG_GEN_PARL,
2022,LG,4104,SG_GEN_PARLN,
2022,LG,4104,SG_GEN_PARLNT,
1984,LG,4309,SG_GEN_PARL,
1984,LG,4309,SG_GEN_PARLN,
1984,LG,4309,SG_GEN_PARLNT,
1988,LG,4309,SG_GEN_PARL,
1988,LG,4309,SG_GEN_PARLN,
1988,LG,4309,SG_GEN_PARLNT,
1990,LG,4309,SG_GEN_PARL,
1990,LG,4309,SG_GEN_PARLN,
1990,LG,4309,SG_GEN_PARLNT,
1992,LG,4309,SG_GEN_PARL,25.0
1992,LG,4309,SG_GEN_PARLN,1.0
1992,LG,4309,SG_GEN_PARLNT,4.0
1994,LG,4309,SG_GEN_PARL,
1994,LG,4309,SG_GEN_PARLN,
1994,LG,4309,SG_GEN_PARLNT,
1996,LG,4309,SG_GEN_PARL,33.3
1996,LG,4309,SG_GEN_PARLN,1.0
1996,LG,4309,SG_GEN_PARLNT,3.0
1998,LG,4309,SG_GEN_PARL,
1998,LG,4309,SG_GEN_PARLN,
1998,LG,4309,SG_GEN_PARLNT,
2000,LG,4309,SG_GEN_PARL,33.3
2000,LG,4309,SG_GEN_PARLN,1.0
2000,LG,4309,SG_GEN_PARLNT,3.0
2002,LG,4309,SG_GEN_PARL,
2002,LG,4309,SG_GEN_PARLN,
2002,LG,4309,SG_GEN_PARLNT,
2004,LG,4309,SG_GEN_PARL,
2004,LG,4309,SG_GEN_PARLN,
2004,LG,4309,SG_GEN_PARLNT,
2008,LG,4309,SG_GEN_PARL,
2008,LG,4309,SG_GEN_PARLN,
2008,LG,4309,SG_GEN_PARLNT,
2011,LG,4309,SG_GEN_PARL,
2011,LG,4309,SG_GEN_PARLN,
2011,LG,4309,SG_GEN_PARLNT,
2012,LG,4309,SG_GEN_PARL,
2012,LG,4309,SG_GEN_PARLN,
2012,LG,4309,SG_GEN_PARLNT,
2015,LG,4309,SG_GEN_PARL,
2015,LG,4309,SG_GEN_PARLN,
2015,LG,4309,SG_GEN_PARLNT,
2016,LG,4309,SG_GEN_PARL,
2016,LG,4309,SG_GEN_PARLN,
2016,LG,4309,SG_GEN_PARLNT,
2019,LG,4309,SG_GEN_PARL,
2019,LG,4309,SG_GEN_PARLN,
2019,LG,4309,SG_GEN_PARLNT,
2020,LG,4309,SG_GEN_PARL,
2020,LG,4309,SG_GEN_PARLN,
2020,LG,4309,SG_GEN_PARLNT,
2022,LG,4309,SG_GEN_PARL,
2022,LG,4309,SG_GEN_PARLN,
2022,LG,4309,SG_GEN_PARLNT,
1984,LG,4105,SG_GEN_PARL,
1984,LG,4105,SG_GEN_PARLN,
1984,LG,4105,SG_GEN_PARLNT,
1988,LG,4105,SG_GEN_PARL,
1988,LG,4105,SG_GEN_PARLN,
1988,LG,4105,SG_GEN_PARLNT,
1990,LG,4105,SG_GEN_PARL,
1990,LG,4105,SG_GEN_PARLN,
1990,LG,4105,SG_GEN_PARLNT,
1992,LG,4105,SG_GEN_PARL,18.2
1992,LG,4105,SG_GEN_PARLN,2.0
1992,LG,4105,SG_GEN_PARLNT,11.0
1994,LG,4105,SG_GEN_PARL,
1994,LG,4105,SG_GEN_PARLN,
1994,LG,4105,SG_GEN_PARLNT,
1996,LG,4105,SG_GEN_PARL,18.2
1996,LG,4105,SG_GEN_PARLN,2.0
1996,LG,4105,SG_GEN_PARLNT,11.0
1998,LG,4105,SG_GEN_PARL,
1998,LG,4105,SG_GEN_PARLN,
1998,LG,4105,SG_GEN_PARLNT,
2000,LG,4105,SG_GEN_PARL,25.0
2000,LG,4105,SG_GEN_PARLN,3.0
2000,LG,4105,SG_GEN_PARLNT,12.0
2002,LG,4105,SG_GEN_PARL,
2002,LG,4105,SG_GEN_PARLN,
2002,LG,4105,SG_GEN_PARLNT,
2004,LG,4105,SG_GEN_PARL,25.0
2004,LG,4105,SG_GEN_PARLN,3.0
2004,LG,4105,SG_GEN_PARLNT,12.0
2008,LG,4105,SG_GEN_PARL,
2008,LG,4105,SG_GEN_PARLN,
2008,LG,4105,SG_GEN_PARLNT,
2011,LG,4105,SG_GEN_PARL,
2011,LG,4105,SG_GEN_PARLN,
2011,LG,4105,SG_GEN_PARLNT,
2012,LG,4105,SG_GEN_PARL,45.5
2012,LG,4105,SG_GEN_PARLN,5.0
2012,LG,4105,SG_GEN_PARLNT,11.0
2015,LG,4105,SG_GEN_PARL,
2015,LG,4105,SG_GEN_PARLN,
2015,LG,4105,SG_GEN_PARLNT,
2016,LG,4105,SG_GEN_PARL,36.4
2016,LG,4105,SG_GEN_PARLN,4.0
2016,LG,4105,SG_GEN_PARLNT,11.0
2019,LG,4105,SG_GEN_PARL,
2019,LG,4105,SG_GEN_PARLN,
2019,LG,4105,SG_GEN_PARLNT,
2020,LG,4105,SG_GEN_PARL,36.4
2020,LG,4105,SG_GEN_PARLN,4.0
2020,LG,4105,SG_GEN_PARLNT,11.0
2022,LG,4105,SG_GEN_PARL,
2022,LG,4105,SG_GEN_PARLN,
2022,LG,4105,SG_GEN_PARLNT,
1984,LG,4305,SG_GEN_PARL,
1984,LG,4305,SG_GEN_PARLN,
1984,LG,4305,SG_GEN_PARLNT,
1988,LG,4305,SG_GEN_PARL,
1988,LG,4305,SG_GEN_PARLN,
1988,LG,4305,SG_GEN_PARLNT,
1990,LG,4305,SG_GEN_PARL,
1990,LG,4305,SG_GEN_PARLN,
1990,LG,4305,SG_GEN_PARLNT,
1992,LG,4305,SG_GEN_PARL,12.5
1992,LG,4305,SG_GEN_PARLN,1.0
1992,LG,4305,SG_GEN_PARLNT,8.0
1994,LG,4305,SG_GEN_PARL,
1994,LG,4305,SG_GEN_PARLN,
1994,LG,4305,SG_GEN_PARLNT,
1996,LG,4305,SG_GEN_PARL,0.0
1996,LG,4305,SG_GEN_PARLN,0.0
1996,LG,4305,SG_GEN_PARLNT,7.0
1998,LG,4305,SG_GEN_PARL,
1998,LG,4305,SG_GEN_PARLN,
1998,LG,4305,SG_GEN_PARLNT,
2000,LG,4305,SG_GEN_PARL,
2000,LG,4305,SG_GEN_PARLN,
2000,LG,4305,SG_GEN_PARLNT,
2002,LG,4305,SG_GEN_PARL,
2002,LG,4305,SG_GEN_PARLN,
2002,LG,4305,SG_GEN_PARLNT,
2004,LG,4305,SG_GEN_PARL,
2004,LG,4305,SG_GEN_PARLN,
2004,LG,4305,SG_GEN_PARLNT,
2008,LG,4305,SG_GEN_PARL,
2008,LG,4305,SG_GEN_PARLN,
2008,LG,4305,SG_GEN_PARLNT,
2011,LG,4305,SG_GEN_PARL,
2011,LG,4305,SG_GEN_PARLN,
2011,LG,4305,SG_GEN_PARLNT,
2012,LG,4305,SG_GEN_PARL,
2012,LG,4305,SG_GEN_PARLN,
2012,LG,4305,SG_GEN_PARLNT,
2015,LG,4305,SG_GEN_PARL,
2015,LG,4305,SG_GEN_PARLN,
2015,LG,4305,SG_GEN_PARLNT,
2016,LG,4305,SG_GEN_PARL,
2016,LG,4305,SG_GEN_PARLN,
2016,LG,4305,SG_GEN_PARLNT,
2019,LG,4305,SG_GEN_PARL,
2019,LG,4305,SG_GEN_PARLN,
2019,LG,4305,SG_GEN_PARLNT,
2020,LG,4305,SG_GEN_PARL,
2020,LG,4305,SG_GEN_PARLN,
2020,LG,4305,SG_GEN_PARLNT,
2022,LG,4305,SG_GEN_PARL,
2022,LG,4305,SG_GEN_PARLN,
2022,LG,4305,SG_GEN_PARLNT,
1984,LG,4106,SG_GEN_PARL,
1984,LG,4106,SG_GEN_PARLN,
1984,LG,4106,SG_GEN_PARLNT,
1988,LG,4106,SG_GEN_PARL,
1988,LG,4106,SG_GEN_PARLN,
1988,LG,4106,SG_GEN_PARLNT,
1990,LG,4106,SG_GEN_PARL,
1990,LG,4106,SG_GEN_PARLN,
1990,LG,4106,SG_GEN_PARLNT,
1992,LG,4106,SG_GEN_PARL,0.0
1992,LG,4106,SG_GEN_PARLN,0.0
1992,LG,4106,SG_GEN_PARLNT,5.0
1994,LG,4106,SG_GEN_PARL,
1994,LG,4106,SG_GEN_PARLN,
1994,LG,4106,SG_GEN_PARLNT,
1996,LG,4106,SG_GEN_PARL,20.0
1996,LG,4106,SG_GEN_PARLN,1.0
1996,LG,4106,SG_GEN_PARLNT,5.0
1998,LG,4106,SG_GEN_PARL,
1998,LG,4106,SG_GEN_PARLN,
1998,LG,4106,SG_GEN_PARLNT,
2000,LG,4106,SG_GEN_PARL,20.0
2000,LG,4106,SG_GEN_PARLN,1.0
2000,LG,4106,SG_GEN_PARLNT,5.0
2002,LG,4106,SG_GEN_PARL,
2002,LG,4106,SG_GEN_PARLN,
2002,LG,4106,SG_GEN_PARLNT,
2004,LG,4106,SG_GEN_PARL,20.0
2004,LG,4106,SG_GEN_PARLN,1.0
2004,LG,4106,SG_GEN_PARLNT,5.0
2008,LG,4106,SG_GEN_PARL,
2008,LG,4106,SG_GEN_PARLN,
2008,LG,4106,SG_GEN_PARLNT,
2011,LG,4106,SG_GEN_PARL,
2011,LG,4106,SG_GEN_PARLN,
2011,LG,4106,SG_GEN_PARLNT,
2012,LG,4106,SG_GEN_PARL,40.0
2012,LG,4106,SG_GEN_PARLN,2.0
2012,LG,4106,SG_GEN_PARLNT,5.0
2015,LG,4106,SG_GEN_PARL,
2015,LG,4106,SG_GEN_PARLN,
2015,LG,4106,SG_GEN_PARLNT,
2016,LG,4106,SG_GEN_PARL,40.0
2016,LG,4106,SG_GEN_PARLN,2.0
2016,LG,4106,SG_GEN_PARLNT,5.0
2019,LG,4106,SG_GEN_PARL,
2019,LG,4106,SG_GEN_PARLN,
2019,LG,4106,SG_GEN_PARLNT,
2020,LG,4106,SG_GEN_PARL,20.0
2020,LG,4106,SG_GEN_PARLN,1.0
2020,LG,4106,SG_GEN_PARLNT,5.0
2022,LG,4106,SG_GEN_PARL,
2022,LG,4106,SG_GEN_PARLN,
2022,LG,4106,SG_GEN_PARLNT,
1984,LG,4306,SG_GEN_PARL,
1984,LG,4306,SG_GEN_PARLN,
1984,LG,4306,SG_GEN_PARLNT,
1988,LG,4306,SG_GEN_PARL,
1988,LG,4306,SG_GEN_PARLN,
1988,LG,4306,SG_GEN_PARLNT,
1990,LG,4306,SG_GEN_PARL,
1990,LG,4306,SG_GEN_PARLN,
1990,LG,4306,SG_GEN_PARLNT,
1992,LG,4306,SG_GEN_PARL,20.0
1992,LG,4306,SG_GEN_PARLN,1.0
1992,LG,4306,SG_GEN_PARLNT,5.0
1994,LG,4306,SG_GEN_PARL,
1994,LG,4306,SG_GEN_PARLN,
1994,LG,4306,SG_GEN_PARLNT,
1996,LG,4306,SG_GEN_PARL,20.0
1996,LG,4306,SG_GEN_PARLN,1.0
1996,LG,4306,SG_GEN_PARLNT,5.0
1998,LG,4306,SG_GEN_PARL,
1998,LG,4306,SG_GEN_PARLN,
1998,LG,4306,SG_GEN_PARLNT,
2000,LG,4306,SG_GEN_PARL,28.6
2000,LG,4306,SG_GEN_PARLN,2.0
2000,LG,4306,SG_GEN_PARLNT,7.0
2002,LG,4306,SG_GEN_PARL,
2002,LG,4306,SG_GEN_PARLN,
2002,LG,4306,SG_GEN_PARLNT,
2004,LG,4306,SG_GEN_PARL,28.6
2004,LG,4306,SG_GEN_PARLN,2.0
2004,LG,4306,SG_GEN_PARLNT,7.0
2008,LG,4306,SG_GEN_PARL,
2008,LG,4306,SG_GEN_PARLN,
2008,LG,4306,SG_GEN_PARLNT,
2011,LG,4306,SG_GEN_PARL,
2011,LG,4306,SG_GEN_PARLN,
2011,LG,4306,SG_GEN_PARLNT,
2012,LG,4306,SG_GEN_PARL,42.9
2012,LG,4306,SG_GEN_PARLN,3.0
2012,LG,4306,SG_GEN_PARLNT,7.0
2015,LG,4306,SG_GEN_PARL,
2015,LG,4306,SG_GEN_PARLN,
2015,LG,4306,SG_GEN_PARLNT,
2016,LG,4306,SG_GEN_PARL,42.9
2016,LG,4306,SG_GEN_PARLN,3.0
2016,LG,4306,SG_GEN_PARLNT,7.0
2019,LG,4306,SG_GEN_PARL,
2019,LG,4306,SG_GEN_PARLN,
2019,LG,4306,SG_GEN_PARLNT,
2020,LG,4306,SG_GEN_PARL,42.9
2020,LG,4306,SG_GEN_PARLN,3.0
2020,LG,4306,SG_GEN_PARLNT,7.0
2022,LG,4306,SG_GEN_PARL,
2022,LG,4306,SG_GEN_PARLN,
2022,LG,4306,SG_GEN_PARLNT,
1984,LG,4204,SG_GEN_PARL,
1984,LG,4204,SG_GEN_PARLN,
1984,LG,4204,SG_GEN_PARLNT,
1988,LG,4204,SG_GEN_PARL,
1988,LG,4204,SG_GEN_PARLN,
1988,LG,4204,SG_GEN_PARLNT,
1990,LG,4204,SG_GEN_PARL,
1990,LG,4204,SG_GEN_PARLN,
1990,LG,4204,SG_GEN_PARLNT,
1992,LG,4204,SG_GEN_PARL,0.0
1992,LG,4204,SG_GEN_PARLN,0.0
1992,LG,4204,SG_GEN_PARLNT,5.0
1994,LG,4204,SG_GEN_PARL,
1994,LG,4204,SG_GEN_PARLN,
1994,LG,4204,SG_GEN_PARLNT,
1996,LG,4204,SG_GEN_PARL,0.0
1996,LG,4204,SG_GEN_PARLN,0.0
1996,LG,4204,SG_GEN_PARLNT,5.0
1998,LG,4204,SG_GEN_PARL,
1998,LG,4204,SG_GEN_PARLN,
1998,LG,4204,SG_GEN_PARLNT,
2000,LG,4204,SG_GEN_PARL,60.0
2000,LG,4204,SG_GEN_PARLN,3.0
2000,LG,4204,SG_GEN_PARLNT,5.0
2002,LG,4204,SG_GEN_PARL,
2002,LG,4204,SG_GEN_PARLN,
2002,LG,4204,SG_GEN_PARLNT,
2004,LG,4204,SG_GEN_PARL,50.0
2004,LG,4204,SG_GEN_PARLN,1.0
2004,LG,4204,SG_GEN_PARLNT,2.0
2008,LG,4204,SG_GEN_PARL,
2008,LG,4204,SG_GEN_PARLN,
2008,LG,4204,SG_GEN_PARLNT,
2011,LG,4204,SG_GEN_PARL,
2011,LG,4204,SG_GEN_PARLN,
2011,LG,4204,SG_GEN_PARLNT,
2012,LG,4204,SG_GEN_PARL,
2012,LG,4204,SG_GEN_PARLN,
2012,LG,4204,SG_GEN_PARLNT,
2015,LG,4204,SG_GEN_PARL,
2015,LG,4204,SG_GEN_PARLN,
2015,LG,4204,SG_GEN_PARLNT,
2016,LG,4204,SG_GEN_PARL,
2016,LG,4204,SG_GEN_PARLN,
2016,LG,4204,SG_GEN_PARLNT,
2019,LG,4204,SG_GEN_PARL,
2019,LG,4204,SG_GEN_PARLN,
2019,LG,4204,SG_GEN_PARLNT,
2020,LG,4204,SG_GEN_PARL,
2020,LG,4204,SG_GEN_PARLN,
2020,LG,4204,SG_GEN_PARLNT,
2022,LG,4204,SG_GEN_PARL,
2022,LG,4204,SG_GEN_PARLN,
2022,LG,4204,SG_GEN_PARLNT,
1984,LG,4402,SG_GEN_PARL,
1984,LG,4402,SG_GEN_PARLN,
1984,LG,4402,SG_GEN_PARLNT,
1988,LG,4402,SG_GEN_PARL,
1988,LG,4402,SG_GEN_PARLN,
1988,LG,4402,SG_GEN_PARLNT,
1990,LG,4402,SG_GEN_PARL,
1990,LG,4402,SG_GEN_PARLN,
1990,LG,4402,SG_GEN_PARLNT,
1992,LG,4402,SG_GEN_PARL,33.3
1992,LG,4402,SG_GEN_PARLN,2.0
1992,LG,4402,SG_GEN_PARLNT,6.0
1994,LG,4402,SG_GEN_PARL,
1994,LG,4402,SG_GEN_PARLN,
1994,LG,4402,SG_GEN_PARLNT,
1996,LG,4402,SG_GEN_PARL,50.0
1996,LG,4402,SG_GEN_PARLN,4.0
1996,LG,4402,SG_GEN_PARLNT,8.0
1998,LG,4402,SG_GEN_PARL,
1998,LG,4402,SG_GEN_PARLN,
1998,LG,4402,SG_GEN_PARLNT,
2000,LG,4402,SG_GEN_PARL,40.0
2000,LG,4402,SG_GEN_PARLN,4.0
2000,LG,4402,SG_GEN_PARLNT,10.0
2002,LG,4402,SG_GEN_PARL,
2002,LG,4402,SG_GEN_PARLN,
2002,LG,4402,SG_GEN_PARLNT,
2004,LG,4402,SG_GEN_PARL,8.3
2004,LG,4402,SG_GEN_PARLN,1.0
2004,LG,4402,SG_GEN_PARLNT,12.0
2008,LG,4402,SG_GEN_PARL,
2008,LG,4402,SG_GEN_PARLN,
2008,LG,4402,SG_GEN_PARLNT,
2011,LG,4402,SG_GEN_PARL,
2011,LG,4402,SG_GEN_PARLN,
2011,LG,4402,SG_GEN_PARLNT,
2012,LG,4402,SG_GEN_PARL,
2012,LG,4402,SG_GEN_PARLN,
2012,LG,4402,SG_GEN_PARLNT,
2015,LG,4402,SG_GEN_PARL,
2015,LG,4402,SG_GEN_PARLN,
2015,LG,4402,SG_GEN_PARLNT,
2016,LG,4402,SG_GEN_PARL,
2016,LG,4402,SG_GEN_PARLN,
2016,LG,4402,SG_GEN_PARLNT,
2019,LG,4402,SG_GEN_PARL,
2019,LG,4402,SG_GEN_PARLN,
2019,LG,4402,SG_GEN_PARLNT,
2020,LG,4402,SG_GEN_PARL,
2020,LG,4402,SG_GEN_PARLN,
2020,LG,4402,SG_GEN_PARLNT,
2022,LG,4402,SG_GEN_PARL,
2022,LG,4402,SG_GEN_PARLN,
2022,LG,4402,SG_GEN_PARLNT,
1984,LG,4107,SG_GEN_PARL,
1984,LG,4107,SG_GEN_PARLN,
1984,LG,4107,SG_GEN_PARLNT,
1988,LG,4107,SG_GEN_PARL,
1988,LG,4107,SG_GEN_PARLN,
1988,LG,4107,SG_GEN_PARLNT,
1990,LG,4107,SG_GEN_PARL,
1990,LG,4107,SG_GEN_PARLN,
1990,LG,4107,SG_GEN_PARLNT,
1992,LG,4107,SG_GEN_PARL,20.0
1992,LG,4107,SG_GEN_PARLN,1.0
1992,LG,4107,SG_GEN_PARLNT,5.0
1994,LG,4107,SG_GEN_PARL,
1994,LG,4107,SG_GEN_PARLN,
1994,LG,4107,SG_GEN_PARLNT,
1996,LG,4107,SG_GEN_PARL,40.0
1996,LG,4107,SG_GEN_PARLN,2.0
1996,LG,4107,SG_GEN_PARLNT,5.0
1998,LG,4107,SG_GEN_PARL,
1998,LG,4107,SG_GEN_PARLN,
1998,LG,4107,SG_GEN_PARLNT,
2000,LG,4107,SG_GEN_PARL,33.3
2000,LG,4107,SG_GEN_PARLN,1.0
2000,LG,4107,SG_GEN_PARLNT,3.0
2002,LG,4107,SG_GEN_PARL,
2002,LG,4107,SG_GEN_PARLN,
2002,LG,4107,SG_GEN_PARLNT,
2004,LG,4107,SG_GEN_PARL,
2004,LG,4107,SG_GEN_PARLN,
2004,LG,4107,SG_GEN_PARLNT,
2008,LG,4107,SG_GEN_PARL,
2008,LG,4107,SG_GEN_PARLN,
2008,LG,4107,SG_GEN_PARLNT,
2011,LG,4107,SG_GEN_PARL,
2011,LG,4107,SG_GEN_PARLN,
2011,LG,4107,SG_GEN_PARLNT,
2012,LG,4107,SG_GEN_PARL,
2012,LG,4107,SG_GEN_PARLN,
2012,LG,4107,SG_GEN_PARLNT,
2015,LG,4107,SG_GEN_PARL,
2015,LG,4107,SG_GEN_PARLN,
2015,LG,4107,SG_GEN_PARLNT,
2016,LG,4107,SG_GEN_PARL,
2016,LG,4107,SG_GEN_PARLN,
2016,LG,4107,SG_GEN_PARLNT,
2019,LG,4107,SG_GEN_PARL,
2019,LG,4107,SG_GEN_PARLN,
2019,LG,4107,SG_GEN_PARLNT,
2020,LG,4107,SG_GEN_PARL,
2020,LG,4107,SG_GEN_PARLN,
2020,LG,4107,SG_GEN_PARLNT,
2022,LG,4107,SG_GEN_PARL,
2022,LG,4107,SG_GEN_PARLN,
2022,LG,4107,SG_GEN_PARLNT,
1984,LG,4405,SG_GEN_PARL,
1984,LG,4405,SG_GEN_PARLN,
1984,LG,4405,SG_GEN_PARLNT,
1988,LG,4405,SG_GEN_PARL,
1988,LG,4405,SG_GEN_PARLN,
1988,LG,4405,SG_GEN_PARLNT,
1990,LG,4405,SG_GEN_PARL,
1990,LG,4405,SG_GEN_PARLN,
1990,LG,4405,SG_GEN_PARLNT,
1992,LG,4405,SG_GEN_PARL,33.3
1992,LG,4405,SG_GEN_PARLN,1.0
1992,LG,4405,SG_GEN_PARLNT,3.0
1994,LG,4405,SG_GEN_PARL,
1994,LG,4405,SG_GEN_PARLN,
1994,LG,4405,SG_GEN_PARLNT,
1996,LG,4405,SG_GEN_PARL,33.3
1996,LG,4405,SG_GEN_PARLN,1.0
1996,LG,4405,SG_GEN_PARLNT,3.0
1998,LG,4405,SG_GEN_PARL,
1998,LG,4405,SG_GEN_PARLN,
1998,LG,4405,SG_GEN_PARLNT,
2000,LG,4405,SG_GEN_PARL,33.3
2000,LG,4405,SG_GEN_PARLN,1.0
2000,LG,4405,SG_GEN_PARLNT,3.0
2002,LG,4405,SG_GEN_PARL,
2002,LG,4405,SG_GEN_PARLN,
2002,LG,4405,SG_GEN_PARLNT,
2004,LG,4405,SG_GEN_PARL,
2004,LG,4405,SG_GEN_PARLN,
2004,LG,4405,SG_GEN_PARLNT,
2008,LG,4405,SG_GEN_PARL,
2008,LG,4405,SG_GEN_PARLN,
2008,LG,4405,SG_GEN_PARLNT,
2011,LG,4405,SG_GEN_PARL,
2011,LG,4405,SG_GEN_PARLN,
2011,LG,4405,SG_GEN_PARLNT,
2012,LG,4405,SG_GEN_PARL,
2012,LG,4405,SG_GEN_PARLN,
2012,LG,4405,SG_GEN_PARLNT,
2015,LG,4405,SG_GEN_PARL,
2015,LG,4405,SG_GEN_PARLN,
2015,LG,4405,SG_GEN_PARLNT,
2016,LG,4405,SG_GEN_PARL,
2016,LG,4405,SG_GEN_PARLN,
2016,LG,4405,SG_GEN_PARLNT,
2019,LG,4405,SG_GEN_PARL,
2019,LG,4405,SG_GEN_PARLN,
2019,LG,4405,SG_GEN_PARLNT,
2020,LG,4405,SG_GEN_PARL,
2020,LG,4405,SG_GEN_PARLN,
2020,LG,4405,SG_GEN_PARLNT,
2022,LG,4405,SG_GEN_PARL,
2022,LG,4405,SG_GEN_PARLN,
2022,LG,4405,SG_GEN_PARLNT,
1984,LG,4206,SG_GEN_PARL,
1984,LG,4206,SG_GEN_PARLN,
1984,LG,4206,SG_GEN_PARLNT,
1988,LG,4206,SG_GEN_PARL,
1988,LG,4206,SG_GEN_PARLN,
1988,LG,4206,SG_GEN_PARLNT,
1990,LG,4206,SG_GEN_PARL,
1990,LG,4206,SG_GEN_PARLN,
1990,LG,4206,SG_GEN_PARLNT,
1992,LG,4206,SG_GEN_PARL,14.3
1992,LG,4206,SG_GEN_PARLN,1.0
1992,LG,4206,SG_GEN_PARLNT,7.0
1994,LG,4206,SG_GEN_PARL,
1994,LG,4206,SG_GEN_PARLN,
1994,LG,4206,SG_GEN_PARLNT,
1996,LG,4206,SG_GEN_PARL,28.6
1996,LG,4206,SG_GEN_PARLN,2.0
1996,LG,4206,SG_GEN_PARLNT,7.0
1998,LG,4206,SG_GEN_PARL,
1998,LG,4206,SG_GEN_PARLN,
1998,LG,4206,SG_GEN_PARLNT,
2000,LG,4206,SG_GEN_PARL,28.6
2000,LG,4206,SG_GEN_PARLN,2.0
2000,LG,4206,SG_GEN_PARLNT,7.0
2002,LG,4206,SG_GEN_PARL,
2002,LG,4206,SG_GEN_PARLN,
2002,LG,4206,SG_GEN_PARLNT,
2004,LG,4206,SG_GEN_PARL,28.6
2004,LG,4206,SG_GEN_PARLN,2.0
2004,LG,4206,SG_GEN_PARLNT,7.0
2008,LG,4206,SG_GEN_PARL,
2008,LG,4206,SG_GEN_PARLN,
2008,LG,4206,SG_GEN_PARLNT,
2011,LG,4206,SG_GEN_PARL,
2011,LG,4206,SG_GEN_PARLN,
2011,LG,4206,SG_GEN_PARLNT,
2012,LG,4206,SG_GEN_PARL,28.6
2012,LG,4206,SG_GEN_PARLN,2.0
2012,LG,4206,SG_GEN_PARLNT,7.0
2015,LG,4206,SG_GEN_PARL,
2015,LG,4206,SG_GEN_PARLN,
2015,LG,4206,SG_GEN_PARLNT,
2016,LG,4206,SG_GEN_PARL,14.3
2016,LG,4206,SG_GEN_PARLN,1.0
2016,LG,4206,SG_GEN_PARLNT,7.0
2019,LG,4206,SG_GEN_PARL,
2019,LG,4206,SG_GEN_PARLN,
2019,LG,4206,SG_GEN_PARLNT,
2020,LG,4206,SG_GEN_PARL,28.6
2020,LG,4206,SG_GEN_PARLN,2.0
2020,LG,4206,SG_GEN_PARLNT,7.0
2022,LG,4206,SG_GEN_PARL,
2022,LG,4206,SG_GEN_PARLN,
2022,LG,4206,SG_GEN_PARLNT,
1984,LG,4311,SG_GEN_PARL,
1984,LG,4311,SG_GEN_PARLN,
1984,LG,4311,SG_GEN_PARLNT,
1988,LG,4311,SG_GEN_PARL,
1988,LG,4311,SG_GEN_PARLN,
1988,LG,4311,SG_GEN_PARLNT,
1990,LG,4311,SG_GEN_PARL,
1990,LG,4311,SG_GEN_PARLN,
1990,LG,4311,SG_GEN_PARLNT,
1992,LG,4311,SG_GEN_PARL,33.3
1992,LG,4311,SG_GEN_PARLN,1.0
1992,LG,4311,SG_GEN_PARLNT,3.0
1994,LG,4311,SG_GEN_PARL,
1994,LG,4311,SG_GEN_PARLN,
1994,LG,4311,SG_GEN_PARLNT,
1996,LG,4311,SG_GEN_PARL,0.0
1996,LG,4311,SG_GEN_PARLN,0.0
1996,LG,4311,SG_GEN_PARLNT,4.0
1998,LG,4311,SG_GEN_PARL,
1998,LG,4311,SG_GEN_PARLN,
1998,LG,4311,SG_GEN_PARLNT,
2000,LG,4311,SG_GEN_PARL,25.0
2000,LG,4311,SG_GEN_PARLN,1.0
2000,LG,4311,SG_GEN_PARLNT,4.0
2002,LG,4311,SG_GEN_PARL,
2002,LG,4311,SG_GEN_PARLN,
2002,LG,4311,SG_GEN_PARLNT,
2004,LG,4311,SG_GEN_PARL,
2004,LG,4311,SG_GEN_PARLN,
2004,LG,4311,SG_GEN_PARLNT,
2008,LG,4311,SG_GEN_PARL,
2008,LG,4311,SG_GEN_PARLN,
2008,LG,4311,SG_GEN_PARLNT,
2011,LG,4311,SG_GEN_PARL,
2011,LG,4311,SG_GEN_PARLN,
2011,LG,4311,SG_GEN_PARLNT,
2012,LG,4311,SG_GEN_PARL,
2012,LG,4311,SG_GEN_PARLN,
2012,LG,4311,SG_GEN_PARLNT,
2015,LG,4311,SG_GEN_PARL,
2015,LG,4311,SG_GEN_PARLN,
2015,LG,4311,SG_GEN_PARLNT,
2016,LG,4311,SG_GEN_PARL,
2016,LG,4311,SG_GEN_PARLN,
2016,LG,4311,SG_GEN_PARLNT,
2019,LG,4311,SG_GEN_PARL,
2019,LG,4311,SG_GEN_PARLN,
2019,LG,4311,SG_GEN_PARLNT,
2020,LG,4311,SG_GEN_PARL,
2020,LG,4311,SG_GEN_PARLN,
2020,LG,4311,SG_GEN_PARLNT,
2022,LG,4311,SG_GEN_PARL,
2022,LG,4311,SG_GEN_PARLN,
2022,LG,4311,SG_GEN_PARLNT,
1984,LG,4201,SG_GEN_PARL,
1984,LG,4201,SG_GEN_PARLN,
1984,LG,4201,SG_GEN_PARLNT,
1988,LG,4201,SG_GEN_PARL,
1988,LG,4201,SG_GEN_PARLN,
1988,LG,4201,SG_GEN_PARLNT,
1990,LG,4201,SG_GEN_PARL,
1990,LG,4201,SG_GEN_PARLN,
1990,LG,4201,SG_GEN_PARLNT,
1992,LG,4201,SG_GEN_PARL,0.0
1992,LG,4201,SG_GEN_PARLN,0.0
1992,LG,4201,SG_GEN_PARLNT,4.0
1994,LG,4201,SG_GEN_PARL,
1994,LG,4201,SG_GEN_PARLN,
1994,LG,4201,SG_GEN_PARLNT,
1996,LG,4201,SG_GEN_PARL,0.0
1996,LG,4201,SG_GEN_PARLN,0.0
1996,LG,4201,SG_GEN_PARLNT,3.0
1998,LG,4201,SG_GEN_PARL,
1998,LG,4201,SG_GEN_PARLN,
1998,LG,4201,SG_GEN_PARLNT,
2000,LG,4201,SG_GEN_PARL,75.0
2000,LG,4201,SG_GEN_PARLN,3.0
2000,LG,4201,SG_GEN_PARLNT,4.0
2002,LG,4201,SG_GEN_PARL,
2002,LG,4201,SG_GEN_PARLN,
2002,LG,4201,SG_GEN_PARLNT,
2004,LG,4201,SG_GEN_PARL,
2004,LG,4201,SG_GEN_PARLN,
2004,LG,4201,SG_GEN_PARLNT,
2008,LG,4201,SG_GEN_PARL,
2008,LG,4201,SG_GEN_PARLN,
2008,LG,4201,SG_GEN_PARLNT,
2011,LG,4201,SG_GEN_PARL,
2011,LG,4201,SG_GEN_PARLN,
2011,LG,4201,SG_GEN_PARLNT,
2012,LG,4201,SG_GEN_PARL,
2012,LG,4201,SG_GEN_PARLN,
2012,LG,4201,SG_GEN_PARLNT,
2015,LG,4201,SG_GEN_PARL,
2015,LG,4201,SG_GEN_PARLN,
2015,LG,4201,SG_GEN_PARLNT,
2016,LG,4201,SG_GEN_PARL,
2016,LG,4201,SG_GEN_PARLN,
2016,LG,4201,SG_GEN_PARLNT,
2019,LG,4201,SG_GEN_PARL,
2019,LG,4201,SG_GEN_PARLN,
2019,LG,4201,SG_GEN_PARLNT,
2020,LG,4201,SG_GEN_PARL,
2020,LG,4201,SG_GEN_PARLN,
2020,LG,4201,SG_GEN_PARLNT,
2022,LG,4201,SG_GEN_PARL,
2022,LG,4201,SG_GEN_PARLN,
2022,LG,4201,SG_GEN_PARLNT,
1984,LG,4605,SG_GEN_PARL,
1984,LG,4605,SG_GEN_PARLN,
1984,LG,4605,SG_GEN_PARLNT,
1988,LG,4605,SG_GEN_PARL,
1988,LG,4605,SG_GEN_PARLN,
1988,LG,4605,SG_GEN_PARLNT,
1990,LG,4605,SG_GEN_PARL,
1990,LG,4605,SG_GEN_PARLN,
1990,LG,4605,SG_GEN_PARLNT,
1992,LG,4605,SG_GEN_PARL,0.0
1992,LG,4605,SG_GEN_PARLN,0.0
1992,LG,4605,SG_GEN_PARLNT,5.0
1994,LG,4605,SG_GEN_PARL,
1994,LG,4605,SG_GEN_PARLN,
1994,LG,4605,SG_GEN_PARLNT,
1996,LG,4605,SG_GEN_PARL,20.0
1996,LG,4605,SG_GEN_PARLN,1.0
1996,LG,4605,SG_GEN_PARLNT,5.0
1998,LG,4605,SG_GEN_PARL,
1998,LG,4605,SG_GEN_PARLN,
1998,LG,4605,SG_GEN_PARLNT,
2000,LG,4605,SG_GEN_PARL,20.0
2000,LG,4605,SG_GEN_PARLN,1.0
2000,LG,4605,SG_GEN_PARLNT,5.0
2002,LG,4605,SG_GEN_PARL,
2002,LG,4605,SG_GEN_PARLN,
2002,LG,4605,SG_GEN_PARLNT,
2004,LG,4605,SG_GEN_PARL,20.0
2004,LG,4605,SG_GEN_PARLN,1.0
2004,LG,4605,SG_GEN_PARLNT,5.0
2008,LG,4605,SG_GEN_PARL,
2008,LG,4605,SG_GEN_PARLN,
2008,LG,4605,SG_GEN_PARLNT,
2011,LG,4605,SG_GEN_PARL,
2011,LG,4605,SG_GEN_PARLN,
2011,LG,4605,SG_GEN_PARLNT,
2012,LG,4605,SG_GEN_PARL,20.0
2012,LG,4605,SG_GEN_PARLN,1.0
2012,LG,4605,SG_GEN_PARLNT,5.0
2015,LG,4605,SG_GEN_PARL,
2015,LG,4605,SG_GEN_PARLN,
2015,LG,4605,SG_GEN_PARLNT,
2016,LG,4605,SG_GEN_PARL,40.0
2016,LG,4605,SG_GEN_PARLN,2.0
2016,LG,4605,SG_GEN_PARLNT,5.0
2019,LG,4605,SG_GEN_PARL,
2019,LG,4605,SG_GEN_PARLN,
2019,LG,4605,SG_GEN_PARLNT,
2020,LG,4605,SG_GEN_PARL,40.0
2020,LG,4605,SG_GEN_PARLN,2.0
2020,LG,4605,SG_GEN_PARLNT,5.0
2022,LG,4605,SG_GEN_PARL,
2022,LG,4605,SG_GEN_PARLN,
2022,LG,4605,SG_GEN_PARLNT,
1984,LG,4207,SG_GEN_PARL,
1984,LG,4207,SG_GEN_PARLN,
1984,LG,4207,SG_GEN_PARLNT,
1988,LG,4207,SG_GEN_PARL,
1988,LG,4207,SG_GEN_PARLN,
1988,LG,4207,SG_GEN_PARLNT,
1990,LG,4207,SG_GEN_PARL,
1990,LG,4207,SG_GEN_PARLN,
1990,LG,4207,SG_GEN_PARLNT,
1992,LG,4207,SG_GEN_PARL,0.0
1992,LG,4207,SG_GEN_PARLN,0.0
1992,LG,4207,SG_GEN_PARLNT,10.0
1994,LG,4207,SG_GEN_PARL,
1994,LG,4207,SG_GEN_PARLN,
1994,LG,4207,SG_GEN_PARLNT,
1996,LG,4207,SG_GEN_PARL,0.0
1996,LG,4207,SG_GEN_PARLN,0.0
1996,LG,4207,SG_GEN_PARLNT,12.0
1998,LG,4207,SG_GEN_PARL,
1998,LG,4207,SG_GEN_PARLN,
1998,LG,4207,SG_GEN_PARLNT,
2000,LG,4207,SG_GEN_PARL,13.3
2000,LG,4207,SG_GEN_PARLN,2.0
2000,LG,4207,SG_GEN_PARLNT,15.0
2002,LG,4207,SG_GEN_PARL,
2002,LG,4207,SG_GEN_PARLN,
2002,LG,4207,SG_GEN_PARLNT,
2004,LG,4207,SG_GEN_PARL,0.0
2004,LG,4207,SG_GEN_PARLN,0.0
2004,LG,4207,SG_GEN_PARLNT,12.0
2008,LG,4207,SG_GEN_PARL,
2008,LG,4207,SG_GEN_PARLN,
2008,LG,4207,SG_GEN_PARLNT,
2011,LG,4207,SG_GEN_PARL,
2011,LG,4207,SG_GEN_PARLN,
2011,LG,4207,SG_GEN_PARLNT,
2012,LG,4207,SG_GEN_PARL,9.1
2012,LG,4207,SG_GEN_PARLN,1.0
2012,LG,4207,SG_GEN_PARLNT,11.0
2015,LG,4207,SG_GEN_PARL,
2015,LG,4207,SG_GEN_PARLN,
2015,LG,4207,SG_GEN_PARLNT,
2016,LG,4207,SG_GEN_PARL,27.3
2016,LG,4207,SG_GEN_PARLN,3.0
2016,LG,4207,SG_GEN_PARLNT,11.0
2019,LG,4207,SG_GEN_PARL,
2019,LG,4207,SG_GEN_PARLN,
2019,LG,4207,SG_GEN_PARLNT,
2020,LG,4207,SG_GEN_PARL,36.4
2020,LG,4207,SG_GEN_PARLN,4.0
2020,LG,4207,SG_GEN_PARLNT,11.0
2022,LG,4207,SG_GEN_PARL,
2022,LG,4207,SG_GEN_PARLN,
2022,LG,4207,SG_GEN_PARLNT,
1984,LG,4302,SG_GEN_PARL,
1984,LG,4302,SG_GEN_PARLN,
1984,LG,4302,SG_GEN_PARLNT,
1988,LG,4302,SG_GEN_PARL,
1988,LG,4302,SG_GEN_PARLN,
1988,LG,4302,SG_GEN_PARLNT,
1990,LG,4302,SG_GEN_PARL,
1990,LG,4302,SG_GEN_PARLN,
1990,LG,4302,SG_GEN_PARLNT,
1992,LG,4302,SG_GEN_PARL,100.0
1992,LG,4302,SG_GEN_PARLN,1.0
1992,LG,4302,SG_GEN_PARLNT,1.0
1994,LG,4302,SG_GEN_PARL,
1994,LG,4302,SG_GEN_PARLN,
1994,LG,4302,SG_GEN_PARLNT,
1996,LG,4302,SG_GEN_PARL,0.0
1996,LG,4302,SG_GEN_PARLN,0.0
1996,LG,4302,SG_GEN_PARLNT,1.0
1998,LG,4302,SG_GEN_PARL,
1998,LG,4302,SG_GEN_PARLN,
1998,LG,4302,SG_GEN_PARLNT,
2000,LG,4302,SG_GEN_PARL,0.0
2000,LG,4302,SG_GEN_PARLN,0.0
2000,LG,4302,SG_GEN_PARLNT,1.0
2002,LG,4302,SG_GEN_PARL,
2002,LG,4302,SG_GEN_PARLN,
2002,LG,4302,SG_GEN_PARLNT,
2004,LG,4302,SG_GEN_PARL,
2004,LG,4302,SG_GEN_PARLN,
2004,LG,4302,SG_GEN_PARLNT,
2008,LG,4302,SG_GEN_PARL,
2008,LG,4302,SG_GEN_PARLN,
2008,LG,4302,SG_GEN_PARLNT,
2011,LG,4302,SG_GEN_PARL,
2011,LG,4302,SG_GEN_PARLN,
2011,LG,4302,SG_GEN_PARLNT,
2012,LG,4302,SG_GEN_PARL,
2012,LG,4302,SG_GEN_PARLN,
2012,LG,4302,SG_GEN_PARLNT,
2015,LG,4302,SG_GEN_PARL,
2015,LG,4302,SG_GEN_PARLN,
2015,LG,4302,SG_GEN_PARLNT,
2016,LG,4302,SG_GEN_PARL,
2016,LG,4302,SG_GEN_PARLN,
2016,LG,4302,SG_GEN_PARLNT,
2019,LG,4302,SG_GEN_PARL,
2019,LG,4302,SG_GEN_PARLN,
2019,LG,4302,SG_GEN_PARLNT,
2020,LG,4302,SG_GEN_PARL,
2020,LG,4302,SG_GEN_PARLN,
2020,LG,4302,SG_GEN_PARLNT,
2022,LG,4302,SG_GEN_PARL,
2022,LG,4302,SG_GEN_PARLN,
2022,LG,4302,SG_GEN_PARLNT,
1984,LG,4401,SG_GEN_PARL,
1984,LG,4401,SG_GEN_PARLN,
1984,LG,4401,SG_GEN_PARLNT,
1988,LG,4401,SG_GEN_PARL,
1988,LG,4401,SG_GEN_PARLN,
1988,LG,4401,SG_GEN_PARLNT,
1990,LG,4401,SG_GEN_PARL,
1990,LG,4401,SG_GEN_PARLN,
1990,LG,4401,SG_GEN_PARLNT,
1992,LG,4401,SG_GEN_PARL,20.0
1992,LG,4401,SG_GEN_PARLN,1.0
1992,LG,4401,SG_GEN_PARLNT,5.0
1994,LG,4401,SG_GEN_PARL,
1994,LG,4401,SG_GEN_PARLN,
1994,LG,4401,SG_GEN_PARLNT,
1996,LG,4401,SG_GEN_PARL,25.0
1996,LG,4401,SG_GEN_PARLN,1.0
1996,LG,4401,SG_GEN_PARLNT,4.0
1998,LG,4401,SG_GEN_PARL,
1998,LG,4401,SG_GEN_PARLN,
1998,LG,4401,SG_GEN_PARLNT,
2000,LG,4401,SG_GEN_PARL,25.0
2000,LG,4401,SG_GEN_PARLN,1.0
2000,LG,4401,SG_GEN_PARLNT,4.0
2002,LG,4401,SG_GEN_PARL,
2002,LG,4401,SG_GEN_PARLN,
2002,LG,4401,SG_GEN_PARLNT,
2004,LG,4401,SG_GEN_PARL,50.0
2004,LG,4401,SG_GEN_PARLN,1.0
2004,LG,4401,SG_GEN_PARLNT,2.0
2008,LG,4401,SG_GEN_PARL,
2008,LG,4401,SG_GEN_PARLN,
2008,LG,4401,SG_GEN_PARLNT,
2011,LG,4401,SG_GEN_PARL,
2011,LG,4401,SG_GEN_PARLN,
2011,LG,4401,SG_GEN_PARLNT,
2012,LG,4401,SG_GEN_PARL,
2012,LG,4401,SG_GEN_PARLN,
2012,LG,4401,SG_GEN_PARLNT,
2015,LG,4401,SG_GEN_PARL,
2015,LG,4401,SG_GEN_PARLN,
2015,LG,4401,SG_GEN_PARLNT,
2016,LG,4401,SG_GEN_PARL,
2016,LG,4401,SG_GEN_PARLN,
2016,LG,4401,SG_GEN_PARLNT,
2019,LG,4401,SG_GEN_PARL,
2019,LG,4401,SG_GEN_PARLN,
2019,LG,4401,SG_GEN_PARLNT,
2020,LG,4401,SG_GEN_PARL,
2020,LG,4401,SG_GEN_PARLN,
2020,LG,4401,SG_GEN_PARLNT,
2022,LG,4401,SG_GEN_PARL,
2022,LG,4401,SG_GEN_PARLN,
2022,LG,4401,SG_GEN_PARLNT,
1984,LG,4501,SG_GEN_PARL,
1984,LG,4501,SG_GEN_PARLN,
1984,LG,4501,SG_GEN_PARLNT,
1988,LG,4501,SG_GEN_PARL,
1988,LG,4501,SG_GEN_PARLN,
1988,LG,4501,SG_GEN_PARLNT,
1990,LG,4501,SG_GEN_PARL,
1990,LG,4501,SG_GEN_PARLN,
1990,LG,4501,SG_GEN_PARLNT,
1992,LG,4501,SG_GEN_PARL,0.0
1992,LG,4501,SG_GEN_PARLN,0.0
1992,LG,4501,SG_GEN_PARLNT,5.0
1994,LG,4501,SG_GEN_PARL,
1994,LG,4501,SG_GEN_PARLN,
1994,LG,4501,SG_GEN_PARLNT,
1996,LG,4501,SG_GEN_PARL,40.0
1996,LG,4501,SG_GEN_PARLN,2.0
1996,LG,4501,SG_GEN_PARLNT,5.0
1998,LG,4501,SG_GEN_PARL,
1998,LG,4501,SG_GEN_PARLN,
1998,LG,4501,SG_GEN_PARLNT,
2000,LG,4501,SG_GEN_PARL,14.3
2000,LG,4501,SG_GEN_PARLN,1.0
2000,LG,4501,SG_GEN_PARLNT,7.0
2002,LG,4501,SG_GEN_PARL,
2002,LG,4501,SG_GEN_PARLN,
2002,LG,4501,SG_GEN_PARLNT,
2004,LG,4501,SG_GEN_PARL,14.3
2004,LG,4501,SG_GEN_PARLN,1.0
2004,LG,4501,SG_GEN_PARLNT,7.0
2008,LG,4501,SG_GEN_PARL,
2008,LG,4501,SG_GEN_PARLN,
2008,LG,4501,SG_GEN_PARLNT,
2011,LG,4501,SG_GEN_PARL,
2011,LG,4501,SG_GEN_PARLN,
2011,LG,4501,SG_GEN_PARLNT,
2012,LG,4501,SG_GEN_PARL,0.0
2012,LG,4501,SG_GEN_PARLN,0.0
2012,LG,4501,SG_GEN_PARLNT,7.0
2015,LG,4501,SG_GEN_PARL,
2015,LG,4501,SG_GEN_PARLN,
2015,LG,4501,SG_GEN_PARLNT,
2016,LG,4501,SG_GEN_PARL,14.3
2016,LG,4501,SG_GEN_PARLN,1.0
2016,LG,4501,SG_GEN_PARLNT,7.0
2019,LG,4501,SG_GEN_PARL,
2019,LG,4501,SG_GEN_PARLN,
2019,LG,4501,SG_GEN_PARLNT,
2020,LG,4501,SG_GEN_PARL,42.9
2020,LG,4501,SG_GEN_PARLN,3.0
2020,LG,4501,SG_GEN_PARLNT,7.0
2022,LG,4501,SG_GEN_PARL,
2022,LG,4501,SG_GEN_PARLN,
2022,LG,4501,SG_GEN_PARLNT,
1984,LG,4208,SG_GEN_PARL,
1984,LG,4208,SG_GEN_PARLN,
1984,LG,4208,SG_GEN_PARLNT,
1988,LG,4208,SG_GEN_PARL,
1988,LG,4208,SG_GEN_PARLN,
1988,LG,4208,SG_GEN_PARLNT,
1990,LG,4208,SG_GEN_PARL,
1990,LG,4208,SG_GEN_PARLN,
1990,LG,4208,SG_GEN_PARLNT,
1992,LG,4208,SG_GEN_PARL,0.0
1992,LG,4208,SG_GEN_PARLN,0.0
1992,LG,4208,SG_GEN_PARLNT,5.0
1994,LG,4208,SG_GEN_PARL,
1994,LG,4208,SG_GEN_PARLN,
1994,LG,4208,SG_GEN_PARLNT,
1996,LG,4208,SG_GEN_PARL,20.0
1996,LG,4208,SG_GEN_PARLN,1.0
1996,LG,4208,SG_GEN_PARLNT,5.0
1998,LG,4208,SG_GEN_PARL,
1998,LG,4208,SG_GEN_PARLN,
1998,LG,4208,SG_GEN_PARLNT,
2000,LG,4208,SG_GEN_PARL,14.3
2000,LG,4208,SG_GEN_PARLN,1.0
2000,LG,4208,SG_GEN_PARLNT,7.0
2002,LG,4208,SG_GEN_PARL,
2002,LG,4208,SG_GEN_PARLN,
2002,LG,4208,SG_GEN_PARLNT,
2004,LG,4208,SG_GEN_PARL,14.3
2004,LG,4208,SG_GEN_PARLN,1.0
2004,LG,4208,SG_GEN_PARLNT,7.0
2008,LG,4208,SG_GEN_PARL,
2008,LG,4208,SG_GEN_PARLN,
2008,LG,4208,SG_GEN_PARLNT,
2011,LG,4208,SG_GEN_PARL,
2011,LG,4208,SG_GEN_PARLN,
2011,LG,4208,SG_GEN_PARLNT,
2012,LG,4208,SG_GEN_PARL,14.3
2012,LG,4208,SG_GEN_PARLN,1.0
2012,LG,4208,SG_GEN_PARLNT,7.0
2015,LG,4208,SG_GEN_PARL,
2015,LG,4208,SG_GEN_PARLN,
2015,LG,4208,SG_GEN_PARLNT,
2016,LG,4208,SG_GEN_PARL,14.3
2016,LG,4208,SG_GEN_PARLN,1.0
2016,LG,4208,SG_GEN_PARLNT,7.0
2019,LG,4208,SG_GEN_PARL,
2019,LG,4208,SG_GEN_PARLN,
2019,LG,4208,SG_GEN_PARLNT,
2020,LG,4208,SG_GEN_PARL,0.0
2020,LG,4208,SG_GEN_PARLN,0.0
2020,LG,4208,SG_GEN_PARLNT,7.0
2022,LG,4208,SG_GEN_PARL,
2022,LG,4208,SG_GEN_PARLN,
2022,LG,4208,SG_GEN_PARLNT,
1984,LG,4209,SG_GEN_PARL,
1984,LG,4209,SG_GEN_PARLN,
1984,LG,4209,SG_GEN_PARLNT,
1988,LG,4209,SG_GEN_PARL,
1988,LG,4209,SG_GEN_PARLN,
1988,LG,4209,SG_GEN_PARLNT,
1990,LG,4209,SG_GEN_PARL,
1990,LG,4209,SG_GEN_PARLN,
1990,LG,4209,SG_GEN_PARLNT,
1992,LG,4209,SG_GEN_PARL,20.0
1992,LG,4209,SG_GEN_PARLN,1.0
1992,LG,4209,SG_GEN_PARLNT,5.0
1994,LG,4209,SG_GEN_PARL,
1994,LG,4209,SG_GEN_PARLN,
1994,LG,4209,SG_GEN_PARLNT,
1996,LG,4209,SG_GEN_PARL,40.0
1996,LG,4209,SG_GEN_PARLN,2.0
1996,LG,4209,SG_GEN_PARLNT,5.0
1998,LG,4209,SG_GEN_PARL,
1998,LG,4209,SG_GEN_PARLN,
1998,LG,4209,SG_GEN_PARLNT,
2000,LG,4209,SG_GEN_PARL,0.0
2000,LG,4209,SG_GEN_PARLN,0.0
2000,LG,4209,SG_GEN_PARLNT,3.0
2002,LG,4209,SG_GEN_PARL,
2002,LG,4209,SG_GEN_PARLN,
2002,LG,4209,SG_GEN_PARLNT,
2004,LG,4209,SG_GEN_PARL,
2004,LG,4209,SG_GEN_PARLN,
2004,LG,4209,SG_GEN_PARLNT,
2008,LG,4209,SG_GEN_PARL,
2008,LG,4209,SG_GEN_PARLN,
2008,LG,4209,SG_GEN_PARLNT,
2011,LG,4209,SG_GEN_PARL,
2011,LG,4209,SG_GEN_PARLN,
2011,LG,4209,SG_GEN_PARLNT,
2012,LG,4209,SG_GEN_PARL,
2012,LG,4209,SG_GEN_PARLN,
2012,LG,4209,SG_GEN_PARLNT,
2015,LG,4209,SG_GEN_PARL,
2015,LG,4209,SG_GEN_PARLN,
2015,LG,4209,SG_GEN_PARLNT,
2016,LG,4209,SG_GEN_PARL,
2016,LG,4209,SG_GEN_PARLN,
2016,LG,4209,SG_GEN_PARLNT,
2019,LG,4209,SG_GEN_PARL,
2019,LG,4209,SG_GEN_PARLN,
2019,LG,4209,SG_GEN_PARLNT,
2020,LG,4209,SG_GEN_PARL,
2020,LG,4209,SG_GEN_PARLN,
2020,LG,4209,SG_GEN_PARLNT,
2022,LG,4209,SG_GEN_PARL,
2022,LG,4209,SG_GEN_PARLN,
2022,LG,4209,SG_GEN_PARLNT,
1984,LG,4503,SG_GEN_PARL,
1984,LG,4503,SG_GEN_PARLN,
1984,LG,4503,SG_GEN_PARLNT,
1988,LG,4503,SG_GEN_PARL,
1988,LG,4503,SG_GEN_PARLN,
1988,LG,4503,SG_GEN_PARLNT,
1990,LG,4503,SG_GEN_PARL,
1990,LG,4503,SG_GEN_PARLN,
1990,LG,4503,SG_GEN_PARLNT,
1992,LG,4503,SG_GEN_PARL,0.0
1992,LG,4503,SG_GEN_PARLN,0.0
1992,LG,4503,SG_GEN_PARLNT,5.0
1994,LG,4503,SG_GEN_PARL,
1994,LG,4503,SG_GEN_PARLN,
1994,LG,4503,SG_GEN_PARLNT,
1996,LG,4503,SG_GEN_PARL,40.0
1996,LG,4503,SG_GEN_PARLN,2.0
1996,LG,4503,SG_GEN_PARLNT,5.0
1998,LG,4503,SG_GEN_PARL,
1998,LG,4503,SG_GEN_PARLN,
1998,LG,4503,SG_GEN_PARLNT,
2000,LG,4503,SG_GEN_PARL,20.0
2000,LG,4503,SG_GEN_PARLN,1.0
2000,LG,4503,SG_GEN_PARLNT,5.0
2002,LG,4503,SG_GEN_PARL,
2002,LG,4503,SG_GEN_PARLN,
2002,LG,4503,SG_GEN_PARLNT,
2004,LG,4503,SG_GEN_PARL,20.0
2004,LG,4503,SG_GEN_PARLN,1.0
2004,LG,4503,SG_GEN_PARLNT,5.0
2008,LG,4503,SG_GEN_PARL,
2008,LG,4503,SG_GEN_PARLN,
2008,LG,4503,SG_GEN_PARLNT,
2011,LG,4503,SG_GEN_PARL,
2011,LG,4503,SG_GEN_PARLN,
2011,LG,4503,SG_GEN_PARLNT,
2012,LG,4503,SG_GEN_PARL,60.0
2012,LG,4503,SG_GEN_PARLN,3.0
2012,LG,4503,SG_GEN_PARLNT,5.0
2015,LG,4503,SG_GEN_PARL,
2015,LG,4503,SG_GEN_PARLN,
2015,LG,4503,SG_GEN_PARLNT,
2016,LG,4503,SG_GEN_PARL,60.0
2016,LG,4503,SG_GEN_PARLN,3.0
2016,LG,4503,SG_GEN_PARLNT,5.0
2019,LG,4503,SG_GEN_PARL,
2019,LG,4503,SG_GEN_PARLN,
2019,LG,4503,SG_GEN_PARLNT,
2020,LG,4503,SG_GEN_PARL,20.0
2020,LG,4503,SG_GEN_PARLN,1.0
2020,LG,4503,SG_GEN_PARLNT,5.0
2022,LG,4503,SG_GEN_PARL,
2022,LG,4503,SG_GEN_PARLN,
2022,LG,4503,SG_GEN_PARLNT,
1984,LG,4502,SG_GEN_PARL,
1984,LG,4502,SG_GEN_PARLN,
1984,LG,4502,SG_GEN_PARLNT,
1988,LG,4502,SG_GEN_PARL,
1988,LG,4502,SG_GEN_PARLN,
1988,LG,4502,SG_GEN_PARLNT,
1990,LG,4502,SG_GEN_PARL,
1990,LG,4502,SG_GEN_PARLN,
1990,LG,4502,SG_GEN_PARLNT,
1992,LG,4502,SG_GEN_PARL,0.0
1992,LG,4502,SG_GEN_PARLN,0.0
1992,LG,4502,SG_GEN_PARLNT,10.0
1994,LG,4502,SG_GEN_PARL,
1994,LG,4502,SG_GEN_PARLN,
1994,LG,4502,SG_GEN_PARLNT,
1996,LG,4502,SG_GEN_PARL,0.0
1996,LG,4502,SG_GEN_PARLN,0.0
1996,LG,4502,SG_GEN_PARLNT,10.0
1998,LG,4502,SG_GEN_PARL,
1998,LG,4502,SG_GEN_PARLN,
1998,LG,4502,SG_GEN_PARLNT,
2000,LG,4502,SG_GEN_PARL,73.3
2000,LG,4502,SG_GEN_PARLN,3.0
2000,LG,4502,SG_GEN_PARLNT,8.0
2002,LG,4502,SG_GEN_PARL,
2002,LG,4502,SG_GEN_PARLN,
2002,LG,4502,SG_GEN_PARLNT,
2004,LG,4502,SG_GEN_PARL,73.3
2004,LG,4502,SG_GEN_PARLN,3.0
2004,LG,4502,SG_GEN_PARLNT,8.0
2008,LG,4502,SG_GEN_PARL,
2008,LG,4502,SG_GEN_PARLN,
2008,LG,4502,SG_GEN_PARLNT,
2011,LG,4502,SG_GEN_PARL,
2011,LG,4502,SG_GEN_PARLN,
2011,LG,4502,SG_GEN_PARLNT,
2012,LG,4502,SG_GEN_PARL,40.0
2012,LG,4502,SG_GEN_PARLN,2.0
2012,LG,4502,SG_GEN_PARLNT,5.0
2015,LG,4502,SG_GEN_PARL,
2015,LG,4502,SG_GEN_PARLN,
2015,LG,4502,SG_GEN_PARLNT,
2016,LG,4502,SG_GEN_PARL,40.0
2016,LG,4502,SG_GEN_PARLN,2.0
2016,LG,4502,SG_GEN_PARLNT,5.0
2019,LG,4502,SG_GEN_PARL,
2019,LG,4502,SG_GEN_PARLN,
2019,LG,4502,SG_GEN_PARLNT,
2020,LG,4502,SG_GEN_PARL,40.0
2020,LG,4502,SG_GEN_PARLN,2.0
2020,LG,4502,SG_GEN_PARLNT,5.0
2022,LG,4502,SG_GEN_PARL,
2022,LG,4502,SG_GEN_PARLN,
2022,LG,4502,SG_GEN_PARLNT,
1984,LG,4505,SG_GEN_PARL,
1984,LG,4505,SG_GEN_PARLN,
1984,LG,4505,SG_GEN_PARLNT,
1988,LG,4505,SG_GEN_PARL,
1988,LG,4505,SG_GEN_PARLN,
1988,LG,4505,SG_GEN_PARLNT,
1990,LG,4505,SG_GEN_PARL,
1990,LG,4505,SG_GEN_PARLN,
1990,LG,4505,SG_GEN_PARLNT,
1992,LG,4505,SG_GEN_PARL,
1992,LG,4505,SG_GEN_PARLN,
1992,LG,4505,SG_GEN_PARLNT,
1994,LG,4505,SG_GEN_PARL,
1994,LG,4505,SG_GEN_PARLN,
1994,LG,4505,SG_GEN_PARLNT,
1996,LG,4505,SG_GEN_PARL,
1996,LG,4505,SG_GEN_PARLN,
1996,LG,4505,SG_GEN_PARLNT,
1998,LG,4505,SG_GEN_PARL,
1998,LG,4505,SG_GEN_PARLN,
1998,LG,4505,SG_GEN_PARLNT,
2000,LG,4505,SG_GEN_PARL,
2000,LG,4505,SG_GEN_PARLN,
2000,LG,4505,SG_GEN_PARLNT,
2002,LG,4505,SG_GEN_PARL,
2002,LG,4505,SG_GEN_PARLN,
2002,LG,4505,SG_GEN_PARLNT,
2004,LG,4505,SG_GEN_PARL,
2004,LG,4505,SG_GEN_PARLN,
2004,LG,4505,SG_GEN_PARLNT,
2008,LG,4505,SG_GEN_PARL,
2008,LG,4505,SG_GEN_PARLN,
2008,LG,4505,SG_GEN_PARLNT,
2011,LG,4505,SG_GEN_PARL,
2011,LG,4505,SG_GEN_PARLN,
2011,LG,4505,SG_GEN_PARLNT,
2012,LG,4505,SG_GEN_PARL,33.3
2012,LG,4505,SG_GEN_PARLN,1.0
2012,LG,4505,SG_GEN_PARLNT,3.0
2015,LG,4505,SG_GEN_PARL,
2015,LG,4505,SG_GEN_PARLN,
2015,LG,4505,SG_GEN_PARLNT,
2016,LG,4505,SG_GEN_PARL,0.0
2016,LG,4505,SG_GEN_PARLN,0.0
2016,LG,4505,SG_GEN_PARLNT,3.0
2019,LG,4505,SG_GEN_PARL,
2019,LG,4505,SG_GEN_PARLN,
2019,LG,4505,SG_GEN_PARLNT,
2020,LG,4505,SG_GEN_PARL,0.0
2020,LG,4505,SG_GEN_PARLN,0.0
2020,LG,4505,SG_GEN_PARLNT,3.0
2022,LG,4505,SG_GEN_PARL,
2022,LG,4505,SG_GEN_PARLN,
2022,LG,4505,SG_GEN_PARLNT,
1984,LG,4403,SG_GEN_PARL,
1984,LG,4403,SG_GEN_PARLN,
1984,LG,4403,SG_GEN_PARLNT,
1988,LG,4403,SG_GEN_PARL,
1988,LG,4403,SG_GEN_PARLN,
1988,LG,4403,SG_GEN_PARLNT,
1990,LG,4403,SG_GEN_PARL,
1990,LG,4403,SG_GEN_PARLN,
1990,LG,4403,SG_GEN_PARLNT,
1992,LG,4403,SG_GEN_PARL,20.0
1992,LG,4403,SG_GEN_PARLN,1.0
1992,LG,4403,SG_GEN_PARLNT,5.0
1994,LG,4403,SG_GEN_PARL,
1994,LG,4403,SG_GEN_PARLN,
1994,LG,4403,SG_GEN_PARLNT,
1996,LG,4403,SG_GEN_PARL,16.7
1996,LG,4403,SG_GEN_PARLN,1.0
1996,LG,4403,SG_GEN_PARLNT,6.0
1998,LG,4403,SG_GEN_PARL,
1998,LG,4403,SG_GEN_PARLN,
1998,LG,4403,SG_GEN_PARLNT,
2000,LG,4403,SG_GEN_PARL,12.5
2000,LG,4403,SG_GEN_PARLN,1.0
2000,LG,4403,SG_GEN_PARLNT,8.0
2002,LG,4403,SG_GEN_PARL,
2002,LG,4403,SG_GEN_PARLN,
2002,LG,4403,SG_GEN_PARLNT,
2004,LG,4403,SG_GEN_PARL,28.6
2004,LG,4403,SG_GEN_PARLN,2.0
2004,LG,4403,SG_GEN_PARLNT,7.0
2008,LG,4403,SG_GEN_PARL,
2008,LG,4403,SG_GEN_PARLN,
2008,LG,4403,SG_GEN_PARLNT,
2011,LG,4403,SG_GEN_PARL,
2011,LG,4403,SG_GEN_PARLN,
2011,LG,4403,SG_GEN_PARLNT,
2012,LG,4403,SG_GEN_PARL,14.3
2012,LG,4403,SG_GEN_PARLN,1.0
2012,LG,4403,SG_GEN_PARLNT,7.0
2015,LG,4403,SG_GEN_PARL,
2015,LG,4403,SG_GEN_PARLN,
2015,LG,4403,SG_GEN_PARLNT,
2016,LG,4403,SG_GEN_PARL,57.1
2016,LG,4403,SG_GEN_PARLN,4.0
2016,LG,4403,SG_GEN_PARLNT,7.0
2019,LG,4403,SG_GEN_PARL,
2019,LG,4403,SG_GEN_PARLN,
2019,LG,4403,SG_GEN_PARLNT,
2020,LG,4403,SG_GEN_PARL,28.6
2020,LG,4403,SG_GEN_PARLN,2.0
2020,LG,4403,SG_GEN_PARLNT,7.0
2022,LG,4403,SG_GEN_PARL,
2022,LG,4403,SG_GEN_PARLN,
2022,LG,4403,SG_GEN_PARLNT,
1984,LG,4607,SG_GEN_PARL,
1984,LG,4607,SG_GEN_PARLN,
1984,LG,4607,SG_GEN_PARLNT,
1988,LG,4607,SG_GEN_PARL,
1988,LG,4607,SG_GEN_PARLN,
1988,LG,4607,SG_GEN_PARLNT,
1990,LG,4607,SG_GEN_PARL,
1990,LG,4607,SG_GEN_PARLN,
1990,LG,4607,SG_GEN_PARLNT,
1992,LG,4607,SG_GEN_PARL,0.0
1992,LG,4607,SG_GEN_PARLN,0.0
1992,LG,4607,SG_GEN_PARLNT,5.0
1994,LG,4607,SG_GEN_PARL,
1994,LG,4607,SG_GEN_PARLN,
1994,LG,4607,SG_GEN_PARLNT,
1996,LG,4607,SG_GEN_PARL,0.0
1996,LG,4607,SG_GEN_PARLN,0.0
1996,LG,4607,SG_GEN_PARLNT,5.0
1998,LG,4607,SG_GEN_PARL,
1998,LG,4607,SG_GEN_PARLN,
1998,LG,4607,SG_GEN_PARLNT,
2000,LG,4607,SG_GEN_PARL,0.0
2000,LG,4607,SG_GEN_PARLN,0.0
2000,LG,4607,SG_GEN_PARLNT,5.0
2002,LG,4607,SG_GEN_PARL,
2002,LG,4607,SG_GEN_PARLN,
2002,LG,4607,SG_GEN_PARLNT,
2004,LG,4607,SG_GEN_PARL,0.0
2004,LG,4607,SG_GEN_PARLN,0.0
2004,LG,4607,SG_GEN_PARLNT,5.0
2008,LG,4607,SG_GEN_PARL,
2008,LG,4607,SG_GEN_PARLN,
2008,LG,4607,SG_GEN_PARLNT,
2011,LG,4607,SG_GEN_PARL,
2011,LG,4607,SG_GEN_PARLN,
2011,LG,4607,SG_GEN_PARLNT,
2012,LG,4607,SG_GEN_PARL,0.0
2012,LG,4607,SG_GEN_PARLN,0.0
2012,LG,4607,SG_GEN_PARLNT,5.0
2015,LG,4607,SG_GEN_PARL,
2015,LG,4607,SG_GEN_PARLN,
2015,LG,4607,SG_GEN_PARLNT,
2016,LG,4607,SG_GEN_PARL,0.0
2016,LG,4607,SG_GEN_PARLN,0.0
2016,LG,4607,SG_GEN_PARLNT,5.0
2019,LG,4607,SG_GEN_PARL,
2019,LG,4607,SG_GEN_PARLN,
2019,LG,4607,SG_GEN_PARLNT,
2020,LG,4607,SG_GEN_PARL,40.0
2020,LG,4607,SG_GEN_PARLN,2.0
2020,LG,4607,SG_GEN_PARLNT,5.0
2022,LG,4607,SG_GEN_PARL,
2022,LG,4607,SG_GEN_PARLN,
2022,LG,4607,SG_GEN_PARLNT,
1984,LG,4211,SG_GEN_PARL,
1984,LG,4211,SG_GEN_PARLN,
1984,LG,4211,SG_GEN_PARLNT,
1988,LG,4211,SG_GEN_PARL,
1988,LG,4211,SG_GEN_PARLN,
1988,LG,4211,SG_GEN_PARLNT,
1990,LG,4211,SG_GEN_PARL,
1990,LG,4211,SG_GEN_PARLN,
1990,LG,4211,SG_GEN_PARLNT,
1992,LG,4211,SG_GEN_PARL,0.0
1992,LG,4211,SG_GEN_PARLN,0.0
1992,LG,4211,SG_GEN_PARLNT,12.0
1994,LG,4211,SG_GEN_PARL,
1994,LG,4211,SG_GEN_PARLN,
1994,LG,4211,SG_GEN_PARLNT,
1996,LG,4211,SG_GEN_PARL,0.0
1996,LG,4211,SG_GEN_PARLN,0.0
1996,LG,4211,SG_GEN_PARLNT,12.0
1998,LG,4211,SG_GEN_PARL,
1998,LG,4211,SG_GEN_PARLN,
1998,LG,4211,SG_GEN_PARLNT,
2000,LG,4211,SG_GEN_PARL,25.0
2000,LG,4211,SG_GEN_PARLN,4.0
2000,LG,4211,SG_GEN_PARLNT,16.0
2002,LG,4211,SG_GEN_PARL,
2002,LG,4211,SG_GEN_PARLN,
2002,LG,4211,SG_GEN_PARLNT,
2004,LG,4211,SG_GEN_PARL,18.2
2004,LG,4211,SG_GEN_PARLN,2.0
2004,LG,4211,SG_GEN_PARLNT,11.0
2008,LG,4211,SG_GEN_PARL,
2008,LG,4211,SG_GEN_PARLN,
2008,LG,4211,SG_GEN_PARLNT,
2011,LG,4211,SG_GEN_PARL,
2011,LG,4211,SG_GEN_PARLN,
2011,LG,4211,SG_GEN_PARLNT,
2012,LG,4211,SG_GEN_PARL,27.3
2012,LG,4211,SG_GEN_PARLN,3.0
2012,LG,4211,SG_GEN_PARLNT,11.0
2015,LG,4211,SG_GEN_PARL,
2015,LG,4211,SG_GEN_PARLN,
2015,LG,4211,SG_GEN_PARLNT,
2016,LG,4211,SG_GEN_PARL,36.4
2016,LG,4211,SG_GEN_PARLN,4.0
2016,LG,4211,SG_GEN_PARLNT,11.0
2019,LG,4211,SG_GEN_PARL,
2019,LG,4211,SG_GEN_PARLN,
2019,LG,4211,SG_GEN_PARLNT,
2020,LG,4211,SG_GEN_PARL,9.1
2020,LG,4211,SG_GEN_PARLN,1.0
2020,LG,4211,SG_GEN_PARLNT,11.0
2022,LG,4211,SG_GEN_PARL,
2022,LG,4211,SG_GEN_PARLN,
2022,LG,4211,SG_GEN_PARLNT,
1984,LG,4102,SG_GEN_PARL,
1984,LG,4102,SG_GEN_PARLN,
1984,LG,4102,SG_GEN_PARLNT,
1988,LG,4102,SG_GEN_PARL,
1988,LG,4102,SG_GEN_PARLN,
1988,LG,4102,SG_GEN_PARLNT,
1990,LG,4102,SG_GEN_PARL,
1990,LG,4102,SG_GEN_PARLN,
1990,LG,4102,SG_GEN_PARLNT,
1992,LG,4102,SG_GEN_PARL,0.0
1992,LG,4102,SG_GEN_PARLN,0.0
1992,LG,4102,SG_GEN_PARLNT,5.0
1994,LG,4102,SG_GEN_PARL,
1994,LG,4102,SG_GEN_PARLN,
1994,LG,4102,SG_GEN_PARLNT,
1996,LG,4102,SG_GEN_PARL,0.0
1996,LG,4102,SG_GEN_PARLN,0.0
1996,LG,4102,SG_GEN_PARLNT,5.0
1998,LG,4102,SG_GEN_PARL,
1998,LG,4102,SG_GEN_PARLN,
1998,LG,4102,SG_GEN_PARLNT,
2000,LG,4102,SG_GEN_PARL,0.0
2000,LG,4102,SG_GEN_PARLN,0.0
2000,LG,4102,SG_GEN_PARLNT,2.0
2002,LG,4102,SG_GEN_PARL,
2002,LG,4102,SG_GEN_PARLN,
2002,LG,4102,SG_GEN_PARLNT,
2004,LG,4102,SG_GEN_PARL,50.0
2004,LG,4102,SG_GEN_PARLN,1.0
2004,LG,4102,SG_GEN_PARLNT,2.0
2008,LG,4102,SG_GEN_PARL,
2008,LG,4102,SG_GEN_PARLN,
2008,LG,4102,SG_GEN_PARLNT,
2011,LG,4102,SG_GEN_PARL,
2011,LG,4102,SG_GEN_PARLN,
2011,LG,4102,SG_GEN_PARLNT,
2012,LG,4102,SG_GEN_PARL,
2012,LG,4102,SG_GEN_PARLN,
2012,LG,4102,SG_GEN_PARLNT,
2015,LG,4102,SG_GEN_PARL,
2015,LG,4102,SG_GEN_PARLN,
2015,LG,4102,SG_GEN_PARLNT,
2016,LG,4102,SG_GEN_PARL,
2016,LG,4102,SG_GEN_PARLN,
2016,LG,4102,SG_GEN_PARLNT,
2019,LG,4102,SG_GEN_PARL,
2019,LG,4102,SG_GEN_PARLN,
2019,LG,4102,SG_GEN_PARLNT,
2020,LG,4102,SG_GEN_PARL,
2020,LG,4102,SG_GEN_PARLN,
2020,LG,4102,SG_GEN_PARLNT,
2022,LG,4102,SG_GEN_PARL,
2022,LG,4102,SG_GEN_PARLN,
2022,LG,4102,SG_GEN_PARLNT,
1984,LG,4701,SG_GEN_PARL,
1984,LG,4701,SG_GEN_PARLN,
1984,LG,4701,SG_GEN_PARLNT,
1988,LG,4701,SG_GEN_PARL,
1988,LG,4701,SG_GEN_PARLN,
1988,LG,4701,SG_GEN_PARLNT,
1990,LG,4701,SG_GEN_PARL,
1990,LG,4701,SG_GEN_PARLN,
1990,LG,4701,SG_GEN_PARLNT,
1992,LG,4701,SG_GEN_PARL,26.7
1992,LG,4701,SG_GEN_PARLN,4.0
1992,LG,4701,SG_GEN_PARLNT,15.0
1994,LG,4701,SG_GEN_PARL,
1994,LG,4701,SG_GEN_PARLN,
1994,LG,4701,SG_GEN_PARLNT,
1996,LG,4701,SG_GEN_PARL,25.0
1996,LG,4701,SG_GEN_PARLN,4.0
1996,LG,4701,SG_GEN_PARLNT,16.0
1998,LG,4701,SG_GEN_PARL,
1998,LG,4701,SG_GEN_PARLN,
1998,LG,4701,SG_GEN_PARLNT,
2000,LG,4701,SG_GEN_PARL,20.0
2000,LG,4701,SG_GEN_PARLN,3.0
2000,LG,4701,SG_GEN_PARLNT,15.0
2002,LG,4701,SG_GEN_PARL,
2002,LG,4701,SG_GEN_PARLN,
2002,LG,4701,SG_GEN_PARLNT,
2004,LG,4701,SG_GEN_PARL,46.2
2004,LG,4701,SG_GEN_PARLN,6.0
2004,LG,4701,SG_GEN_PARLNT,13.0
2008,LG,4701,SG_GEN_PARL,
2008,LG,4701,SG_GEN_PARLN,
2008,LG,4701,SG_GEN_PARLNT,
2011,LG,4701,SG_GEN_PARL,
2011,LG,4701,SG_GEN_PARLN,
2011,LG,4701,SG_GEN_PARLNT,
2012,LG,4701,SG_GEN_PARL,46.2
2012,LG,4701,SG_GEN_PARLN,6.0
2012,LG,4701,SG_GEN_PARLNT,13.0
2015,LG,4701,SG_GEN_PARL,
2015,LG,4701,SG_GEN_PARLN,
2015,LG,4701,SG_GEN_PARLNT,
2016,LG,4701,SG_GEN_PARL,61.5
2016,LG,4701,SG_GEN_PARLN,8.0
2016,LG,4701,SG_GEN_PARLNT,13.0
2019,LG,4701,SG_GEN_PARL,
2019,LG,4701,SG_GEN_PARLN,
2019,LG,4701,SG_GEN_PARLNT,
2020,LG,4701,SG_GEN_PARL,53.8
2020,LG,4701,SG_GEN_PARLN,7.0
2020,LG,4701,SG_GEN_PARLNT,13.0
2022,LG,4701,SG_GEN_PARL,
2022,LG,4701,SG_GEN_PARLN,
2022,LG,4701,SG_GEN_PARLNT,
1984,LG,4602,SG_GEN_PARL,
1984,LG,4602,SG_GEN_PARLN,
1984,LG,4602,SG_GEN_PARLNT,
1988,LG,4602,SG_GEN_PARL,
1988,LG,4602,SG_GEN_PARLN,
1988,LG,4602,SG_GEN_PARLNT,
1990,LG,4602,SG_GEN_PARL,
1990,LG,4602,SG_GEN_PARLN,
1990,LG,4602,SG_GEN_PARLNT,
1992,LG,4602,SG_GEN_PARL,16.7
1992,LG,4602,SG_GEN_PARLN,1.0
1992,LG,4602,SG_GEN_PARLNT,6.0
1994,LG,4602,SG_GEN_PARL,
1994,LG,4602,SG_GEN_PARLN,
1994,LG,4602,SG_GEN_PARLNT,
1996,LG,4602,SG_GEN_PARL,0.0
1996,LG,4602,SG_GEN_PARLN,0.0
1996,LG,4602,SG_GEN_PARLNT,7.0
1998,LG,4602,SG_GEN_PARL,
1998,LG,4602,SG_GEN_PARLN,
1998,LG,4602,SG_GEN_PARLNT,
2000,LG,4602,SG_GEN_PARL,0.0
2000,LG,4602,SG_GEN_PARLN,0.0
2000,LG,4602,SG_GEN_PARLNT,7.0
2002,LG,4602,SG_GEN_PARL,
2002,LG,4602,SG_GEN_PARLN,
2002,LG,4602,SG_GEN_PARLNT,
2004,LG,4602,SG_GEN_PARL,14.3
2004,LG,4602,SG_GEN_PARLN,1.0
2004,LG,4602,SG_GEN_PARLNT,7.0
2008,LG,4602,SG_GEN_PARL,
2008,LG,4602,SG_GEN_PARLN,
2008,LG,4602,SG_GEN_PARLNT,
2011,LG,4602,SG_GEN_PARL,
2011,LG,4602,SG_GEN_PARLN,
2011,LG,4602,SG_GEN_PARLNT,
2012,LG,4602,SG_GEN_PARL,42.9
2012,LG,4602,SG_GEN_PARLN,3.0
2012,LG,4602,SG_GEN_PARLNT,7.0
2015,LG,4602,SG_GEN_PARL,
2015,LG,4602,SG_GEN_PARLN,
2015,LG,4602,SG_GEN_PARLNT,
2016,LG,4602,SG_GEN_PARL,42.9
2016,LG,4602,SG_GEN_PARLN,3.0
2016,LG,4602,SG_GEN_PARLNT,7.0
2019,LG,4602,SG_GEN_PARL,
2019,LG,4602,SG_GEN_PARLN,
2019,LG,4602,SG_GEN_PARLNT,
2020,LG,4602,SG_GEN_PARL,42.9
2020,LG,4602,SG_GEN_PARLN,3.0
2020,LG,4602,SG_GEN_PARLNT,7.0
2022,LG,4602,SG_GEN_PARL,
2022,LG,4602,SG_GEN_PARLN,
2022,LG,4602,SG_GEN_PARLNT,
1984,LG,4402V,SG_GEN_PARL,
1984,LG,4402V,SG_GEN_PARLN,
1984,LG,4402V,SG_GEN_PARLNT,
1988,LG,4402V,SG_GEN_PARL,
1988,LG,4402V,SG_GEN_PARLN,
1988,LG,4402V,SG_GEN_PARLNT,
1990,LG,4402V,SG_GEN_PARL,
1990,LG,4402V,SG_GEN_PARLN,
1990,LG,4402V,SG_GEN_PARLNT,
1992,LG,4402V,SG_GEN_PARL,
1992,LG,4402V,SG_GEN_PARLN,
1992,LG,4402V,SG_GEN_PARLNT,
1994,LG,4402V,SG_GEN_PARL,
1994,LG,4402V,SG_GEN_PARLN,
1994,LG,4402V,SG_GEN_PARLNT,
1996,LG,4402V,SG_GEN_PARL,
1996,LG,4402V,SG_GEN_PARLN,
1996,LG,4402V,SG_GEN_PARLNT,
1998,LG,4402V,SG_GEN_PARL,
1998,LG,4402V,SG_GEN_PARLN,
1998,LG,4402V,SG_GEN_PARLNT,
2000,LG,4402V,SG_GEN_PARL,
2000,LG,4402V,SG_GEN_PARLN,
2000,LG,4402V,SG_GEN_PARLNT,
2002,LG,4402V,SG_GEN_PARL,
2002,LG,4402V,SG_GEN_PARLN,
2002,LG,4402V,SG_GEN_PARLNT,
2004,LG,4402V,SG_GEN_PARL,
2004,LG,4402V,SG_GEN_PARLN,
2004,LG,4402V,SG_GEN_PARLNT,
2008,LG,4402V,SG_GEN_PARL,
2008,LG,4402V,SG_GEN_PARLN,
2008,LG,4402V,SG_GEN_PARLNT,
2011,LG,4402V,SG_GEN_PARL,
2011,LG,4402V,SG_GEN_PARLN,
2011,LG,4402V,SG_GEN_PARLNT,
2012,LG,4402V,SG_GEN_PARL,18.2
2012,LG,4402V,SG_GEN_PARLN,2.0
2012,LG,4402V,SG_GEN_PARLNT,11.0
2015,LG,4402V,SG_GEN_PARL,
2015,LG,4402V,SG_GEN_PARLN,
2015,LG,4402V,SG_GEN_PARLNT,
2016,LG,4402V,SG_GEN_PARL,27.3
2016,LG,4402V,SG_GEN_PARLN,3.0
2016,LG,4402V,SG_GEN_PARLNT,11.0
2019,LG,4402V,SG_GEN_PARL,
2019,LG,4402V,SG_GEN_PARLN,
2019,LG,4402V,SG_GEN_PARLNT,
2020,LG,4402V,SG_GEN_PARL,45.5
2020,LG,4402V,SG_GEN_PARLN,5.0
2020,LG,4402V,SG_GEN_PARLNT,11.0
2022,LG,4402V,SG_GEN_PARL,
2022,LG,4402V,SG_GEN_PARLN,
2022,LG,4402V,SG_GEN_PARLNT,
1984,LG,4606,SG_GEN_PARL,
1984,LG,4606,SG_GEN_PARLN,
1984,LG,4606,SG_GEN_PARLNT,
1988,LG,4606,SG_GEN_PARL,
1988,LG,4606,SG_GEN_PARLN,
1988,LG,4606,SG_GEN_PARLNT,
1990,LG,4606,SG_GEN_PARL,
1990,LG,4606,SG_GEN_PARLN,
1990,LG,4606,SG_GEN_PARLNT,
1992,LG,4606,SG_GEN_PARL,0.0
1992,LG,4606,SG_GEN_PARLN,0.0
1992,LG,4606,SG_GEN_PARLNT,9.0
1994,LG,4606,SG_GEN_PARL,
1994,LG,4606,SG_GEN_PARLN,
1994,LG,4606,SG_GEN_PARLNT,
1996,LG,4606,SG_GEN_PARL,22.2
1996,LG,4606,SG_GEN_PARLN,2.0
1996,LG,4606,SG_GEN_PARLNT,9.0
1998,LG,4606,SG_GEN_PARL,
1998,LG,4606,SG_GEN_PARLN,
1998,LG,4606,SG_GEN_PARLNT,
2000,LG,4606,SG_GEN_PARL,22.2
2000,LG,4606,SG_GEN_PARLN,2.0
2000,LG,4606,SG_GEN_PARLNT,9.0
2002,LG,4606,SG_GEN_PARL,
2002,LG,4606,SG_GEN_PARLN,
2002,LG,4606,SG_GEN_PARLNT,
2004,LG,4606,SG_GEN_PARL,22.2
2004,LG,4606,SG_GEN_PARLN,2.0
2004,LG,4606,SG_GEN_PARLNT,9.0
2008,LG,4606,SG_GEN_PARL,
2008,LG,4606,SG_GEN_PARLN,
2008,LG,4606,SG_GEN_PARLNT,
2011,LG,4606,SG_GEN_PARL,
2011,LG,4606,SG_GEN_PARLN,
2011,LG,4606,SG_GEN_PARLNT,
2012,LG,4606,SG_GEN_PARL,33.3
2012,LG,4606,SG_GEN_PARLN,3.0
2012,LG,4606,SG_GEN_PARLNT,9.0
2015,LG,4606,SG_GEN_PARL,
2015,LG,4606,SG_GEN_PARLN,
2015,LG,4606,SG_GEN_PARLNT,
2016,LG,4606,SG_GEN_PARL,44.4
2016,LG,4606,SG_GEN_PARLN,4.0
2016,LG,4606,SG_GEN_PARLNT,9.0
2019,LG,4606,SG_GEN_PARL,
2019,LG,4606,SG_GEN_PARLN,
2019,LG,4606,SG_GEN_PARLNT,
2020,LG,4606,SG_GEN_PARL,33.3
2020,LG,4606,SG_GEN_PARLN,3.0
2020,LG,4606,SG_GEN_PARLNT,9.0
2022,LG,4606,SG_GEN_PARL,
2022,LG,4606,SG_GEN_PARLN,
2022,LG,4606,SG_GEN_PARLNT,
1984,LG,4307,SG_GEN_PARL,
1984,LG,4307,SG_GEN_PARLN,
1984,LG,4307,SG_GEN_PARLNT,
1988,LG,4307,SG_GEN_PARL,
1988,LG,4307,SG_GEN_PARLN,
1988,LG,4307,SG_GEN_PARLNT,
1990,LG,4307,SG_GEN_PARL,
1990,LG,4307,SG_GEN_PARLN,
1990,LG,4307,SG_GEN_PARLNT,
1992,LG,4307,SG_GEN_PARL,71.4
1992,LG,4307,SG_GEN_PARLN,5.0
1992,LG,4307,SG_GEN_PARLNT,7.0
1994,LG,4307,SG_GEN_PARL,
1994,LG,4307,SG_GEN_PARLN,
1994,LG,4307,SG_GEN_PARLNT,
1996,LG,4307,SG_GEN_PARL,57.1
1996,LG,4307,SG_GEN_PARLN,4.0
1996,LG,4307,SG_GEN_PARLNT,7.0
1998,LG,4307,SG_GEN_PARL,
1998,LG,4307,SG_GEN_PARLN,
1998,LG,4307,SG_GEN_PARLNT,
2000,LG,4307,SG_GEN_PARL,57.1
2000,LG,4307,SG_GEN_PARLN,4.0
2000,LG,4307,SG_GEN_PARLNT,7.0
2002,LG,4307,SG_GEN_PARL,
2002,LG,4307,SG_GEN_PARLN,
2002,LG,4307,SG_GEN_PARLNT,
2004,LG,4307,SG_GEN_PARL,14.3
2004,LG,4307,SG_GEN_PARLN,1.0
2004,LG,4307,SG_GEN_PARLNT,7.0
2008,LG,4307,SG_GEN_PARL,
2008,LG,4307,SG_GEN_PARLN,
2008,LG,4307,SG_GEN_PARLNT,
2011,LG,4307,SG_GEN_PARL,
2011,LG,4307,SG_GEN_PARLN,
2011,LG,4307,SG_GEN_PARLNT,
2012,LG,4307,SG_GEN_PARL,42.9
2012,LG,4307,SG_GEN_PARLN,3.0
2012,LG,4307,SG_GEN_PARLNT,7.0
2015,LG,4307,SG_GEN_PARL,
2015,LG,4307,SG_GEN_PARLN,
2015,LG,4307,SG_GEN_PARLNT,
2016,LG,4307,SG_GEN_PARL,42.9
2016,LG,4307,SG_GEN_PARLN,3.0
2016,LG,4307,SG_GEN_PARLNT,7.0
2019,LG,4307,SG_GEN_PARL,
2019,LG,4307,SG_GEN_PARLN,
2019,LG,4307,SG_GEN_PARLNT,
2020,LG,4307,SG_GEN_PARL,57.1
2020,LG,4307,SG_GEN_PARLN,4.0
2020,LG,4307,SG_GEN_PARLNT,7.0
2022,LG,4307,SG_GEN_PARL,
2022,LG,4307,SG_GEN_PARLN,
2022,LG,4307,SG_GEN_PARLNT,
1984,LG,4103,SG_GEN_PARL,
1984,LG,4103,SG_GEN_PARLN,
1984,LG,4103,SG_GEN_PARLNT,
1988,LG,4103,SG_GEN_PARL,
1988,LG,4103,SG_GEN_PARLN,
1988,LG,4103,SG_GEN_PARLNT,
1990,LG,4103,SG_GEN_PARL,
1990,LG,4103,SG_GEN_PARLN,
1990,LG,4103,SG_GEN_PARLNT,
1992,LG,4103,SG_GEN_PARL,40.0
1992,LG,4103,SG_GEN_PARLN,2.0
1992,LG,4103,SG_GEN_PARLNT,5.0
1994,LG,4103,SG_GEN_PARL,
1994,LG,4103,SG_GEN_PARLN,
1994,LG,4103,SG_GEN_PARLNT,
1996,LG,4103,SG_GEN_PARL,40.0
1996,LG,4103,SG_GEN_PARLN,2.0
1996,LG,4103,SG_GEN_PARLNT,5.0
1998,LG,4103,SG_GEN_PARL,
1998,LG,4103,SG_GEN_PARLN,
1998,LG,4103,SG_GEN_PARLNT,
2000,LG,4103,SG_GEN_PARL,0.0
2000,LG,4103,SG_GEN_PARLN,0.0
2000,LG,4103,SG_GEN_PARLNT,5.0
2002,LG,4103,SG_GEN_PARL,
2002,LG,4103,SG_GEN_PARLN,
2002,LG,4103,SG_GEN_PARLNT,
2004,LG,4103,SG_GEN_PARL,20.0
2004,LG,4103,SG_GEN_PARLN,1.0
2004,LG,4103,SG_GEN_PARLNT,5.0
2008,LG,4103,SG_GEN_PARL,
2008,LG,4103,SG_GEN_PARLN,
2008,LG,4103,SG_GEN_PARLNT,
2011,LG,4103,SG_GEN_PARL,
2011,LG,4103,SG_GEN_PARLN,
2011,LG,4103,SG_GEN_PARLNT,
2012,LG,4103,SG_GEN_PARL,0.0
2012,LG,4103,SG_GEN_PARLN,0.0
2012,LG,4103,SG_GEN_PARLNT,5.0
2015,LG,4103,SG_GEN_PARL,
2015,LG,4103,SG_GEN_PARLN,
2015,LG,4103,SG_GEN_PARLNT,
2016,LG,4103,SG_GEN_PARL,40.0
2016,LG,4103,SG_GEN_PARLN,2.0
2016,LG,4103,SG_GEN_PARLNT,5.0
2019,LG,4103,SG_GEN_PARL,
2019,LG,4103,SG_GEN_PARLN,
2019,LG,4103,SG_GEN_PARLNT,
2020,LG,4103,SG_GEN_PARL,20.0
2020,LG,4103,SG_GEN_PARLN,1.0
2020,LG,4103,SG_GEN_PARLNT,5.0
2022,LG,4103,SG_GEN_PARL,
2022,LG,4103,SG_GEN_PARLN,
2022,LG,4103,SG_GEN_PARLNT,
