{"Year":[2000,2001,2002,2003,2004,2005,2006,2007,2008,2009,2010,2011,2012,2012,2012,2012,2012,2012,2012,2012,2013,2013,2013,2013,2013,2013,2013,2013,2014,2014,2014,2014,2014,2014,2014,2014,2015,2015,2015,2015,2015,2015,2015,2015,2016,2016,2016,2016,2016,2016,2016,2016,2017,2017,2017,2017,2017,2017,2017,2017,2018,2018,2018,2018,2018,2018,2018,2018,2019,2019,2019,2019,2019,2019,2019,2019,2020,2020,2020,2020,2020,2020,2020,2020,2021,2021,2021,2021,2021,2021,2021,2021],"data.renewablesource":[null,null,null,null,null,null,null,null,null,null,null,null,null,"data.hydro","data.wind","data.solar","data.biofuel","data.ocean","data.districtheatingfromincinerator","data.heatpumps",null,"data.hydro","data.wind","data.solar","data.biofuel","data.ocean","data.districtheatingfromincinerator","data.heatpumps",null,"data.hydro","data.wind","data.solar","data.biofuel","data.ocean","data.districtheatingfromincinerator","data.heatpumps",null,"data.hydro","data.wind","data.solar","data.biofuel","data.ocean","data.districtheatingfromincinerator","data.heatpumps",null,"data.hydro","data.wind","data.solar","data.biofuel","data.ocean","data.districtheatingfromincinerator","data.heatpumps",null,"data.hydro","data.wind","data.solar","data.biofuel","data.ocean","data.districtheatingfromincinerator","data.heatpumps",null,"data.hydro","data.wind","data.solar","data.biofuel","data.ocean","data.districtheatingfromincinerator","data.heatpumps",null,"data.hydro","data.wind","data.solar","data.biofuel","data.ocean","data.districtheatingfromincinerator","data.heatpumps",null,"data.hydro","data.wind","data.solar","data.biofuel","data.ocean","data.districtheatingfromincinerator","data.heatpumps",null,"data.hydro","data.wind","data.solar","data.biofuel","data.ocean","data.districtheatingfromincinerator","data.heatpumps"],"Value":[2.77,2.56,3.4,3.11,3.42,3.84,4.3,4.54,4.51,5.12,3.38,5.0,4.6788643047,4.2222957958,0.456568509,0.0,0.0,0.0,0.0,0.0,5.6675162746,3.8420144522,0.9264278618,0.0,0.0,0.0,0.8990739606,0.0,7.0179813536,4.7804662939,1.3660851752,0.0,0.0,0.0,0.8714298845,0.0,8.5761953235,5.356590087,2.2455407185,0.0,0.0,0.0,0.9740645179,0.0,7.2165098863,4.1653264227,2.0406762447,0.0,0.0,0.0,1.0105072188,0.0,8.6019408075,3.8260043789,2.0520183134,0.0,0.0,0.0,1.3482018954,1.3757162198,8.0161572137,3.5746650987,2.109800534,0.0,0.0,0.0,1.1741142004,1.1575773806,7.9275830496,3.3929087754,1.7253345314,0.0,0.0,0.0,1.6620014581,1.1473382847,7.9849843676,3.413994658,1.4808104044,0.0053094785,0.043701092,0.0,1.5959852451,1.4451834896,8.1556788781,3.1228472722,1.6847619355,0.0055114564,0.2129850966,0.000186829,1.4167868271,1.7125994613]}