{"Year":[1998,1999,2000,2001,2002,2003,2004,2005,2006,2007,2008,2009,2010,2011,2012,2013,2014,2015,2016,2017,2018,2019,2020,2021],"Value":[15.1626757621,15.4599739294,15.8026860787,14.3714566944,15.2969913065,12.644066609,17.297633948,17.3951896851,17.1208698383,17.3451956845,17.0448449579,13.686613745,13.4326819509,13.1967628078,20.3351155623,12.9023184957,11.8438030318,11.2327286602,21.4291493508,16.9803237754,16.1681941948,12.5790577695,16.3375713168,14.2210407121]}