Year,Series,flokkur,eind,Value
1984,Løgting,Allir flokkar,Partur av sætum hjá kvinnum,3.1
1984,Løgting,Allir flokkar,Tal av sætum hjá kvinnum,1.0
1984,Løgting,Allir flokkar,Tal av sætum,32.0
1988,Løgting,Allir flokkar,Partur av sætum hjá kvinnum,9.4
1988,Løgting,Allir flokkar,Tal av sætum hjá kvinnum,3.0
1988,Løgting,Allir flokkar,Tal av sætum,32.0
1990,Løgting,Allir flokkar,Partur av sætum hjá kvinnum,9.4
1990,Løgting,Allir flokkar,Tal av sætum hjá kvinnum,3.0
1990,Løgting,Allir flokkar,Tal av sætum,32.0
1992,Løgting,Allir flokkar,Partur av sætum hjá kvinnum,
1992,Løgting,Allir flokkar,Tal av sætum hjá kvinnum,
1992,Løgting,Allir flokkar,Tal av sætum,
1994,Løgting,Allir flokkar,Partur av sætum hjá kvinnum,15.6
1994,Løgting,Allir flokkar,Tal av sætum hjá kvinnum,5.0
1994,Løgting,Allir flokkar,Tal av sætum,32.0
1996,Løgting,Allir flokkar,Partur av sætum hjá kvinnum,
1996,Løgting,Allir flokkar,Tal av sætum hjá kvinnum,
1996,Løgting,Allir flokkar,Tal av sætum,
1998,Løgting,Allir flokkar,Partur av sætum hjá kvinnum,12.5
1998,Løgting,Allir flokkar,Tal av sætum hjá kvinnum,4.0
1998,Løgting,Allir flokkar,Tal av sætum,32.0
2000,Løgting,Allir flokkar,Partur av sætum hjá kvinnum,
2000,Løgting,Allir flokkar,Tal av sætum hjá kvinnum,
2000,Løgting,Allir flokkar,Tal av sætum,
2002,Løgting,Allir flokkar,Partur av sætum hjá kvinnum,12.5
2002,Løgting,Allir flokkar,Tal av sætum hjá kvinnum,4.0
2002,Løgting,Allir flokkar,Tal av sætum,32.0
2004,Løgting,Allir flokkar,Partur av sætum hjá kvinnum,9.4
2004,Løgting,Allir flokkar,Tal av sætum hjá kvinnum,3.0
2004,Løgting,Allir flokkar,Tal av sætum,32.0
2008,Løgting,Allir flokkar,Partur av sætum hjá kvinnum,21.2
2008,Løgting,Allir flokkar,Tal av sætum hjá kvinnum,7.0
2008,Løgting,Allir flokkar,Tal av sætum,33.0
2011,Løgting,Allir flokkar,Partur av sætum hjá kvinnum,30.3
2011,Løgting,Allir flokkar,Tal av sætum hjá kvinnum,10.0
2011,Løgting,Allir flokkar,Tal av sætum,33.0
2012,Løgting,Allir flokkar,Partur av sætum hjá kvinnum,
2012,Løgting,Allir flokkar,Tal av sætum hjá kvinnum,
2012,Løgting,Allir flokkar,Tal av sætum,
2015,Løgting,Allir flokkar,Partur av sætum hjá kvinnum,30.3
2015,Løgting,Allir flokkar,Tal av sætum hjá kvinnum,10.0
2015,Løgting,Allir flokkar,Tal av sætum,33.0
2016,Løgting,Allir flokkar,Partur av sætum hjá kvinnum,
2016,Løgting,Allir flokkar,Tal av sætum hjá kvinnum,
2016,Løgting,Allir flokkar,Tal av sætum,
2019,Løgting,Allir flokkar,Partur av sætum hjá kvinnum,24.2
2019,Løgting,Allir flokkar,Tal av sætum hjá kvinnum,8.0
2019,Løgting,Allir flokkar,Tal av sætum,33.0
2020,Løgting,Allir flokkar,Partur av sætum hjá kvinnum,
2020,Løgting,Allir flokkar,Tal av sætum hjá kvinnum,
2020,Løgting,Allir flokkar,Tal av sætum,
2022,Løgting,Allir flokkar,Partur av sætum hjá kvinnum,30.3
2022,Løgting,Allir flokkar,Tal av sætum hjá kvinnum,10.0
2022,Løgting,Allir flokkar,Tal av sætum,33.0
1984,Løgting,Fólkaflokkurin,Partur av sætum hjá kvinnum,0.0
1984,Løgting,Fólkaflokkurin,Tal av sætum hjá kvinnum,0.0
1984,Løgting,Fólkaflokkurin,Tal av sætum,7.0
1988,Løgting,Fólkaflokkurin,Partur av sætum hjá kvinnum,0.0
1988,Løgting,Fólkaflokkurin,Tal av sætum hjá kvinnum,0.0
1988,Løgting,Fólkaflokkurin,Tal av sætum,8.0
1990,Løgting,Fólkaflokkurin,Partur av sætum hjá kvinnum,0.0
1990,Løgting,Fólkaflokkurin,Tal av sætum hjá kvinnum,0.0
1990,Løgting,Fólkaflokkurin,Tal av sætum,7.0
1992,Løgting,Fólkaflokkurin,Partur av sætum hjá kvinnum,
1992,Løgting,Fólkaflokkurin,Tal av sætum hjá kvinnum,
1992,Løgting,Fólkaflokkurin,Tal av sætum,
1994,Løgting,Fólkaflokkurin,Partur av sætum hjá kvinnum,0.0
1994,Løgting,Fólkaflokkurin,Tal av sætum hjá kvinnum,0.0
1994,Løgting,Fólkaflokkurin,Tal av sætum,6.0
1996,Løgting,Fólkaflokkurin,Partur av sætum hjá kvinnum,
1996,Løgting,Fólkaflokkurin,Tal av sætum hjá kvinnum,
1996,Løgting,Fólkaflokkurin,Tal av sætum,
1998,Løgting,Fólkaflokkurin,Partur av sætum hjá kvinnum,0.0
1998,Løgting,Fólkaflokkurin,Tal av sætum hjá kvinnum,0.0
1998,Løgting,Fólkaflokkurin,Tal av sætum,8.0
2000,Løgting,Fólkaflokkurin,Partur av sætum hjá kvinnum,
2000,Løgting,Fólkaflokkurin,Tal av sætum hjá kvinnum,
2000,Løgting,Fólkaflokkurin,Tal av sætum,
2002,Løgting,Fólkaflokkurin,Partur av sætum hjá kvinnum,0.0
2002,Løgting,Fólkaflokkurin,Tal av sætum hjá kvinnum,0.0
2002,Løgting,Fólkaflokkurin,Tal av sætum,7.0
2004,Løgting,Fólkaflokkurin,Partur av sætum hjá kvinnum,0.0
2004,Løgting,Fólkaflokkurin,Tal av sætum hjá kvinnum,0.0
2004,Løgting,Fólkaflokkurin,Tal av sætum,7.0
2008,Løgting,Fólkaflokkurin,Partur av sætum hjá kvinnum,14.3
2008,Løgting,Fólkaflokkurin,Tal av sætum hjá kvinnum,1.0
2008,Løgting,Fólkaflokkurin,Tal av sætum,7.0
2011,Løgting,Fólkaflokkurin,Partur av sætum hjá kvinnum,25.0
2011,Løgting,Fólkaflokkurin,Tal av sætum hjá kvinnum,2.0
2011,Løgting,Fólkaflokkurin,Tal av sætum,8.0
2012,Løgting,Fólkaflokkurin,Partur av sætum hjá kvinnum,
2012,Løgting,Fólkaflokkurin,Tal av sætum hjá kvinnum,
2012,Løgting,Fólkaflokkurin,Tal av sætum,
2015,Løgting,Fólkaflokkurin,Partur av sætum hjá kvinnum,33.3
2015,Løgting,Fólkaflokkurin,Tal av sætum hjá kvinnum,2.0
2015,Løgting,Fólkaflokkurin,Tal av sætum,6.0
2016,Løgting,Fólkaflokkurin,Partur av sætum hjá kvinnum,
2016,Løgting,Fólkaflokkurin,Tal av sætum hjá kvinnum,
2016,Løgting,Fólkaflokkurin,Tal av sætum,
2019,Løgting,Fólkaflokkurin,Partur av sætum hjá kvinnum,12.5
2019,Løgting,Fólkaflokkurin,Tal av sætum hjá kvinnum,1.0
2019,Løgting,Fólkaflokkurin,Tal av sætum,8.0
2020,Løgting,Fólkaflokkurin,Partur av sætum hjá kvinnum,
2020,Løgting,Fólkaflokkurin,Tal av sætum hjá kvinnum,
2020,Løgting,Fólkaflokkurin,Tal av sætum,
2022,Løgting,Fólkaflokkurin,Partur av sætum hjá kvinnum,16.7
2022,Løgting,Fólkaflokkurin,Tal av sætum hjá kvinnum,1.0
2022,Løgting,Fólkaflokkurin,Tal av sætum,6.0
1984,Løgting,Framburðsflokkurin,Partur av sætum hjá kvinnum,0.0
1984,Løgting,Framburðsflokkurin,Tal av sætum hjá kvinnum,0.0
1984,Løgting,Framburðsflokkurin,Tal av sætum,2.0
1988,Løgting,Framburðsflokkurin,Partur av sætum hjá kvinnum,
1988,Løgting,Framburðsflokkurin,Tal av sætum hjá kvinnum,
1988,Løgting,Framburðsflokkurin,Tal av sætum,
1990,Løgting,Framburðsflokkurin,Partur av sætum hjá kvinnum,
1990,Løgting,Framburðsflokkurin,Tal av sætum hjá kvinnum,
1990,Løgting,Framburðsflokkurin,Tal av sætum,
1992,Løgting,Framburðsflokkurin,Partur av sætum hjá kvinnum,
1992,Løgting,Framburðsflokkurin,Tal av sætum hjá kvinnum,
1992,Løgting,Framburðsflokkurin,Tal av sætum,
1994,Løgting,Framburðsflokkurin,Partur av sætum hjá kvinnum,
1994,Løgting,Framburðsflokkurin,Tal av sætum hjá kvinnum,
1994,Løgting,Framburðsflokkurin,Tal av sætum,
1996,Løgting,Framburðsflokkurin,Partur av sætum hjá kvinnum,
1996,Løgting,Framburðsflokkurin,Tal av sætum hjá kvinnum,
1996,Løgting,Framburðsflokkurin,Tal av sætum,
1998,Løgting,Framburðsflokkurin,Partur av sætum hjá kvinnum,
1998,Løgting,Framburðsflokkurin,Tal av sætum hjá kvinnum,
1998,Løgting,Framburðsflokkurin,Tal av sætum,
2000,Løgting,Framburðsflokkurin,Partur av sætum hjá kvinnum,
2000,Løgting,Framburðsflokkurin,Tal av sætum hjá kvinnum,
2000,Løgting,Framburðsflokkurin,Tal av sætum,
2002,Løgting,Framburðsflokkurin,Partur av sætum hjá kvinnum,
2002,Løgting,Framburðsflokkurin,Tal av sætum hjá kvinnum,
2002,Løgting,Framburðsflokkurin,Tal av sætum,
2004,Løgting,Framburðsflokkurin,Partur av sætum hjá kvinnum,
2004,Løgting,Framburðsflokkurin,Tal av sætum hjá kvinnum,
2004,Løgting,Framburðsflokkurin,Tal av sætum,
2008,Løgting,Framburðsflokkurin,Partur av sætum hjá kvinnum,
2008,Løgting,Framburðsflokkurin,Tal av sætum hjá kvinnum,
2008,Løgting,Framburðsflokkurin,Tal av sætum,
2011,Løgting,Framburðsflokkurin,Partur av sætum hjá kvinnum,
2011,Løgting,Framburðsflokkurin,Tal av sætum hjá kvinnum,
2011,Løgting,Framburðsflokkurin,Tal av sætum,
2012,Løgting,Framburðsflokkurin,Partur av sætum hjá kvinnum,
2012,Løgting,Framburðsflokkurin,Tal av sætum hjá kvinnum,
2012,Løgting,Framburðsflokkurin,Tal av sætum,
2015,Løgting,Framburðsflokkurin,Partur av sætum hjá kvinnum,
2015,Løgting,Framburðsflokkurin,Tal av sætum hjá kvinnum,
2015,Løgting,Framburðsflokkurin,Tal av sætum,
2016,Løgting,Framburðsflokkurin,Partur av sætum hjá kvinnum,
2016,Løgting,Framburðsflokkurin,Tal av sætum hjá kvinnum,
2016,Løgting,Framburðsflokkurin,Tal av sætum,
2019,Løgting,Framburðsflokkurin,Partur av sætum hjá kvinnum,
2019,Løgting,Framburðsflokkurin,Tal av sætum hjá kvinnum,
2019,Løgting,Framburðsflokkurin,Tal av sætum,
2020,Løgting,Framburðsflokkurin,Partur av sætum hjá kvinnum,
2020,Løgting,Framburðsflokkurin,Tal av sætum hjá kvinnum,
2020,Løgting,Framburðsflokkurin,Tal av sætum,
2022,Løgting,Framburðsflokkurin,Partur av sætum hjá kvinnum,
2022,Løgting,Framburðsflokkurin,Tal av sætum hjá kvinnum,
2022,Løgting,Framburðsflokkurin,Tal av sætum,
1984,Løgting,Framsókn,Partur av sætum hjá kvinnum,
1984,Løgting,Framsókn,Tal av sætum hjá kvinnum,
1984,Løgting,Framsókn,Tal av sætum,
1988,Løgting,Framsókn,Partur av sætum hjá kvinnum,
1988,Løgting,Framsókn,Tal av sætum hjá kvinnum,
1988,Løgting,Framsókn,Tal av sætum,
1990,Løgting,Framsókn,Partur av sætum hjá kvinnum,
1990,Løgting,Framsókn,Tal av sætum hjá kvinnum,
1990,Løgting,Framsókn,Tal av sætum,
1992,Løgting,Framsókn,Partur av sætum hjá kvinnum,
1992,Løgting,Framsókn,Tal av sætum hjá kvinnum,
1992,Løgting,Framsókn,Tal av sætum,
1994,Løgting,Framsókn,Partur av sætum hjá kvinnum,
1994,Løgting,Framsókn,Tal av sætum hjá kvinnum,
1994,Løgting,Framsókn,Tal av sætum,
1996,Løgting,Framsókn,Partur av sætum hjá kvinnum,
1996,Løgting,Framsókn,Tal av sætum hjá kvinnum,
1996,Løgting,Framsókn,Tal av sætum,
1998,Løgting,Framsókn,Partur av sætum hjá kvinnum,
1998,Løgting,Framsókn,Tal av sætum hjá kvinnum,
1998,Løgting,Framsókn,Tal av sætum,
2000,Løgting,Framsókn,Partur av sætum hjá kvinnum,
2000,Løgting,Framsókn,Tal av sætum hjá kvinnum,
2000,Løgting,Framsókn,Tal av sætum,
2002,Løgting,Framsókn,Partur av sætum hjá kvinnum,
2002,Løgting,Framsókn,Tal av sætum hjá kvinnum,
2002,Løgting,Framsókn,Tal av sætum,
2004,Løgting,Framsókn,Partur av sætum hjá kvinnum,
2004,Løgting,Framsókn,Tal av sætum hjá kvinnum,
2004,Løgting,Framsókn,Tal av sætum,
2008,Løgting,Framsókn,Partur av sætum hjá kvinnum,
2008,Løgting,Framsókn,Tal av sætum hjá kvinnum,
2008,Løgting,Framsókn,Tal av sætum,
2011,Løgting,Framsókn,Partur av sætum hjá kvinnum,0.0
2011,Løgting,Framsókn,Tal av sætum hjá kvinnum,0.0
2011,Løgting,Framsókn,Tal av sætum,2.0
2012,Løgting,Framsókn,Partur av sætum hjá kvinnum,
2012,Løgting,Framsókn,Tal av sætum hjá kvinnum,
2012,Løgting,Framsókn,Tal av sætum,
2015,Løgting,Framsókn,Partur av sætum hjá kvinnum,50.0
2015,Løgting,Framsókn,Tal av sætum hjá kvinnum,1.0
2015,Løgting,Framsókn,Tal av sætum,2.0
2016,Løgting,Framsókn,Partur av sætum hjá kvinnum,
2016,Løgting,Framsókn,Tal av sætum hjá kvinnum,
2016,Løgting,Framsókn,Tal av sætum,
2019,Løgting,Framsókn,Partur av sætum hjá kvinnum,0.0
2019,Løgting,Framsókn,Tal av sætum hjá kvinnum,0.0
2019,Løgting,Framsókn,Tal av sætum,2.0
2020,Løgting,Framsókn,Partur av sætum hjá kvinnum,
2020,Løgting,Framsókn,Tal av sætum hjá kvinnum,
2020,Løgting,Framsókn,Tal av sætum,
2022,Løgting,Framsókn,Partur av sætum hjá kvinnum,33.3
2022,Løgting,Framsókn,Tal av sætum hjá kvinnum,1.0
2022,Løgting,Framsókn,Tal av sætum,3.0
1984,Løgting,Javnaðarflokkurin,Partur av sætum hjá kvinnum,0.0
1984,Løgting,Javnaðarflokkurin,Tal av sætum hjá kvinnum,0.0
1984,Løgting,Javnaðarflokkurin,Tal av sætum,8.0
1988,Løgting,Javnaðarflokkurin,Partur av sætum hjá kvinnum,14.3
1988,Løgting,Javnaðarflokkurin,Tal av sætum hjá kvinnum,1.0
1988,Løgting,Javnaðarflokkurin,Tal av sætum,7.0
1990,Løgting,Javnaðarflokkurin,Partur av sætum hjá kvinnum,10.0
1990,Løgting,Javnaðarflokkurin,Tal av sætum hjá kvinnum,1.0
1990,Løgting,Javnaðarflokkurin,Tal av sætum,10.0
1992,Løgting,Javnaðarflokkurin,Partur av sætum hjá kvinnum,
1992,Løgting,Javnaðarflokkurin,Tal av sætum hjá kvinnum,
1992,Løgting,Javnaðarflokkurin,Tal av sætum,
1994,Løgting,Javnaðarflokkurin,Partur av sætum hjá kvinnum,20.0
1994,Løgting,Javnaðarflokkurin,Tal av sætum hjá kvinnum,1.0
1994,Løgting,Javnaðarflokkurin,Tal av sætum,5.0
1996,Løgting,Javnaðarflokkurin,Partur av sætum hjá kvinnum,
1996,Løgting,Javnaðarflokkurin,Tal av sætum hjá kvinnum,
1996,Løgting,Javnaðarflokkurin,Tal av sætum,
1998,Løgting,Javnaðarflokkurin,Partur av sætum hjá kvinnum,14.3
1998,Løgting,Javnaðarflokkurin,Tal av sætum hjá kvinnum,1.0
1998,Løgting,Javnaðarflokkurin,Tal av sætum,7.0
2000,Løgting,Javnaðarflokkurin,Partur av sætum hjá kvinnum,
2000,Løgting,Javnaðarflokkurin,Tal av sætum hjá kvinnum,
2000,Løgting,Javnaðarflokkurin,Tal av sætum,
2002,Løgting,Javnaðarflokkurin,Partur av sætum hjá kvinnum,14.3
2002,Løgting,Javnaðarflokkurin,Tal av sætum hjá kvinnum,1.0
2002,Løgting,Javnaðarflokkurin,Tal av sætum,7.0
2004,Løgting,Javnaðarflokkurin,Partur av sætum hjá kvinnum,0.0
2004,Løgting,Javnaðarflokkurin,Tal av sætum hjá kvinnum,0.0
2004,Løgting,Javnaðarflokkurin,Tal av sætum,7.0
2008,Løgting,Javnaðarflokkurin,Partur av sætum hjá kvinnum,33.3
2008,Løgting,Javnaðarflokkurin,Tal av sætum hjá kvinnum,2.0
2008,Løgting,Javnaðarflokkurin,Tal av sætum,6.0
2011,Løgting,Javnaðarflokkurin,Partur av sætum hjá kvinnum,33.3
2011,Løgting,Javnaðarflokkurin,Tal av sætum hjá kvinnum,2.0
2011,Løgting,Javnaðarflokkurin,Tal av sætum,6.0
2012,Løgting,Javnaðarflokkurin,Partur av sætum hjá kvinnum,
2012,Løgting,Javnaðarflokkurin,Tal av sætum hjá kvinnum,
2012,Løgting,Javnaðarflokkurin,Tal av sætum,
2015,Løgting,Javnaðarflokkurin,Partur av sætum hjá kvinnum,37.5
2015,Løgting,Javnaðarflokkurin,Tal av sætum hjá kvinnum,3.0
2015,Løgting,Javnaðarflokkurin,Tal av sætum,8.0
2016,Løgting,Javnaðarflokkurin,Partur av sætum hjá kvinnum,
2016,Løgting,Javnaðarflokkurin,Tal av sætum hjá kvinnum,
2016,Løgting,Javnaðarflokkurin,Tal av sætum,
2019,Løgting,Javnaðarflokkurin,Partur av sætum hjá kvinnum,14.3
2019,Løgting,Javnaðarflokkurin,Tal av sætum hjá kvinnum,1.0
2019,Løgting,Javnaðarflokkurin,Tal av sætum,7.0
2020,Løgting,Javnaðarflokkurin,Partur av sætum hjá kvinnum,
2020,Løgting,Javnaðarflokkurin,Tal av sætum hjá kvinnum,
2020,Løgting,Javnaðarflokkurin,Tal av sætum,
2022,Løgting,Javnaðarflokkurin,Partur av sætum hjá kvinnum,33.3
2022,Løgting,Javnaðarflokkurin,Tal av sætum hjá kvinnum,3.0
2022,Løgting,Javnaðarflokkurin,Tal av sætum,9.0
1984,Løgting,Kristiligi Fólkaflokkurin,Partur av sætum hjá kvinnum,
1984,Løgting,Kristiligi Fólkaflokkurin,Tal av sætum hjá kvinnum,
1984,Løgting,Kristiligi Fólkaflokkurin,Tal av sætum,
1988,Løgting,Kristiligi Fólkaflokkurin,Partur av sætum hjá kvinnum,0.0
1988,Løgting,Kristiligi Fólkaflokkurin,Tal av sætum hjá kvinnum,0.0
1988,Løgting,Kristiligi Fólkaflokkurin,Tal av sætum,2.0
1990,Løgting,Kristiligi Fólkaflokkurin,Partur av sætum hjá kvinnum,0.0
1990,Løgting,Kristiligi Fólkaflokkurin,Tal av sætum hjá kvinnum,0.0
1990,Løgting,Kristiligi Fólkaflokkurin,Tal av sætum,2.0
1992,Løgting,Kristiligi Fólkaflokkurin,Partur av sætum hjá kvinnum,
1992,Løgting,Kristiligi Fólkaflokkurin,Tal av sætum hjá kvinnum,
1992,Løgting,Kristiligi Fólkaflokkurin,Tal av sætum,
1994,Løgting,Kristiligi Fólkaflokkurin,Partur av sætum hjá kvinnum,0.0
1994,Løgting,Kristiligi Fólkaflokkurin,Tal av sætum hjá kvinnum,0.0
1994,Løgting,Kristiligi Fólkaflokkurin,Tal av sætum,2.0
1996,Løgting,Kristiligi Fólkaflokkurin,Partur av sætum hjá kvinnum,
1996,Løgting,Kristiligi Fólkaflokkurin,Tal av sætum hjá kvinnum,
1996,Løgting,Kristiligi Fólkaflokkurin,Tal av sætum,
1998,Løgting,Kristiligi Fólkaflokkurin,Partur av sætum hjá kvinnum,
1998,Løgting,Kristiligi Fólkaflokkurin,Tal av sætum hjá kvinnum,
1998,Løgting,Kristiligi Fólkaflokkurin,Tal av sætum,
2000,Løgting,Kristiligi Fólkaflokkurin,Partur av sætum hjá kvinnum,
2000,Løgting,Kristiligi Fólkaflokkurin,Tal av sætum hjá kvinnum,
2000,Løgting,Kristiligi Fólkaflokkurin,Tal av sætum,
2002,Løgting,Kristiligi Fólkaflokkurin,Partur av sætum hjá kvinnum,
2002,Løgting,Kristiligi Fólkaflokkurin,Tal av sætum hjá kvinnum,
2002,Løgting,Kristiligi Fólkaflokkurin,Tal av sætum,
2004,Løgting,Kristiligi Fólkaflokkurin,Partur av sætum hjá kvinnum,
2004,Løgting,Kristiligi Fólkaflokkurin,Tal av sætum hjá kvinnum,
2004,Løgting,Kristiligi Fólkaflokkurin,Tal av sætum,
2008,Løgting,Kristiligi Fólkaflokkurin,Partur av sætum hjá kvinnum,
2008,Løgting,Kristiligi Fólkaflokkurin,Tal av sætum hjá kvinnum,
2008,Løgting,Kristiligi Fólkaflokkurin,Tal av sætum,
2011,Løgting,Kristiligi Fólkaflokkurin,Partur av sætum hjá kvinnum,
2011,Løgting,Kristiligi Fólkaflokkurin,Tal av sætum hjá kvinnum,
2011,Løgting,Kristiligi Fólkaflokkurin,Tal av sætum,
2012,Løgting,Kristiligi Fólkaflokkurin,Partur av sætum hjá kvinnum,
2012,Løgting,Kristiligi Fólkaflokkurin,Tal av sætum hjá kvinnum,
2012,Løgting,Kristiligi Fólkaflokkurin,Tal av sætum,
2015,Løgting,Kristiligi Fólkaflokkurin,Partur av sætum hjá kvinnum,
2015,Løgting,Kristiligi Fólkaflokkurin,Tal av sætum hjá kvinnum,
2015,Løgting,Kristiligi Fólkaflokkurin,Tal av sætum,
2016,Løgting,Kristiligi Fólkaflokkurin,Partur av sætum hjá kvinnum,
2016,Løgting,Kristiligi Fólkaflokkurin,Tal av sætum hjá kvinnum,
2016,Løgting,Kristiligi Fólkaflokkurin,Tal av sætum,
2019,Løgting,Kristiligi Fólkaflokkurin,Partur av sætum hjá kvinnum,
2019,Løgting,Kristiligi Fólkaflokkurin,Tal av sætum hjá kvinnum,
2019,Løgting,Kristiligi Fólkaflokkurin,Tal av sætum,
2020,Løgting,Kristiligi Fólkaflokkurin,Partur av sætum hjá kvinnum,
2020,Løgting,Kristiligi Fólkaflokkurin,Tal av sætum hjá kvinnum,
2020,Løgting,Kristiligi Fólkaflokkurin,Tal av sætum,
2022,Løgting,Kristiligi Fólkaflokkurin,Partur av sætum hjá kvinnum,
2022,Løgting,Kristiligi Fólkaflokkurin,Tal av sætum hjá kvinnum,
2022,Løgting,Kristiligi Fólkaflokkurin,Tal av sætum,
1984,Løgting,Miðflokkurin,Partur av sætum hjá kvinnum,
1984,Løgting,Miðflokkurin,Tal av sætum hjá kvinnum,
1984,Løgting,Miðflokkurin,Tal av sætum,
1988,Løgting,Miðflokkurin,Partur av sætum hjá kvinnum,
1988,Løgting,Miðflokkurin,Tal av sætum hjá kvinnum,
1988,Løgting,Miðflokkurin,Tal av sætum,
1990,Løgting,Miðflokkurin,Partur av sætum hjá kvinnum,
1990,Løgting,Miðflokkurin,Tal av sætum hjá kvinnum,
1990,Løgting,Miðflokkurin,Tal av sætum,
1992,Løgting,Miðflokkurin,Partur av sætum hjá kvinnum,
1992,Løgting,Miðflokkurin,Tal av sætum hjá kvinnum,
1992,Løgting,Miðflokkurin,Tal av sætum,
1994,Løgting,Miðflokkurin,Partur av sætum hjá kvinnum,0.0
1994,Løgting,Miðflokkurin,Tal av sætum hjá kvinnum,0.0
1994,Løgting,Miðflokkurin,Tal av sætum,2.0
1996,Løgting,Miðflokkurin,Partur av sætum hjá kvinnum,
1996,Løgting,Miðflokkurin,Tal av sætum hjá kvinnum,
1996,Løgting,Miðflokkurin,Tal av sætum,
1998,Løgting,Miðflokkurin,Partur av sætum hjá kvinnum,0.0
1998,Løgting,Miðflokkurin,Tal av sætum hjá kvinnum,0.0
1998,Løgting,Miðflokkurin,Tal av sætum,1.0
2000,Løgting,Miðflokkurin,Partur av sætum hjá kvinnum,
2000,Løgting,Miðflokkurin,Tal av sætum hjá kvinnum,
2000,Løgting,Miðflokkurin,Tal av sætum,
2002,Løgting,Miðflokkurin,Partur av sætum hjá kvinnum,0.0
2002,Løgting,Miðflokkurin,Tal av sætum hjá kvinnum,0.0
2002,Løgting,Miðflokkurin,Tal av sætum,1.0
2004,Løgting,Miðflokkurin,Partur av sætum hjá kvinnum,0.0
2004,Løgting,Miðflokkurin,Tal av sætum hjá kvinnum,0.0
2004,Løgting,Miðflokkurin,Tal av sætum,2.0
2008,Løgting,Miðflokkurin,Partur av sætum hjá kvinnum,0.0
2008,Løgting,Miðflokkurin,Tal av sætum hjá kvinnum,0.0
2008,Løgting,Miðflokkurin,Tal av sætum,3.0
2011,Løgting,Miðflokkurin,Partur av sætum hjá kvinnum,0.0
2011,Løgting,Miðflokkurin,Tal av sætum hjá kvinnum,0.0
2011,Løgting,Miðflokkurin,Tal av sætum,2.0
2012,Løgting,Miðflokkurin,Partur av sætum hjá kvinnum,
2012,Løgting,Miðflokkurin,Tal av sætum hjá kvinnum,
2012,Løgting,Miðflokkurin,Tal av sætum,
2015,Løgting,Miðflokkurin,Partur av sætum hjá kvinnum,0.0
2015,Løgting,Miðflokkurin,Tal av sætum hjá kvinnum,0.0
2015,Løgting,Miðflokkurin,Tal av sætum,2.0
2016,Løgting,Miðflokkurin,Partur av sætum hjá kvinnum,
2016,Løgting,Miðflokkurin,Tal av sætum hjá kvinnum,
2016,Løgting,Miðflokkurin,Tal av sætum,
2019,Løgting,Miðflokkurin,Partur av sætum hjá kvinnum,0.0
2019,Løgting,Miðflokkurin,Tal av sætum hjá kvinnum,0.0
2019,Løgting,Miðflokkurin,Tal av sætum,2.0
2020,Løgting,Miðflokkurin,Partur av sætum hjá kvinnum,
2020,Løgting,Miðflokkurin,Tal av sætum hjá kvinnum,
2020,Løgting,Miðflokkurin,Tal av sætum,
2022,Løgting,Miðflokkurin,Partur av sætum hjá kvinnum,0.0
2022,Løgting,Miðflokkurin,Tal av sætum hjá kvinnum,0.0
2022,Løgting,Miðflokkurin,Tal av sætum,2.0
1984,Løgting,Sambandsflokkurin,Partur av sætum hjá kvinnum,0.0
1984,Løgting,Sambandsflokkurin,Tal av sætum hjá kvinnum,0.0
1984,Løgting,Sambandsflokkurin,Tal av sætum,7.0
1988,Løgting,Sambandsflokkurin,Partur av sætum hjá kvinnum,0.0
1988,Løgting,Sambandsflokkurin,Tal av sætum hjá kvinnum,0.0
1988,Løgting,Sambandsflokkurin,Tal av sætum,7.0
1990,Løgting,Sambandsflokkurin,Partur av sætum hjá kvinnum,16.7
1990,Løgting,Sambandsflokkurin,Tal av sætum hjá kvinnum,1.0
1990,Løgting,Sambandsflokkurin,Tal av sætum,6.0
1992,Løgting,Sambandsflokkurin,Partur av sætum hjá kvinnum,
1992,Løgting,Sambandsflokkurin,Tal av sætum hjá kvinnum,
1992,Løgting,Sambandsflokkurin,Tal av sætum,
1994,Løgting,Sambandsflokkurin,Partur av sætum hjá kvinnum,25.0
1994,Løgting,Sambandsflokkurin,Tal av sætum hjá kvinnum,2.0
1994,Løgting,Sambandsflokkurin,Tal av sætum,8.0
1996,Løgting,Sambandsflokkurin,Partur av sætum hjá kvinnum,
1996,Løgting,Sambandsflokkurin,Tal av sætum hjá kvinnum,
1996,Løgting,Sambandsflokkurin,Tal av sætum,
1998,Løgting,Sambandsflokkurin,Partur av sætum hjá kvinnum,16.7
1998,Løgting,Sambandsflokkurin,Tal av sætum hjá kvinnum,1.0
1998,Løgting,Sambandsflokkurin,Tal av sætum,6.0
2000,Løgting,Sambandsflokkurin,Partur av sætum hjá kvinnum,
2000,Løgting,Sambandsflokkurin,Tal av sætum hjá kvinnum,
2000,Løgting,Sambandsflokkurin,Tal av sætum,
2002,Løgting,Sambandsflokkurin,Partur av sætum hjá kvinnum,12.5
2002,Løgting,Sambandsflokkurin,Tal av sætum hjá kvinnum,1.0
2002,Løgting,Sambandsflokkurin,Tal av sætum,8.0
2004,Løgting,Sambandsflokkurin,Partur av sætum hjá kvinnum,14.3
2004,Løgting,Sambandsflokkurin,Tal av sætum hjá kvinnum,1.0
2004,Løgting,Sambandsflokkurin,Tal av sætum,7.0
2008,Løgting,Sambandsflokkurin,Partur av sætum hjá kvinnum,14.3
2008,Løgting,Sambandsflokkurin,Tal av sætum hjá kvinnum,1.0
2008,Løgting,Sambandsflokkurin,Tal av sætum,7.0
2011,Løgting,Sambandsflokkurin,Partur av sætum hjá kvinnum,25.0
2011,Løgting,Sambandsflokkurin,Tal av sætum hjá kvinnum,2.0
2011,Løgting,Sambandsflokkurin,Tal av sætum,8.0
2012,Løgting,Sambandsflokkurin,Partur av sætum hjá kvinnum,
2012,Løgting,Sambandsflokkurin,Tal av sætum hjá kvinnum,
2012,Løgting,Sambandsflokkurin,Tal av sætum,
2015,Løgting,Sambandsflokkurin,Partur av sætum hjá kvinnum,0.0
2015,Løgting,Sambandsflokkurin,Tal av sætum hjá kvinnum,0.0
2015,Løgting,Sambandsflokkurin,Tal av sætum,6.0
2016,Løgting,Sambandsflokkurin,Partur av sætum hjá kvinnum,
2016,Løgting,Sambandsflokkurin,Tal av sætum hjá kvinnum,
2016,Løgting,Sambandsflokkurin,Tal av sætum,
2019,Løgting,Sambandsflokkurin,Partur av sætum hjá kvinnum,14.3
2019,Løgting,Sambandsflokkurin,Tal av sætum hjá kvinnum,1.0
2019,Løgting,Sambandsflokkurin,Tal av sætum,7.0
2020,Løgting,Sambandsflokkurin,Partur av sætum hjá kvinnum,
2020,Løgting,Sambandsflokkurin,Tal av sætum hjá kvinnum,
2020,Løgting,Sambandsflokkurin,Tal av sætum,
2022,Løgting,Sambandsflokkurin,Partur av sætum hjá kvinnum,14.3
2022,Løgting,Sambandsflokkurin,Tal av sætum hjá kvinnum,1.0
2022,Løgting,Sambandsflokkurin,Tal av sætum,7.0
1984,Løgting,Sjálvstýri,Partur av sætum hjá kvinnum,0.0
1984,Løgting,Sjálvstýri,Tal av sætum hjá kvinnum,0.0
1984,Løgting,Sjálvstýri,Tal av sætum,2.0
1988,Løgting,Sjálvstýri,Partur av sætum hjá kvinnum,0.0
1988,Løgting,Sjálvstýri,Tal av sætum hjá kvinnum,0.0
1988,Løgting,Sjálvstýri,Tal av sætum,2.0
1990,Løgting,Sjálvstýri,Partur av sætum hjá kvinnum,33.3
1990,Løgting,Sjálvstýri,Tal av sætum hjá kvinnum,1.0
1990,Løgting,Sjálvstýri,Tal av sætum,3.0
1992,Løgting,Sjálvstýri,Partur av sætum hjá kvinnum,
1992,Løgting,Sjálvstýri,Tal av sætum hjá kvinnum,
1992,Løgting,Sjálvstýri,Tal av sætum,
1994,Løgting,Sjálvstýri,Partur av sætum hjá kvinnum,50.0
1994,Løgting,Sjálvstýri,Tal av sætum hjá kvinnum,1.0
1994,Løgting,Sjálvstýri,Tal av sætum,2.0
1996,Løgting,Sjálvstýri,Partur av sætum hjá kvinnum,
1996,Løgting,Sjálvstýri,Tal av sætum hjá kvinnum,
1996,Løgting,Sjálvstýri,Tal av sætum,
1998,Løgting,Sjálvstýri,Partur av sætum hjá kvinnum,50.0
1998,Løgting,Sjálvstýri,Tal av sætum hjá kvinnum,1.0
1998,Løgting,Sjálvstýri,Tal av sætum,2.0
2000,Løgting,Sjálvstýri,Partur av sætum hjá kvinnum,
2000,Løgting,Sjálvstýri,Tal av sætum hjá kvinnum,
2000,Løgting,Sjálvstýri,Tal av sætum,
2002,Løgting,Sjálvstýri,Partur av sætum hjá kvinnum,0.0
2002,Løgting,Sjálvstýri,Tal av sætum hjá kvinnum,0.0
2002,Løgting,Sjálvstýri,Tal av sætum,1.0
2004,Løgting,Sjálvstýri,Partur av sætum hjá kvinnum,0.0
2004,Løgting,Sjálvstýri,Tal av sætum hjá kvinnum,0.0
2004,Løgting,Sjálvstýri,Tal av sætum,1.0
2008,Løgting,Sjálvstýri,Partur av sætum hjá kvinnum,0.0
2008,Løgting,Sjálvstýri,Tal av sætum hjá kvinnum,0.0
2008,Løgting,Sjálvstýri,Tal av sætum,2.0
2011,Løgting,Sjálvstýri,Partur av sætum hjá kvinnum,0.0
2011,Løgting,Sjálvstýri,Tal av sætum hjá kvinnum,0.0
2011,Løgting,Sjálvstýri,Tal av sætum,1.0
2012,Løgting,Sjálvstýri,Partur av sætum hjá kvinnum,
2012,Løgting,Sjálvstýri,Tal av sætum hjá kvinnum,
2012,Løgting,Sjálvstýri,Tal av sætum,
2015,Løgting,Sjálvstýri,Partur av sætum hjá kvinnum,0.0
2015,Løgting,Sjálvstýri,Tal av sætum hjá kvinnum,0.0
2015,Løgting,Sjálvstýri,Tal av sætum,2.0
2016,Løgting,Sjálvstýri,Partur av sætum hjá kvinnum,
2016,Løgting,Sjálvstýri,Tal av sætum hjá kvinnum,
2016,Løgting,Sjálvstýri,Tal av sætum,
2019,Løgting,Sjálvstýri,Partur av sætum hjá kvinnum,0.0
2019,Løgting,Sjálvstýri,Tal av sætum hjá kvinnum,0.0
2019,Løgting,Sjálvstýri,Tal av sætum,1.0
2020,Løgting,Sjálvstýri,Partur av sætum hjá kvinnum,
2020,Løgting,Sjálvstýri,Tal av sætum hjá kvinnum,
2020,Løgting,Sjálvstýri,Tal av sætum,
2022,Løgting,Sjálvstýri,Partur av sætum hjá kvinnum,
2022,Løgting,Sjálvstýri,Tal av sætum hjá kvinnum,
2022,Løgting,Sjálvstýri,Tal av sætum,
1984,Løgting,Tjóðveldi,Partur av sætum hjá kvinnum,16.7
1984,Løgting,Tjóðveldi,Tal av sætum hjá kvinnum,1.0
1984,Løgting,Tjóðveldi,Tal av sætum,6.0
1988,Løgting,Tjóðveldi,Partur av sætum hjá kvinnum,33.3
1988,Løgting,Tjóðveldi,Tal av sætum hjá kvinnum,2.0
1988,Løgting,Tjóðveldi,Tal av sætum,6.0
1990,Løgting,Tjóðveldi,Partur av sætum hjá kvinnum,0.0
1990,Løgting,Tjóðveldi,Tal av sætum hjá kvinnum,0.0
1990,Løgting,Tjóðveldi,Tal av sætum,4.0
1992,Løgting,Tjóðveldi,Partur av sætum hjá kvinnum,
1992,Løgting,Tjóðveldi,Tal av sætum hjá kvinnum,
1992,Løgting,Tjóðveldi,Tal av sætum,
1994,Løgting,Tjóðveldi,Partur av sætum hjá kvinnum,0.0
1994,Løgting,Tjóðveldi,Tal av sætum hjá kvinnum,0.0
1994,Løgting,Tjóðveldi,Tal av sætum,4.0
1996,Løgting,Tjóðveldi,Partur av sætum hjá kvinnum,
1996,Løgting,Tjóðveldi,Tal av sætum hjá kvinnum,
1996,Løgting,Tjóðveldi,Tal av sætum,
1998,Løgting,Tjóðveldi,Partur av sætum hjá kvinnum,12.5
1998,Løgting,Tjóðveldi,Tal av sætum hjá kvinnum,1.0
1998,Løgting,Tjóðveldi,Tal av sætum,8.0
2000,Løgting,Tjóðveldi,Partur av sætum hjá kvinnum,
2000,Løgting,Tjóðveldi,Tal av sætum hjá kvinnum,
2000,Løgting,Tjóðveldi,Tal av sætum,
2002,Løgting,Tjóðveldi,Partur av sætum hjá kvinnum,25.0
2002,Løgting,Tjóðveldi,Tal av sætum hjá kvinnum,2.0
2002,Løgting,Tjóðveldi,Tal av sætum,8.0
2004,Løgting,Tjóðveldi,Partur av sætum hjá kvinnum,25.0
2004,Løgting,Tjóðveldi,Tal av sætum hjá kvinnum,2.0
2004,Løgting,Tjóðveldi,Tal av sætum,8.0
2008,Løgting,Tjóðveldi,Partur av sætum hjá kvinnum,37.5
2008,Løgting,Tjóðveldi,Tal av sætum hjá kvinnum,3.0
2008,Løgting,Tjóðveldi,Tal av sætum,8.0
2011,Løgting,Tjóðveldi,Partur av sætum hjá kvinnum,66.7
2011,Løgting,Tjóðveldi,Tal av sætum hjá kvinnum,4.0
2011,Løgting,Tjóðveldi,Tal av sætum,6.0
2012,Løgting,Tjóðveldi,Partur av sætum hjá kvinnum,
2012,Løgting,Tjóðveldi,Tal av sætum hjá kvinnum,
2012,Løgting,Tjóðveldi,Tal av sætum,
2015,Løgting,Tjóðveldi,Partur av sætum hjá kvinnum,57.1
2015,Løgting,Tjóðveldi,Tal av sætum hjá kvinnum,4.0
2015,Løgting,Tjóðveldi,Tal av sætum,7.0
2016,Løgting,Tjóðveldi,Partur av sætum hjá kvinnum,
2016,Løgting,Tjóðveldi,Tal av sætum hjá kvinnum,
2016,Løgting,Tjóðveldi,Tal av sætum,
2019,Løgting,Tjóðveldi,Partur av sætum hjá kvinnum,83.3
2019,Løgting,Tjóðveldi,Tal av sætum hjá kvinnum,5.0
2019,Løgting,Tjóðveldi,Tal av sætum,6.0
2020,Løgting,Tjóðveldi,Partur av sætum hjá kvinnum,
2020,Løgting,Tjóðveldi,Tal av sætum hjá kvinnum,
2020,Løgting,Tjóðveldi,Tal av sætum,
2022,Løgting,Tjóðveldi,Partur av sætum hjá kvinnum,66.7
2022,Løgting,Tjóðveldi,Tal av sætum hjá kvinnum,4.0
2022,Løgting,Tjóðveldi,Tal av sætum,6.0
1984,Løgting,Verkamannafylkingin,Partur av sætum hjá kvinnum,
1984,Løgting,Verkamannafylkingin,Tal av sætum hjá kvinnum,
1984,Løgting,Verkamannafylkingin,Tal av sætum,
1988,Løgting,Verkamannafylkingin,Partur av sætum hjá kvinnum,
1988,Løgting,Verkamannafylkingin,Tal av sætum hjá kvinnum,
1988,Løgting,Verkamannafylkingin,Tal av sætum,
1990,Løgting,Verkamannafylkingin,Partur av sætum hjá kvinnum,
1990,Løgting,Verkamannafylkingin,Tal av sætum hjá kvinnum,
1990,Løgting,Verkamannafylkingin,Tal av sætum,
1992,Løgting,Verkamannafylkingin,Partur av sætum hjá kvinnum,
1992,Løgting,Verkamannafylkingin,Tal av sætum hjá kvinnum,
1992,Løgting,Verkamannafylkingin,Tal av sætum,
1994,Løgting,Verkamannafylkingin,Partur av sætum hjá kvinnum,33.3
1994,Løgting,Verkamannafylkingin,Tal av sætum hjá kvinnum,1.0
1994,Løgting,Verkamannafylkingin,Tal av sætum,3.0
1996,Løgting,Verkamannafylkingin,Partur av sætum hjá kvinnum,
1996,Løgting,Verkamannafylkingin,Tal av sætum hjá kvinnum,
1996,Løgting,Verkamannafylkingin,Tal av sætum,
1998,Løgting,Verkamannafylkingin,Partur av sætum hjá kvinnum,
1998,Løgting,Verkamannafylkingin,Tal av sætum hjá kvinnum,
1998,Løgting,Verkamannafylkingin,Tal av sætum,
2000,Løgting,Verkamannafylkingin,Partur av sætum hjá kvinnum,
2000,Løgting,Verkamannafylkingin,Tal av sætum hjá kvinnum,
2000,Løgting,Verkamannafylkingin,Tal av sætum,
2002,Løgting,Verkamannafylkingin,Partur av sætum hjá kvinnum,
2002,Løgting,Verkamannafylkingin,Tal av sætum hjá kvinnum,
2002,Løgting,Verkamannafylkingin,Tal av sætum,
2004,Løgting,Verkamannafylkingin,Partur av sætum hjá kvinnum,
2004,Løgting,Verkamannafylkingin,Tal av sætum hjá kvinnum,
2004,Løgting,Verkamannafylkingin,Tal av sætum,
2008,Løgting,Verkamannafylkingin,Partur av sætum hjá kvinnum,
2008,Løgting,Verkamannafylkingin,Tal av sætum hjá kvinnum,
2008,Løgting,Verkamannafylkingin,Tal av sætum,
2011,Løgting,Verkamannafylkingin,Partur av sætum hjá kvinnum,
2011,Løgting,Verkamannafylkingin,Tal av sætum hjá kvinnum,
2011,Løgting,Verkamannafylkingin,Tal av sætum,
2012,Løgting,Verkamannafylkingin,Partur av sætum hjá kvinnum,
2012,Løgting,Verkamannafylkingin,Tal av sætum hjá kvinnum,
2012,Løgting,Verkamannafylkingin,Tal av sætum,
2015,Løgting,Verkamannafylkingin,Partur av sætum hjá kvinnum,
2015,Løgting,Verkamannafylkingin,Tal av sætum hjá kvinnum,
2015,Løgting,Verkamannafylkingin,Tal av sætum,
2016,Løgting,Verkamannafylkingin,Partur av sætum hjá kvinnum,
2016,Løgting,Verkamannafylkingin,Tal av sætum hjá kvinnum,
2016,Løgting,Verkamannafylkingin,Tal av sætum,
2019,Løgting,Verkamannafylkingin,Partur av sætum hjá kvinnum,
2019,Løgting,Verkamannafylkingin,Tal av sætum hjá kvinnum,
2019,Løgting,Verkamannafylkingin,Tal av sætum,
2020,Løgting,Verkamannafylkingin,Partur av sætum hjá kvinnum,
2020,Løgting,Verkamannafylkingin,Tal av sætum hjá kvinnum,
2020,Løgting,Verkamannafylkingin,Tal av sætum,
2022,Løgting,Verkamannafylkingin,Partur av sætum hjá kvinnum,
2022,Løgting,Verkamannafylkingin,Tal av sætum hjá kvinnum,
2022,Løgting,Verkamannafylkingin,Tal av sætum,
1984,Løgting,Allar kommunur,Partur av sætum hjá kvinnum,
1984,Løgting,Allar kommunur,Tal av sætum hjá kvinnum,
1984,Løgting,Allar kommunur,Tal av sætum,
1988,Løgting,Allar kommunur,Partur av sætum hjá kvinnum,
1988,Løgting,Allar kommunur,Tal av sætum hjá kvinnum,
1988,Løgting,Allar kommunur,Tal av sætum,
1990,Løgting,Allar kommunur,Partur av sætum hjá kvinnum,
1990,Løgting,Allar kommunur,Tal av sætum hjá kvinnum,
1990,Løgting,Allar kommunur,Tal av sætum,
1992,Løgting,Allar kommunur,Partur av sætum hjá kvinnum,
1992,Løgting,Allar kommunur,Tal av sætum hjá kvinnum,
1992,Løgting,Allar kommunur,Tal av sætum,
1994,Løgting,Allar kommunur,Partur av sætum hjá kvinnum,
1994,Løgting,Allar kommunur,Tal av sætum hjá kvinnum,
1994,Løgting,Allar kommunur,Tal av sætum,
1996,Løgting,Allar kommunur,Partur av sætum hjá kvinnum,
1996,Løgting,Allar kommunur,Tal av sætum hjá kvinnum,
1996,Løgting,Allar kommunur,Tal av sætum,
1998,Løgting,Allar kommunur,Partur av sætum hjá kvinnum,
1998,Løgting,Allar kommunur,Tal av sætum hjá kvinnum,
1998,Løgting,Allar kommunur,Tal av sætum,
2000,Løgting,Allar kommunur,Partur av sætum hjá kvinnum,
2000,Løgting,Allar kommunur,Tal av sætum hjá kvinnum,
2000,Løgting,Allar kommunur,Tal av sætum,
2002,Løgting,Allar kommunur,Partur av sætum hjá kvinnum,
2002,Løgting,Allar kommunur,Tal av sætum hjá kvinnum,
2002,Løgting,Allar kommunur,Tal av sætum,
2004,Løgting,Allar kommunur,Partur av sætum hjá kvinnum,
2004,Løgting,Allar kommunur,Tal av sætum hjá kvinnum,
2004,Løgting,Allar kommunur,Tal av sætum,
2008,Løgting,Allar kommunur,Partur av sætum hjá kvinnum,
2008,Løgting,Allar kommunur,Tal av sætum hjá kvinnum,
2008,Løgting,Allar kommunur,Tal av sætum,
2011,Løgting,Allar kommunur,Partur av sætum hjá kvinnum,
2011,Løgting,Allar kommunur,Tal av sætum hjá kvinnum,
2011,Løgting,Allar kommunur,Tal av sætum,
2012,Løgting,Allar kommunur,Partur av sætum hjá kvinnum,
2012,Løgting,Allar kommunur,Tal av sætum hjá kvinnum,
2012,Løgting,Allar kommunur,Tal av sætum,
2015,Løgting,Allar kommunur,Partur av sætum hjá kvinnum,
2015,Løgting,Allar kommunur,Tal av sætum hjá kvinnum,
2015,Løgting,Allar kommunur,Tal av sætum,
2016,Løgting,Allar kommunur,Partur av sætum hjá kvinnum,
2016,Løgting,Allar kommunur,Tal av sætum hjá kvinnum,
2016,Løgting,Allar kommunur,Tal av sætum,
2019,Løgting,Allar kommunur,Partur av sætum hjá kvinnum,
2019,Løgting,Allar kommunur,Tal av sætum hjá kvinnum,
2019,Løgting,Allar kommunur,Tal av sætum,
2020,Løgting,Allar kommunur,Partur av sætum hjá kvinnum,
2020,Løgting,Allar kommunur,Tal av sætum hjá kvinnum,
2020,Løgting,Allar kommunur,Tal av sætum,
2022,Løgting,Allar kommunur,Partur av sætum hjá kvinnum,
2022,Løgting,Allar kommunur,Tal av sætum hjá kvinnum,
2022,Løgting,Allar kommunur,Tal av sætum,
1984,Løgting,Argja kommuna,Partur av sætum hjá kvinnum,
1984,Løgting,Argja kommuna,Tal av sætum hjá kvinnum,
1984,Løgting,Argja kommuna,Tal av sætum,
1988,Løgting,Argja kommuna,Partur av sætum hjá kvinnum,
1988,Løgting,Argja kommuna,Tal av sætum hjá kvinnum,
1988,Løgting,Argja kommuna,Tal av sætum,
1990,Løgting,Argja kommuna,Partur av sætum hjá kvinnum,
1990,Løgting,Argja kommuna,Tal av sætum hjá kvinnum,
1990,Løgting,Argja kommuna,Tal av sætum,
1992,Løgting,Argja kommuna,Partur av sætum hjá kvinnum,
1992,Løgting,Argja kommuna,Tal av sætum hjá kvinnum,
1992,Løgting,Argja kommuna,Tal av sætum,
1994,Løgting,Argja kommuna,Partur av sætum hjá kvinnum,
1994,Løgting,Argja kommuna,Tal av sætum hjá kvinnum,
1994,Løgting,Argja kommuna,Tal av sætum,
1996,Løgting,Argja kommuna,Partur av sætum hjá kvinnum,
1996,Løgting,Argja kommuna,Tal av sætum hjá kvinnum,
1996,Løgting,Argja kommuna,Tal av sætum,
1998,Løgting,Argja kommuna,Partur av sætum hjá kvinnum,
1998,Løgting,Argja kommuna,Tal av sætum hjá kvinnum,
1998,Løgting,Argja kommuna,Tal av sætum,
2000,Løgting,Argja kommuna,Partur av sætum hjá kvinnum,
2000,Løgting,Argja kommuna,Tal av sætum hjá kvinnum,
2000,Løgting,Argja kommuna,Tal av sætum,
2002,Løgting,Argja kommuna,Partur av sætum hjá kvinnum,
2002,Løgting,Argja kommuna,Tal av sætum hjá kvinnum,
2002,Løgting,Argja kommuna,Tal av sætum,
2004,Løgting,Argja kommuna,Partur av sætum hjá kvinnum,
2004,Løgting,Argja kommuna,Tal av sætum hjá kvinnum,
2004,Løgting,Argja kommuna,Tal av sætum,
2008,Løgting,Argja kommuna,Partur av sætum hjá kvinnum,
2008,Løgting,Argja kommuna,Tal av sætum hjá kvinnum,
2008,Løgting,Argja kommuna,Tal av sætum,
2011,Løgting,Argja kommuna,Partur av sætum hjá kvinnum,
2011,Løgting,Argja kommuna,Tal av sætum hjá kvinnum,
2011,Løgting,Argja kommuna,Tal av sætum,
2012,Løgting,Argja kommuna,Partur av sætum hjá kvinnum,
2012,Løgting,Argja kommuna,Tal av sætum hjá kvinnum,
2012,Løgting,Argja kommuna,Tal av sætum,
2015,Løgting,Argja kommuna,Partur av sætum hjá kvinnum,
2015,Løgting,Argja kommuna,Tal av sætum hjá kvinnum,
2015,Løgting,Argja kommuna,Tal av sætum,
2016,Løgting,Argja kommuna,Partur av sætum hjá kvinnum,
2016,Løgting,Argja kommuna,Tal av sætum hjá kvinnum,
2016,Løgting,Argja kommuna,Tal av sætum,
2019,Løgting,Argja kommuna,Partur av sætum hjá kvinnum,
2019,Løgting,Argja kommuna,Tal av sætum hjá kvinnum,
2019,Løgting,Argja kommuna,Tal av sætum,
2020,Løgting,Argja kommuna,Partur av sætum hjá kvinnum,
2020,Løgting,Argja kommuna,Tal av sætum hjá kvinnum,
2020,Løgting,Argja kommuna,Tal av sætum,
2022,Løgting,Argja kommuna,Partur av sætum hjá kvinnum,
2022,Løgting,Argja kommuna,Tal av sætum hjá kvinnum,
2022,Løgting,Argja kommuna,Tal av sætum,
1984,Løgting,Bíggjar kommuna,Partur av sætum hjá kvinnum,
1984,Løgting,Bíggjar kommuna,Tal av sætum hjá kvinnum,
1984,Løgting,Bíggjar kommuna,Tal av sætum,
1988,Løgting,Bíggjar kommuna,Partur av sætum hjá kvinnum,
1988,Løgting,Bíggjar kommuna,Tal av sætum hjá kvinnum,
1988,Løgting,Bíggjar kommuna,Tal av sætum,
1990,Løgting,Bíggjar kommuna,Partur av sætum hjá kvinnum,
1990,Løgting,Bíggjar kommuna,Tal av sætum hjá kvinnum,
1990,Løgting,Bíggjar kommuna,Tal av sætum,
1992,Løgting,Bíggjar kommuna,Partur av sætum hjá kvinnum,
1992,Løgting,Bíggjar kommuna,Tal av sætum hjá kvinnum,
1992,Løgting,Bíggjar kommuna,Tal av sætum,
1994,Løgting,Bíggjar kommuna,Partur av sætum hjá kvinnum,
1994,Løgting,Bíggjar kommuna,Tal av sætum hjá kvinnum,
1994,Løgting,Bíggjar kommuna,Tal av sætum,
1996,Løgting,Bíggjar kommuna,Partur av sætum hjá kvinnum,
1996,Løgting,Bíggjar kommuna,Tal av sætum hjá kvinnum,
1996,Løgting,Bíggjar kommuna,Tal av sætum,
1998,Løgting,Bíggjar kommuna,Partur av sætum hjá kvinnum,
1998,Løgting,Bíggjar kommuna,Tal av sætum hjá kvinnum,
1998,Løgting,Bíggjar kommuna,Tal av sætum,
2000,Løgting,Bíggjar kommuna,Partur av sætum hjá kvinnum,
2000,Løgting,Bíggjar kommuna,Tal av sætum hjá kvinnum,
2000,Løgting,Bíggjar kommuna,Tal av sætum,
2002,Løgting,Bíggjar kommuna,Partur av sætum hjá kvinnum,
2002,Løgting,Bíggjar kommuna,Tal av sætum hjá kvinnum,
2002,Løgting,Bíggjar kommuna,Tal av sætum,
2004,Løgting,Bíggjar kommuna,Partur av sætum hjá kvinnum,
2004,Løgting,Bíggjar kommuna,Tal av sætum hjá kvinnum,
2004,Løgting,Bíggjar kommuna,Tal av sætum,
2008,Løgting,Bíggjar kommuna,Partur av sætum hjá kvinnum,
2008,Løgting,Bíggjar kommuna,Tal av sætum hjá kvinnum,
2008,Løgting,Bíggjar kommuna,Tal av sætum,
2011,Løgting,Bíggjar kommuna,Partur av sætum hjá kvinnum,
2011,Løgting,Bíggjar kommuna,Tal av sætum hjá kvinnum,
2011,Løgting,Bíggjar kommuna,Tal av sætum,
2012,Løgting,Bíggjar kommuna,Partur av sætum hjá kvinnum,
2012,Løgting,Bíggjar kommuna,Tal av sætum hjá kvinnum,
2012,Løgting,Bíggjar kommuna,Tal av sætum,
2015,Løgting,Bíggjar kommuna,Partur av sætum hjá kvinnum,
2015,Løgting,Bíggjar kommuna,Tal av sætum hjá kvinnum,
2015,Løgting,Bíggjar kommuna,Tal av sætum,
2016,Løgting,Bíggjar kommuna,Partur av sætum hjá kvinnum,
2016,Løgting,Bíggjar kommuna,Tal av sætum hjá kvinnum,
2016,Løgting,Bíggjar kommuna,Tal av sætum,
2019,Løgting,Bíggjar kommuna,Partur av sætum hjá kvinnum,
2019,Løgting,Bíggjar kommuna,Tal av sætum hjá kvinnum,
2019,Løgting,Bíggjar kommuna,Tal av sætum,
2020,Løgting,Bíggjar kommuna,Partur av sætum hjá kvinnum,
2020,Løgting,Bíggjar kommuna,Tal av sætum hjá kvinnum,
2020,Løgting,Bíggjar kommuna,Tal av sætum,
2022,Løgting,Bíggjar kommuna,Partur av sætum hjá kvinnum,
2022,Løgting,Bíggjar kommuna,Tal av sætum hjá kvinnum,
2022,Løgting,Bíggjar kommuna,Tal av sætum,
1984,Løgting,Eiðis kommuna,Partur av sætum hjá kvinnum,
1984,Løgting,Eiðis kommuna,Tal av sætum hjá kvinnum,
1984,Løgting,Eiðis kommuna,Tal av sætum,
1988,Løgting,Eiðis kommuna,Partur av sætum hjá kvinnum,
1988,Løgting,Eiðis kommuna,Tal av sætum hjá kvinnum,
1988,Løgting,Eiðis kommuna,Tal av sætum,
1990,Løgting,Eiðis kommuna,Partur av sætum hjá kvinnum,
1990,Løgting,Eiðis kommuna,Tal av sætum hjá kvinnum,
1990,Løgting,Eiðis kommuna,Tal av sætum,
1992,Løgting,Eiðis kommuna,Partur av sætum hjá kvinnum,
1992,Løgting,Eiðis kommuna,Tal av sætum hjá kvinnum,
1992,Løgting,Eiðis kommuna,Tal av sætum,
1994,Løgting,Eiðis kommuna,Partur av sætum hjá kvinnum,
1994,Løgting,Eiðis kommuna,Tal av sætum hjá kvinnum,
1994,Løgting,Eiðis kommuna,Tal av sætum,
1996,Løgting,Eiðis kommuna,Partur av sætum hjá kvinnum,
1996,Løgting,Eiðis kommuna,Tal av sætum hjá kvinnum,
1996,Løgting,Eiðis kommuna,Tal av sætum,
1998,Løgting,Eiðis kommuna,Partur av sætum hjá kvinnum,
1998,Løgting,Eiðis kommuna,Tal av sætum hjá kvinnum,
1998,Løgting,Eiðis kommuna,Tal av sætum,
2000,Løgting,Eiðis kommuna,Partur av sætum hjá kvinnum,
2000,Løgting,Eiðis kommuna,Tal av sætum hjá kvinnum,
2000,Løgting,Eiðis kommuna,Tal av sætum,
2002,Løgting,Eiðis kommuna,Partur av sætum hjá kvinnum,
2002,Løgting,Eiðis kommuna,Tal av sætum hjá kvinnum,
2002,Løgting,Eiðis kommuna,Tal av sætum,
2004,Løgting,Eiðis kommuna,Partur av sætum hjá kvinnum,
2004,Løgting,Eiðis kommuna,Tal av sætum hjá kvinnum,
2004,Løgting,Eiðis kommuna,Tal av sætum,
2008,Løgting,Eiðis kommuna,Partur av sætum hjá kvinnum,
2008,Løgting,Eiðis kommuna,Tal av sætum hjá kvinnum,
2008,Løgting,Eiðis kommuna,Tal av sætum,
2011,Løgting,Eiðis kommuna,Partur av sætum hjá kvinnum,
2011,Løgting,Eiðis kommuna,Tal av sætum hjá kvinnum,
2011,Løgting,Eiðis kommuna,Tal av sætum,
2012,Løgting,Eiðis kommuna,Partur av sætum hjá kvinnum,
2012,Løgting,Eiðis kommuna,Tal av sætum hjá kvinnum,
2012,Løgting,Eiðis kommuna,Tal av sætum,
2015,Løgting,Eiðis kommuna,Partur av sætum hjá kvinnum,
2015,Løgting,Eiðis kommuna,Tal av sætum hjá kvinnum,
2015,Løgting,Eiðis kommuna,Tal av sætum,
2016,Løgting,Eiðis kommuna,Partur av sætum hjá kvinnum,
2016,Løgting,Eiðis kommuna,Tal av sætum hjá kvinnum,
2016,Løgting,Eiðis kommuna,Tal av sætum,
2019,Løgting,Eiðis kommuna,Partur av sætum hjá kvinnum,
2019,Løgting,Eiðis kommuna,Tal av sætum hjá kvinnum,
2019,Løgting,Eiðis kommuna,Tal av sætum,
2020,Løgting,Eiðis kommuna,Partur av sætum hjá kvinnum,
2020,Løgting,Eiðis kommuna,Tal av sætum hjá kvinnum,
2020,Løgting,Eiðis kommuna,Tal av sætum,
2022,Løgting,Eiðis kommuna,Partur av sætum hjá kvinnum,
2022,Løgting,Eiðis kommuna,Tal av sætum hjá kvinnum,
2022,Løgting,Eiðis kommuna,Tal av sætum,
1984,Løgting,Elduvíkar kommuna,Partur av sætum hjá kvinnum,
1984,Løgting,Elduvíkar kommuna,Tal av sætum hjá kvinnum,
1984,Løgting,Elduvíkar kommuna,Tal av sætum,
1988,Løgting,Elduvíkar kommuna,Partur av sætum hjá kvinnum,
1988,Løgting,Elduvíkar kommuna,Tal av sætum hjá kvinnum,
1988,Løgting,Elduvíkar kommuna,Tal av sætum,
1990,Løgting,Elduvíkar kommuna,Partur av sætum hjá kvinnum,
1990,Løgting,Elduvíkar kommuna,Tal av sætum hjá kvinnum,
1990,Løgting,Elduvíkar kommuna,Tal av sætum,
1992,Løgting,Elduvíkar kommuna,Partur av sætum hjá kvinnum,
1992,Løgting,Elduvíkar kommuna,Tal av sætum hjá kvinnum,
1992,Løgting,Elduvíkar kommuna,Tal av sætum,
1994,Løgting,Elduvíkar kommuna,Partur av sætum hjá kvinnum,
1994,Løgting,Elduvíkar kommuna,Tal av sætum hjá kvinnum,
1994,Løgting,Elduvíkar kommuna,Tal av sætum,
1996,Løgting,Elduvíkar kommuna,Partur av sætum hjá kvinnum,
1996,Løgting,Elduvíkar kommuna,Tal av sætum hjá kvinnum,
1996,Løgting,Elduvíkar kommuna,Tal av sætum,
1998,Løgting,Elduvíkar kommuna,Partur av sætum hjá kvinnum,
1998,Løgting,Elduvíkar kommuna,Tal av sætum hjá kvinnum,
1998,Løgting,Elduvíkar kommuna,Tal av sætum,
2000,Løgting,Elduvíkar kommuna,Partur av sætum hjá kvinnum,
2000,Løgting,Elduvíkar kommuna,Tal av sætum hjá kvinnum,
2000,Løgting,Elduvíkar kommuna,Tal av sætum,
2002,Løgting,Elduvíkar kommuna,Partur av sætum hjá kvinnum,
2002,Løgting,Elduvíkar kommuna,Tal av sætum hjá kvinnum,
2002,Løgting,Elduvíkar kommuna,Tal av sætum,
2004,Løgting,Elduvíkar kommuna,Partur av sætum hjá kvinnum,
2004,Løgting,Elduvíkar kommuna,Tal av sætum hjá kvinnum,
2004,Løgting,Elduvíkar kommuna,Tal av sætum,
2008,Løgting,Elduvíkar kommuna,Partur av sætum hjá kvinnum,
2008,Løgting,Elduvíkar kommuna,Tal av sætum hjá kvinnum,
2008,Løgting,Elduvíkar kommuna,Tal av sætum,
2011,Løgting,Elduvíkar kommuna,Partur av sætum hjá kvinnum,
2011,Løgting,Elduvíkar kommuna,Tal av sætum hjá kvinnum,
2011,Løgting,Elduvíkar kommuna,Tal av sætum,
2012,Løgting,Elduvíkar kommuna,Partur av sætum hjá kvinnum,
2012,Løgting,Elduvíkar kommuna,Tal av sætum hjá kvinnum,
2012,Løgting,Elduvíkar kommuna,Tal av sætum,
2015,Løgting,Elduvíkar kommuna,Partur av sætum hjá kvinnum,
2015,Løgting,Elduvíkar kommuna,Tal av sætum hjá kvinnum,
2015,Løgting,Elduvíkar kommuna,Tal av sætum,
2016,Løgting,Elduvíkar kommuna,Partur av sætum hjá kvinnum,
2016,Løgting,Elduvíkar kommuna,Tal av sætum hjá kvinnum,
2016,Løgting,Elduvíkar kommuna,Tal av sætum,
2019,Løgting,Elduvíkar kommuna,Partur av sætum hjá kvinnum,
2019,Løgting,Elduvíkar kommuna,Tal av sætum hjá kvinnum,
2019,Løgting,Elduvíkar kommuna,Tal av sætum,
2020,Løgting,Elduvíkar kommuna,Partur av sætum hjá kvinnum,
2020,Løgting,Elduvíkar kommuna,Tal av sætum hjá kvinnum,
2020,Løgting,Elduvíkar kommuna,Tal av sætum,
2022,Løgting,Elduvíkar kommuna,Partur av sætum hjá kvinnum,
2022,Løgting,Elduvíkar kommuna,Tal av sætum hjá kvinnum,
2022,Løgting,Elduvíkar kommuna,Tal av sætum,
1984,Løgting,Eysturkommuna,Partur av sætum hjá kvinnum,
1984,Løgting,Eysturkommuna,Tal av sætum hjá kvinnum,
1984,Løgting,Eysturkommuna,Tal av sætum,
1988,Løgting,Eysturkommuna,Partur av sætum hjá kvinnum,
1988,Løgting,Eysturkommuna,Tal av sætum hjá kvinnum,
1988,Løgting,Eysturkommuna,Tal av sætum,
1990,Løgting,Eysturkommuna,Partur av sætum hjá kvinnum,
1990,Løgting,Eysturkommuna,Tal av sætum hjá kvinnum,
1990,Løgting,Eysturkommuna,Tal av sætum,
1992,Løgting,Eysturkommuna,Partur av sætum hjá kvinnum,
1992,Løgting,Eysturkommuna,Tal av sætum hjá kvinnum,
1992,Løgting,Eysturkommuna,Tal av sætum,
1994,Løgting,Eysturkommuna,Partur av sætum hjá kvinnum,
1994,Løgting,Eysturkommuna,Tal av sætum hjá kvinnum,
1994,Løgting,Eysturkommuna,Tal av sætum,
1996,Løgting,Eysturkommuna,Partur av sætum hjá kvinnum,
1996,Løgting,Eysturkommuna,Tal av sætum hjá kvinnum,
1996,Løgting,Eysturkommuna,Tal av sætum,
1998,Løgting,Eysturkommuna,Partur av sætum hjá kvinnum,
1998,Løgting,Eysturkommuna,Tal av sætum hjá kvinnum,
1998,Løgting,Eysturkommuna,Tal av sætum,
2000,Løgting,Eysturkommuna,Partur av sætum hjá kvinnum,
2000,Løgting,Eysturkommuna,Tal av sætum hjá kvinnum,
2000,Løgting,Eysturkommuna,Tal av sætum,
2002,Løgting,Eysturkommuna,Partur av sætum hjá kvinnum,
2002,Løgting,Eysturkommuna,Tal av sætum hjá kvinnum,
2002,Løgting,Eysturkommuna,Tal av sætum,
2004,Løgting,Eysturkommuna,Partur av sætum hjá kvinnum,
2004,Løgting,Eysturkommuna,Tal av sætum hjá kvinnum,
2004,Løgting,Eysturkommuna,Tal av sætum,
2008,Løgting,Eysturkommuna,Partur av sætum hjá kvinnum,
2008,Løgting,Eysturkommuna,Tal av sætum hjá kvinnum,
2008,Løgting,Eysturkommuna,Tal av sætum,
2011,Løgting,Eysturkommuna,Partur av sætum hjá kvinnum,
2011,Løgting,Eysturkommuna,Tal av sætum hjá kvinnum,
2011,Løgting,Eysturkommuna,Tal av sætum,
2012,Løgting,Eysturkommuna,Partur av sætum hjá kvinnum,
2012,Løgting,Eysturkommuna,Tal av sætum hjá kvinnum,
2012,Løgting,Eysturkommuna,Tal av sætum,
2015,Løgting,Eysturkommuna,Partur av sætum hjá kvinnum,
2015,Løgting,Eysturkommuna,Tal av sætum hjá kvinnum,
2015,Løgting,Eysturkommuna,Tal av sætum,
2016,Løgting,Eysturkommuna,Partur av sætum hjá kvinnum,
2016,Løgting,Eysturkommuna,Tal av sætum hjá kvinnum,
2016,Løgting,Eysturkommuna,Tal av sætum,
2019,Løgting,Eysturkommuna,Partur av sætum hjá kvinnum,
2019,Løgting,Eysturkommuna,Tal av sætum hjá kvinnum,
2019,Løgting,Eysturkommuna,Tal av sætum,
2020,Løgting,Eysturkommuna,Partur av sætum hjá kvinnum,
2020,Løgting,Eysturkommuna,Tal av sætum hjá kvinnum,
2020,Løgting,Eysturkommuna,Tal av sætum,
2022,Løgting,Eysturkommuna,Partur av sætum hjá kvinnum,
2022,Løgting,Eysturkommuna,Tal av sætum hjá kvinnum,
2022,Løgting,Eysturkommuna,Tal av sætum,
1984,Løgting,Fámjins kommuna,Partur av sætum hjá kvinnum,
1984,Løgting,Fámjins kommuna,Tal av sætum hjá kvinnum,
1984,Løgting,Fámjins kommuna,Tal av sætum,
1988,Løgting,Fámjins kommuna,Partur av sætum hjá kvinnum,
1988,Løgting,Fámjins kommuna,Tal av sætum hjá kvinnum,
1988,Løgting,Fámjins kommuna,Tal av sætum,
1990,Løgting,Fámjins kommuna,Partur av sætum hjá kvinnum,
1990,Løgting,Fámjins kommuna,Tal av sætum hjá kvinnum,
1990,Løgting,Fámjins kommuna,Tal av sætum,
1992,Løgting,Fámjins kommuna,Partur av sætum hjá kvinnum,
1992,Løgting,Fámjins kommuna,Tal av sætum hjá kvinnum,
1992,Løgting,Fámjins kommuna,Tal av sætum,
1994,Løgting,Fámjins kommuna,Partur av sætum hjá kvinnum,
1994,Løgting,Fámjins kommuna,Tal av sætum hjá kvinnum,
1994,Løgting,Fámjins kommuna,Tal av sætum,
1996,Løgting,Fámjins kommuna,Partur av sætum hjá kvinnum,
1996,Løgting,Fámjins kommuna,Tal av sætum hjá kvinnum,
1996,Løgting,Fámjins kommuna,Tal av sætum,
1998,Løgting,Fámjins kommuna,Partur av sætum hjá kvinnum,
1998,Løgting,Fámjins kommuna,Tal av sætum hjá kvinnum,
1998,Løgting,Fámjins kommuna,Tal av sætum,
2000,Løgting,Fámjins kommuna,Partur av sætum hjá kvinnum,
2000,Løgting,Fámjins kommuna,Tal av sætum hjá kvinnum,
2000,Løgting,Fámjins kommuna,Tal av sætum,
2002,Løgting,Fámjins kommuna,Partur av sætum hjá kvinnum,
2002,Løgting,Fámjins kommuna,Tal av sætum hjá kvinnum,
2002,Løgting,Fámjins kommuna,Tal av sætum,
2004,Løgting,Fámjins kommuna,Partur av sætum hjá kvinnum,
2004,Løgting,Fámjins kommuna,Tal av sætum hjá kvinnum,
2004,Løgting,Fámjins kommuna,Tal av sætum,
2008,Løgting,Fámjins kommuna,Partur av sætum hjá kvinnum,
2008,Løgting,Fámjins kommuna,Tal av sætum hjá kvinnum,
2008,Løgting,Fámjins kommuna,Tal av sætum,
2011,Løgting,Fámjins kommuna,Partur av sætum hjá kvinnum,
2011,Løgting,Fámjins kommuna,Tal av sætum hjá kvinnum,
2011,Løgting,Fámjins kommuna,Tal av sætum,
2012,Løgting,Fámjins kommuna,Partur av sætum hjá kvinnum,
2012,Løgting,Fámjins kommuna,Tal av sætum hjá kvinnum,
2012,Løgting,Fámjins kommuna,Tal av sætum,
2015,Løgting,Fámjins kommuna,Partur av sætum hjá kvinnum,
2015,Løgting,Fámjins kommuna,Tal av sætum hjá kvinnum,
2015,Løgting,Fámjins kommuna,Tal av sætum,
2016,Løgting,Fámjins kommuna,Partur av sætum hjá kvinnum,
2016,Løgting,Fámjins kommuna,Tal av sætum hjá kvinnum,
2016,Løgting,Fámjins kommuna,Tal av sætum,
2019,Løgting,Fámjins kommuna,Partur av sætum hjá kvinnum,
2019,Løgting,Fámjins kommuna,Tal av sætum hjá kvinnum,
2019,Løgting,Fámjins kommuna,Tal av sætum,
2020,Løgting,Fámjins kommuna,Partur av sætum hjá kvinnum,
2020,Løgting,Fámjins kommuna,Tal av sætum hjá kvinnum,
2020,Løgting,Fámjins kommuna,Tal av sætum,
2022,Løgting,Fámjins kommuna,Partur av sætum hjá kvinnum,
2022,Løgting,Fámjins kommuna,Tal av sætum hjá kvinnum,
2022,Løgting,Fámjins kommuna,Tal av sætum,
1984,Løgting,Fuglafjarðar kommuna,Partur av sætum hjá kvinnum,
1984,Løgting,Fuglafjarðar kommuna,Tal av sætum hjá kvinnum,
1984,Løgting,Fuglafjarðar kommuna,Tal av sætum,
1988,Løgting,Fuglafjarðar kommuna,Partur av sætum hjá kvinnum,
1988,Løgting,Fuglafjarðar kommuna,Tal av sætum hjá kvinnum,
1988,Løgting,Fuglafjarðar kommuna,Tal av sætum,
1990,Løgting,Fuglafjarðar kommuna,Partur av sætum hjá kvinnum,
1990,Løgting,Fuglafjarðar kommuna,Tal av sætum hjá kvinnum,
1990,Løgting,Fuglafjarðar kommuna,Tal av sætum,
1992,Løgting,Fuglafjarðar kommuna,Partur av sætum hjá kvinnum,
1992,Løgting,Fuglafjarðar kommuna,Tal av sætum hjá kvinnum,
1992,Løgting,Fuglafjarðar kommuna,Tal av sætum,
1994,Løgting,Fuglafjarðar kommuna,Partur av sætum hjá kvinnum,
1994,Løgting,Fuglafjarðar kommuna,Tal av sætum hjá kvinnum,
1994,Løgting,Fuglafjarðar kommuna,Tal av sætum,
1996,Løgting,Fuglafjarðar kommuna,Partur av sætum hjá kvinnum,
1996,Løgting,Fuglafjarðar kommuna,Tal av sætum hjá kvinnum,
1996,Løgting,Fuglafjarðar kommuna,Tal av sætum,
1998,Løgting,Fuglafjarðar kommuna,Partur av sætum hjá kvinnum,
1998,Løgting,Fuglafjarðar kommuna,Tal av sætum hjá kvinnum,
1998,Løgting,Fuglafjarðar kommuna,Tal av sætum,
2000,Løgting,Fuglafjarðar kommuna,Partur av sætum hjá kvinnum,
2000,Løgting,Fuglafjarðar kommuna,Tal av sætum hjá kvinnum,
2000,Løgting,Fuglafjarðar kommuna,Tal av sætum,
2002,Løgting,Fuglafjarðar kommuna,Partur av sætum hjá kvinnum,
2002,Løgting,Fuglafjarðar kommuna,Tal av sætum hjá kvinnum,
2002,Løgting,Fuglafjarðar kommuna,Tal av sætum,
2004,Løgting,Fuglafjarðar kommuna,Partur av sætum hjá kvinnum,
2004,Løgting,Fuglafjarðar kommuna,Tal av sætum hjá kvinnum,
2004,Løgting,Fuglafjarðar kommuna,Tal av sætum,
2008,Løgting,Fuglafjarðar kommuna,Partur av sætum hjá kvinnum,
2008,Løgting,Fuglafjarðar kommuna,Tal av sætum hjá kvinnum,
2008,Løgting,Fuglafjarðar kommuna,Tal av sætum,
2011,Løgting,Fuglafjarðar kommuna,Partur av sætum hjá kvinnum,
2011,Løgting,Fuglafjarðar kommuna,Tal av sætum hjá kvinnum,
2011,Løgting,Fuglafjarðar kommuna,Tal av sætum,
2012,Løgting,Fuglafjarðar kommuna,Partur av sætum hjá kvinnum,
2012,Løgting,Fuglafjarðar kommuna,Tal av sætum hjá kvinnum,
2012,Løgting,Fuglafjarðar kommuna,Tal av sætum,
2015,Løgting,Fuglafjarðar kommuna,Partur av sætum hjá kvinnum,
2015,Løgting,Fuglafjarðar kommuna,Tal av sætum hjá kvinnum,
2015,Løgting,Fuglafjarðar kommuna,Tal av sætum,
2016,Løgting,Fuglafjarðar kommuna,Partur av sætum hjá kvinnum,
2016,Løgting,Fuglafjarðar kommuna,Tal av sætum hjá kvinnum,
2016,Løgting,Fuglafjarðar kommuna,Tal av sætum,
2019,Løgting,Fuglafjarðar kommuna,Partur av sætum hjá kvinnum,
2019,Løgting,Fuglafjarðar kommuna,Tal av sætum hjá kvinnum,
2019,Løgting,Fuglafjarðar kommuna,Tal av sætum,
2020,Løgting,Fuglafjarðar kommuna,Partur av sætum hjá kvinnum,
2020,Løgting,Fuglafjarðar kommuna,Tal av sætum hjá kvinnum,
2020,Løgting,Fuglafjarðar kommuna,Tal av sætum,
2022,Løgting,Fuglafjarðar kommuna,Partur av sætum hjá kvinnum,
2022,Løgting,Fuglafjarðar kommuna,Tal av sætum hjá kvinnum,
2022,Løgting,Fuglafjarðar kommuna,Tal av sætum,
1984,Løgting,Fugloyar kommuna,Partur av sætum hjá kvinnum,
1984,Løgting,Fugloyar kommuna,Tal av sætum hjá kvinnum,
1984,Løgting,Fugloyar kommuna,Tal av sætum,
1988,Løgting,Fugloyar kommuna,Partur av sætum hjá kvinnum,
1988,Løgting,Fugloyar kommuna,Tal av sætum hjá kvinnum,
1988,Løgting,Fugloyar kommuna,Tal av sætum,
1990,Løgting,Fugloyar kommuna,Partur av sætum hjá kvinnum,
1990,Løgting,Fugloyar kommuna,Tal av sætum hjá kvinnum,
1990,Løgting,Fugloyar kommuna,Tal av sætum,
1992,Løgting,Fugloyar kommuna,Partur av sætum hjá kvinnum,
1992,Løgting,Fugloyar kommuna,Tal av sætum hjá kvinnum,
1992,Løgting,Fugloyar kommuna,Tal av sætum,
1994,Løgting,Fugloyar kommuna,Partur av sætum hjá kvinnum,
1994,Løgting,Fugloyar kommuna,Tal av sætum hjá kvinnum,
1994,Løgting,Fugloyar kommuna,Tal av sætum,
1996,Løgting,Fugloyar kommuna,Partur av sætum hjá kvinnum,
1996,Løgting,Fugloyar kommuna,Tal av sætum hjá kvinnum,
1996,Løgting,Fugloyar kommuna,Tal av sætum,
1998,Løgting,Fugloyar kommuna,Partur av sætum hjá kvinnum,
1998,Løgting,Fugloyar kommuna,Tal av sætum hjá kvinnum,
1998,Løgting,Fugloyar kommuna,Tal av sætum,
2000,Løgting,Fugloyar kommuna,Partur av sætum hjá kvinnum,
2000,Løgting,Fugloyar kommuna,Tal av sætum hjá kvinnum,
2000,Løgting,Fugloyar kommuna,Tal av sætum,
2002,Løgting,Fugloyar kommuna,Partur av sætum hjá kvinnum,
2002,Løgting,Fugloyar kommuna,Tal av sætum hjá kvinnum,
2002,Løgting,Fugloyar kommuna,Tal av sætum,
2004,Løgting,Fugloyar kommuna,Partur av sætum hjá kvinnum,
2004,Løgting,Fugloyar kommuna,Tal av sætum hjá kvinnum,
2004,Løgting,Fugloyar kommuna,Tal av sætum,
2008,Løgting,Fugloyar kommuna,Partur av sætum hjá kvinnum,
2008,Løgting,Fugloyar kommuna,Tal av sætum hjá kvinnum,
2008,Løgting,Fugloyar kommuna,Tal av sætum,
2011,Løgting,Fugloyar kommuna,Partur av sætum hjá kvinnum,
2011,Løgting,Fugloyar kommuna,Tal av sætum hjá kvinnum,
2011,Løgting,Fugloyar kommuna,Tal av sætum,
2012,Løgting,Fugloyar kommuna,Partur av sætum hjá kvinnum,
2012,Løgting,Fugloyar kommuna,Tal av sætum hjá kvinnum,
2012,Løgting,Fugloyar kommuna,Tal av sætum,
2015,Løgting,Fugloyar kommuna,Partur av sætum hjá kvinnum,
2015,Løgting,Fugloyar kommuna,Tal av sætum hjá kvinnum,
2015,Løgting,Fugloyar kommuna,Tal av sætum,
2016,Løgting,Fugloyar kommuna,Partur av sætum hjá kvinnum,
2016,Løgting,Fugloyar kommuna,Tal av sætum hjá kvinnum,
2016,Løgting,Fugloyar kommuna,Tal av sætum,
2019,Løgting,Fugloyar kommuna,Partur av sætum hjá kvinnum,
2019,Løgting,Fugloyar kommuna,Tal av sætum hjá kvinnum,
2019,Løgting,Fugloyar kommuna,Tal av sætum,
2020,Løgting,Fugloyar kommuna,Partur av sætum hjá kvinnum,
2020,Løgting,Fugloyar kommuna,Tal av sætum hjá kvinnum,
2020,Løgting,Fugloyar kommuna,Tal av sætum,
2022,Løgting,Fugloyar kommuna,Partur av sætum hjá kvinnum,
2022,Løgting,Fugloyar kommuna,Tal av sætum hjá kvinnum,
2022,Løgting,Fugloyar kommuna,Tal av sætum,
1984,Løgting,Funnings kommuna,Partur av sætum hjá kvinnum,
1984,Løgting,Funnings kommuna,Tal av sætum hjá kvinnum,
1984,Løgting,Funnings kommuna,Tal av sætum,
1988,Løgting,Funnings kommuna,Partur av sætum hjá kvinnum,
1988,Løgting,Funnings kommuna,Tal av sætum hjá kvinnum,
1988,Løgting,Funnings kommuna,Tal av sætum,
1990,Løgting,Funnings kommuna,Partur av sætum hjá kvinnum,
1990,Løgting,Funnings kommuna,Tal av sætum hjá kvinnum,
1990,Løgting,Funnings kommuna,Tal av sætum,
1992,Løgting,Funnings kommuna,Partur av sætum hjá kvinnum,
1992,Løgting,Funnings kommuna,Tal av sætum hjá kvinnum,
1992,Løgting,Funnings kommuna,Tal av sætum,
1994,Løgting,Funnings kommuna,Partur av sætum hjá kvinnum,
1994,Løgting,Funnings kommuna,Tal av sætum hjá kvinnum,
1994,Løgting,Funnings kommuna,Tal av sætum,
1996,Løgting,Funnings kommuna,Partur av sætum hjá kvinnum,
1996,Løgting,Funnings kommuna,Tal av sætum hjá kvinnum,
1996,Løgting,Funnings kommuna,Tal av sætum,
1998,Løgting,Funnings kommuna,Partur av sætum hjá kvinnum,
1998,Løgting,Funnings kommuna,Tal av sætum hjá kvinnum,
1998,Løgting,Funnings kommuna,Tal av sætum,
2000,Løgting,Funnings kommuna,Partur av sætum hjá kvinnum,
2000,Løgting,Funnings kommuna,Tal av sætum hjá kvinnum,
2000,Løgting,Funnings kommuna,Tal av sætum,
2002,Løgting,Funnings kommuna,Partur av sætum hjá kvinnum,
2002,Løgting,Funnings kommuna,Tal av sætum hjá kvinnum,
2002,Løgting,Funnings kommuna,Tal av sætum,
2004,Løgting,Funnings kommuna,Partur av sætum hjá kvinnum,
2004,Løgting,Funnings kommuna,Tal av sætum hjá kvinnum,
2004,Løgting,Funnings kommuna,Tal av sætum,
2008,Løgting,Funnings kommuna,Partur av sætum hjá kvinnum,
2008,Løgting,Funnings kommuna,Tal av sætum hjá kvinnum,
2008,Løgting,Funnings kommuna,Tal av sætum,
2011,Løgting,Funnings kommuna,Partur av sætum hjá kvinnum,
2011,Løgting,Funnings kommuna,Tal av sætum hjá kvinnum,
2011,Løgting,Funnings kommuna,Tal av sætum,
2012,Løgting,Funnings kommuna,Partur av sætum hjá kvinnum,
2012,Løgting,Funnings kommuna,Tal av sætum hjá kvinnum,
2012,Løgting,Funnings kommuna,Tal av sætum,
2015,Løgting,Funnings kommuna,Partur av sætum hjá kvinnum,
2015,Løgting,Funnings kommuna,Tal av sætum hjá kvinnum,
2015,Løgting,Funnings kommuna,Tal av sætum,
2016,Løgting,Funnings kommuna,Partur av sætum hjá kvinnum,
2016,Løgting,Funnings kommuna,Tal av sætum hjá kvinnum,
2016,Løgting,Funnings kommuna,Tal av sætum,
2019,Løgting,Funnings kommuna,Partur av sætum hjá kvinnum,
2019,Løgting,Funnings kommuna,Tal av sætum hjá kvinnum,
2019,Løgting,Funnings kommuna,Tal av sætum,
2020,Løgting,Funnings kommuna,Partur av sætum hjá kvinnum,
2020,Løgting,Funnings kommuna,Tal av sætum hjá kvinnum,
2020,Løgting,Funnings kommuna,Tal av sætum,
2022,Løgting,Funnings kommuna,Partur av sætum hjá kvinnum,
2022,Løgting,Funnings kommuna,Tal av sætum hjá kvinnum,
2022,Løgting,Funnings kommuna,Tal av sætum,
1984,Løgting,Gjáar kommuna,Partur av sætum hjá kvinnum,
1984,Løgting,Gjáar kommuna,Tal av sætum hjá kvinnum,
1984,Løgting,Gjáar kommuna,Tal av sætum,
1988,Løgting,Gjáar kommuna,Partur av sætum hjá kvinnum,
1988,Løgting,Gjáar kommuna,Tal av sætum hjá kvinnum,
1988,Løgting,Gjáar kommuna,Tal av sætum,
1990,Løgting,Gjáar kommuna,Partur av sætum hjá kvinnum,
1990,Løgting,Gjáar kommuna,Tal av sætum hjá kvinnum,
1990,Løgting,Gjáar kommuna,Tal av sætum,
1992,Løgting,Gjáar kommuna,Partur av sætum hjá kvinnum,
1992,Løgting,Gjáar kommuna,Tal av sætum hjá kvinnum,
1992,Løgting,Gjáar kommuna,Tal av sætum,
1994,Løgting,Gjáar kommuna,Partur av sætum hjá kvinnum,
1994,Løgting,Gjáar kommuna,Tal av sætum hjá kvinnum,
1994,Løgting,Gjáar kommuna,Tal av sætum,
1996,Løgting,Gjáar kommuna,Partur av sætum hjá kvinnum,
1996,Løgting,Gjáar kommuna,Tal av sætum hjá kvinnum,
1996,Løgting,Gjáar kommuna,Tal av sætum,
1998,Løgting,Gjáar kommuna,Partur av sætum hjá kvinnum,
1998,Løgting,Gjáar kommuna,Tal av sætum hjá kvinnum,
1998,Løgting,Gjáar kommuna,Tal av sætum,
2000,Løgting,Gjáar kommuna,Partur av sætum hjá kvinnum,
2000,Løgting,Gjáar kommuna,Tal av sætum hjá kvinnum,
2000,Løgting,Gjáar kommuna,Tal av sætum,
2002,Løgting,Gjáar kommuna,Partur av sætum hjá kvinnum,
2002,Løgting,Gjáar kommuna,Tal av sætum hjá kvinnum,
2002,Løgting,Gjáar kommuna,Tal av sætum,
2004,Løgting,Gjáar kommuna,Partur av sætum hjá kvinnum,
2004,Løgting,Gjáar kommuna,Tal av sætum hjá kvinnum,
2004,Løgting,Gjáar kommuna,Tal av sætum,
2008,Løgting,Gjáar kommuna,Partur av sætum hjá kvinnum,
2008,Løgting,Gjáar kommuna,Tal av sætum hjá kvinnum,
2008,Løgting,Gjáar kommuna,Tal av sætum,
2011,Løgting,Gjáar kommuna,Partur av sætum hjá kvinnum,
2011,Løgting,Gjáar kommuna,Tal av sætum hjá kvinnum,
2011,Løgting,Gjáar kommuna,Tal av sætum,
2012,Løgting,Gjáar kommuna,Partur av sætum hjá kvinnum,
2012,Løgting,Gjáar kommuna,Tal av sætum hjá kvinnum,
2012,Løgting,Gjáar kommuna,Tal av sætum,
2015,Løgting,Gjáar kommuna,Partur av sætum hjá kvinnum,
2015,Løgting,Gjáar kommuna,Tal av sætum hjá kvinnum,
2015,Løgting,Gjáar kommuna,Tal av sætum,
2016,Løgting,Gjáar kommuna,Partur av sætum hjá kvinnum,
2016,Løgting,Gjáar kommuna,Tal av sætum hjá kvinnum,
2016,Løgting,Gjáar kommuna,Tal av sætum,
2019,Løgting,Gjáar kommuna,Partur av sætum hjá kvinnum,
2019,Løgting,Gjáar kommuna,Tal av sætum hjá kvinnum,
2019,Løgting,Gjáar kommuna,Tal av sætum,
2020,Løgting,Gjáar kommuna,Partur av sætum hjá kvinnum,
2020,Løgting,Gjáar kommuna,Tal av sætum hjá kvinnum,
2020,Løgting,Gjáar kommuna,Tal av sætum,
2022,Løgting,Gjáar kommuna,Partur av sætum hjá kvinnum,
2022,Løgting,Gjáar kommuna,Tal av sætum hjá kvinnum,
2022,Løgting,Gjáar kommuna,Tal av sætum,
1984,Løgting,Gøtu kommuna,Partur av sætum hjá kvinnum,
1984,Løgting,Gøtu kommuna,Tal av sætum hjá kvinnum,
1984,Løgting,Gøtu kommuna,Tal av sætum,
1988,Løgting,Gøtu kommuna,Partur av sætum hjá kvinnum,
1988,Løgting,Gøtu kommuna,Tal av sætum hjá kvinnum,
1988,Løgting,Gøtu kommuna,Tal av sætum,
1990,Løgting,Gøtu kommuna,Partur av sætum hjá kvinnum,
1990,Løgting,Gøtu kommuna,Tal av sætum hjá kvinnum,
1990,Løgting,Gøtu kommuna,Tal av sætum,
1992,Løgting,Gøtu kommuna,Partur av sætum hjá kvinnum,
1992,Løgting,Gøtu kommuna,Tal av sætum hjá kvinnum,
1992,Løgting,Gøtu kommuna,Tal av sætum,
1994,Løgting,Gøtu kommuna,Partur av sætum hjá kvinnum,
1994,Løgting,Gøtu kommuna,Tal av sætum hjá kvinnum,
1994,Løgting,Gøtu kommuna,Tal av sætum,
1996,Løgting,Gøtu kommuna,Partur av sætum hjá kvinnum,
1996,Løgting,Gøtu kommuna,Tal av sætum hjá kvinnum,
1996,Løgting,Gøtu kommuna,Tal av sætum,
1998,Løgting,Gøtu kommuna,Partur av sætum hjá kvinnum,
1998,Løgting,Gøtu kommuna,Tal av sætum hjá kvinnum,
1998,Løgting,Gøtu kommuna,Tal av sætum,
2000,Løgting,Gøtu kommuna,Partur av sætum hjá kvinnum,
2000,Løgting,Gøtu kommuna,Tal av sætum hjá kvinnum,
2000,Løgting,Gøtu kommuna,Tal av sætum,
2002,Løgting,Gøtu kommuna,Partur av sætum hjá kvinnum,
2002,Løgting,Gøtu kommuna,Tal av sætum hjá kvinnum,
2002,Løgting,Gøtu kommuna,Tal av sætum,
2004,Løgting,Gøtu kommuna,Partur av sætum hjá kvinnum,
2004,Løgting,Gøtu kommuna,Tal av sætum hjá kvinnum,
2004,Løgting,Gøtu kommuna,Tal av sætum,
2008,Løgting,Gøtu kommuna,Partur av sætum hjá kvinnum,
2008,Løgting,Gøtu kommuna,Tal av sætum hjá kvinnum,
2008,Løgting,Gøtu kommuna,Tal av sætum,
2011,Løgting,Gøtu kommuna,Partur av sætum hjá kvinnum,
2011,Løgting,Gøtu kommuna,Tal av sætum hjá kvinnum,
2011,Løgting,Gøtu kommuna,Tal av sætum,
2012,Løgting,Gøtu kommuna,Partur av sætum hjá kvinnum,
2012,Løgting,Gøtu kommuna,Tal av sætum hjá kvinnum,
2012,Løgting,Gøtu kommuna,Tal av sætum,
2015,Løgting,Gøtu kommuna,Partur av sætum hjá kvinnum,
2015,Løgting,Gøtu kommuna,Tal av sætum hjá kvinnum,
2015,Løgting,Gøtu kommuna,Tal av sætum,
2016,Løgting,Gøtu kommuna,Partur av sætum hjá kvinnum,
2016,Løgting,Gøtu kommuna,Tal av sætum hjá kvinnum,
2016,Løgting,Gøtu kommuna,Tal av sætum,
2019,Løgting,Gøtu kommuna,Partur av sætum hjá kvinnum,
2019,Løgting,Gøtu kommuna,Tal av sætum hjá kvinnum,
2019,Løgting,Gøtu kommuna,Tal av sætum,
2020,Løgting,Gøtu kommuna,Partur av sætum hjá kvinnum,
2020,Løgting,Gøtu kommuna,Tal av sætum hjá kvinnum,
2020,Løgting,Gøtu kommuna,Tal av sætum,
2022,Løgting,Gøtu kommuna,Partur av sætum hjá kvinnum,
2022,Løgting,Gøtu kommuna,Tal av sætum hjá kvinnum,
2022,Løgting,Gøtu kommuna,Tal av sætum,
1984,Løgting,Haldórsvíkar kommuna,Partur av sætum hjá kvinnum,
1984,Løgting,Haldórsvíkar kommuna,Tal av sætum hjá kvinnum,
1984,Løgting,Haldórsvíkar kommuna,Tal av sætum,
1988,Løgting,Haldórsvíkar kommuna,Partur av sætum hjá kvinnum,
1988,Løgting,Haldórsvíkar kommuna,Tal av sætum hjá kvinnum,
1988,Løgting,Haldórsvíkar kommuna,Tal av sætum,
1990,Løgting,Haldórsvíkar kommuna,Partur av sætum hjá kvinnum,
1990,Løgting,Haldórsvíkar kommuna,Tal av sætum hjá kvinnum,
1990,Løgting,Haldórsvíkar kommuna,Tal av sætum,
1992,Løgting,Haldórsvíkar kommuna,Partur av sætum hjá kvinnum,
1992,Løgting,Haldórsvíkar kommuna,Tal av sætum hjá kvinnum,
1992,Løgting,Haldórsvíkar kommuna,Tal av sætum,
1994,Løgting,Haldórsvíkar kommuna,Partur av sætum hjá kvinnum,
1994,Løgting,Haldórsvíkar kommuna,Tal av sætum hjá kvinnum,
1994,Løgting,Haldórsvíkar kommuna,Tal av sætum,
1996,Løgting,Haldórsvíkar kommuna,Partur av sætum hjá kvinnum,
1996,Løgting,Haldórsvíkar kommuna,Tal av sætum hjá kvinnum,
1996,Løgting,Haldórsvíkar kommuna,Tal av sætum,
1998,Løgting,Haldórsvíkar kommuna,Partur av sætum hjá kvinnum,
1998,Løgting,Haldórsvíkar kommuna,Tal av sætum hjá kvinnum,
1998,Løgting,Haldórsvíkar kommuna,Tal av sætum,
2000,Løgting,Haldórsvíkar kommuna,Partur av sætum hjá kvinnum,
2000,Løgting,Haldórsvíkar kommuna,Tal av sætum hjá kvinnum,
2000,Løgting,Haldórsvíkar kommuna,Tal av sætum,
2002,Løgting,Haldórsvíkar kommuna,Partur av sætum hjá kvinnum,
2002,Løgting,Haldórsvíkar kommuna,Tal av sætum hjá kvinnum,
2002,Løgting,Haldórsvíkar kommuna,Tal av sætum,
2004,Løgting,Haldórsvíkar kommuna,Partur av sætum hjá kvinnum,
2004,Løgting,Haldórsvíkar kommuna,Tal av sætum hjá kvinnum,
2004,Løgting,Haldórsvíkar kommuna,Tal av sætum,
2008,Løgting,Haldórsvíkar kommuna,Partur av sætum hjá kvinnum,
2008,Løgting,Haldórsvíkar kommuna,Tal av sætum hjá kvinnum,
2008,Løgting,Haldórsvíkar kommuna,Tal av sætum,
2011,Løgting,Haldórsvíkar kommuna,Partur av sætum hjá kvinnum,
2011,Løgting,Haldórsvíkar kommuna,Tal av sætum hjá kvinnum,
2011,Løgting,Haldórsvíkar kommuna,Tal av sætum,
2012,Løgting,Haldórsvíkar kommuna,Partur av sætum hjá kvinnum,
2012,Løgting,Haldórsvíkar kommuna,Tal av sætum hjá kvinnum,
2012,Løgting,Haldórsvíkar kommuna,Tal av sætum,
2015,Løgting,Haldórsvíkar kommuna,Partur av sætum hjá kvinnum,
2015,Løgting,Haldórsvíkar kommuna,Tal av sætum hjá kvinnum,
2015,Løgting,Haldórsvíkar kommuna,Tal av sætum,
2016,Løgting,Haldórsvíkar kommuna,Partur av sætum hjá kvinnum,
2016,Løgting,Haldórsvíkar kommuna,Tal av sætum hjá kvinnum,
2016,Løgting,Haldórsvíkar kommuna,Tal av sætum,
2019,Løgting,Haldórsvíkar kommuna,Partur av sætum hjá kvinnum,
2019,Løgting,Haldórsvíkar kommuna,Tal av sætum hjá kvinnum,
2019,Løgting,Haldórsvíkar kommuna,Tal av sætum,
2020,Løgting,Haldórsvíkar kommuna,Partur av sætum hjá kvinnum,
2020,Løgting,Haldórsvíkar kommuna,Tal av sætum hjá kvinnum,
2020,Løgting,Haldórsvíkar kommuna,Tal av sætum,
2022,Løgting,Haldórsvíkar kommuna,Partur av sætum hjá kvinnum,
2022,Løgting,Haldórsvíkar kommuna,Tal av sætum hjá kvinnum,
2022,Løgting,Haldórsvíkar kommuna,Tal av sætum,
1984,Løgting,Hests kommuna,Partur av sætum hjá kvinnum,
1984,Løgting,Hests kommuna,Tal av sætum hjá kvinnum,
1984,Løgting,Hests kommuna,Tal av sætum,
1988,Løgting,Hests kommuna,Partur av sætum hjá kvinnum,
1988,Løgting,Hests kommuna,Tal av sætum hjá kvinnum,
1988,Løgting,Hests kommuna,Tal av sætum,
1990,Løgting,Hests kommuna,Partur av sætum hjá kvinnum,
1990,Løgting,Hests kommuna,Tal av sætum hjá kvinnum,
1990,Løgting,Hests kommuna,Tal av sætum,
1992,Løgting,Hests kommuna,Partur av sætum hjá kvinnum,
1992,Løgting,Hests kommuna,Tal av sætum hjá kvinnum,
1992,Løgting,Hests kommuna,Tal av sætum,
1994,Løgting,Hests kommuna,Partur av sætum hjá kvinnum,
1994,Løgting,Hests kommuna,Tal av sætum hjá kvinnum,
1994,Løgting,Hests kommuna,Tal av sætum,
1996,Løgting,Hests kommuna,Partur av sætum hjá kvinnum,
1996,Løgting,Hests kommuna,Tal av sætum hjá kvinnum,
1996,Løgting,Hests kommuna,Tal av sætum,
1998,Løgting,Hests kommuna,Partur av sætum hjá kvinnum,
1998,Løgting,Hests kommuna,Tal av sætum hjá kvinnum,
1998,Løgting,Hests kommuna,Tal av sætum,
2000,Løgting,Hests kommuna,Partur av sætum hjá kvinnum,
2000,Løgting,Hests kommuna,Tal av sætum hjá kvinnum,
2000,Løgting,Hests kommuna,Tal av sætum,
2002,Løgting,Hests kommuna,Partur av sætum hjá kvinnum,
2002,Løgting,Hests kommuna,Tal av sætum hjá kvinnum,
2002,Løgting,Hests kommuna,Tal av sætum,
2004,Løgting,Hests kommuna,Partur av sætum hjá kvinnum,
2004,Løgting,Hests kommuna,Tal av sætum hjá kvinnum,
2004,Løgting,Hests kommuna,Tal av sætum,
2008,Løgting,Hests kommuna,Partur av sætum hjá kvinnum,
2008,Løgting,Hests kommuna,Tal av sætum hjá kvinnum,
2008,Løgting,Hests kommuna,Tal av sætum,
2011,Løgting,Hests kommuna,Partur av sætum hjá kvinnum,
2011,Løgting,Hests kommuna,Tal av sætum hjá kvinnum,
2011,Løgting,Hests kommuna,Tal av sætum,
2012,Løgting,Hests kommuna,Partur av sætum hjá kvinnum,
2012,Løgting,Hests kommuna,Tal av sætum hjá kvinnum,
2012,Løgting,Hests kommuna,Tal av sætum,
2015,Løgting,Hests kommuna,Partur av sætum hjá kvinnum,
2015,Løgting,Hests kommuna,Tal av sætum hjá kvinnum,
2015,Løgting,Hests kommuna,Tal av sætum,
2016,Løgting,Hests kommuna,Partur av sætum hjá kvinnum,
2016,Løgting,Hests kommuna,Tal av sætum hjá kvinnum,
2016,Løgting,Hests kommuna,Tal av sætum,
2019,Løgting,Hests kommuna,Partur av sætum hjá kvinnum,
2019,Løgting,Hests kommuna,Tal av sætum hjá kvinnum,
2019,Løgting,Hests kommuna,Tal av sætum,
2020,Løgting,Hests kommuna,Partur av sætum hjá kvinnum,
2020,Løgting,Hests kommuna,Tal av sætum hjá kvinnum,
2020,Løgting,Hests kommuna,Tal av sætum,
2022,Løgting,Hests kommuna,Partur av sætum hjá kvinnum,
2022,Løgting,Hests kommuna,Tal av sætum hjá kvinnum,
2022,Løgting,Hests kommuna,Tal av sætum,
1984,Løgting,Hósvíkar kommuna,Partur av sætum hjá kvinnum,
1984,Løgting,Hósvíkar kommuna,Tal av sætum hjá kvinnum,
1984,Løgting,Hósvíkar kommuna,Tal av sætum,
1988,Løgting,Hósvíkar kommuna,Partur av sætum hjá kvinnum,
1988,Løgting,Hósvíkar kommuna,Tal av sætum hjá kvinnum,
1988,Løgting,Hósvíkar kommuna,Tal av sætum,
1990,Løgting,Hósvíkar kommuna,Partur av sætum hjá kvinnum,
1990,Løgting,Hósvíkar kommuna,Tal av sætum hjá kvinnum,
1990,Løgting,Hósvíkar kommuna,Tal av sætum,
1992,Løgting,Hósvíkar kommuna,Partur av sætum hjá kvinnum,
1992,Løgting,Hósvíkar kommuna,Tal av sætum hjá kvinnum,
1992,Løgting,Hósvíkar kommuna,Tal av sætum,
1994,Løgting,Hósvíkar kommuna,Partur av sætum hjá kvinnum,
1994,Løgting,Hósvíkar kommuna,Tal av sætum hjá kvinnum,
1994,Løgting,Hósvíkar kommuna,Tal av sætum,
1996,Løgting,Hósvíkar kommuna,Partur av sætum hjá kvinnum,
1996,Løgting,Hósvíkar kommuna,Tal av sætum hjá kvinnum,
1996,Løgting,Hósvíkar kommuna,Tal av sætum,
1998,Løgting,Hósvíkar kommuna,Partur av sætum hjá kvinnum,
1998,Løgting,Hósvíkar kommuna,Tal av sætum hjá kvinnum,
1998,Løgting,Hósvíkar kommuna,Tal av sætum,
2000,Løgting,Hósvíkar kommuna,Partur av sætum hjá kvinnum,
2000,Løgting,Hósvíkar kommuna,Tal av sætum hjá kvinnum,
2000,Løgting,Hósvíkar kommuna,Tal av sætum,
2002,Løgting,Hósvíkar kommuna,Partur av sætum hjá kvinnum,
2002,Løgting,Hósvíkar kommuna,Tal av sætum hjá kvinnum,
2002,Løgting,Hósvíkar kommuna,Tal av sætum,
2004,Løgting,Hósvíkar kommuna,Partur av sætum hjá kvinnum,
2004,Løgting,Hósvíkar kommuna,Tal av sætum hjá kvinnum,
2004,Løgting,Hósvíkar kommuna,Tal av sætum,
2008,Løgting,Hósvíkar kommuna,Partur av sætum hjá kvinnum,
2008,Løgting,Hósvíkar kommuna,Tal av sætum hjá kvinnum,
2008,Løgting,Hósvíkar kommuna,Tal av sætum,
2011,Løgting,Hósvíkar kommuna,Partur av sætum hjá kvinnum,
2011,Løgting,Hósvíkar kommuna,Tal av sætum hjá kvinnum,
2011,Løgting,Hósvíkar kommuna,Tal av sætum,
2012,Løgting,Hósvíkar kommuna,Partur av sætum hjá kvinnum,
2012,Løgting,Hósvíkar kommuna,Tal av sætum hjá kvinnum,
2012,Løgting,Hósvíkar kommuna,Tal av sætum,
2015,Løgting,Hósvíkar kommuna,Partur av sætum hjá kvinnum,
2015,Løgting,Hósvíkar kommuna,Tal av sætum hjá kvinnum,
2015,Løgting,Hósvíkar kommuna,Tal av sætum,
2016,Løgting,Hósvíkar kommuna,Partur av sætum hjá kvinnum,
2016,Løgting,Hósvíkar kommuna,Tal av sætum hjá kvinnum,
2016,Løgting,Hósvíkar kommuna,Tal av sætum,
2019,Løgting,Hósvíkar kommuna,Partur av sætum hjá kvinnum,
2019,Løgting,Hósvíkar kommuna,Tal av sætum hjá kvinnum,
2019,Løgting,Hósvíkar kommuna,Tal av sætum,
2020,Løgting,Hósvíkar kommuna,Partur av sætum hjá kvinnum,
2020,Løgting,Hósvíkar kommuna,Tal av sætum hjá kvinnum,
2020,Løgting,Hósvíkar kommuna,Tal av sætum,
2022,Løgting,Hósvíkar kommuna,Partur av sætum hjá kvinnum,
2022,Løgting,Hósvíkar kommuna,Tal av sætum hjá kvinnum,
2022,Løgting,Hósvíkar kommuna,Tal av sætum,
1984,Løgting,Hovs kommuna,Partur av sætum hjá kvinnum,
1984,Løgting,Hovs kommuna,Tal av sætum hjá kvinnum,
1984,Løgting,Hovs kommuna,Tal av sætum,
1988,Løgting,Hovs kommuna,Partur av sætum hjá kvinnum,
1988,Løgting,Hovs kommuna,Tal av sætum hjá kvinnum,
1988,Løgting,Hovs kommuna,Tal av sætum,
1990,Løgting,Hovs kommuna,Partur av sætum hjá kvinnum,
1990,Løgting,Hovs kommuna,Tal av sætum hjá kvinnum,
1990,Løgting,Hovs kommuna,Tal av sætum,
1992,Løgting,Hovs kommuna,Partur av sætum hjá kvinnum,
1992,Løgting,Hovs kommuna,Tal av sætum hjá kvinnum,
1992,Løgting,Hovs kommuna,Tal av sætum,
1994,Løgting,Hovs kommuna,Partur av sætum hjá kvinnum,
1994,Løgting,Hovs kommuna,Tal av sætum hjá kvinnum,
1994,Løgting,Hovs kommuna,Tal av sætum,
1996,Løgting,Hovs kommuna,Partur av sætum hjá kvinnum,
1996,Løgting,Hovs kommuna,Tal av sætum hjá kvinnum,
1996,Løgting,Hovs kommuna,Tal av sætum,
1998,Løgting,Hovs kommuna,Partur av sætum hjá kvinnum,
1998,Løgting,Hovs kommuna,Tal av sætum hjá kvinnum,
1998,Løgting,Hovs kommuna,Tal av sætum,
2000,Løgting,Hovs kommuna,Partur av sætum hjá kvinnum,
2000,Løgting,Hovs kommuna,Tal av sætum hjá kvinnum,
2000,Løgting,Hovs kommuna,Tal av sætum,
2002,Løgting,Hovs kommuna,Partur av sætum hjá kvinnum,
2002,Løgting,Hovs kommuna,Tal av sætum hjá kvinnum,
2002,Løgting,Hovs kommuna,Tal av sætum,
2004,Løgting,Hovs kommuna,Partur av sætum hjá kvinnum,
2004,Løgting,Hovs kommuna,Tal av sætum hjá kvinnum,
2004,Løgting,Hovs kommuna,Tal av sætum,
2008,Løgting,Hovs kommuna,Partur av sætum hjá kvinnum,
2008,Løgting,Hovs kommuna,Tal av sætum hjá kvinnum,
2008,Løgting,Hovs kommuna,Tal av sætum,
2011,Løgting,Hovs kommuna,Partur av sætum hjá kvinnum,
2011,Løgting,Hovs kommuna,Tal av sætum hjá kvinnum,
2011,Løgting,Hovs kommuna,Tal av sætum,
2012,Løgting,Hovs kommuna,Partur av sætum hjá kvinnum,
2012,Løgting,Hovs kommuna,Tal av sætum hjá kvinnum,
2012,Løgting,Hovs kommuna,Tal av sætum,
2015,Løgting,Hovs kommuna,Partur av sætum hjá kvinnum,
2015,Løgting,Hovs kommuna,Tal av sætum hjá kvinnum,
2015,Løgting,Hovs kommuna,Tal av sætum,
2016,Løgting,Hovs kommuna,Partur av sætum hjá kvinnum,
2016,Løgting,Hovs kommuna,Tal av sætum hjá kvinnum,
2016,Løgting,Hovs kommuna,Tal av sætum,
2019,Løgting,Hovs kommuna,Partur av sætum hjá kvinnum,
2019,Løgting,Hovs kommuna,Tal av sætum hjá kvinnum,
2019,Løgting,Hovs kommuna,Tal av sætum,
2020,Løgting,Hovs kommuna,Partur av sætum hjá kvinnum,
2020,Løgting,Hovs kommuna,Tal av sætum hjá kvinnum,
2020,Løgting,Hovs kommuna,Tal av sætum,
2022,Løgting,Hovs kommuna,Partur av sætum hjá kvinnum,
2022,Løgting,Hovs kommuna,Tal av sætum hjá kvinnum,
2022,Løgting,Hovs kommuna,Tal av sætum,
1984,Løgting,Húsa kommuna,Partur av sætum hjá kvinnum,
1984,Løgting,Húsa kommuna,Tal av sætum hjá kvinnum,
1984,Løgting,Húsa kommuna,Tal av sætum,
1988,Løgting,Húsa kommuna,Partur av sætum hjá kvinnum,
1988,Løgting,Húsa kommuna,Tal av sætum hjá kvinnum,
1988,Løgting,Húsa kommuna,Tal av sætum,
1990,Løgting,Húsa kommuna,Partur av sætum hjá kvinnum,
1990,Løgting,Húsa kommuna,Tal av sætum hjá kvinnum,
1990,Løgting,Húsa kommuna,Tal av sætum,
1992,Løgting,Húsa kommuna,Partur av sætum hjá kvinnum,
1992,Løgting,Húsa kommuna,Tal av sætum hjá kvinnum,
1992,Løgting,Húsa kommuna,Tal av sætum,
1994,Løgting,Húsa kommuna,Partur av sætum hjá kvinnum,
1994,Løgting,Húsa kommuna,Tal av sætum hjá kvinnum,
1994,Løgting,Húsa kommuna,Tal av sætum,
1996,Løgting,Húsa kommuna,Partur av sætum hjá kvinnum,
1996,Løgting,Húsa kommuna,Tal av sætum hjá kvinnum,
1996,Løgting,Húsa kommuna,Tal av sætum,
1998,Løgting,Húsa kommuna,Partur av sætum hjá kvinnum,
1998,Løgting,Húsa kommuna,Tal av sætum hjá kvinnum,
1998,Løgting,Húsa kommuna,Tal av sætum,
2000,Løgting,Húsa kommuna,Partur av sætum hjá kvinnum,
2000,Løgting,Húsa kommuna,Tal av sætum hjá kvinnum,
2000,Løgting,Húsa kommuna,Tal av sætum,
2002,Løgting,Húsa kommuna,Partur av sætum hjá kvinnum,
2002,Løgting,Húsa kommuna,Tal av sætum hjá kvinnum,
2002,Løgting,Húsa kommuna,Tal av sætum,
2004,Løgting,Húsa kommuna,Partur av sætum hjá kvinnum,
2004,Løgting,Húsa kommuna,Tal av sætum hjá kvinnum,
2004,Løgting,Húsa kommuna,Tal av sætum,
2008,Løgting,Húsa kommuna,Partur av sætum hjá kvinnum,
2008,Løgting,Húsa kommuna,Tal av sætum hjá kvinnum,
2008,Løgting,Húsa kommuna,Tal av sætum,
2011,Løgting,Húsa kommuna,Partur av sætum hjá kvinnum,
2011,Løgting,Húsa kommuna,Tal av sætum hjá kvinnum,
2011,Løgting,Húsa kommuna,Tal av sætum,
2012,Løgting,Húsa kommuna,Partur av sætum hjá kvinnum,
2012,Løgting,Húsa kommuna,Tal av sætum hjá kvinnum,
2012,Løgting,Húsa kommuna,Tal av sætum,
2015,Løgting,Húsa kommuna,Partur av sætum hjá kvinnum,
2015,Løgting,Húsa kommuna,Tal av sætum hjá kvinnum,
2015,Løgting,Húsa kommuna,Tal av sætum,
2016,Løgting,Húsa kommuna,Partur av sætum hjá kvinnum,
2016,Løgting,Húsa kommuna,Tal av sætum hjá kvinnum,
2016,Løgting,Húsa kommuna,Tal av sætum,
2019,Løgting,Húsa kommuna,Partur av sætum hjá kvinnum,
2019,Løgting,Húsa kommuna,Tal av sætum hjá kvinnum,
2019,Løgting,Húsa kommuna,Tal av sætum,
2020,Løgting,Húsa kommuna,Partur av sætum hjá kvinnum,
2020,Løgting,Húsa kommuna,Tal av sætum hjá kvinnum,
2020,Løgting,Húsa kommuna,Tal av sætum,
2022,Løgting,Húsa kommuna,Partur av sætum hjá kvinnum,
2022,Løgting,Húsa kommuna,Tal av sætum hjá kvinnum,
2022,Løgting,Húsa kommuna,Tal av sætum,
1984,Løgting,Húsavíkar kommuna,Partur av sætum hjá kvinnum,
1984,Løgting,Húsavíkar kommuna,Tal av sætum hjá kvinnum,
1984,Løgting,Húsavíkar kommuna,Tal av sætum,
1988,Løgting,Húsavíkar kommuna,Partur av sætum hjá kvinnum,
1988,Løgting,Húsavíkar kommuna,Tal av sætum hjá kvinnum,
1988,Løgting,Húsavíkar kommuna,Tal av sætum,
1990,Løgting,Húsavíkar kommuna,Partur av sætum hjá kvinnum,
1990,Løgting,Húsavíkar kommuna,Tal av sætum hjá kvinnum,
1990,Løgting,Húsavíkar kommuna,Tal av sætum,
1992,Løgting,Húsavíkar kommuna,Partur av sætum hjá kvinnum,
1992,Løgting,Húsavíkar kommuna,Tal av sætum hjá kvinnum,
1992,Løgting,Húsavíkar kommuna,Tal av sætum,
1994,Løgting,Húsavíkar kommuna,Partur av sætum hjá kvinnum,
1994,Løgting,Húsavíkar kommuna,Tal av sætum hjá kvinnum,
1994,Løgting,Húsavíkar kommuna,Tal av sætum,
1996,Løgting,Húsavíkar kommuna,Partur av sætum hjá kvinnum,
1996,Løgting,Húsavíkar kommuna,Tal av sætum hjá kvinnum,
1996,Løgting,Húsavíkar kommuna,Tal av sætum,
1998,Løgting,Húsavíkar kommuna,Partur av sætum hjá kvinnum,
1998,Løgting,Húsavíkar kommuna,Tal av sætum hjá kvinnum,
1998,Løgting,Húsavíkar kommuna,Tal av sætum,
2000,Løgting,Húsavíkar kommuna,Partur av sætum hjá kvinnum,
2000,Løgting,Húsavíkar kommuna,Tal av sætum hjá kvinnum,
2000,Løgting,Húsavíkar kommuna,Tal av sætum,
2002,Løgting,Húsavíkar kommuna,Partur av sætum hjá kvinnum,
2002,Løgting,Húsavíkar kommuna,Tal av sætum hjá kvinnum,
2002,Løgting,Húsavíkar kommuna,Tal av sætum,
2004,Løgting,Húsavíkar kommuna,Partur av sætum hjá kvinnum,
2004,Løgting,Húsavíkar kommuna,Tal av sætum hjá kvinnum,
2004,Løgting,Húsavíkar kommuna,Tal av sætum,
2008,Løgting,Húsavíkar kommuna,Partur av sætum hjá kvinnum,
2008,Løgting,Húsavíkar kommuna,Tal av sætum hjá kvinnum,
2008,Løgting,Húsavíkar kommuna,Tal av sætum,
2011,Løgting,Húsavíkar kommuna,Partur av sætum hjá kvinnum,
2011,Løgting,Húsavíkar kommuna,Tal av sætum hjá kvinnum,
2011,Løgting,Húsavíkar kommuna,Tal av sætum,
2012,Løgting,Húsavíkar kommuna,Partur av sætum hjá kvinnum,
2012,Løgting,Húsavíkar kommuna,Tal av sætum hjá kvinnum,
2012,Løgting,Húsavíkar kommuna,Tal av sætum,
2015,Løgting,Húsavíkar kommuna,Partur av sætum hjá kvinnum,
2015,Løgting,Húsavíkar kommuna,Tal av sætum hjá kvinnum,
2015,Løgting,Húsavíkar kommuna,Tal av sætum,
2016,Løgting,Húsavíkar kommuna,Partur av sætum hjá kvinnum,
2016,Løgting,Húsavíkar kommuna,Tal av sætum hjá kvinnum,
2016,Løgting,Húsavíkar kommuna,Tal av sætum,
2019,Løgting,Húsavíkar kommuna,Partur av sætum hjá kvinnum,
2019,Løgting,Húsavíkar kommuna,Tal av sætum hjá kvinnum,
2019,Løgting,Húsavíkar kommuna,Tal av sætum,
2020,Løgting,Húsavíkar kommuna,Partur av sætum hjá kvinnum,
2020,Løgting,Húsavíkar kommuna,Tal av sætum hjá kvinnum,
2020,Løgting,Húsavíkar kommuna,Tal av sætum,
2022,Løgting,Húsavíkar kommuna,Partur av sætum hjá kvinnum,
2022,Løgting,Húsavíkar kommuna,Tal av sætum hjá kvinnum,
2022,Løgting,Húsavíkar kommuna,Tal av sætum,
1984,Løgting,Hvalbiar kommuna,Partur av sætum hjá kvinnum,
1984,Løgting,Hvalbiar kommuna,Tal av sætum hjá kvinnum,
1984,Løgting,Hvalbiar kommuna,Tal av sætum,
1988,Løgting,Hvalbiar kommuna,Partur av sætum hjá kvinnum,
1988,Løgting,Hvalbiar kommuna,Tal av sætum hjá kvinnum,
1988,Løgting,Hvalbiar kommuna,Tal av sætum,
1990,Løgting,Hvalbiar kommuna,Partur av sætum hjá kvinnum,
1990,Løgting,Hvalbiar kommuna,Tal av sætum hjá kvinnum,
1990,Løgting,Hvalbiar kommuna,Tal av sætum,
1992,Løgting,Hvalbiar kommuna,Partur av sætum hjá kvinnum,
1992,Løgting,Hvalbiar kommuna,Tal av sætum hjá kvinnum,
1992,Løgting,Hvalbiar kommuna,Tal av sætum,
1994,Løgting,Hvalbiar kommuna,Partur av sætum hjá kvinnum,
1994,Løgting,Hvalbiar kommuna,Tal av sætum hjá kvinnum,
1994,Løgting,Hvalbiar kommuna,Tal av sætum,
1996,Løgting,Hvalbiar kommuna,Partur av sætum hjá kvinnum,
1996,Løgting,Hvalbiar kommuna,Tal av sætum hjá kvinnum,
1996,Løgting,Hvalbiar kommuna,Tal av sætum,
1998,Løgting,Hvalbiar kommuna,Partur av sætum hjá kvinnum,
1998,Løgting,Hvalbiar kommuna,Tal av sætum hjá kvinnum,
1998,Løgting,Hvalbiar kommuna,Tal av sætum,
2000,Løgting,Hvalbiar kommuna,Partur av sætum hjá kvinnum,
2000,Løgting,Hvalbiar kommuna,Tal av sætum hjá kvinnum,
2000,Løgting,Hvalbiar kommuna,Tal av sætum,
2002,Løgting,Hvalbiar kommuna,Partur av sætum hjá kvinnum,
2002,Løgting,Hvalbiar kommuna,Tal av sætum hjá kvinnum,
2002,Løgting,Hvalbiar kommuna,Tal av sætum,
2004,Løgting,Hvalbiar kommuna,Partur av sætum hjá kvinnum,
2004,Løgting,Hvalbiar kommuna,Tal av sætum hjá kvinnum,
2004,Løgting,Hvalbiar kommuna,Tal av sætum,
2008,Løgting,Hvalbiar kommuna,Partur av sætum hjá kvinnum,
2008,Løgting,Hvalbiar kommuna,Tal av sætum hjá kvinnum,
2008,Løgting,Hvalbiar kommuna,Tal av sætum,
2011,Løgting,Hvalbiar kommuna,Partur av sætum hjá kvinnum,
2011,Løgting,Hvalbiar kommuna,Tal av sætum hjá kvinnum,
2011,Løgting,Hvalbiar kommuna,Tal av sætum,
2012,Løgting,Hvalbiar kommuna,Partur av sætum hjá kvinnum,
2012,Løgting,Hvalbiar kommuna,Tal av sætum hjá kvinnum,
2012,Løgting,Hvalbiar kommuna,Tal av sætum,
2015,Løgting,Hvalbiar kommuna,Partur av sætum hjá kvinnum,
2015,Løgting,Hvalbiar kommuna,Tal av sætum hjá kvinnum,
2015,Løgting,Hvalbiar kommuna,Tal av sætum,
2016,Løgting,Hvalbiar kommuna,Partur av sætum hjá kvinnum,
2016,Løgting,Hvalbiar kommuna,Tal av sætum hjá kvinnum,
2016,Løgting,Hvalbiar kommuna,Tal av sætum,
2019,Løgting,Hvalbiar kommuna,Partur av sætum hjá kvinnum,
2019,Løgting,Hvalbiar kommuna,Tal av sætum hjá kvinnum,
2019,Løgting,Hvalbiar kommuna,Tal av sætum,
2020,Løgting,Hvalbiar kommuna,Partur av sætum hjá kvinnum,
2020,Løgting,Hvalbiar kommuna,Tal av sætum hjá kvinnum,
2020,Løgting,Hvalbiar kommuna,Tal av sætum,
2022,Løgting,Hvalbiar kommuna,Partur av sætum hjá kvinnum,
2022,Løgting,Hvalbiar kommuna,Tal av sætum hjá kvinnum,
2022,Løgting,Hvalbiar kommuna,Tal av sætum,
1984,Løgting,Hvalvíkar kommuna,Partur av sætum hjá kvinnum,
1984,Løgting,Hvalvíkar kommuna,Tal av sætum hjá kvinnum,
1984,Løgting,Hvalvíkar kommuna,Tal av sætum,
1988,Løgting,Hvalvíkar kommuna,Partur av sætum hjá kvinnum,
1988,Løgting,Hvalvíkar kommuna,Tal av sætum hjá kvinnum,
1988,Løgting,Hvalvíkar kommuna,Tal av sætum,
1990,Løgting,Hvalvíkar kommuna,Partur av sætum hjá kvinnum,
1990,Løgting,Hvalvíkar kommuna,Tal av sætum hjá kvinnum,
1990,Løgting,Hvalvíkar kommuna,Tal av sætum,
1992,Løgting,Hvalvíkar kommuna,Partur av sætum hjá kvinnum,
1992,Løgting,Hvalvíkar kommuna,Tal av sætum hjá kvinnum,
1992,Løgting,Hvalvíkar kommuna,Tal av sætum,
1994,Løgting,Hvalvíkar kommuna,Partur av sætum hjá kvinnum,
1994,Løgting,Hvalvíkar kommuna,Tal av sætum hjá kvinnum,
1994,Løgting,Hvalvíkar kommuna,Tal av sætum,
1996,Løgting,Hvalvíkar kommuna,Partur av sætum hjá kvinnum,
1996,Løgting,Hvalvíkar kommuna,Tal av sætum hjá kvinnum,
1996,Løgting,Hvalvíkar kommuna,Tal av sætum,
1998,Løgting,Hvalvíkar kommuna,Partur av sætum hjá kvinnum,
1998,Løgting,Hvalvíkar kommuna,Tal av sætum hjá kvinnum,
1998,Løgting,Hvalvíkar kommuna,Tal av sætum,
2000,Løgting,Hvalvíkar kommuna,Partur av sætum hjá kvinnum,
2000,Løgting,Hvalvíkar kommuna,Tal av sætum hjá kvinnum,
2000,Løgting,Hvalvíkar kommuna,Tal av sætum,
2002,Løgting,Hvalvíkar kommuna,Partur av sætum hjá kvinnum,
2002,Løgting,Hvalvíkar kommuna,Tal av sætum hjá kvinnum,
2002,Løgting,Hvalvíkar kommuna,Tal av sætum,
2004,Løgting,Hvalvíkar kommuna,Partur av sætum hjá kvinnum,
2004,Løgting,Hvalvíkar kommuna,Tal av sætum hjá kvinnum,
2004,Løgting,Hvalvíkar kommuna,Tal av sætum,
2008,Løgting,Hvalvíkar kommuna,Partur av sætum hjá kvinnum,
2008,Løgting,Hvalvíkar kommuna,Tal av sætum hjá kvinnum,
2008,Løgting,Hvalvíkar kommuna,Tal av sætum,
2011,Løgting,Hvalvíkar kommuna,Partur av sætum hjá kvinnum,
2011,Løgting,Hvalvíkar kommuna,Tal av sætum hjá kvinnum,
2011,Løgting,Hvalvíkar kommuna,Tal av sætum,
2012,Løgting,Hvalvíkar kommuna,Partur av sætum hjá kvinnum,
2012,Løgting,Hvalvíkar kommuna,Tal av sætum hjá kvinnum,
2012,Løgting,Hvalvíkar kommuna,Tal av sætum,
2015,Løgting,Hvalvíkar kommuna,Partur av sætum hjá kvinnum,
2015,Løgting,Hvalvíkar kommuna,Tal av sætum hjá kvinnum,
2015,Løgting,Hvalvíkar kommuna,Tal av sætum,
2016,Løgting,Hvalvíkar kommuna,Partur av sætum hjá kvinnum,
2016,Løgting,Hvalvíkar kommuna,Tal av sætum hjá kvinnum,
2016,Løgting,Hvalvíkar kommuna,Tal av sætum,
2019,Løgting,Hvalvíkar kommuna,Partur av sætum hjá kvinnum,
2019,Løgting,Hvalvíkar kommuna,Tal av sætum hjá kvinnum,
2019,Løgting,Hvalvíkar kommuna,Tal av sætum,
2020,Løgting,Hvalvíkar kommuna,Partur av sætum hjá kvinnum,
2020,Løgting,Hvalvíkar kommuna,Tal av sætum hjá kvinnum,
2020,Løgting,Hvalvíkar kommuna,Tal av sætum,
2022,Løgting,Hvalvíkar kommuna,Partur av sætum hjá kvinnum,
2022,Løgting,Hvalvíkar kommuna,Tal av sætum hjá kvinnum,
2022,Løgting,Hvalvíkar kommuna,Tal av sætum,
1984,Løgting,Hvannasunds kommuna,Partur av sætum hjá kvinnum,
1984,Løgting,Hvannasunds kommuna,Tal av sætum hjá kvinnum,
1984,Løgting,Hvannasunds kommuna,Tal av sætum,
1988,Løgting,Hvannasunds kommuna,Partur av sætum hjá kvinnum,
1988,Løgting,Hvannasunds kommuna,Tal av sætum hjá kvinnum,
1988,Løgting,Hvannasunds kommuna,Tal av sætum,
1990,Løgting,Hvannasunds kommuna,Partur av sætum hjá kvinnum,
1990,Løgting,Hvannasunds kommuna,Tal av sætum hjá kvinnum,
1990,Løgting,Hvannasunds kommuna,Tal av sætum,
1992,Løgting,Hvannasunds kommuna,Partur av sætum hjá kvinnum,
1992,Løgting,Hvannasunds kommuna,Tal av sætum hjá kvinnum,
1992,Løgting,Hvannasunds kommuna,Tal av sætum,
1994,Løgting,Hvannasunds kommuna,Partur av sætum hjá kvinnum,
1994,Løgting,Hvannasunds kommuna,Tal av sætum hjá kvinnum,
1994,Løgting,Hvannasunds kommuna,Tal av sætum,
1996,Løgting,Hvannasunds kommuna,Partur av sætum hjá kvinnum,
1996,Løgting,Hvannasunds kommuna,Tal av sætum hjá kvinnum,
1996,Løgting,Hvannasunds kommuna,Tal av sætum,
1998,Løgting,Hvannasunds kommuna,Partur av sætum hjá kvinnum,
1998,Løgting,Hvannasunds kommuna,Tal av sætum hjá kvinnum,
1998,Løgting,Hvannasunds kommuna,Tal av sætum,
2000,Løgting,Hvannasunds kommuna,Partur av sætum hjá kvinnum,
2000,Løgting,Hvannasunds kommuna,Tal av sætum hjá kvinnum,
2000,Løgting,Hvannasunds kommuna,Tal av sætum,
2002,Løgting,Hvannasunds kommuna,Partur av sætum hjá kvinnum,
2002,Løgting,Hvannasunds kommuna,Tal av sætum hjá kvinnum,
2002,Løgting,Hvannasunds kommuna,Tal av sætum,
2004,Løgting,Hvannasunds kommuna,Partur av sætum hjá kvinnum,
2004,Løgting,Hvannasunds kommuna,Tal av sætum hjá kvinnum,
2004,Løgting,Hvannasunds kommuna,Tal av sætum,
2008,Løgting,Hvannasunds kommuna,Partur av sætum hjá kvinnum,
2008,Løgting,Hvannasunds kommuna,Tal av sætum hjá kvinnum,
2008,Løgting,Hvannasunds kommuna,Tal av sætum,
2011,Løgting,Hvannasunds kommuna,Partur av sætum hjá kvinnum,
2011,Løgting,Hvannasunds kommuna,Tal av sætum hjá kvinnum,
2011,Løgting,Hvannasunds kommuna,Tal av sætum,
2012,Løgting,Hvannasunds kommuna,Partur av sætum hjá kvinnum,
2012,Løgting,Hvannasunds kommuna,Tal av sætum hjá kvinnum,
2012,Løgting,Hvannasunds kommuna,Tal av sætum,
2015,Løgting,Hvannasunds kommuna,Partur av sætum hjá kvinnum,
2015,Løgting,Hvannasunds kommuna,Tal av sætum hjá kvinnum,
2015,Løgting,Hvannasunds kommuna,Tal av sætum,
2016,Løgting,Hvannasunds kommuna,Partur av sætum hjá kvinnum,
2016,Løgting,Hvannasunds kommuna,Tal av sætum hjá kvinnum,
2016,Løgting,Hvannasunds kommuna,Tal av sætum,
2019,Løgting,Hvannasunds kommuna,Partur av sætum hjá kvinnum,
2019,Løgting,Hvannasunds kommuna,Tal av sætum hjá kvinnum,
2019,Løgting,Hvannasunds kommuna,Tal av sætum,
2020,Løgting,Hvannasunds kommuna,Partur av sætum hjá kvinnum,
2020,Løgting,Hvannasunds kommuna,Tal av sætum hjá kvinnum,
2020,Løgting,Hvannasunds kommuna,Tal av sætum,
2022,Løgting,Hvannasunds kommuna,Partur av sætum hjá kvinnum,
2022,Løgting,Hvannasunds kommuna,Tal av sætum hjá kvinnum,
2022,Løgting,Hvannasunds kommuna,Tal av sætum,
1984,Løgting,Kirkjubøar kommuna,Partur av sætum hjá kvinnum,
1984,Løgting,Kirkjubøar kommuna,Tal av sætum hjá kvinnum,
1984,Løgting,Kirkjubøar kommuna,Tal av sætum,
1988,Løgting,Kirkjubøar kommuna,Partur av sætum hjá kvinnum,
1988,Løgting,Kirkjubøar kommuna,Tal av sætum hjá kvinnum,
1988,Løgting,Kirkjubøar kommuna,Tal av sætum,
1990,Løgting,Kirkjubøar kommuna,Partur av sætum hjá kvinnum,
1990,Løgting,Kirkjubøar kommuna,Tal av sætum hjá kvinnum,
1990,Løgting,Kirkjubøar kommuna,Tal av sætum,
1992,Løgting,Kirkjubøar kommuna,Partur av sætum hjá kvinnum,
1992,Løgting,Kirkjubøar kommuna,Tal av sætum hjá kvinnum,
1992,Løgting,Kirkjubøar kommuna,Tal av sætum,
1994,Løgting,Kirkjubøar kommuna,Partur av sætum hjá kvinnum,
1994,Løgting,Kirkjubøar kommuna,Tal av sætum hjá kvinnum,
1994,Løgting,Kirkjubøar kommuna,Tal av sætum,
1996,Løgting,Kirkjubøar kommuna,Partur av sætum hjá kvinnum,
1996,Løgting,Kirkjubøar kommuna,Tal av sætum hjá kvinnum,
1996,Løgting,Kirkjubøar kommuna,Tal av sætum,
1998,Løgting,Kirkjubøar kommuna,Partur av sætum hjá kvinnum,
1998,Løgting,Kirkjubøar kommuna,Tal av sætum hjá kvinnum,
1998,Løgting,Kirkjubøar kommuna,Tal av sætum,
2000,Løgting,Kirkjubøar kommuna,Partur av sætum hjá kvinnum,
2000,Løgting,Kirkjubøar kommuna,Tal av sætum hjá kvinnum,
2000,Løgting,Kirkjubøar kommuna,Tal av sætum,
2002,Løgting,Kirkjubøar kommuna,Partur av sætum hjá kvinnum,
2002,Løgting,Kirkjubøar kommuna,Tal av sætum hjá kvinnum,
2002,Løgting,Kirkjubøar kommuna,Tal av sætum,
2004,Løgting,Kirkjubøar kommuna,Partur av sætum hjá kvinnum,
2004,Løgting,Kirkjubøar kommuna,Tal av sætum hjá kvinnum,
2004,Løgting,Kirkjubøar kommuna,Tal av sætum,
2008,Løgting,Kirkjubøar kommuna,Partur av sætum hjá kvinnum,
2008,Løgting,Kirkjubøar kommuna,Tal av sætum hjá kvinnum,
2008,Løgting,Kirkjubøar kommuna,Tal av sætum,
2011,Løgting,Kirkjubøar kommuna,Partur av sætum hjá kvinnum,
2011,Løgting,Kirkjubøar kommuna,Tal av sætum hjá kvinnum,
2011,Løgting,Kirkjubøar kommuna,Tal av sætum,
2012,Løgting,Kirkjubøar kommuna,Partur av sætum hjá kvinnum,
2012,Løgting,Kirkjubøar kommuna,Tal av sætum hjá kvinnum,
2012,Løgting,Kirkjubøar kommuna,Tal av sætum,
2015,Løgting,Kirkjubøar kommuna,Partur av sætum hjá kvinnum,
2015,Løgting,Kirkjubøar kommuna,Tal av sætum hjá kvinnum,
2015,Løgting,Kirkjubøar kommuna,Tal av sætum,
2016,Løgting,Kirkjubøar kommuna,Partur av sætum hjá kvinnum,
2016,Løgting,Kirkjubøar kommuna,Tal av sætum hjá kvinnum,
2016,Løgting,Kirkjubøar kommuna,Tal av sætum,
2019,Løgting,Kirkjubøar kommuna,Partur av sætum hjá kvinnum,
2019,Løgting,Kirkjubøar kommuna,Tal av sætum hjá kvinnum,
2019,Løgting,Kirkjubøar kommuna,Tal av sætum,
2020,Løgting,Kirkjubøar kommuna,Partur av sætum hjá kvinnum,
2020,Løgting,Kirkjubøar kommuna,Tal av sætum hjá kvinnum,
2020,Løgting,Kirkjubøar kommuna,Tal av sætum,
2022,Løgting,Kirkjubøar kommuna,Partur av sætum hjá kvinnum,
2022,Løgting,Kirkjubøar kommuna,Tal av sætum hjá kvinnum,
2022,Løgting,Kirkjubøar kommuna,Tal av sætum,
1984,Løgting,Klaksvíkar kommuna,Partur av sætum hjá kvinnum,
1984,Løgting,Klaksvíkar kommuna,Tal av sætum hjá kvinnum,
1984,Løgting,Klaksvíkar kommuna,Tal av sætum,
1988,Løgting,Klaksvíkar kommuna,Partur av sætum hjá kvinnum,
1988,Løgting,Klaksvíkar kommuna,Tal av sætum hjá kvinnum,
1988,Løgting,Klaksvíkar kommuna,Tal av sætum,
1990,Løgting,Klaksvíkar kommuna,Partur av sætum hjá kvinnum,
1990,Løgting,Klaksvíkar kommuna,Tal av sætum hjá kvinnum,
1990,Løgting,Klaksvíkar kommuna,Tal av sætum,
1992,Løgting,Klaksvíkar kommuna,Partur av sætum hjá kvinnum,
1992,Løgting,Klaksvíkar kommuna,Tal av sætum hjá kvinnum,
1992,Løgting,Klaksvíkar kommuna,Tal av sætum,
1994,Løgting,Klaksvíkar kommuna,Partur av sætum hjá kvinnum,
1994,Løgting,Klaksvíkar kommuna,Tal av sætum hjá kvinnum,
1994,Løgting,Klaksvíkar kommuna,Tal av sætum,
1996,Løgting,Klaksvíkar kommuna,Partur av sætum hjá kvinnum,
1996,Løgting,Klaksvíkar kommuna,Tal av sætum hjá kvinnum,
1996,Løgting,Klaksvíkar kommuna,Tal av sætum,
1998,Løgting,Klaksvíkar kommuna,Partur av sætum hjá kvinnum,
1998,Løgting,Klaksvíkar kommuna,Tal av sætum hjá kvinnum,
1998,Løgting,Klaksvíkar kommuna,Tal av sætum,
2000,Løgting,Klaksvíkar kommuna,Partur av sætum hjá kvinnum,
2000,Løgting,Klaksvíkar kommuna,Tal av sætum hjá kvinnum,
2000,Løgting,Klaksvíkar kommuna,Tal av sætum,
2002,Løgting,Klaksvíkar kommuna,Partur av sætum hjá kvinnum,
2002,Løgting,Klaksvíkar kommuna,Tal av sætum hjá kvinnum,
2002,Løgting,Klaksvíkar kommuna,Tal av sætum,
2004,Løgting,Klaksvíkar kommuna,Partur av sætum hjá kvinnum,
2004,Løgting,Klaksvíkar kommuna,Tal av sætum hjá kvinnum,
2004,Løgting,Klaksvíkar kommuna,Tal av sætum,
2008,Løgting,Klaksvíkar kommuna,Partur av sætum hjá kvinnum,
2008,Løgting,Klaksvíkar kommuna,Tal av sætum hjá kvinnum,
2008,Løgting,Klaksvíkar kommuna,Tal av sætum,
2011,Løgting,Klaksvíkar kommuna,Partur av sætum hjá kvinnum,
2011,Løgting,Klaksvíkar kommuna,Tal av sætum hjá kvinnum,
2011,Løgting,Klaksvíkar kommuna,Tal av sætum,
2012,Løgting,Klaksvíkar kommuna,Partur av sætum hjá kvinnum,
2012,Løgting,Klaksvíkar kommuna,Tal av sætum hjá kvinnum,
2012,Løgting,Klaksvíkar kommuna,Tal av sætum,
2015,Løgting,Klaksvíkar kommuna,Partur av sætum hjá kvinnum,
2015,Løgting,Klaksvíkar kommuna,Tal av sætum hjá kvinnum,
2015,Løgting,Klaksvíkar kommuna,Tal av sætum,
2016,Løgting,Klaksvíkar kommuna,Partur av sætum hjá kvinnum,
2016,Løgting,Klaksvíkar kommuna,Tal av sætum hjá kvinnum,
2016,Løgting,Klaksvíkar kommuna,Tal av sætum,
2019,Løgting,Klaksvíkar kommuna,Partur av sætum hjá kvinnum,
2019,Løgting,Klaksvíkar kommuna,Tal av sætum hjá kvinnum,
2019,Løgting,Klaksvíkar kommuna,Tal av sætum,
2020,Løgting,Klaksvíkar kommuna,Partur av sætum hjá kvinnum,
2020,Løgting,Klaksvíkar kommuna,Tal av sætum hjá kvinnum,
2020,Løgting,Klaksvíkar kommuna,Tal av sætum,
2022,Løgting,Klaksvíkar kommuna,Partur av sætum hjá kvinnum,
2022,Løgting,Klaksvíkar kommuna,Tal av sætum hjá kvinnum,
2022,Løgting,Klaksvíkar kommuna,Tal av sætum,
1984,Løgting,Kollafjarðar kommuna,Partur av sætum hjá kvinnum,
1984,Løgting,Kollafjarðar kommuna,Tal av sætum hjá kvinnum,
1984,Løgting,Kollafjarðar kommuna,Tal av sætum,
1988,Løgting,Kollafjarðar kommuna,Partur av sætum hjá kvinnum,
1988,Løgting,Kollafjarðar kommuna,Tal av sætum hjá kvinnum,
1988,Løgting,Kollafjarðar kommuna,Tal av sætum,
1990,Løgting,Kollafjarðar kommuna,Partur av sætum hjá kvinnum,
1990,Løgting,Kollafjarðar kommuna,Tal av sætum hjá kvinnum,
1990,Løgting,Kollafjarðar kommuna,Tal av sætum,
1992,Løgting,Kollafjarðar kommuna,Partur av sætum hjá kvinnum,
1992,Løgting,Kollafjarðar kommuna,Tal av sætum hjá kvinnum,
1992,Løgting,Kollafjarðar kommuna,Tal av sætum,
1994,Løgting,Kollafjarðar kommuna,Partur av sætum hjá kvinnum,
1994,Løgting,Kollafjarðar kommuna,Tal av sætum hjá kvinnum,
1994,Løgting,Kollafjarðar kommuna,Tal av sætum,
1996,Løgting,Kollafjarðar kommuna,Partur av sætum hjá kvinnum,
1996,Løgting,Kollafjarðar kommuna,Tal av sætum hjá kvinnum,
1996,Løgting,Kollafjarðar kommuna,Tal av sætum,
1998,Løgting,Kollafjarðar kommuna,Partur av sætum hjá kvinnum,
1998,Løgting,Kollafjarðar kommuna,Tal av sætum hjá kvinnum,
1998,Løgting,Kollafjarðar kommuna,Tal av sætum,
2000,Løgting,Kollafjarðar kommuna,Partur av sætum hjá kvinnum,
2000,Løgting,Kollafjarðar kommuna,Tal av sætum hjá kvinnum,
2000,Løgting,Kollafjarðar kommuna,Tal av sætum,
2002,Løgting,Kollafjarðar kommuna,Partur av sætum hjá kvinnum,
2002,Løgting,Kollafjarðar kommuna,Tal av sætum hjá kvinnum,
2002,Løgting,Kollafjarðar kommuna,Tal av sætum,
2004,Løgting,Kollafjarðar kommuna,Partur av sætum hjá kvinnum,
2004,Løgting,Kollafjarðar kommuna,Tal av sætum hjá kvinnum,
2004,Løgting,Kollafjarðar kommuna,Tal av sætum,
2008,Løgting,Kollafjarðar kommuna,Partur av sætum hjá kvinnum,
2008,Løgting,Kollafjarðar kommuna,Tal av sætum hjá kvinnum,
2008,Løgting,Kollafjarðar kommuna,Tal av sætum,
2011,Løgting,Kollafjarðar kommuna,Partur av sætum hjá kvinnum,
2011,Løgting,Kollafjarðar kommuna,Tal av sætum hjá kvinnum,
2011,Løgting,Kollafjarðar kommuna,Tal av sætum,
2012,Løgting,Kollafjarðar kommuna,Partur av sætum hjá kvinnum,
2012,Løgting,Kollafjarðar kommuna,Tal av sætum hjá kvinnum,
2012,Løgting,Kollafjarðar kommuna,Tal av sætum,
2015,Løgting,Kollafjarðar kommuna,Partur av sætum hjá kvinnum,
2015,Løgting,Kollafjarðar kommuna,Tal av sætum hjá kvinnum,
2015,Løgting,Kollafjarðar kommuna,Tal av sætum,
2016,Løgting,Kollafjarðar kommuna,Partur av sætum hjá kvinnum,
2016,Løgting,Kollafjarðar kommuna,Tal av sætum hjá kvinnum,
2016,Løgting,Kollafjarðar kommuna,Tal av sætum,
2019,Løgting,Kollafjarðar kommuna,Partur av sætum hjá kvinnum,
2019,Løgting,Kollafjarðar kommuna,Tal av sætum hjá kvinnum,
2019,Løgting,Kollafjarðar kommuna,Tal av sætum,
2020,Løgting,Kollafjarðar kommuna,Partur av sætum hjá kvinnum,
2020,Løgting,Kollafjarðar kommuna,Tal av sætum hjá kvinnum,
2020,Løgting,Kollafjarðar kommuna,Tal av sætum,
2022,Løgting,Kollafjarðar kommuna,Partur av sætum hjá kvinnum,
2022,Løgting,Kollafjarðar kommuna,Tal av sætum hjá kvinnum,
2022,Løgting,Kollafjarðar kommuna,Tal av sætum,
1984,Løgting,Kunoyar kommuna,Partur av sætum hjá kvinnum,
1984,Løgting,Kunoyar kommuna,Tal av sætum hjá kvinnum,
1984,Løgting,Kunoyar kommuna,Tal av sætum,
1988,Løgting,Kunoyar kommuna,Partur av sætum hjá kvinnum,
1988,Løgting,Kunoyar kommuna,Tal av sætum hjá kvinnum,
1988,Løgting,Kunoyar kommuna,Tal av sætum,
1990,Løgting,Kunoyar kommuna,Partur av sætum hjá kvinnum,
1990,Løgting,Kunoyar kommuna,Tal av sætum hjá kvinnum,
1990,Løgting,Kunoyar kommuna,Tal av sætum,
1992,Løgting,Kunoyar kommuna,Partur av sætum hjá kvinnum,
1992,Løgting,Kunoyar kommuna,Tal av sætum hjá kvinnum,
1992,Løgting,Kunoyar kommuna,Tal av sætum,
1994,Løgting,Kunoyar kommuna,Partur av sætum hjá kvinnum,
1994,Løgting,Kunoyar kommuna,Tal av sætum hjá kvinnum,
1994,Løgting,Kunoyar kommuna,Tal av sætum,
1996,Løgting,Kunoyar kommuna,Partur av sætum hjá kvinnum,
1996,Løgting,Kunoyar kommuna,Tal av sætum hjá kvinnum,
1996,Løgting,Kunoyar kommuna,Tal av sætum,
1998,Løgting,Kunoyar kommuna,Partur av sætum hjá kvinnum,
1998,Løgting,Kunoyar kommuna,Tal av sætum hjá kvinnum,
1998,Løgting,Kunoyar kommuna,Tal av sætum,
2000,Løgting,Kunoyar kommuna,Partur av sætum hjá kvinnum,
2000,Løgting,Kunoyar kommuna,Tal av sætum hjá kvinnum,
2000,Løgting,Kunoyar kommuna,Tal av sætum,
2002,Løgting,Kunoyar kommuna,Partur av sætum hjá kvinnum,
2002,Løgting,Kunoyar kommuna,Tal av sætum hjá kvinnum,
2002,Løgting,Kunoyar kommuna,Tal av sætum,
2004,Løgting,Kunoyar kommuna,Partur av sætum hjá kvinnum,
2004,Løgting,Kunoyar kommuna,Tal av sætum hjá kvinnum,
2004,Løgting,Kunoyar kommuna,Tal av sætum,
2008,Løgting,Kunoyar kommuna,Partur av sætum hjá kvinnum,
2008,Løgting,Kunoyar kommuna,Tal av sætum hjá kvinnum,
2008,Løgting,Kunoyar kommuna,Tal av sætum,
2011,Løgting,Kunoyar kommuna,Partur av sætum hjá kvinnum,
2011,Løgting,Kunoyar kommuna,Tal av sætum hjá kvinnum,
2011,Løgting,Kunoyar kommuna,Tal av sætum,
2012,Løgting,Kunoyar kommuna,Partur av sætum hjá kvinnum,
2012,Løgting,Kunoyar kommuna,Tal av sætum hjá kvinnum,
2012,Løgting,Kunoyar kommuna,Tal av sætum,
2015,Løgting,Kunoyar kommuna,Partur av sætum hjá kvinnum,
2015,Løgting,Kunoyar kommuna,Tal av sætum hjá kvinnum,
2015,Løgting,Kunoyar kommuna,Tal av sætum,
2016,Løgting,Kunoyar kommuna,Partur av sætum hjá kvinnum,
2016,Løgting,Kunoyar kommuna,Tal av sætum hjá kvinnum,
2016,Løgting,Kunoyar kommuna,Tal av sætum,
2019,Løgting,Kunoyar kommuna,Partur av sætum hjá kvinnum,
2019,Løgting,Kunoyar kommuna,Tal av sætum hjá kvinnum,
2019,Løgting,Kunoyar kommuna,Tal av sætum,
2020,Løgting,Kunoyar kommuna,Partur av sætum hjá kvinnum,
2020,Løgting,Kunoyar kommuna,Tal av sætum hjá kvinnum,
2020,Løgting,Kunoyar kommuna,Tal av sætum,
2022,Løgting,Kunoyar kommuna,Partur av sætum hjá kvinnum,
2022,Løgting,Kunoyar kommuna,Tal av sætum hjá kvinnum,
2022,Løgting,Kunoyar kommuna,Tal av sætum,
1984,Løgting,Kvívíkar kommuna,Partur av sætum hjá kvinnum,
1984,Løgting,Kvívíkar kommuna,Tal av sætum hjá kvinnum,
1984,Løgting,Kvívíkar kommuna,Tal av sætum,
1988,Løgting,Kvívíkar kommuna,Partur av sætum hjá kvinnum,
1988,Løgting,Kvívíkar kommuna,Tal av sætum hjá kvinnum,
1988,Løgting,Kvívíkar kommuna,Tal av sætum,
1990,Løgting,Kvívíkar kommuna,Partur av sætum hjá kvinnum,
1990,Løgting,Kvívíkar kommuna,Tal av sætum hjá kvinnum,
1990,Løgting,Kvívíkar kommuna,Tal av sætum,
1992,Løgting,Kvívíkar kommuna,Partur av sætum hjá kvinnum,
1992,Løgting,Kvívíkar kommuna,Tal av sætum hjá kvinnum,
1992,Løgting,Kvívíkar kommuna,Tal av sætum,
1994,Løgting,Kvívíkar kommuna,Partur av sætum hjá kvinnum,
1994,Løgting,Kvívíkar kommuna,Tal av sætum hjá kvinnum,
1994,Løgting,Kvívíkar kommuna,Tal av sætum,
1996,Løgting,Kvívíkar kommuna,Partur av sætum hjá kvinnum,
1996,Løgting,Kvívíkar kommuna,Tal av sætum hjá kvinnum,
1996,Løgting,Kvívíkar kommuna,Tal av sætum,
1998,Løgting,Kvívíkar kommuna,Partur av sætum hjá kvinnum,
1998,Løgting,Kvívíkar kommuna,Tal av sætum hjá kvinnum,
1998,Løgting,Kvívíkar kommuna,Tal av sætum,
2000,Løgting,Kvívíkar kommuna,Partur av sætum hjá kvinnum,
2000,Løgting,Kvívíkar kommuna,Tal av sætum hjá kvinnum,
2000,Løgting,Kvívíkar kommuna,Tal av sætum,
2002,Løgting,Kvívíkar kommuna,Partur av sætum hjá kvinnum,
2002,Løgting,Kvívíkar kommuna,Tal av sætum hjá kvinnum,
2002,Løgting,Kvívíkar kommuna,Tal av sætum,
2004,Løgting,Kvívíkar kommuna,Partur av sætum hjá kvinnum,
2004,Løgting,Kvívíkar kommuna,Tal av sætum hjá kvinnum,
2004,Løgting,Kvívíkar kommuna,Tal av sætum,
2008,Løgting,Kvívíkar kommuna,Partur av sætum hjá kvinnum,
2008,Løgting,Kvívíkar kommuna,Tal av sætum hjá kvinnum,
2008,Løgting,Kvívíkar kommuna,Tal av sætum,
2011,Løgting,Kvívíkar kommuna,Partur av sætum hjá kvinnum,
2011,Løgting,Kvívíkar kommuna,Tal av sætum hjá kvinnum,
2011,Løgting,Kvívíkar kommuna,Tal av sætum,
2012,Løgting,Kvívíkar kommuna,Partur av sætum hjá kvinnum,
2012,Løgting,Kvívíkar kommuna,Tal av sætum hjá kvinnum,
2012,Løgting,Kvívíkar kommuna,Tal av sætum,
2015,Løgting,Kvívíkar kommuna,Partur av sætum hjá kvinnum,
2015,Løgting,Kvívíkar kommuna,Tal av sætum hjá kvinnum,
2015,Løgting,Kvívíkar kommuna,Tal av sætum,
2016,Løgting,Kvívíkar kommuna,Partur av sætum hjá kvinnum,
2016,Løgting,Kvívíkar kommuna,Tal av sætum hjá kvinnum,
2016,Løgting,Kvívíkar kommuna,Tal av sætum,
2019,Løgting,Kvívíkar kommuna,Partur av sætum hjá kvinnum,
2019,Løgting,Kvívíkar kommuna,Tal av sætum hjá kvinnum,
2019,Løgting,Kvívíkar kommuna,Tal av sætum,
2020,Løgting,Kvívíkar kommuna,Partur av sætum hjá kvinnum,
2020,Løgting,Kvívíkar kommuna,Tal av sætum hjá kvinnum,
2020,Løgting,Kvívíkar kommuna,Tal av sætum,
2022,Løgting,Kvívíkar kommuna,Partur av sætum hjá kvinnum,
2022,Løgting,Kvívíkar kommuna,Tal av sætum hjá kvinnum,
2022,Løgting,Kvívíkar kommuna,Tal av sætum,
1984,Løgting,Leirvíkar kommuna,Partur av sætum hjá kvinnum,
1984,Løgting,Leirvíkar kommuna,Tal av sætum hjá kvinnum,
1984,Løgting,Leirvíkar kommuna,Tal av sætum,
1988,Løgting,Leirvíkar kommuna,Partur av sætum hjá kvinnum,
1988,Løgting,Leirvíkar kommuna,Tal av sætum hjá kvinnum,
1988,Løgting,Leirvíkar kommuna,Tal av sætum,
1990,Løgting,Leirvíkar kommuna,Partur av sætum hjá kvinnum,
1990,Løgting,Leirvíkar kommuna,Tal av sætum hjá kvinnum,
1990,Løgting,Leirvíkar kommuna,Tal av sætum,
1992,Løgting,Leirvíkar kommuna,Partur av sætum hjá kvinnum,
1992,Løgting,Leirvíkar kommuna,Tal av sætum hjá kvinnum,
1992,Løgting,Leirvíkar kommuna,Tal av sætum,
1994,Løgting,Leirvíkar kommuna,Partur av sætum hjá kvinnum,
1994,Løgting,Leirvíkar kommuna,Tal av sætum hjá kvinnum,
1994,Løgting,Leirvíkar kommuna,Tal av sætum,
1996,Løgting,Leirvíkar kommuna,Partur av sætum hjá kvinnum,
1996,Løgting,Leirvíkar kommuna,Tal av sætum hjá kvinnum,
1996,Løgting,Leirvíkar kommuna,Tal av sætum,
1998,Løgting,Leirvíkar kommuna,Partur av sætum hjá kvinnum,
1998,Løgting,Leirvíkar kommuna,Tal av sætum hjá kvinnum,
1998,Løgting,Leirvíkar kommuna,Tal av sætum,
2000,Løgting,Leirvíkar kommuna,Partur av sætum hjá kvinnum,
2000,Løgting,Leirvíkar kommuna,Tal av sætum hjá kvinnum,
2000,Løgting,Leirvíkar kommuna,Tal av sætum,
2002,Løgting,Leirvíkar kommuna,Partur av sætum hjá kvinnum,
2002,Løgting,Leirvíkar kommuna,Tal av sætum hjá kvinnum,
2002,Løgting,Leirvíkar kommuna,Tal av sætum,
2004,Løgting,Leirvíkar kommuna,Partur av sætum hjá kvinnum,
2004,Løgting,Leirvíkar kommuna,Tal av sætum hjá kvinnum,
2004,Løgting,Leirvíkar kommuna,Tal av sætum,
2008,Løgting,Leirvíkar kommuna,Partur av sætum hjá kvinnum,
2008,Løgting,Leirvíkar kommuna,Tal av sætum hjá kvinnum,
2008,Løgting,Leirvíkar kommuna,Tal av sætum,
2011,Løgting,Leirvíkar kommuna,Partur av sætum hjá kvinnum,
2011,Løgting,Leirvíkar kommuna,Tal av sætum hjá kvinnum,
2011,Løgting,Leirvíkar kommuna,Tal av sætum,
2012,Løgting,Leirvíkar kommuna,Partur av sætum hjá kvinnum,
2012,Løgting,Leirvíkar kommuna,Tal av sætum hjá kvinnum,
2012,Løgting,Leirvíkar kommuna,Tal av sætum,
2015,Løgting,Leirvíkar kommuna,Partur av sætum hjá kvinnum,
2015,Løgting,Leirvíkar kommuna,Tal av sætum hjá kvinnum,
2015,Løgting,Leirvíkar kommuna,Tal av sætum,
2016,Løgting,Leirvíkar kommuna,Partur av sætum hjá kvinnum,
2016,Løgting,Leirvíkar kommuna,Tal av sætum hjá kvinnum,
2016,Løgting,Leirvíkar kommuna,Tal av sætum,
2019,Løgting,Leirvíkar kommuna,Partur av sætum hjá kvinnum,
2019,Løgting,Leirvíkar kommuna,Tal av sætum hjá kvinnum,
2019,Løgting,Leirvíkar kommuna,Tal av sætum,
2020,Løgting,Leirvíkar kommuna,Partur av sætum hjá kvinnum,
2020,Løgting,Leirvíkar kommuna,Tal av sætum hjá kvinnum,
2020,Løgting,Leirvíkar kommuna,Tal av sætum,
2022,Løgting,Leirvíkar kommuna,Partur av sætum hjá kvinnum,
2022,Løgting,Leirvíkar kommuna,Tal av sætum hjá kvinnum,
2022,Løgting,Leirvíkar kommuna,Tal av sætum,
1984,Løgting,Miðvágs kommuna,Partur av sætum hjá kvinnum,
1984,Løgting,Miðvágs kommuna,Tal av sætum hjá kvinnum,
1984,Løgting,Miðvágs kommuna,Tal av sætum,
1988,Løgting,Miðvágs kommuna,Partur av sætum hjá kvinnum,
1988,Løgting,Miðvágs kommuna,Tal av sætum hjá kvinnum,
1988,Løgting,Miðvágs kommuna,Tal av sætum,
1990,Løgting,Miðvágs kommuna,Partur av sætum hjá kvinnum,
1990,Løgting,Miðvágs kommuna,Tal av sætum hjá kvinnum,
1990,Løgting,Miðvágs kommuna,Tal av sætum,
1992,Løgting,Miðvágs kommuna,Partur av sætum hjá kvinnum,
1992,Løgting,Miðvágs kommuna,Tal av sætum hjá kvinnum,
1992,Løgting,Miðvágs kommuna,Tal av sætum,
1994,Løgting,Miðvágs kommuna,Partur av sætum hjá kvinnum,
1994,Løgting,Miðvágs kommuna,Tal av sætum hjá kvinnum,
1994,Løgting,Miðvágs kommuna,Tal av sætum,
1996,Løgting,Miðvágs kommuna,Partur av sætum hjá kvinnum,
1996,Løgting,Miðvágs kommuna,Tal av sætum hjá kvinnum,
1996,Løgting,Miðvágs kommuna,Tal av sætum,
1998,Løgting,Miðvágs kommuna,Partur av sætum hjá kvinnum,
1998,Løgting,Miðvágs kommuna,Tal av sætum hjá kvinnum,
1998,Løgting,Miðvágs kommuna,Tal av sætum,
2000,Løgting,Miðvágs kommuna,Partur av sætum hjá kvinnum,
2000,Løgting,Miðvágs kommuna,Tal av sætum hjá kvinnum,
2000,Løgting,Miðvágs kommuna,Tal av sætum,
2002,Løgting,Miðvágs kommuna,Partur av sætum hjá kvinnum,
2002,Løgting,Miðvágs kommuna,Tal av sætum hjá kvinnum,
2002,Løgting,Miðvágs kommuna,Tal av sætum,
2004,Løgting,Miðvágs kommuna,Partur av sætum hjá kvinnum,
2004,Løgting,Miðvágs kommuna,Tal av sætum hjá kvinnum,
2004,Løgting,Miðvágs kommuna,Tal av sætum,
2008,Løgting,Miðvágs kommuna,Partur av sætum hjá kvinnum,
2008,Løgting,Miðvágs kommuna,Tal av sætum hjá kvinnum,
2008,Løgting,Miðvágs kommuna,Tal av sætum,
2011,Løgting,Miðvágs kommuna,Partur av sætum hjá kvinnum,
2011,Løgting,Miðvágs kommuna,Tal av sætum hjá kvinnum,
2011,Løgting,Miðvágs kommuna,Tal av sætum,
2012,Løgting,Miðvágs kommuna,Partur av sætum hjá kvinnum,
2012,Løgting,Miðvágs kommuna,Tal av sætum hjá kvinnum,
2012,Løgting,Miðvágs kommuna,Tal av sætum,
2015,Løgting,Miðvágs kommuna,Partur av sætum hjá kvinnum,
2015,Løgting,Miðvágs kommuna,Tal av sætum hjá kvinnum,
2015,Løgting,Miðvágs kommuna,Tal av sætum,
2016,Løgting,Miðvágs kommuna,Partur av sætum hjá kvinnum,
2016,Løgting,Miðvágs kommuna,Tal av sætum hjá kvinnum,
2016,Løgting,Miðvágs kommuna,Tal av sætum,
2019,Løgting,Miðvágs kommuna,Partur av sætum hjá kvinnum,
2019,Løgting,Miðvágs kommuna,Tal av sætum hjá kvinnum,
2019,Løgting,Miðvágs kommuna,Tal av sætum,
2020,Løgting,Miðvágs kommuna,Partur av sætum hjá kvinnum,
2020,Løgting,Miðvágs kommuna,Tal av sætum hjá kvinnum,
2020,Løgting,Miðvágs kommuna,Tal av sætum,
2022,Løgting,Miðvágs kommuna,Partur av sætum hjá kvinnum,
2022,Løgting,Miðvágs kommuna,Tal av sætum hjá kvinnum,
2022,Løgting,Miðvágs kommuna,Tal av sætum,
1984,Løgting,Mikladals kommuna,Partur av sætum hjá kvinnum,
1984,Løgting,Mikladals kommuna,Tal av sætum hjá kvinnum,
1984,Løgting,Mikladals kommuna,Tal av sætum,
1988,Løgting,Mikladals kommuna,Partur av sætum hjá kvinnum,
1988,Løgting,Mikladals kommuna,Tal av sætum hjá kvinnum,
1988,Løgting,Mikladals kommuna,Tal av sætum,
1990,Løgting,Mikladals kommuna,Partur av sætum hjá kvinnum,
1990,Løgting,Mikladals kommuna,Tal av sætum hjá kvinnum,
1990,Løgting,Mikladals kommuna,Tal av sætum,
1992,Løgting,Mikladals kommuna,Partur av sætum hjá kvinnum,
1992,Løgting,Mikladals kommuna,Tal av sætum hjá kvinnum,
1992,Løgting,Mikladals kommuna,Tal av sætum,
1994,Løgting,Mikladals kommuna,Partur av sætum hjá kvinnum,
1994,Løgting,Mikladals kommuna,Tal av sætum hjá kvinnum,
1994,Løgting,Mikladals kommuna,Tal av sætum,
1996,Løgting,Mikladals kommuna,Partur av sætum hjá kvinnum,
1996,Løgting,Mikladals kommuna,Tal av sætum hjá kvinnum,
1996,Løgting,Mikladals kommuna,Tal av sætum,
1998,Løgting,Mikladals kommuna,Partur av sætum hjá kvinnum,
1998,Løgting,Mikladals kommuna,Tal av sætum hjá kvinnum,
1998,Løgting,Mikladals kommuna,Tal av sætum,
2000,Løgting,Mikladals kommuna,Partur av sætum hjá kvinnum,
2000,Løgting,Mikladals kommuna,Tal av sætum hjá kvinnum,
2000,Løgting,Mikladals kommuna,Tal av sætum,
2002,Løgting,Mikladals kommuna,Partur av sætum hjá kvinnum,
2002,Løgting,Mikladals kommuna,Tal av sætum hjá kvinnum,
2002,Løgting,Mikladals kommuna,Tal av sætum,
2004,Løgting,Mikladals kommuna,Partur av sætum hjá kvinnum,
2004,Løgting,Mikladals kommuna,Tal av sætum hjá kvinnum,
2004,Løgting,Mikladals kommuna,Tal av sætum,
2008,Løgting,Mikladals kommuna,Partur av sætum hjá kvinnum,
2008,Løgting,Mikladals kommuna,Tal av sætum hjá kvinnum,
2008,Løgting,Mikladals kommuna,Tal av sætum,
2011,Løgting,Mikladals kommuna,Partur av sætum hjá kvinnum,
2011,Løgting,Mikladals kommuna,Tal av sætum hjá kvinnum,
2011,Løgting,Mikladals kommuna,Tal av sætum,
2012,Løgting,Mikladals kommuna,Partur av sætum hjá kvinnum,
2012,Løgting,Mikladals kommuna,Tal av sætum hjá kvinnum,
2012,Løgting,Mikladals kommuna,Tal av sætum,
2015,Løgting,Mikladals kommuna,Partur av sætum hjá kvinnum,
2015,Løgting,Mikladals kommuna,Tal av sætum hjá kvinnum,
2015,Løgting,Mikladals kommuna,Tal av sætum,
2016,Løgting,Mikladals kommuna,Partur av sætum hjá kvinnum,
2016,Løgting,Mikladals kommuna,Tal av sætum hjá kvinnum,
2016,Løgting,Mikladals kommuna,Tal av sætum,
2019,Løgting,Mikladals kommuna,Partur av sætum hjá kvinnum,
2019,Løgting,Mikladals kommuna,Tal av sætum hjá kvinnum,
2019,Løgting,Mikladals kommuna,Tal av sætum,
2020,Løgting,Mikladals kommuna,Partur av sætum hjá kvinnum,
2020,Løgting,Mikladals kommuna,Tal av sætum hjá kvinnum,
2020,Løgting,Mikladals kommuna,Tal av sætum,
2022,Løgting,Mikladals kommuna,Partur av sætum hjá kvinnum,
2022,Løgting,Mikladals kommuna,Tal av sætum hjá kvinnum,
2022,Løgting,Mikladals kommuna,Tal av sætum,
1984,Løgting,Mykines kommuna,Partur av sætum hjá kvinnum,
1984,Løgting,Mykines kommuna,Tal av sætum hjá kvinnum,
1984,Løgting,Mykines kommuna,Tal av sætum,
1988,Løgting,Mykines kommuna,Partur av sætum hjá kvinnum,
1988,Løgting,Mykines kommuna,Tal av sætum hjá kvinnum,
1988,Løgting,Mykines kommuna,Tal av sætum,
1990,Løgting,Mykines kommuna,Partur av sætum hjá kvinnum,
1990,Løgting,Mykines kommuna,Tal av sætum hjá kvinnum,
1990,Løgting,Mykines kommuna,Tal av sætum,
1992,Løgting,Mykines kommuna,Partur av sætum hjá kvinnum,
1992,Løgting,Mykines kommuna,Tal av sætum hjá kvinnum,
1992,Løgting,Mykines kommuna,Tal av sætum,
1994,Løgting,Mykines kommuna,Partur av sætum hjá kvinnum,
1994,Løgting,Mykines kommuna,Tal av sætum hjá kvinnum,
1994,Løgting,Mykines kommuna,Tal av sætum,
1996,Løgting,Mykines kommuna,Partur av sætum hjá kvinnum,
1996,Løgting,Mykines kommuna,Tal av sætum hjá kvinnum,
1996,Løgting,Mykines kommuna,Tal av sætum,
1998,Løgting,Mykines kommuna,Partur av sætum hjá kvinnum,
1998,Løgting,Mykines kommuna,Tal av sætum hjá kvinnum,
1998,Løgting,Mykines kommuna,Tal av sætum,
2000,Løgting,Mykines kommuna,Partur av sætum hjá kvinnum,
2000,Løgting,Mykines kommuna,Tal av sætum hjá kvinnum,
2000,Løgting,Mykines kommuna,Tal av sætum,
2002,Løgting,Mykines kommuna,Partur av sætum hjá kvinnum,
2002,Løgting,Mykines kommuna,Tal av sætum hjá kvinnum,
2002,Løgting,Mykines kommuna,Tal av sætum,
2004,Løgting,Mykines kommuna,Partur av sætum hjá kvinnum,
2004,Løgting,Mykines kommuna,Tal av sætum hjá kvinnum,
2004,Løgting,Mykines kommuna,Tal av sætum,
2008,Løgting,Mykines kommuna,Partur av sætum hjá kvinnum,
2008,Løgting,Mykines kommuna,Tal av sætum hjá kvinnum,
2008,Løgting,Mykines kommuna,Tal av sætum,
2011,Løgting,Mykines kommuna,Partur av sætum hjá kvinnum,
2011,Løgting,Mykines kommuna,Tal av sætum hjá kvinnum,
2011,Løgting,Mykines kommuna,Tal av sætum,
2012,Løgting,Mykines kommuna,Partur av sætum hjá kvinnum,
2012,Løgting,Mykines kommuna,Tal av sætum hjá kvinnum,
2012,Løgting,Mykines kommuna,Tal av sætum,
2015,Løgting,Mykines kommuna,Partur av sætum hjá kvinnum,
2015,Løgting,Mykines kommuna,Tal av sætum hjá kvinnum,
2015,Løgting,Mykines kommuna,Tal av sætum,
2016,Løgting,Mykines kommuna,Partur av sætum hjá kvinnum,
2016,Løgting,Mykines kommuna,Tal av sætum hjá kvinnum,
2016,Løgting,Mykines kommuna,Tal av sætum,
2019,Løgting,Mykines kommuna,Partur av sætum hjá kvinnum,
2019,Løgting,Mykines kommuna,Tal av sætum hjá kvinnum,
2019,Løgting,Mykines kommuna,Tal av sætum,
2020,Løgting,Mykines kommuna,Partur av sætum hjá kvinnum,
2020,Løgting,Mykines kommuna,Tal av sætum hjá kvinnum,
2020,Løgting,Mykines kommuna,Tal av sætum,
2022,Løgting,Mykines kommuna,Partur av sætum hjá kvinnum,
2022,Løgting,Mykines kommuna,Tal av sætum hjá kvinnum,
2022,Løgting,Mykines kommuna,Tal av sætum,
1984,Løgting,Nes kommuna,Partur av sætum hjá kvinnum,
1984,Løgting,Nes kommuna,Tal av sætum hjá kvinnum,
1984,Løgting,Nes kommuna,Tal av sætum,
1988,Løgting,Nes kommuna,Partur av sætum hjá kvinnum,
1988,Løgting,Nes kommuna,Tal av sætum hjá kvinnum,
1988,Løgting,Nes kommuna,Tal av sætum,
1990,Løgting,Nes kommuna,Partur av sætum hjá kvinnum,
1990,Løgting,Nes kommuna,Tal av sætum hjá kvinnum,
1990,Løgting,Nes kommuna,Tal av sætum,
1992,Løgting,Nes kommuna,Partur av sætum hjá kvinnum,
1992,Løgting,Nes kommuna,Tal av sætum hjá kvinnum,
1992,Løgting,Nes kommuna,Tal av sætum,
1994,Løgting,Nes kommuna,Partur av sætum hjá kvinnum,
1994,Løgting,Nes kommuna,Tal av sætum hjá kvinnum,
1994,Løgting,Nes kommuna,Tal av sætum,
1996,Løgting,Nes kommuna,Partur av sætum hjá kvinnum,
1996,Løgting,Nes kommuna,Tal av sætum hjá kvinnum,
1996,Løgting,Nes kommuna,Tal av sætum,
1998,Løgting,Nes kommuna,Partur av sætum hjá kvinnum,
1998,Løgting,Nes kommuna,Tal av sætum hjá kvinnum,
1998,Løgting,Nes kommuna,Tal av sætum,
2000,Løgting,Nes kommuna,Partur av sætum hjá kvinnum,
2000,Løgting,Nes kommuna,Tal av sætum hjá kvinnum,
2000,Løgting,Nes kommuna,Tal av sætum,
2002,Løgting,Nes kommuna,Partur av sætum hjá kvinnum,
2002,Løgting,Nes kommuna,Tal av sætum hjá kvinnum,
2002,Løgting,Nes kommuna,Tal av sætum,
2004,Løgting,Nes kommuna,Partur av sætum hjá kvinnum,
2004,Løgting,Nes kommuna,Tal av sætum hjá kvinnum,
2004,Løgting,Nes kommuna,Tal av sætum,
2008,Løgting,Nes kommuna,Partur av sætum hjá kvinnum,
2008,Løgting,Nes kommuna,Tal av sætum hjá kvinnum,
2008,Løgting,Nes kommuna,Tal av sætum,
2011,Løgting,Nes kommuna,Partur av sætum hjá kvinnum,
2011,Løgting,Nes kommuna,Tal av sætum hjá kvinnum,
2011,Løgting,Nes kommuna,Tal av sætum,
2012,Løgting,Nes kommuna,Partur av sætum hjá kvinnum,
2012,Løgting,Nes kommuna,Tal av sætum hjá kvinnum,
2012,Løgting,Nes kommuna,Tal av sætum,
2015,Løgting,Nes kommuna,Partur av sætum hjá kvinnum,
2015,Løgting,Nes kommuna,Tal av sætum hjá kvinnum,
2015,Løgting,Nes kommuna,Tal av sætum,
2016,Løgting,Nes kommuna,Partur av sætum hjá kvinnum,
2016,Løgting,Nes kommuna,Tal av sætum hjá kvinnum,
2016,Løgting,Nes kommuna,Tal av sætum,
2019,Løgting,Nes kommuna,Partur av sætum hjá kvinnum,
2019,Løgting,Nes kommuna,Tal av sætum hjá kvinnum,
2019,Løgting,Nes kommuna,Tal av sætum,
2020,Løgting,Nes kommuna,Partur av sætum hjá kvinnum,
2020,Løgting,Nes kommuna,Tal av sætum hjá kvinnum,
2020,Løgting,Nes kommuna,Tal av sætum,
2022,Løgting,Nes kommuna,Partur av sætum hjá kvinnum,
2022,Løgting,Nes kommuna,Tal av sætum hjá kvinnum,
2022,Løgting,Nes kommuna,Tal av sætum,
1984,Løgting,Nólsoyar kommuna,Partur av sætum hjá kvinnum,
1984,Løgting,Nólsoyar kommuna,Tal av sætum hjá kvinnum,
1984,Løgting,Nólsoyar kommuna,Tal av sætum,
1988,Løgting,Nólsoyar kommuna,Partur av sætum hjá kvinnum,
1988,Løgting,Nólsoyar kommuna,Tal av sætum hjá kvinnum,
1988,Løgting,Nólsoyar kommuna,Tal av sætum,
1990,Løgting,Nólsoyar kommuna,Partur av sætum hjá kvinnum,
1990,Løgting,Nólsoyar kommuna,Tal av sætum hjá kvinnum,
1990,Løgting,Nólsoyar kommuna,Tal av sætum,
1992,Løgting,Nólsoyar kommuna,Partur av sætum hjá kvinnum,
1992,Løgting,Nólsoyar kommuna,Tal av sætum hjá kvinnum,
1992,Løgting,Nólsoyar kommuna,Tal av sætum,
1994,Løgting,Nólsoyar kommuna,Partur av sætum hjá kvinnum,
1994,Løgting,Nólsoyar kommuna,Tal av sætum hjá kvinnum,
1994,Løgting,Nólsoyar kommuna,Tal av sætum,
1996,Løgting,Nólsoyar kommuna,Partur av sætum hjá kvinnum,
1996,Løgting,Nólsoyar kommuna,Tal av sætum hjá kvinnum,
1996,Løgting,Nólsoyar kommuna,Tal av sætum,
1998,Løgting,Nólsoyar kommuna,Partur av sætum hjá kvinnum,
1998,Løgting,Nólsoyar kommuna,Tal av sætum hjá kvinnum,
1998,Løgting,Nólsoyar kommuna,Tal av sætum,
2000,Løgting,Nólsoyar kommuna,Partur av sætum hjá kvinnum,
2000,Løgting,Nólsoyar kommuna,Tal av sætum hjá kvinnum,
2000,Løgting,Nólsoyar kommuna,Tal av sætum,
2002,Løgting,Nólsoyar kommuna,Partur av sætum hjá kvinnum,
2002,Løgting,Nólsoyar kommuna,Tal av sætum hjá kvinnum,
2002,Løgting,Nólsoyar kommuna,Tal av sætum,
2004,Løgting,Nólsoyar kommuna,Partur av sætum hjá kvinnum,
2004,Løgting,Nólsoyar kommuna,Tal av sætum hjá kvinnum,
2004,Løgting,Nólsoyar kommuna,Tal av sætum,
2008,Løgting,Nólsoyar kommuna,Partur av sætum hjá kvinnum,
2008,Løgting,Nólsoyar kommuna,Tal av sætum hjá kvinnum,
2008,Løgting,Nólsoyar kommuna,Tal av sætum,
2011,Løgting,Nólsoyar kommuna,Partur av sætum hjá kvinnum,
2011,Løgting,Nólsoyar kommuna,Tal av sætum hjá kvinnum,
2011,Løgting,Nólsoyar kommuna,Tal av sætum,
2012,Løgting,Nólsoyar kommuna,Partur av sætum hjá kvinnum,
2012,Løgting,Nólsoyar kommuna,Tal av sætum hjá kvinnum,
2012,Løgting,Nólsoyar kommuna,Tal av sætum,
2015,Løgting,Nólsoyar kommuna,Partur av sætum hjá kvinnum,
2015,Løgting,Nólsoyar kommuna,Tal av sætum hjá kvinnum,
2015,Løgting,Nólsoyar kommuna,Tal av sætum,
2016,Løgting,Nólsoyar kommuna,Partur av sætum hjá kvinnum,
2016,Løgting,Nólsoyar kommuna,Tal av sætum hjá kvinnum,
2016,Løgting,Nólsoyar kommuna,Tal av sætum,
2019,Løgting,Nólsoyar kommuna,Partur av sætum hjá kvinnum,
2019,Løgting,Nólsoyar kommuna,Tal av sætum hjá kvinnum,
2019,Løgting,Nólsoyar kommuna,Tal av sætum,
2020,Løgting,Nólsoyar kommuna,Partur av sætum hjá kvinnum,
2020,Løgting,Nólsoyar kommuna,Tal av sætum hjá kvinnum,
2020,Løgting,Nólsoyar kommuna,Tal av sætum,
2022,Løgting,Nólsoyar kommuna,Partur av sætum hjá kvinnum,
2022,Løgting,Nólsoyar kommuna,Tal av sætum hjá kvinnum,
2022,Løgting,Nólsoyar kommuna,Tal av sætum,
1984,Løgting,Oyndarfjarðar kommuna,Partur av sætum hjá kvinnum,
1984,Løgting,Oyndarfjarðar kommuna,Tal av sætum hjá kvinnum,
1984,Løgting,Oyndarfjarðar kommuna,Tal av sætum,
1988,Løgting,Oyndarfjarðar kommuna,Partur av sætum hjá kvinnum,
1988,Løgting,Oyndarfjarðar kommuna,Tal av sætum hjá kvinnum,
1988,Løgting,Oyndarfjarðar kommuna,Tal av sætum,
1990,Løgting,Oyndarfjarðar kommuna,Partur av sætum hjá kvinnum,
1990,Løgting,Oyndarfjarðar kommuna,Tal av sætum hjá kvinnum,
1990,Løgting,Oyndarfjarðar kommuna,Tal av sætum,
1992,Løgting,Oyndarfjarðar kommuna,Partur av sætum hjá kvinnum,
1992,Løgting,Oyndarfjarðar kommuna,Tal av sætum hjá kvinnum,
1992,Løgting,Oyndarfjarðar kommuna,Tal av sætum,
1994,Løgting,Oyndarfjarðar kommuna,Partur av sætum hjá kvinnum,
1994,Løgting,Oyndarfjarðar kommuna,Tal av sætum hjá kvinnum,
1994,Løgting,Oyndarfjarðar kommuna,Tal av sætum,
1996,Løgting,Oyndarfjarðar kommuna,Partur av sætum hjá kvinnum,
1996,Løgting,Oyndarfjarðar kommuna,Tal av sætum hjá kvinnum,
1996,Løgting,Oyndarfjarðar kommuna,Tal av sætum,
1998,Løgting,Oyndarfjarðar kommuna,Partur av sætum hjá kvinnum,
1998,Løgting,Oyndarfjarðar kommuna,Tal av sætum hjá kvinnum,
1998,Løgting,Oyndarfjarðar kommuna,Tal av sætum,
2000,Løgting,Oyndarfjarðar kommuna,Partur av sætum hjá kvinnum,
2000,Løgting,Oyndarfjarðar kommuna,Tal av sætum hjá kvinnum,
2000,Løgting,Oyndarfjarðar kommuna,Tal av sætum,
2002,Løgting,Oyndarfjarðar kommuna,Partur av sætum hjá kvinnum,
2002,Løgting,Oyndarfjarðar kommuna,Tal av sætum hjá kvinnum,
2002,Løgting,Oyndarfjarðar kommuna,Tal av sætum,
2004,Løgting,Oyndarfjarðar kommuna,Partur av sætum hjá kvinnum,
2004,Løgting,Oyndarfjarðar kommuna,Tal av sætum hjá kvinnum,
2004,Løgting,Oyndarfjarðar kommuna,Tal av sætum,
2008,Løgting,Oyndarfjarðar kommuna,Partur av sætum hjá kvinnum,
2008,Løgting,Oyndarfjarðar kommuna,Tal av sætum hjá kvinnum,
2008,Løgting,Oyndarfjarðar kommuna,Tal av sætum,
2011,Løgting,Oyndarfjarðar kommuna,Partur av sætum hjá kvinnum,
2011,Løgting,Oyndarfjarðar kommuna,Tal av sætum hjá kvinnum,
2011,Løgting,Oyndarfjarðar kommuna,Tal av sætum,
2012,Løgting,Oyndarfjarðar kommuna,Partur av sætum hjá kvinnum,
2012,Løgting,Oyndarfjarðar kommuna,Tal av sætum hjá kvinnum,
2012,Løgting,Oyndarfjarðar kommuna,Tal av sætum,
2015,Løgting,Oyndarfjarðar kommuna,Partur av sætum hjá kvinnum,
2015,Løgting,Oyndarfjarðar kommuna,Tal av sætum hjá kvinnum,
2015,Løgting,Oyndarfjarðar kommuna,Tal av sætum,
2016,Løgting,Oyndarfjarðar kommuna,Partur av sætum hjá kvinnum,
2016,Løgting,Oyndarfjarðar kommuna,Tal av sætum hjá kvinnum,
2016,Løgting,Oyndarfjarðar kommuna,Tal av sætum,
2019,Løgting,Oyndarfjarðar kommuna,Partur av sætum hjá kvinnum,
2019,Løgting,Oyndarfjarðar kommuna,Tal av sætum hjá kvinnum,
2019,Løgting,Oyndarfjarðar kommuna,Tal av sætum,
2020,Løgting,Oyndarfjarðar kommuna,Partur av sætum hjá kvinnum,
2020,Løgting,Oyndarfjarðar kommuna,Tal av sætum hjá kvinnum,
2020,Løgting,Oyndarfjarðar kommuna,Tal av sætum,
2022,Løgting,Oyndarfjarðar kommuna,Partur av sætum hjá kvinnum,
2022,Løgting,Oyndarfjarðar kommuna,Tal av sætum hjá kvinnum,
2022,Løgting,Oyndarfjarðar kommuna,Tal av sætum,
1984,Løgting,Porkeris kommuna,Partur av sætum hjá kvinnum,
1984,Løgting,Porkeris kommuna,Tal av sætum hjá kvinnum,
1984,Løgting,Porkeris kommuna,Tal av sætum,
1988,Løgting,Porkeris kommuna,Partur av sætum hjá kvinnum,
1988,Løgting,Porkeris kommuna,Tal av sætum hjá kvinnum,
1988,Løgting,Porkeris kommuna,Tal av sætum,
1990,Løgting,Porkeris kommuna,Partur av sætum hjá kvinnum,
1990,Løgting,Porkeris kommuna,Tal av sætum hjá kvinnum,
1990,Løgting,Porkeris kommuna,Tal av sætum,
1992,Løgting,Porkeris kommuna,Partur av sætum hjá kvinnum,
1992,Løgting,Porkeris kommuna,Tal av sætum hjá kvinnum,
1992,Løgting,Porkeris kommuna,Tal av sætum,
1994,Løgting,Porkeris kommuna,Partur av sætum hjá kvinnum,
1994,Løgting,Porkeris kommuna,Tal av sætum hjá kvinnum,
1994,Løgting,Porkeris kommuna,Tal av sætum,
1996,Løgting,Porkeris kommuna,Partur av sætum hjá kvinnum,
1996,Løgting,Porkeris kommuna,Tal av sætum hjá kvinnum,
1996,Løgting,Porkeris kommuna,Tal av sætum,
1998,Løgting,Porkeris kommuna,Partur av sætum hjá kvinnum,
1998,Løgting,Porkeris kommuna,Tal av sætum hjá kvinnum,
1998,Løgting,Porkeris kommuna,Tal av sætum,
2000,Løgting,Porkeris kommuna,Partur av sætum hjá kvinnum,
2000,Løgting,Porkeris kommuna,Tal av sætum hjá kvinnum,
2000,Løgting,Porkeris kommuna,Tal av sætum,
2002,Løgting,Porkeris kommuna,Partur av sætum hjá kvinnum,
2002,Løgting,Porkeris kommuna,Tal av sætum hjá kvinnum,
2002,Løgting,Porkeris kommuna,Tal av sætum,
2004,Løgting,Porkeris kommuna,Partur av sætum hjá kvinnum,
2004,Løgting,Porkeris kommuna,Tal av sætum hjá kvinnum,
2004,Løgting,Porkeris kommuna,Tal av sætum,
2008,Løgting,Porkeris kommuna,Partur av sætum hjá kvinnum,
2008,Løgting,Porkeris kommuna,Tal av sætum hjá kvinnum,
2008,Løgting,Porkeris kommuna,Tal av sætum,
2011,Løgting,Porkeris kommuna,Partur av sætum hjá kvinnum,
2011,Løgting,Porkeris kommuna,Tal av sætum hjá kvinnum,
2011,Løgting,Porkeris kommuna,Tal av sætum,
2012,Løgting,Porkeris kommuna,Partur av sætum hjá kvinnum,
2012,Løgting,Porkeris kommuna,Tal av sætum hjá kvinnum,
2012,Løgting,Porkeris kommuna,Tal av sætum,
2015,Løgting,Porkeris kommuna,Partur av sætum hjá kvinnum,
2015,Løgting,Porkeris kommuna,Tal av sætum hjá kvinnum,
2015,Løgting,Porkeris kommuna,Tal av sætum,
2016,Løgting,Porkeris kommuna,Partur av sætum hjá kvinnum,
2016,Løgting,Porkeris kommuna,Tal av sætum hjá kvinnum,
2016,Løgting,Porkeris kommuna,Tal av sætum,
2019,Løgting,Porkeris kommuna,Partur av sætum hjá kvinnum,
2019,Løgting,Porkeris kommuna,Tal av sætum hjá kvinnum,
2019,Løgting,Porkeris kommuna,Tal av sætum,
2020,Løgting,Porkeris kommuna,Partur av sætum hjá kvinnum,
2020,Løgting,Porkeris kommuna,Tal av sætum hjá kvinnum,
2020,Løgting,Porkeris kommuna,Tal av sætum,
2022,Løgting,Porkeris kommuna,Partur av sætum hjá kvinnum,
2022,Løgting,Porkeris kommuna,Tal av sætum hjá kvinnum,
2022,Løgting,Porkeris kommuna,Tal av sætum,
1984,Løgting,Runavíkar kommuna,Partur av sætum hjá kvinnum,
1984,Løgting,Runavíkar kommuna,Tal av sætum hjá kvinnum,
1984,Løgting,Runavíkar kommuna,Tal av sætum,
1988,Løgting,Runavíkar kommuna,Partur av sætum hjá kvinnum,
1988,Løgting,Runavíkar kommuna,Tal av sætum hjá kvinnum,
1988,Løgting,Runavíkar kommuna,Tal av sætum,
1990,Løgting,Runavíkar kommuna,Partur av sætum hjá kvinnum,
1990,Løgting,Runavíkar kommuna,Tal av sætum hjá kvinnum,
1990,Løgting,Runavíkar kommuna,Tal av sætum,
1992,Løgting,Runavíkar kommuna,Partur av sætum hjá kvinnum,
1992,Løgting,Runavíkar kommuna,Tal av sætum hjá kvinnum,
1992,Løgting,Runavíkar kommuna,Tal av sætum,
1994,Løgting,Runavíkar kommuna,Partur av sætum hjá kvinnum,
1994,Løgting,Runavíkar kommuna,Tal av sætum hjá kvinnum,
1994,Løgting,Runavíkar kommuna,Tal av sætum,
1996,Løgting,Runavíkar kommuna,Partur av sætum hjá kvinnum,
1996,Løgting,Runavíkar kommuna,Tal av sætum hjá kvinnum,
1996,Løgting,Runavíkar kommuna,Tal av sætum,
1998,Løgting,Runavíkar kommuna,Partur av sætum hjá kvinnum,
1998,Løgting,Runavíkar kommuna,Tal av sætum hjá kvinnum,
1998,Løgting,Runavíkar kommuna,Tal av sætum,
2000,Løgting,Runavíkar kommuna,Partur av sætum hjá kvinnum,
2000,Løgting,Runavíkar kommuna,Tal av sætum hjá kvinnum,
2000,Løgting,Runavíkar kommuna,Tal av sætum,
2002,Løgting,Runavíkar kommuna,Partur av sætum hjá kvinnum,
2002,Løgting,Runavíkar kommuna,Tal av sætum hjá kvinnum,
2002,Løgting,Runavíkar kommuna,Tal av sætum,
2004,Løgting,Runavíkar kommuna,Partur av sætum hjá kvinnum,
2004,Løgting,Runavíkar kommuna,Tal av sætum hjá kvinnum,
2004,Løgting,Runavíkar kommuna,Tal av sætum,
2008,Løgting,Runavíkar kommuna,Partur av sætum hjá kvinnum,
2008,Løgting,Runavíkar kommuna,Tal av sætum hjá kvinnum,
2008,Løgting,Runavíkar kommuna,Tal av sætum,
2011,Løgting,Runavíkar kommuna,Partur av sætum hjá kvinnum,
2011,Løgting,Runavíkar kommuna,Tal av sætum hjá kvinnum,
2011,Løgting,Runavíkar kommuna,Tal av sætum,
2012,Løgting,Runavíkar kommuna,Partur av sætum hjá kvinnum,
2012,Løgting,Runavíkar kommuna,Tal av sætum hjá kvinnum,
2012,Løgting,Runavíkar kommuna,Tal av sætum,
2015,Løgting,Runavíkar kommuna,Partur av sætum hjá kvinnum,
2015,Løgting,Runavíkar kommuna,Tal av sætum hjá kvinnum,
2015,Løgting,Runavíkar kommuna,Tal av sætum,
2016,Løgting,Runavíkar kommuna,Partur av sætum hjá kvinnum,
2016,Løgting,Runavíkar kommuna,Tal av sætum hjá kvinnum,
2016,Løgting,Runavíkar kommuna,Tal av sætum,
2019,Løgting,Runavíkar kommuna,Partur av sætum hjá kvinnum,
2019,Løgting,Runavíkar kommuna,Tal av sætum hjá kvinnum,
2019,Løgting,Runavíkar kommuna,Tal av sætum,
2020,Løgting,Runavíkar kommuna,Partur av sætum hjá kvinnum,
2020,Løgting,Runavíkar kommuna,Tal av sætum hjá kvinnum,
2020,Løgting,Runavíkar kommuna,Tal av sætum,
2022,Løgting,Runavíkar kommuna,Partur av sætum hjá kvinnum,
2022,Løgting,Runavíkar kommuna,Tal av sætum hjá kvinnum,
2022,Løgting,Runavíkar kommuna,Tal av sætum,
1984,Løgting,Saksunar kommuna,Partur av sætum hjá kvinnum,
1984,Løgting,Saksunar kommuna,Tal av sætum hjá kvinnum,
1984,Løgting,Saksunar kommuna,Tal av sætum,
1988,Løgting,Saksunar kommuna,Partur av sætum hjá kvinnum,
1988,Løgting,Saksunar kommuna,Tal av sætum hjá kvinnum,
1988,Løgting,Saksunar kommuna,Tal av sætum,
1990,Løgting,Saksunar kommuna,Partur av sætum hjá kvinnum,
1990,Løgting,Saksunar kommuna,Tal av sætum hjá kvinnum,
1990,Løgting,Saksunar kommuna,Tal av sætum,
1992,Løgting,Saksunar kommuna,Partur av sætum hjá kvinnum,
1992,Løgting,Saksunar kommuna,Tal av sætum hjá kvinnum,
1992,Løgting,Saksunar kommuna,Tal av sætum,
1994,Løgting,Saksunar kommuna,Partur av sætum hjá kvinnum,
1994,Løgting,Saksunar kommuna,Tal av sætum hjá kvinnum,
1994,Løgting,Saksunar kommuna,Tal av sætum,
1996,Løgting,Saksunar kommuna,Partur av sætum hjá kvinnum,
1996,Løgting,Saksunar kommuna,Tal av sætum hjá kvinnum,
1996,Løgting,Saksunar kommuna,Tal av sætum,
1998,Løgting,Saksunar kommuna,Partur av sætum hjá kvinnum,
1998,Løgting,Saksunar kommuna,Tal av sætum hjá kvinnum,
1998,Løgting,Saksunar kommuna,Tal av sætum,
2000,Løgting,Saksunar kommuna,Partur av sætum hjá kvinnum,
2000,Løgting,Saksunar kommuna,Tal av sætum hjá kvinnum,
2000,Løgting,Saksunar kommuna,Tal av sætum,
2002,Løgting,Saksunar kommuna,Partur av sætum hjá kvinnum,
2002,Løgting,Saksunar kommuna,Tal av sætum hjá kvinnum,
2002,Løgting,Saksunar kommuna,Tal av sætum,
2004,Løgting,Saksunar kommuna,Partur av sætum hjá kvinnum,
2004,Løgting,Saksunar kommuna,Tal av sætum hjá kvinnum,
2004,Løgting,Saksunar kommuna,Tal av sætum,
2008,Løgting,Saksunar kommuna,Partur av sætum hjá kvinnum,
2008,Løgting,Saksunar kommuna,Tal av sætum hjá kvinnum,
2008,Løgting,Saksunar kommuna,Tal av sætum,
2011,Løgting,Saksunar kommuna,Partur av sætum hjá kvinnum,
2011,Løgting,Saksunar kommuna,Tal av sætum hjá kvinnum,
2011,Løgting,Saksunar kommuna,Tal av sætum,
2012,Løgting,Saksunar kommuna,Partur av sætum hjá kvinnum,
2012,Løgting,Saksunar kommuna,Tal av sætum hjá kvinnum,
2012,Løgting,Saksunar kommuna,Tal av sætum,
2015,Løgting,Saksunar kommuna,Partur av sætum hjá kvinnum,
2015,Løgting,Saksunar kommuna,Tal av sætum hjá kvinnum,
2015,Løgting,Saksunar kommuna,Tal av sætum,
2016,Løgting,Saksunar kommuna,Partur av sætum hjá kvinnum,
2016,Løgting,Saksunar kommuna,Tal av sætum hjá kvinnum,
2016,Løgting,Saksunar kommuna,Tal av sætum,
2019,Løgting,Saksunar kommuna,Partur av sætum hjá kvinnum,
2019,Løgting,Saksunar kommuna,Tal av sætum hjá kvinnum,
2019,Løgting,Saksunar kommuna,Tal av sætum,
2020,Løgting,Saksunar kommuna,Partur av sætum hjá kvinnum,
2020,Løgting,Saksunar kommuna,Tal av sætum hjá kvinnum,
2020,Løgting,Saksunar kommuna,Tal av sætum,
2022,Løgting,Saksunar kommuna,Partur av sætum hjá kvinnum,
2022,Løgting,Saksunar kommuna,Tal av sætum hjá kvinnum,
2022,Løgting,Saksunar kommuna,Tal av sætum,
1984,Løgting,Sandavágs kommuna,Partur av sætum hjá kvinnum,
1984,Løgting,Sandavágs kommuna,Tal av sætum hjá kvinnum,
1984,Løgting,Sandavágs kommuna,Tal av sætum,
1988,Løgting,Sandavágs kommuna,Partur av sætum hjá kvinnum,
1988,Løgting,Sandavágs kommuna,Tal av sætum hjá kvinnum,
1988,Løgting,Sandavágs kommuna,Tal av sætum,
1990,Løgting,Sandavágs kommuna,Partur av sætum hjá kvinnum,
1990,Løgting,Sandavágs kommuna,Tal av sætum hjá kvinnum,
1990,Løgting,Sandavágs kommuna,Tal av sætum,
1992,Løgting,Sandavágs kommuna,Partur av sætum hjá kvinnum,
1992,Løgting,Sandavágs kommuna,Tal av sætum hjá kvinnum,
1992,Løgting,Sandavágs kommuna,Tal av sætum,
1994,Løgting,Sandavágs kommuna,Partur av sætum hjá kvinnum,
1994,Løgting,Sandavágs kommuna,Tal av sætum hjá kvinnum,
1994,Løgting,Sandavágs kommuna,Tal av sætum,
1996,Løgting,Sandavágs kommuna,Partur av sætum hjá kvinnum,
1996,Løgting,Sandavágs kommuna,Tal av sætum hjá kvinnum,
1996,Løgting,Sandavágs kommuna,Tal av sætum,
1998,Løgting,Sandavágs kommuna,Partur av sætum hjá kvinnum,
1998,Løgting,Sandavágs kommuna,Tal av sætum hjá kvinnum,
1998,Løgting,Sandavágs kommuna,Tal av sætum,
2000,Løgting,Sandavágs kommuna,Partur av sætum hjá kvinnum,
2000,Løgting,Sandavágs kommuna,Tal av sætum hjá kvinnum,
2000,Løgting,Sandavágs kommuna,Tal av sætum,
2002,Løgting,Sandavágs kommuna,Partur av sætum hjá kvinnum,
2002,Løgting,Sandavágs kommuna,Tal av sætum hjá kvinnum,
2002,Løgting,Sandavágs kommuna,Tal av sætum,
2004,Løgting,Sandavágs kommuna,Partur av sætum hjá kvinnum,
2004,Løgting,Sandavágs kommuna,Tal av sætum hjá kvinnum,
2004,Løgting,Sandavágs kommuna,Tal av sætum,
2008,Løgting,Sandavágs kommuna,Partur av sætum hjá kvinnum,
2008,Løgting,Sandavágs kommuna,Tal av sætum hjá kvinnum,
2008,Løgting,Sandavágs kommuna,Tal av sætum,
2011,Løgting,Sandavágs kommuna,Partur av sætum hjá kvinnum,
2011,Løgting,Sandavágs kommuna,Tal av sætum hjá kvinnum,
2011,Løgting,Sandavágs kommuna,Tal av sætum,
2012,Løgting,Sandavágs kommuna,Partur av sætum hjá kvinnum,
2012,Løgting,Sandavágs kommuna,Tal av sætum hjá kvinnum,
2012,Løgting,Sandavágs kommuna,Tal av sætum,
2015,Løgting,Sandavágs kommuna,Partur av sætum hjá kvinnum,
2015,Løgting,Sandavágs kommuna,Tal av sætum hjá kvinnum,
2015,Løgting,Sandavágs kommuna,Tal av sætum,
2016,Løgting,Sandavágs kommuna,Partur av sætum hjá kvinnum,
2016,Løgting,Sandavágs kommuna,Tal av sætum hjá kvinnum,
2016,Løgting,Sandavágs kommuna,Tal av sætum,
2019,Løgting,Sandavágs kommuna,Partur av sætum hjá kvinnum,
2019,Løgting,Sandavágs kommuna,Tal av sætum hjá kvinnum,
2019,Løgting,Sandavágs kommuna,Tal av sætum,
2020,Løgting,Sandavágs kommuna,Partur av sætum hjá kvinnum,
2020,Løgting,Sandavágs kommuna,Tal av sætum hjá kvinnum,
2020,Løgting,Sandavágs kommuna,Tal av sætum,
2022,Løgting,Sandavágs kommuna,Partur av sætum hjá kvinnum,
2022,Løgting,Sandavágs kommuna,Tal av sætum hjá kvinnum,
2022,Løgting,Sandavágs kommuna,Tal av sætum,
1984,Løgting,Sands kommuna,Partur av sætum hjá kvinnum,
1984,Løgting,Sands kommuna,Tal av sætum hjá kvinnum,
1984,Løgting,Sands kommuna,Tal av sætum,
1988,Løgting,Sands kommuna,Partur av sætum hjá kvinnum,
1988,Løgting,Sands kommuna,Tal av sætum hjá kvinnum,
1988,Løgting,Sands kommuna,Tal av sætum,
1990,Løgting,Sands kommuna,Partur av sætum hjá kvinnum,
1990,Løgting,Sands kommuna,Tal av sætum hjá kvinnum,
1990,Løgting,Sands kommuna,Tal av sætum,
1992,Løgting,Sands kommuna,Partur av sætum hjá kvinnum,
1992,Løgting,Sands kommuna,Tal av sætum hjá kvinnum,
1992,Løgting,Sands kommuna,Tal av sætum,
1994,Løgting,Sands kommuna,Partur av sætum hjá kvinnum,
1994,Løgting,Sands kommuna,Tal av sætum hjá kvinnum,
1994,Løgting,Sands kommuna,Tal av sætum,
1996,Løgting,Sands kommuna,Partur av sætum hjá kvinnum,
1996,Løgting,Sands kommuna,Tal av sætum hjá kvinnum,
1996,Løgting,Sands kommuna,Tal av sætum,
1998,Løgting,Sands kommuna,Partur av sætum hjá kvinnum,
1998,Løgting,Sands kommuna,Tal av sætum hjá kvinnum,
1998,Løgting,Sands kommuna,Tal av sætum,
2000,Løgting,Sands kommuna,Partur av sætum hjá kvinnum,
2000,Løgting,Sands kommuna,Tal av sætum hjá kvinnum,
2000,Løgting,Sands kommuna,Tal av sætum,
2002,Løgting,Sands kommuna,Partur av sætum hjá kvinnum,
2002,Løgting,Sands kommuna,Tal av sætum hjá kvinnum,
2002,Løgting,Sands kommuna,Tal av sætum,
2004,Løgting,Sands kommuna,Partur av sætum hjá kvinnum,
2004,Løgting,Sands kommuna,Tal av sætum hjá kvinnum,
2004,Løgting,Sands kommuna,Tal av sætum,
2008,Løgting,Sands kommuna,Partur av sætum hjá kvinnum,
2008,Løgting,Sands kommuna,Tal av sætum hjá kvinnum,
2008,Løgting,Sands kommuna,Tal av sætum,
2011,Løgting,Sands kommuna,Partur av sætum hjá kvinnum,
2011,Løgting,Sands kommuna,Tal av sætum hjá kvinnum,
2011,Løgting,Sands kommuna,Tal av sætum,
2012,Løgting,Sands kommuna,Partur av sætum hjá kvinnum,
2012,Løgting,Sands kommuna,Tal av sætum hjá kvinnum,
2012,Løgting,Sands kommuna,Tal av sætum,
2015,Løgting,Sands kommuna,Partur av sætum hjá kvinnum,
2015,Løgting,Sands kommuna,Tal av sætum hjá kvinnum,
2015,Løgting,Sands kommuna,Tal av sætum,
2016,Løgting,Sands kommuna,Partur av sætum hjá kvinnum,
2016,Løgting,Sands kommuna,Tal av sætum hjá kvinnum,
2016,Løgting,Sands kommuna,Tal av sætum,
2019,Løgting,Sands kommuna,Partur av sætum hjá kvinnum,
2019,Løgting,Sands kommuna,Tal av sætum hjá kvinnum,
2019,Løgting,Sands kommuna,Tal av sætum,
2020,Løgting,Sands kommuna,Partur av sætum hjá kvinnum,
2020,Løgting,Sands kommuna,Tal av sætum hjá kvinnum,
2020,Løgting,Sands kommuna,Tal av sætum,
2022,Løgting,Sands kommuna,Partur av sætum hjá kvinnum,
2022,Løgting,Sands kommuna,Tal av sætum hjá kvinnum,
2022,Løgting,Sands kommuna,Tal av sætum,
1984,Løgting,Sjóvar kommuna,Partur av sætum hjá kvinnum,
1984,Løgting,Sjóvar kommuna,Tal av sætum hjá kvinnum,
1984,Løgting,Sjóvar kommuna,Tal av sætum,
1988,Løgting,Sjóvar kommuna,Partur av sætum hjá kvinnum,
1988,Løgting,Sjóvar kommuna,Tal av sætum hjá kvinnum,
1988,Løgting,Sjóvar kommuna,Tal av sætum,
1990,Løgting,Sjóvar kommuna,Partur av sætum hjá kvinnum,
1990,Løgting,Sjóvar kommuna,Tal av sætum hjá kvinnum,
1990,Løgting,Sjóvar kommuna,Tal av sætum,
1992,Løgting,Sjóvar kommuna,Partur av sætum hjá kvinnum,
1992,Løgting,Sjóvar kommuna,Tal av sætum hjá kvinnum,
1992,Løgting,Sjóvar kommuna,Tal av sætum,
1994,Løgting,Sjóvar kommuna,Partur av sætum hjá kvinnum,
1994,Løgting,Sjóvar kommuna,Tal av sætum hjá kvinnum,
1994,Løgting,Sjóvar kommuna,Tal av sætum,
1996,Løgting,Sjóvar kommuna,Partur av sætum hjá kvinnum,
1996,Løgting,Sjóvar kommuna,Tal av sætum hjá kvinnum,
1996,Løgting,Sjóvar kommuna,Tal av sætum,
1998,Løgting,Sjóvar kommuna,Partur av sætum hjá kvinnum,
1998,Løgting,Sjóvar kommuna,Tal av sætum hjá kvinnum,
1998,Løgting,Sjóvar kommuna,Tal av sætum,
2000,Løgting,Sjóvar kommuna,Partur av sætum hjá kvinnum,
2000,Løgting,Sjóvar kommuna,Tal av sætum hjá kvinnum,
2000,Løgting,Sjóvar kommuna,Tal av sætum,
2002,Løgting,Sjóvar kommuna,Partur av sætum hjá kvinnum,
2002,Løgting,Sjóvar kommuna,Tal av sætum hjá kvinnum,
2002,Løgting,Sjóvar kommuna,Tal av sætum,
2004,Løgting,Sjóvar kommuna,Partur av sætum hjá kvinnum,
2004,Løgting,Sjóvar kommuna,Tal av sætum hjá kvinnum,
2004,Løgting,Sjóvar kommuna,Tal av sætum,
2008,Løgting,Sjóvar kommuna,Partur av sætum hjá kvinnum,
2008,Løgting,Sjóvar kommuna,Tal av sætum hjá kvinnum,
2008,Løgting,Sjóvar kommuna,Tal av sætum,
2011,Løgting,Sjóvar kommuna,Partur av sætum hjá kvinnum,
2011,Løgting,Sjóvar kommuna,Tal av sætum hjá kvinnum,
2011,Løgting,Sjóvar kommuna,Tal av sætum,
2012,Løgting,Sjóvar kommuna,Partur av sætum hjá kvinnum,
2012,Løgting,Sjóvar kommuna,Tal av sætum hjá kvinnum,
2012,Løgting,Sjóvar kommuna,Tal av sætum,
2015,Løgting,Sjóvar kommuna,Partur av sætum hjá kvinnum,
2015,Løgting,Sjóvar kommuna,Tal av sætum hjá kvinnum,
2015,Løgting,Sjóvar kommuna,Tal av sætum,
2016,Løgting,Sjóvar kommuna,Partur av sætum hjá kvinnum,
2016,Løgting,Sjóvar kommuna,Tal av sætum hjá kvinnum,
2016,Løgting,Sjóvar kommuna,Tal av sætum,
2019,Løgting,Sjóvar kommuna,Partur av sætum hjá kvinnum,
2019,Løgting,Sjóvar kommuna,Tal av sætum hjá kvinnum,
2019,Løgting,Sjóvar kommuna,Tal av sætum,
2020,Løgting,Sjóvar kommuna,Partur av sætum hjá kvinnum,
2020,Løgting,Sjóvar kommuna,Tal av sætum hjá kvinnum,
2020,Løgting,Sjóvar kommuna,Tal av sætum,
2022,Løgting,Sjóvar kommuna,Partur av sætum hjá kvinnum,
2022,Løgting,Sjóvar kommuna,Tal av sætum hjá kvinnum,
2022,Løgting,Sjóvar kommuna,Tal av sætum,
1984,Løgting,Skála kommuna,Partur av sætum hjá kvinnum,
1984,Løgting,Skála kommuna,Tal av sætum hjá kvinnum,
1984,Løgting,Skála kommuna,Tal av sætum,
1988,Løgting,Skála kommuna,Partur av sætum hjá kvinnum,
1988,Løgting,Skála kommuna,Tal av sætum hjá kvinnum,
1988,Løgting,Skála kommuna,Tal av sætum,
1990,Løgting,Skála kommuna,Partur av sætum hjá kvinnum,
1990,Løgting,Skála kommuna,Tal av sætum hjá kvinnum,
1990,Løgting,Skála kommuna,Tal av sætum,
1992,Løgting,Skála kommuna,Partur av sætum hjá kvinnum,
1992,Løgting,Skála kommuna,Tal av sætum hjá kvinnum,
1992,Løgting,Skála kommuna,Tal av sætum,
1994,Løgting,Skála kommuna,Partur av sætum hjá kvinnum,
1994,Løgting,Skála kommuna,Tal av sætum hjá kvinnum,
1994,Løgting,Skála kommuna,Tal av sætum,
1996,Løgting,Skála kommuna,Partur av sætum hjá kvinnum,
1996,Løgting,Skála kommuna,Tal av sætum hjá kvinnum,
1996,Løgting,Skála kommuna,Tal av sætum,
1998,Løgting,Skála kommuna,Partur av sætum hjá kvinnum,
1998,Løgting,Skála kommuna,Tal av sætum hjá kvinnum,
1998,Løgting,Skála kommuna,Tal av sætum,
2000,Løgting,Skála kommuna,Partur av sætum hjá kvinnum,
2000,Løgting,Skála kommuna,Tal av sætum hjá kvinnum,
2000,Løgting,Skála kommuna,Tal av sætum,
2002,Løgting,Skála kommuna,Partur av sætum hjá kvinnum,
2002,Løgting,Skála kommuna,Tal av sætum hjá kvinnum,
2002,Løgting,Skála kommuna,Tal av sætum,
2004,Løgting,Skála kommuna,Partur av sætum hjá kvinnum,
2004,Løgting,Skála kommuna,Tal av sætum hjá kvinnum,
2004,Løgting,Skála kommuna,Tal av sætum,
2008,Løgting,Skála kommuna,Partur av sætum hjá kvinnum,
2008,Løgting,Skála kommuna,Tal av sætum hjá kvinnum,
2008,Løgting,Skála kommuna,Tal av sætum,
2011,Løgting,Skála kommuna,Partur av sætum hjá kvinnum,
2011,Løgting,Skála kommuna,Tal av sætum hjá kvinnum,
2011,Løgting,Skála kommuna,Tal av sætum,
2012,Løgting,Skála kommuna,Partur av sætum hjá kvinnum,
2012,Løgting,Skála kommuna,Tal av sætum hjá kvinnum,
2012,Løgting,Skála kommuna,Tal av sætum,
2015,Løgting,Skála kommuna,Partur av sætum hjá kvinnum,
2015,Løgting,Skála kommuna,Tal av sætum hjá kvinnum,
2015,Løgting,Skála kommuna,Tal av sætum,
2016,Løgting,Skála kommuna,Partur av sætum hjá kvinnum,
2016,Løgting,Skála kommuna,Tal av sætum hjá kvinnum,
2016,Løgting,Skála kommuna,Tal av sætum,
2019,Løgting,Skála kommuna,Partur av sætum hjá kvinnum,
2019,Løgting,Skála kommuna,Tal av sætum hjá kvinnum,
2019,Løgting,Skála kommuna,Tal av sætum,
2020,Løgting,Skála kommuna,Partur av sætum hjá kvinnum,
2020,Løgting,Skála kommuna,Tal av sætum hjá kvinnum,
2020,Løgting,Skála kommuna,Tal av sætum,
2022,Løgting,Skála kommuna,Partur av sætum hjá kvinnum,
2022,Løgting,Skála kommuna,Tal av sætum hjá kvinnum,
2022,Løgting,Skála kommuna,Tal av sætum,
1984,Løgting,Skálavíkar kommuna,Partur av sætum hjá kvinnum,
1984,Løgting,Skálavíkar kommuna,Tal av sætum hjá kvinnum,
1984,Løgting,Skálavíkar kommuna,Tal av sætum,
1988,Løgting,Skálavíkar kommuna,Partur av sætum hjá kvinnum,
1988,Løgting,Skálavíkar kommuna,Tal av sætum hjá kvinnum,
1988,Løgting,Skálavíkar kommuna,Tal av sætum,
1990,Løgting,Skálavíkar kommuna,Partur av sætum hjá kvinnum,
1990,Løgting,Skálavíkar kommuna,Tal av sætum hjá kvinnum,
1990,Løgting,Skálavíkar kommuna,Tal av sætum,
1992,Løgting,Skálavíkar kommuna,Partur av sætum hjá kvinnum,
1992,Løgting,Skálavíkar kommuna,Tal av sætum hjá kvinnum,
1992,Løgting,Skálavíkar kommuna,Tal av sætum,
1994,Løgting,Skálavíkar kommuna,Partur av sætum hjá kvinnum,
1994,Løgting,Skálavíkar kommuna,Tal av sætum hjá kvinnum,
1994,Løgting,Skálavíkar kommuna,Tal av sætum,
1996,Løgting,Skálavíkar kommuna,Partur av sætum hjá kvinnum,
1996,Løgting,Skálavíkar kommuna,Tal av sætum hjá kvinnum,
1996,Løgting,Skálavíkar kommuna,Tal av sætum,
1998,Løgting,Skálavíkar kommuna,Partur av sætum hjá kvinnum,
1998,Løgting,Skálavíkar kommuna,Tal av sætum hjá kvinnum,
1998,Løgting,Skálavíkar kommuna,Tal av sætum,
2000,Løgting,Skálavíkar kommuna,Partur av sætum hjá kvinnum,
2000,Løgting,Skálavíkar kommuna,Tal av sætum hjá kvinnum,
2000,Løgting,Skálavíkar kommuna,Tal av sætum,
2002,Løgting,Skálavíkar kommuna,Partur av sætum hjá kvinnum,
2002,Løgting,Skálavíkar kommuna,Tal av sætum hjá kvinnum,
2002,Løgting,Skálavíkar kommuna,Tal av sætum,
2004,Løgting,Skálavíkar kommuna,Partur av sætum hjá kvinnum,
2004,Løgting,Skálavíkar kommuna,Tal av sætum hjá kvinnum,
2004,Løgting,Skálavíkar kommuna,Tal av sætum,
2008,Løgting,Skálavíkar kommuna,Partur av sætum hjá kvinnum,
2008,Løgting,Skálavíkar kommuna,Tal av sætum hjá kvinnum,
2008,Løgting,Skálavíkar kommuna,Tal av sætum,
2011,Løgting,Skálavíkar kommuna,Partur av sætum hjá kvinnum,
2011,Løgting,Skálavíkar kommuna,Tal av sætum hjá kvinnum,
2011,Løgting,Skálavíkar kommuna,Tal av sætum,
2012,Løgting,Skálavíkar kommuna,Partur av sætum hjá kvinnum,
2012,Løgting,Skálavíkar kommuna,Tal av sætum hjá kvinnum,
2012,Løgting,Skálavíkar kommuna,Tal av sætum,
2015,Løgting,Skálavíkar kommuna,Partur av sætum hjá kvinnum,
2015,Løgting,Skálavíkar kommuna,Tal av sætum hjá kvinnum,
2015,Løgting,Skálavíkar kommuna,Tal av sætum,
2016,Løgting,Skálavíkar kommuna,Partur av sætum hjá kvinnum,
2016,Løgting,Skálavíkar kommuna,Tal av sætum hjá kvinnum,
2016,Løgting,Skálavíkar kommuna,Tal av sætum,
2019,Løgting,Skálavíkar kommuna,Partur av sætum hjá kvinnum,
2019,Løgting,Skálavíkar kommuna,Tal av sætum hjá kvinnum,
2019,Løgting,Skálavíkar kommuna,Tal av sætum,
2020,Løgting,Skálavíkar kommuna,Partur av sætum hjá kvinnum,
2020,Løgting,Skálavíkar kommuna,Tal av sætum hjá kvinnum,
2020,Løgting,Skálavíkar kommuna,Tal av sætum,
2022,Løgting,Skálavíkar kommuna,Partur av sætum hjá kvinnum,
2022,Løgting,Skálavíkar kommuna,Tal av sætum hjá kvinnum,
2022,Løgting,Skálavíkar kommuna,Tal av sætum,
1984,Løgting,Skopunar kommuna,Partur av sætum hjá kvinnum,
1984,Løgting,Skopunar kommuna,Tal av sætum hjá kvinnum,
1984,Løgting,Skopunar kommuna,Tal av sætum,
1988,Løgting,Skopunar kommuna,Partur av sætum hjá kvinnum,
1988,Løgting,Skopunar kommuna,Tal av sætum hjá kvinnum,
1988,Løgting,Skopunar kommuna,Tal av sætum,
1990,Løgting,Skopunar kommuna,Partur av sætum hjá kvinnum,
1990,Løgting,Skopunar kommuna,Tal av sætum hjá kvinnum,
1990,Løgting,Skopunar kommuna,Tal av sætum,
1992,Løgting,Skopunar kommuna,Partur av sætum hjá kvinnum,
1992,Løgting,Skopunar kommuna,Tal av sætum hjá kvinnum,
1992,Løgting,Skopunar kommuna,Tal av sætum,
1994,Løgting,Skopunar kommuna,Partur av sætum hjá kvinnum,
1994,Løgting,Skopunar kommuna,Tal av sætum hjá kvinnum,
1994,Løgting,Skopunar kommuna,Tal av sætum,
1996,Løgting,Skopunar kommuna,Partur av sætum hjá kvinnum,
1996,Løgting,Skopunar kommuna,Tal av sætum hjá kvinnum,
1996,Løgting,Skopunar kommuna,Tal av sætum,
1998,Løgting,Skopunar kommuna,Partur av sætum hjá kvinnum,
1998,Løgting,Skopunar kommuna,Tal av sætum hjá kvinnum,
1998,Løgting,Skopunar kommuna,Tal av sætum,
2000,Løgting,Skopunar kommuna,Partur av sætum hjá kvinnum,
2000,Løgting,Skopunar kommuna,Tal av sætum hjá kvinnum,
2000,Løgting,Skopunar kommuna,Tal av sætum,
2002,Løgting,Skopunar kommuna,Partur av sætum hjá kvinnum,
2002,Løgting,Skopunar kommuna,Tal av sætum hjá kvinnum,
2002,Løgting,Skopunar kommuna,Tal av sætum,
2004,Løgting,Skopunar kommuna,Partur av sætum hjá kvinnum,
2004,Løgting,Skopunar kommuna,Tal av sætum hjá kvinnum,
2004,Løgting,Skopunar kommuna,Tal av sætum,
2008,Løgting,Skopunar kommuna,Partur av sætum hjá kvinnum,
2008,Løgting,Skopunar kommuna,Tal av sætum hjá kvinnum,
2008,Løgting,Skopunar kommuna,Tal av sætum,
2011,Løgting,Skopunar kommuna,Partur av sætum hjá kvinnum,
2011,Løgting,Skopunar kommuna,Tal av sætum hjá kvinnum,
2011,Løgting,Skopunar kommuna,Tal av sætum,
2012,Løgting,Skopunar kommuna,Partur av sætum hjá kvinnum,
2012,Løgting,Skopunar kommuna,Tal av sætum hjá kvinnum,
2012,Løgting,Skopunar kommuna,Tal av sætum,
2015,Løgting,Skopunar kommuna,Partur av sætum hjá kvinnum,
2015,Løgting,Skopunar kommuna,Tal av sætum hjá kvinnum,
2015,Løgting,Skopunar kommuna,Tal av sætum,
2016,Løgting,Skopunar kommuna,Partur av sætum hjá kvinnum,
2016,Løgting,Skopunar kommuna,Tal av sætum hjá kvinnum,
2016,Løgting,Skopunar kommuna,Tal av sætum,
2019,Løgting,Skopunar kommuna,Partur av sætum hjá kvinnum,
2019,Løgting,Skopunar kommuna,Tal av sætum hjá kvinnum,
2019,Løgting,Skopunar kommuna,Tal av sætum,
2020,Løgting,Skopunar kommuna,Partur av sætum hjá kvinnum,
2020,Løgting,Skopunar kommuna,Tal av sætum hjá kvinnum,
2020,Løgting,Skopunar kommuna,Tal av sætum,
2022,Løgting,Skopunar kommuna,Partur av sætum hjá kvinnum,
2022,Løgting,Skopunar kommuna,Tal av sætum hjá kvinnum,
2022,Løgting,Skopunar kommuna,Tal av sætum,
1984,Løgting,Skúvoyar kommuna,Partur av sætum hjá kvinnum,
1984,Løgting,Skúvoyar kommuna,Tal av sætum hjá kvinnum,
1984,Løgting,Skúvoyar kommuna,Tal av sætum,
1988,Løgting,Skúvoyar kommuna,Partur av sætum hjá kvinnum,
1988,Løgting,Skúvoyar kommuna,Tal av sætum hjá kvinnum,
1988,Løgting,Skúvoyar kommuna,Tal av sætum,
1990,Løgting,Skúvoyar kommuna,Partur av sætum hjá kvinnum,
1990,Løgting,Skúvoyar kommuna,Tal av sætum hjá kvinnum,
1990,Løgting,Skúvoyar kommuna,Tal av sætum,
1992,Løgting,Skúvoyar kommuna,Partur av sætum hjá kvinnum,
1992,Løgting,Skúvoyar kommuna,Tal av sætum hjá kvinnum,
1992,Løgting,Skúvoyar kommuna,Tal av sætum,
1994,Løgting,Skúvoyar kommuna,Partur av sætum hjá kvinnum,
1994,Løgting,Skúvoyar kommuna,Tal av sætum hjá kvinnum,
1994,Løgting,Skúvoyar kommuna,Tal av sætum,
1996,Løgting,Skúvoyar kommuna,Partur av sætum hjá kvinnum,
1996,Løgting,Skúvoyar kommuna,Tal av sætum hjá kvinnum,
1996,Løgting,Skúvoyar kommuna,Tal av sætum,
1998,Løgting,Skúvoyar kommuna,Partur av sætum hjá kvinnum,
1998,Løgting,Skúvoyar kommuna,Tal av sætum hjá kvinnum,
1998,Løgting,Skúvoyar kommuna,Tal av sætum,
2000,Løgting,Skúvoyar kommuna,Partur av sætum hjá kvinnum,
2000,Løgting,Skúvoyar kommuna,Tal av sætum hjá kvinnum,
2000,Løgting,Skúvoyar kommuna,Tal av sætum,
2002,Løgting,Skúvoyar kommuna,Partur av sætum hjá kvinnum,
2002,Løgting,Skúvoyar kommuna,Tal av sætum hjá kvinnum,
2002,Løgting,Skúvoyar kommuna,Tal av sætum,
2004,Løgting,Skúvoyar kommuna,Partur av sætum hjá kvinnum,
2004,Løgting,Skúvoyar kommuna,Tal av sætum hjá kvinnum,
2004,Løgting,Skúvoyar kommuna,Tal av sætum,
2008,Løgting,Skúvoyar kommuna,Partur av sætum hjá kvinnum,
2008,Løgting,Skúvoyar kommuna,Tal av sætum hjá kvinnum,
2008,Løgting,Skúvoyar kommuna,Tal av sætum,
2011,Løgting,Skúvoyar kommuna,Partur av sætum hjá kvinnum,
2011,Løgting,Skúvoyar kommuna,Tal av sætum hjá kvinnum,
2011,Løgting,Skúvoyar kommuna,Tal av sætum,
2012,Løgting,Skúvoyar kommuna,Partur av sætum hjá kvinnum,
2012,Løgting,Skúvoyar kommuna,Tal av sætum hjá kvinnum,
2012,Løgting,Skúvoyar kommuna,Tal av sætum,
2015,Løgting,Skúvoyar kommuna,Partur av sætum hjá kvinnum,
2015,Løgting,Skúvoyar kommuna,Tal av sætum hjá kvinnum,
2015,Løgting,Skúvoyar kommuna,Tal av sætum,
2016,Løgting,Skúvoyar kommuna,Partur av sætum hjá kvinnum,
2016,Løgting,Skúvoyar kommuna,Tal av sætum hjá kvinnum,
2016,Løgting,Skúvoyar kommuna,Tal av sætum,
2019,Løgting,Skúvoyar kommuna,Partur av sætum hjá kvinnum,
2019,Løgting,Skúvoyar kommuna,Tal av sætum hjá kvinnum,
2019,Løgting,Skúvoyar kommuna,Tal av sætum,
2020,Løgting,Skúvoyar kommuna,Partur av sætum hjá kvinnum,
2020,Løgting,Skúvoyar kommuna,Tal av sætum hjá kvinnum,
2020,Løgting,Skúvoyar kommuna,Tal av sætum,
2022,Løgting,Skúvoyar kommuna,Partur av sætum hjá kvinnum,
2022,Løgting,Skúvoyar kommuna,Tal av sætum hjá kvinnum,
2022,Løgting,Skúvoyar kommuna,Tal av sætum,
1984,Løgting,Sørvágs kommuna,Partur av sætum hjá kvinnum,
1984,Løgting,Sørvágs kommuna,Tal av sætum hjá kvinnum,
1984,Løgting,Sørvágs kommuna,Tal av sætum,
1988,Løgting,Sørvágs kommuna,Partur av sætum hjá kvinnum,
1988,Løgting,Sørvágs kommuna,Tal av sætum hjá kvinnum,
1988,Løgting,Sørvágs kommuna,Tal av sætum,
1990,Løgting,Sørvágs kommuna,Partur av sætum hjá kvinnum,
1990,Løgting,Sørvágs kommuna,Tal av sætum hjá kvinnum,
1990,Løgting,Sørvágs kommuna,Tal av sætum,
1992,Løgting,Sørvágs kommuna,Partur av sætum hjá kvinnum,
1992,Løgting,Sørvágs kommuna,Tal av sætum hjá kvinnum,
1992,Løgting,Sørvágs kommuna,Tal av sætum,
1994,Løgting,Sørvágs kommuna,Partur av sætum hjá kvinnum,
1994,Løgting,Sørvágs kommuna,Tal av sætum hjá kvinnum,
1994,Løgting,Sørvágs kommuna,Tal av sætum,
1996,Løgting,Sørvágs kommuna,Partur av sætum hjá kvinnum,
1996,Løgting,Sørvágs kommuna,Tal av sætum hjá kvinnum,
1996,Løgting,Sørvágs kommuna,Tal av sætum,
1998,Løgting,Sørvágs kommuna,Partur av sætum hjá kvinnum,
1998,Løgting,Sørvágs kommuna,Tal av sætum hjá kvinnum,
1998,Løgting,Sørvágs kommuna,Tal av sætum,
2000,Løgting,Sørvágs kommuna,Partur av sætum hjá kvinnum,
2000,Løgting,Sørvágs kommuna,Tal av sætum hjá kvinnum,
2000,Løgting,Sørvágs kommuna,Tal av sætum,
2002,Løgting,Sørvágs kommuna,Partur av sætum hjá kvinnum,
2002,Løgting,Sørvágs kommuna,Tal av sætum hjá kvinnum,
2002,Løgting,Sørvágs kommuna,Tal av sætum,
2004,Løgting,Sørvágs kommuna,Partur av sætum hjá kvinnum,
2004,Løgting,Sørvágs kommuna,Tal av sætum hjá kvinnum,
2004,Løgting,Sørvágs kommuna,Tal av sætum,
2008,Løgting,Sørvágs kommuna,Partur av sætum hjá kvinnum,
2008,Løgting,Sørvágs kommuna,Tal av sætum hjá kvinnum,
2008,Løgting,Sørvágs kommuna,Tal av sætum,
2011,Løgting,Sørvágs kommuna,Partur av sætum hjá kvinnum,
2011,Løgting,Sørvágs kommuna,Tal av sætum hjá kvinnum,
2011,Løgting,Sørvágs kommuna,Tal av sætum,
2012,Løgting,Sørvágs kommuna,Partur av sætum hjá kvinnum,
2012,Løgting,Sørvágs kommuna,Tal av sætum hjá kvinnum,
2012,Løgting,Sørvágs kommuna,Tal av sætum,
2015,Løgting,Sørvágs kommuna,Partur av sætum hjá kvinnum,
2015,Løgting,Sørvágs kommuna,Tal av sætum hjá kvinnum,
2015,Løgting,Sørvágs kommuna,Tal av sætum,
2016,Løgting,Sørvágs kommuna,Partur av sætum hjá kvinnum,
2016,Løgting,Sørvágs kommuna,Tal av sætum hjá kvinnum,
2016,Løgting,Sørvágs kommuna,Tal av sætum,
2019,Løgting,Sørvágs kommuna,Partur av sætum hjá kvinnum,
2019,Løgting,Sørvágs kommuna,Tal av sætum hjá kvinnum,
2019,Løgting,Sørvágs kommuna,Tal av sætum,
2020,Løgting,Sørvágs kommuna,Partur av sætum hjá kvinnum,
2020,Løgting,Sørvágs kommuna,Tal av sætum hjá kvinnum,
2020,Løgting,Sørvágs kommuna,Tal av sætum,
2022,Løgting,Sørvágs kommuna,Partur av sætum hjá kvinnum,
2022,Løgting,Sørvágs kommuna,Tal av sætum hjá kvinnum,
2022,Løgting,Sørvágs kommuna,Tal av sætum,
1984,Løgting,Sumbiar kommuna,Partur av sætum hjá kvinnum,
1984,Løgting,Sumbiar kommuna,Tal av sætum hjá kvinnum,
1984,Løgting,Sumbiar kommuna,Tal av sætum,
1988,Løgting,Sumbiar kommuna,Partur av sætum hjá kvinnum,
1988,Løgting,Sumbiar kommuna,Tal av sætum hjá kvinnum,
1988,Løgting,Sumbiar kommuna,Tal av sætum,
1990,Løgting,Sumbiar kommuna,Partur av sætum hjá kvinnum,
1990,Løgting,Sumbiar kommuna,Tal av sætum hjá kvinnum,
1990,Løgting,Sumbiar kommuna,Tal av sætum,
1992,Løgting,Sumbiar kommuna,Partur av sætum hjá kvinnum,
1992,Løgting,Sumbiar kommuna,Tal av sætum hjá kvinnum,
1992,Løgting,Sumbiar kommuna,Tal av sætum,
1994,Løgting,Sumbiar kommuna,Partur av sætum hjá kvinnum,
1994,Løgting,Sumbiar kommuna,Tal av sætum hjá kvinnum,
1994,Løgting,Sumbiar kommuna,Tal av sætum,
1996,Løgting,Sumbiar kommuna,Partur av sætum hjá kvinnum,
1996,Løgting,Sumbiar kommuna,Tal av sætum hjá kvinnum,
1996,Løgting,Sumbiar kommuna,Tal av sætum,
1998,Løgting,Sumbiar kommuna,Partur av sætum hjá kvinnum,
1998,Løgting,Sumbiar kommuna,Tal av sætum hjá kvinnum,
1998,Løgting,Sumbiar kommuna,Tal av sætum,
2000,Løgting,Sumbiar kommuna,Partur av sætum hjá kvinnum,
2000,Løgting,Sumbiar kommuna,Tal av sætum hjá kvinnum,
2000,Løgting,Sumbiar kommuna,Tal av sætum,
2002,Løgting,Sumbiar kommuna,Partur av sætum hjá kvinnum,
2002,Løgting,Sumbiar kommuna,Tal av sætum hjá kvinnum,
2002,Løgting,Sumbiar kommuna,Tal av sætum,
2004,Løgting,Sumbiar kommuna,Partur av sætum hjá kvinnum,
2004,Løgting,Sumbiar kommuna,Tal av sætum hjá kvinnum,
2004,Løgting,Sumbiar kommuna,Tal av sætum,
2008,Løgting,Sumbiar kommuna,Partur av sætum hjá kvinnum,
2008,Løgting,Sumbiar kommuna,Tal av sætum hjá kvinnum,
2008,Løgting,Sumbiar kommuna,Tal av sætum,
2011,Løgting,Sumbiar kommuna,Partur av sætum hjá kvinnum,
2011,Løgting,Sumbiar kommuna,Tal av sætum hjá kvinnum,
2011,Løgting,Sumbiar kommuna,Tal av sætum,
2012,Løgting,Sumbiar kommuna,Partur av sætum hjá kvinnum,
2012,Løgting,Sumbiar kommuna,Tal av sætum hjá kvinnum,
2012,Løgting,Sumbiar kommuna,Tal av sætum,
2015,Løgting,Sumbiar kommuna,Partur av sætum hjá kvinnum,
2015,Løgting,Sumbiar kommuna,Tal av sætum hjá kvinnum,
2015,Løgting,Sumbiar kommuna,Tal av sætum,
2016,Løgting,Sumbiar kommuna,Partur av sætum hjá kvinnum,
2016,Løgting,Sumbiar kommuna,Tal av sætum hjá kvinnum,
2016,Løgting,Sumbiar kommuna,Tal av sætum,
2019,Løgting,Sumbiar kommuna,Partur av sætum hjá kvinnum,
2019,Løgting,Sumbiar kommuna,Tal av sætum hjá kvinnum,
2019,Løgting,Sumbiar kommuna,Tal av sætum,
2020,Løgting,Sumbiar kommuna,Partur av sætum hjá kvinnum,
2020,Løgting,Sumbiar kommuna,Tal av sætum hjá kvinnum,
2020,Løgting,Sumbiar kommuna,Tal av sætum,
2022,Løgting,Sumbiar kommuna,Partur av sætum hjá kvinnum,
2022,Løgting,Sumbiar kommuna,Tal av sætum hjá kvinnum,
2022,Løgting,Sumbiar kommuna,Tal av sætum,
1984,Løgting,Sunda kommuna,Partur av sætum hjá kvinnum,
1984,Løgting,Sunda kommuna,Tal av sætum hjá kvinnum,
1984,Løgting,Sunda kommuna,Tal av sætum,
1988,Løgting,Sunda kommuna,Partur av sætum hjá kvinnum,
1988,Løgting,Sunda kommuna,Tal av sætum hjá kvinnum,
1988,Løgting,Sunda kommuna,Tal av sætum,
1990,Løgting,Sunda kommuna,Partur av sætum hjá kvinnum,
1990,Løgting,Sunda kommuna,Tal av sætum hjá kvinnum,
1990,Løgting,Sunda kommuna,Tal av sætum,
1992,Løgting,Sunda kommuna,Partur av sætum hjá kvinnum,
1992,Løgting,Sunda kommuna,Tal av sætum hjá kvinnum,
1992,Løgting,Sunda kommuna,Tal av sætum,
1994,Løgting,Sunda kommuna,Partur av sætum hjá kvinnum,
1994,Løgting,Sunda kommuna,Tal av sætum hjá kvinnum,
1994,Løgting,Sunda kommuna,Tal av sætum,
1996,Løgting,Sunda kommuna,Partur av sætum hjá kvinnum,
1996,Løgting,Sunda kommuna,Tal av sætum hjá kvinnum,
1996,Løgting,Sunda kommuna,Tal av sætum,
1998,Løgting,Sunda kommuna,Partur av sætum hjá kvinnum,
1998,Løgting,Sunda kommuna,Tal av sætum hjá kvinnum,
1998,Løgting,Sunda kommuna,Tal av sætum,
2000,Løgting,Sunda kommuna,Partur av sætum hjá kvinnum,
2000,Løgting,Sunda kommuna,Tal av sætum hjá kvinnum,
2000,Løgting,Sunda kommuna,Tal av sætum,
2002,Løgting,Sunda kommuna,Partur av sætum hjá kvinnum,
2002,Løgting,Sunda kommuna,Tal av sætum hjá kvinnum,
2002,Løgting,Sunda kommuna,Tal av sætum,
2004,Løgting,Sunda kommuna,Partur av sætum hjá kvinnum,
2004,Løgting,Sunda kommuna,Tal av sætum hjá kvinnum,
2004,Løgting,Sunda kommuna,Tal av sætum,
2008,Løgting,Sunda kommuna,Partur av sætum hjá kvinnum,
2008,Løgting,Sunda kommuna,Tal av sætum hjá kvinnum,
2008,Løgting,Sunda kommuna,Tal av sætum,
2011,Løgting,Sunda kommuna,Partur av sætum hjá kvinnum,
2011,Løgting,Sunda kommuna,Tal av sætum hjá kvinnum,
2011,Løgting,Sunda kommuna,Tal av sætum,
2012,Løgting,Sunda kommuna,Partur av sætum hjá kvinnum,
2012,Løgting,Sunda kommuna,Tal av sætum hjá kvinnum,
2012,Løgting,Sunda kommuna,Tal av sætum,
2015,Løgting,Sunda kommuna,Partur av sætum hjá kvinnum,
2015,Løgting,Sunda kommuna,Tal av sætum hjá kvinnum,
2015,Løgting,Sunda kommuna,Tal av sætum,
2016,Løgting,Sunda kommuna,Partur av sætum hjá kvinnum,
2016,Løgting,Sunda kommuna,Tal av sætum hjá kvinnum,
2016,Løgting,Sunda kommuna,Tal av sætum,
2019,Løgting,Sunda kommuna,Partur av sætum hjá kvinnum,
2019,Løgting,Sunda kommuna,Tal av sætum hjá kvinnum,
2019,Løgting,Sunda kommuna,Tal av sætum,
2020,Løgting,Sunda kommuna,Partur av sætum hjá kvinnum,
2020,Løgting,Sunda kommuna,Tal av sætum hjá kvinnum,
2020,Løgting,Sunda kommuna,Tal av sætum,
2022,Løgting,Sunda kommuna,Partur av sætum hjá kvinnum,
2022,Løgting,Sunda kommuna,Tal av sætum hjá kvinnum,
2022,Løgting,Sunda kommuna,Tal av sætum,
1984,Løgting,Svínoyar kommuna,Partur av sætum hjá kvinnum,
1984,Løgting,Svínoyar kommuna,Tal av sætum hjá kvinnum,
1984,Løgting,Svínoyar kommuna,Tal av sætum,
1988,Løgting,Svínoyar kommuna,Partur av sætum hjá kvinnum,
1988,Løgting,Svínoyar kommuna,Tal av sætum hjá kvinnum,
1988,Løgting,Svínoyar kommuna,Tal av sætum,
1990,Løgting,Svínoyar kommuna,Partur av sætum hjá kvinnum,
1990,Løgting,Svínoyar kommuna,Tal av sætum hjá kvinnum,
1990,Løgting,Svínoyar kommuna,Tal av sætum,
1992,Løgting,Svínoyar kommuna,Partur av sætum hjá kvinnum,
1992,Løgting,Svínoyar kommuna,Tal av sætum hjá kvinnum,
1992,Løgting,Svínoyar kommuna,Tal av sætum,
1994,Løgting,Svínoyar kommuna,Partur av sætum hjá kvinnum,
1994,Løgting,Svínoyar kommuna,Tal av sætum hjá kvinnum,
1994,Løgting,Svínoyar kommuna,Tal av sætum,
1996,Løgting,Svínoyar kommuna,Partur av sætum hjá kvinnum,
1996,Løgting,Svínoyar kommuna,Tal av sætum hjá kvinnum,
1996,Løgting,Svínoyar kommuna,Tal av sætum,
1998,Løgting,Svínoyar kommuna,Partur av sætum hjá kvinnum,
1998,Løgting,Svínoyar kommuna,Tal av sætum hjá kvinnum,
1998,Løgting,Svínoyar kommuna,Tal av sætum,
2000,Løgting,Svínoyar kommuna,Partur av sætum hjá kvinnum,
2000,Løgting,Svínoyar kommuna,Tal av sætum hjá kvinnum,
2000,Løgting,Svínoyar kommuna,Tal av sætum,
2002,Løgting,Svínoyar kommuna,Partur av sætum hjá kvinnum,
2002,Løgting,Svínoyar kommuna,Tal av sætum hjá kvinnum,
2002,Løgting,Svínoyar kommuna,Tal av sætum,
2004,Løgting,Svínoyar kommuna,Partur av sætum hjá kvinnum,
2004,Løgting,Svínoyar kommuna,Tal av sætum hjá kvinnum,
2004,Løgting,Svínoyar kommuna,Tal av sætum,
2008,Løgting,Svínoyar kommuna,Partur av sætum hjá kvinnum,
2008,Løgting,Svínoyar kommuna,Tal av sætum hjá kvinnum,
2008,Løgting,Svínoyar kommuna,Tal av sætum,
2011,Løgting,Svínoyar kommuna,Partur av sætum hjá kvinnum,
2011,Løgting,Svínoyar kommuna,Tal av sætum hjá kvinnum,
2011,Løgting,Svínoyar kommuna,Tal av sætum,
2012,Løgting,Svínoyar kommuna,Partur av sætum hjá kvinnum,
2012,Løgting,Svínoyar kommuna,Tal av sætum hjá kvinnum,
2012,Løgting,Svínoyar kommuna,Tal av sætum,
2015,Løgting,Svínoyar kommuna,Partur av sætum hjá kvinnum,
2015,Løgting,Svínoyar kommuna,Tal av sætum hjá kvinnum,
2015,Løgting,Svínoyar kommuna,Tal av sætum,
2016,Løgting,Svínoyar kommuna,Partur av sætum hjá kvinnum,
2016,Løgting,Svínoyar kommuna,Tal av sætum hjá kvinnum,
2016,Løgting,Svínoyar kommuna,Tal av sætum,
2019,Løgting,Svínoyar kommuna,Partur av sætum hjá kvinnum,
2019,Løgting,Svínoyar kommuna,Tal av sætum hjá kvinnum,
2019,Løgting,Svínoyar kommuna,Tal av sætum,
2020,Løgting,Svínoyar kommuna,Partur av sætum hjá kvinnum,
2020,Løgting,Svínoyar kommuna,Tal av sætum hjá kvinnum,
2020,Løgting,Svínoyar kommuna,Tal av sætum,
2022,Løgting,Svínoyar kommuna,Partur av sætum hjá kvinnum,
2022,Løgting,Svínoyar kommuna,Tal av sætum hjá kvinnum,
2022,Løgting,Svínoyar kommuna,Tal av sætum,
1984,Løgting,Tórshavnar kommuna,Partur av sætum hjá kvinnum,
1984,Løgting,Tórshavnar kommuna,Tal av sætum hjá kvinnum,
1984,Løgting,Tórshavnar kommuna,Tal av sætum,
1988,Løgting,Tórshavnar kommuna,Partur av sætum hjá kvinnum,
1988,Løgting,Tórshavnar kommuna,Tal av sætum hjá kvinnum,
1988,Løgting,Tórshavnar kommuna,Tal av sætum,
1990,Løgting,Tórshavnar kommuna,Partur av sætum hjá kvinnum,
1990,Løgting,Tórshavnar kommuna,Tal av sætum hjá kvinnum,
1990,Løgting,Tórshavnar kommuna,Tal av sætum,
1992,Løgting,Tórshavnar kommuna,Partur av sætum hjá kvinnum,
1992,Løgting,Tórshavnar kommuna,Tal av sætum hjá kvinnum,
1992,Løgting,Tórshavnar kommuna,Tal av sætum,
1994,Løgting,Tórshavnar kommuna,Partur av sætum hjá kvinnum,
1994,Løgting,Tórshavnar kommuna,Tal av sætum hjá kvinnum,
1994,Løgting,Tórshavnar kommuna,Tal av sætum,
1996,Løgting,Tórshavnar kommuna,Partur av sætum hjá kvinnum,
1996,Løgting,Tórshavnar kommuna,Tal av sætum hjá kvinnum,
1996,Løgting,Tórshavnar kommuna,Tal av sætum,
1998,Løgting,Tórshavnar kommuna,Partur av sætum hjá kvinnum,
1998,Løgting,Tórshavnar kommuna,Tal av sætum hjá kvinnum,
1998,Løgting,Tórshavnar kommuna,Tal av sætum,
2000,Løgting,Tórshavnar kommuna,Partur av sætum hjá kvinnum,
2000,Løgting,Tórshavnar kommuna,Tal av sætum hjá kvinnum,
2000,Løgting,Tórshavnar kommuna,Tal av sætum,
2002,Løgting,Tórshavnar kommuna,Partur av sætum hjá kvinnum,
2002,Løgting,Tórshavnar kommuna,Tal av sætum hjá kvinnum,
2002,Løgting,Tórshavnar kommuna,Tal av sætum,
2004,Løgting,Tórshavnar kommuna,Partur av sætum hjá kvinnum,
2004,Løgting,Tórshavnar kommuna,Tal av sætum hjá kvinnum,
2004,Løgting,Tórshavnar kommuna,Tal av sætum,
2008,Løgting,Tórshavnar kommuna,Partur av sætum hjá kvinnum,
2008,Løgting,Tórshavnar kommuna,Tal av sætum hjá kvinnum,
2008,Løgting,Tórshavnar kommuna,Tal av sætum,
2011,Løgting,Tórshavnar kommuna,Partur av sætum hjá kvinnum,
2011,Løgting,Tórshavnar kommuna,Tal av sætum hjá kvinnum,
2011,Løgting,Tórshavnar kommuna,Tal av sætum,
2012,Løgting,Tórshavnar kommuna,Partur av sætum hjá kvinnum,
2012,Løgting,Tórshavnar kommuna,Tal av sætum hjá kvinnum,
2012,Løgting,Tórshavnar kommuna,Tal av sætum,
2015,Løgting,Tórshavnar kommuna,Partur av sætum hjá kvinnum,
2015,Løgting,Tórshavnar kommuna,Tal av sætum hjá kvinnum,
2015,Løgting,Tórshavnar kommuna,Tal av sætum,
2016,Løgting,Tórshavnar kommuna,Partur av sætum hjá kvinnum,
2016,Løgting,Tórshavnar kommuna,Tal av sætum hjá kvinnum,
2016,Løgting,Tórshavnar kommuna,Tal av sætum,
2019,Løgting,Tórshavnar kommuna,Partur av sætum hjá kvinnum,
2019,Løgting,Tórshavnar kommuna,Tal av sætum hjá kvinnum,
2019,Løgting,Tórshavnar kommuna,Tal av sætum,
2020,Løgting,Tórshavnar kommuna,Partur av sætum hjá kvinnum,
2020,Løgting,Tórshavnar kommuna,Tal av sætum hjá kvinnum,
2020,Løgting,Tórshavnar kommuna,Tal av sætum,
2022,Løgting,Tórshavnar kommuna,Partur av sætum hjá kvinnum,
2022,Løgting,Tórshavnar kommuna,Tal av sætum hjá kvinnum,
2022,Løgting,Tórshavnar kommuna,Tal av sætum,
1984,Løgting,Tvøroyrar kommuna,Partur av sætum hjá kvinnum,
1984,Løgting,Tvøroyrar kommuna,Tal av sætum hjá kvinnum,
1984,Løgting,Tvøroyrar kommuna,Tal av sætum,
1988,Løgting,Tvøroyrar kommuna,Partur av sætum hjá kvinnum,
1988,Løgting,Tvøroyrar kommuna,Tal av sætum hjá kvinnum,
1988,Løgting,Tvøroyrar kommuna,Tal av sætum,
1990,Løgting,Tvøroyrar kommuna,Partur av sætum hjá kvinnum,
1990,Løgting,Tvøroyrar kommuna,Tal av sætum hjá kvinnum,
1990,Løgting,Tvøroyrar kommuna,Tal av sætum,
1992,Løgting,Tvøroyrar kommuna,Partur av sætum hjá kvinnum,
1992,Løgting,Tvøroyrar kommuna,Tal av sætum hjá kvinnum,
1992,Løgting,Tvøroyrar kommuna,Tal av sætum,
1994,Løgting,Tvøroyrar kommuna,Partur av sætum hjá kvinnum,
1994,Løgting,Tvøroyrar kommuna,Tal av sætum hjá kvinnum,
1994,Løgting,Tvøroyrar kommuna,Tal av sætum,
1996,Løgting,Tvøroyrar kommuna,Partur av sætum hjá kvinnum,
1996,Løgting,Tvøroyrar kommuna,Tal av sætum hjá kvinnum,
1996,Løgting,Tvøroyrar kommuna,Tal av sætum,
1998,Løgting,Tvøroyrar kommuna,Partur av sætum hjá kvinnum,
1998,Løgting,Tvøroyrar kommuna,Tal av sætum hjá kvinnum,
1998,Løgting,Tvøroyrar kommuna,Tal av sætum,
2000,Løgting,Tvøroyrar kommuna,Partur av sætum hjá kvinnum,
2000,Løgting,Tvøroyrar kommuna,Tal av sætum hjá kvinnum,
2000,Løgting,Tvøroyrar kommuna,Tal av sætum,
2002,Løgting,Tvøroyrar kommuna,Partur av sætum hjá kvinnum,
2002,Løgting,Tvøroyrar kommuna,Tal av sætum hjá kvinnum,
2002,Løgting,Tvøroyrar kommuna,Tal av sætum,
2004,Løgting,Tvøroyrar kommuna,Partur av sætum hjá kvinnum,
2004,Løgting,Tvøroyrar kommuna,Tal av sætum hjá kvinnum,
2004,Løgting,Tvøroyrar kommuna,Tal av sætum,
2008,Løgting,Tvøroyrar kommuna,Partur av sætum hjá kvinnum,
2008,Løgting,Tvøroyrar kommuna,Tal av sætum hjá kvinnum,
2008,Løgting,Tvøroyrar kommuna,Tal av sætum,
2011,Løgting,Tvøroyrar kommuna,Partur av sætum hjá kvinnum,
2011,Løgting,Tvøroyrar kommuna,Tal av sætum hjá kvinnum,
2011,Løgting,Tvøroyrar kommuna,Tal av sætum,
2012,Løgting,Tvøroyrar kommuna,Partur av sætum hjá kvinnum,
2012,Løgting,Tvøroyrar kommuna,Tal av sætum hjá kvinnum,
2012,Løgting,Tvøroyrar kommuna,Tal av sætum,
2015,Løgting,Tvøroyrar kommuna,Partur av sætum hjá kvinnum,
2015,Løgting,Tvøroyrar kommuna,Tal av sætum hjá kvinnum,
2015,Løgting,Tvøroyrar kommuna,Tal av sætum,
2016,Løgting,Tvøroyrar kommuna,Partur av sætum hjá kvinnum,
2016,Løgting,Tvøroyrar kommuna,Tal av sætum hjá kvinnum,
2016,Løgting,Tvøroyrar kommuna,Tal av sætum,
2019,Løgting,Tvøroyrar kommuna,Partur av sætum hjá kvinnum,
2019,Løgting,Tvøroyrar kommuna,Tal av sætum hjá kvinnum,
2019,Løgting,Tvøroyrar kommuna,Tal av sætum,
2020,Løgting,Tvøroyrar kommuna,Partur av sætum hjá kvinnum,
2020,Løgting,Tvøroyrar kommuna,Tal av sætum hjá kvinnum,
2020,Løgting,Tvøroyrar kommuna,Tal av sætum,
2022,Løgting,Tvøroyrar kommuna,Partur av sætum hjá kvinnum,
2022,Løgting,Tvøroyrar kommuna,Tal av sætum hjá kvinnum,
2022,Løgting,Tvøroyrar kommuna,Tal av sætum,
1984,Løgting,Vága kommuna,Partur av sætum hjá kvinnum,
1984,Løgting,Vága kommuna,Tal av sætum hjá kvinnum,
1984,Løgting,Vága kommuna,Tal av sætum,
1988,Løgting,Vága kommuna,Partur av sætum hjá kvinnum,
1988,Løgting,Vága kommuna,Tal av sætum hjá kvinnum,
1988,Løgting,Vága kommuna,Tal av sætum,
1990,Løgting,Vága kommuna,Partur av sætum hjá kvinnum,
1990,Løgting,Vága kommuna,Tal av sætum hjá kvinnum,
1990,Løgting,Vága kommuna,Tal av sætum,
1992,Løgting,Vága kommuna,Partur av sætum hjá kvinnum,
1992,Løgting,Vága kommuna,Tal av sætum hjá kvinnum,
1992,Løgting,Vága kommuna,Tal av sætum,
1994,Løgting,Vága kommuna,Partur av sætum hjá kvinnum,
1994,Løgting,Vága kommuna,Tal av sætum hjá kvinnum,
1994,Løgting,Vága kommuna,Tal av sætum,
1996,Løgting,Vága kommuna,Partur av sætum hjá kvinnum,
1996,Løgting,Vága kommuna,Tal av sætum hjá kvinnum,
1996,Løgting,Vága kommuna,Tal av sætum,
1998,Løgting,Vága kommuna,Partur av sætum hjá kvinnum,
1998,Løgting,Vága kommuna,Tal av sætum hjá kvinnum,
1998,Løgting,Vága kommuna,Tal av sætum,
2000,Løgting,Vága kommuna,Partur av sætum hjá kvinnum,
2000,Løgting,Vága kommuna,Tal av sætum hjá kvinnum,
2000,Løgting,Vága kommuna,Tal av sætum,
2002,Løgting,Vága kommuna,Partur av sætum hjá kvinnum,
2002,Løgting,Vága kommuna,Tal av sætum hjá kvinnum,
2002,Løgting,Vága kommuna,Tal av sætum,
2004,Løgting,Vága kommuna,Partur av sætum hjá kvinnum,
2004,Løgting,Vága kommuna,Tal av sætum hjá kvinnum,
2004,Løgting,Vága kommuna,Tal av sætum,
2008,Løgting,Vága kommuna,Partur av sætum hjá kvinnum,
2008,Løgting,Vága kommuna,Tal av sætum hjá kvinnum,
2008,Løgting,Vága kommuna,Tal av sætum,
2011,Løgting,Vága kommuna,Partur av sætum hjá kvinnum,
2011,Løgting,Vága kommuna,Tal av sætum hjá kvinnum,
2011,Løgting,Vága kommuna,Tal av sætum,
2012,Løgting,Vága kommuna,Partur av sætum hjá kvinnum,
2012,Løgting,Vága kommuna,Tal av sætum hjá kvinnum,
2012,Løgting,Vága kommuna,Tal av sætum,
2015,Løgting,Vága kommuna,Partur av sætum hjá kvinnum,
2015,Løgting,Vága kommuna,Tal av sætum hjá kvinnum,
2015,Løgting,Vága kommuna,Tal av sætum,
2016,Løgting,Vága kommuna,Partur av sætum hjá kvinnum,
2016,Løgting,Vága kommuna,Tal av sætum hjá kvinnum,
2016,Løgting,Vága kommuna,Tal av sætum,
2019,Løgting,Vága kommuna,Partur av sætum hjá kvinnum,
2019,Løgting,Vága kommuna,Tal av sætum hjá kvinnum,
2019,Løgting,Vága kommuna,Tal av sætum,
2020,Løgting,Vága kommuna,Partur av sætum hjá kvinnum,
2020,Løgting,Vága kommuna,Tal av sætum hjá kvinnum,
2020,Løgting,Vága kommuna,Tal av sætum,
2022,Løgting,Vága kommuna,Partur av sætum hjá kvinnum,
2022,Løgting,Vága kommuna,Tal av sætum hjá kvinnum,
2022,Løgting,Vága kommuna,Tal av sætum,
1984,Løgting,Vágs kommuna,Partur av sætum hjá kvinnum,
1984,Løgting,Vágs kommuna,Tal av sætum hjá kvinnum,
1984,Løgting,Vágs kommuna,Tal av sætum,
1988,Løgting,Vágs kommuna,Partur av sætum hjá kvinnum,
1988,Løgting,Vágs kommuna,Tal av sætum hjá kvinnum,
1988,Løgting,Vágs kommuna,Tal av sætum,
1990,Løgting,Vágs kommuna,Partur av sætum hjá kvinnum,
1990,Løgting,Vágs kommuna,Tal av sætum hjá kvinnum,
1990,Løgting,Vágs kommuna,Tal av sætum,
1992,Løgting,Vágs kommuna,Partur av sætum hjá kvinnum,
1992,Løgting,Vágs kommuna,Tal av sætum hjá kvinnum,
1992,Løgting,Vágs kommuna,Tal av sætum,
1994,Løgting,Vágs kommuna,Partur av sætum hjá kvinnum,
1994,Løgting,Vágs kommuna,Tal av sætum hjá kvinnum,
1994,Løgting,Vágs kommuna,Tal av sætum,
1996,Løgting,Vágs kommuna,Partur av sætum hjá kvinnum,
1996,Løgting,Vágs kommuna,Tal av sætum hjá kvinnum,
1996,Løgting,Vágs kommuna,Tal av sætum,
1998,Løgting,Vágs kommuna,Partur av sætum hjá kvinnum,
1998,Løgting,Vágs kommuna,Tal av sætum hjá kvinnum,
1998,Løgting,Vágs kommuna,Tal av sætum,
2000,Løgting,Vágs kommuna,Partur av sætum hjá kvinnum,
2000,Løgting,Vágs kommuna,Tal av sætum hjá kvinnum,
2000,Løgting,Vágs kommuna,Tal av sætum,
2002,Løgting,Vágs kommuna,Partur av sætum hjá kvinnum,
2002,Løgting,Vágs kommuna,Tal av sætum hjá kvinnum,
2002,Løgting,Vágs kommuna,Tal av sætum,
2004,Løgting,Vágs kommuna,Partur av sætum hjá kvinnum,
2004,Løgting,Vágs kommuna,Tal av sætum hjá kvinnum,
2004,Løgting,Vágs kommuna,Tal av sætum,
2008,Løgting,Vágs kommuna,Partur av sætum hjá kvinnum,
2008,Løgting,Vágs kommuna,Tal av sætum hjá kvinnum,
2008,Løgting,Vágs kommuna,Tal av sætum,
2011,Løgting,Vágs kommuna,Partur av sætum hjá kvinnum,
2011,Løgting,Vágs kommuna,Tal av sætum hjá kvinnum,
2011,Løgting,Vágs kommuna,Tal av sætum,
2012,Løgting,Vágs kommuna,Partur av sætum hjá kvinnum,
2012,Løgting,Vágs kommuna,Tal av sætum hjá kvinnum,
2012,Løgting,Vágs kommuna,Tal av sætum,
2015,Løgting,Vágs kommuna,Partur av sætum hjá kvinnum,
2015,Løgting,Vágs kommuna,Tal av sætum hjá kvinnum,
2015,Løgting,Vágs kommuna,Tal av sætum,
2016,Løgting,Vágs kommuna,Partur av sætum hjá kvinnum,
2016,Løgting,Vágs kommuna,Tal av sætum hjá kvinnum,
2016,Løgting,Vágs kommuna,Tal av sætum,
2019,Løgting,Vágs kommuna,Partur av sætum hjá kvinnum,
2019,Løgting,Vágs kommuna,Tal av sætum hjá kvinnum,
2019,Løgting,Vágs kommuna,Tal av sætum,
2020,Løgting,Vágs kommuna,Partur av sætum hjá kvinnum,
2020,Løgting,Vágs kommuna,Tal av sætum hjá kvinnum,
2020,Løgting,Vágs kommuna,Tal av sætum,
2022,Løgting,Vágs kommuna,Partur av sætum hjá kvinnum,
2022,Løgting,Vágs kommuna,Tal av sætum hjá kvinnum,
2022,Løgting,Vágs kommuna,Tal av sætum,
1984,Løgting,Vestmanna kommuna,Partur av sætum hjá kvinnum,
1984,Løgting,Vestmanna kommuna,Tal av sætum hjá kvinnum,
1984,Løgting,Vestmanna kommuna,Tal av sætum,
1988,Løgting,Vestmanna kommuna,Partur av sætum hjá kvinnum,
1988,Løgting,Vestmanna kommuna,Tal av sætum hjá kvinnum,
1988,Løgting,Vestmanna kommuna,Tal av sætum,
1990,Løgting,Vestmanna kommuna,Partur av sætum hjá kvinnum,
1990,Løgting,Vestmanna kommuna,Tal av sætum hjá kvinnum,
1990,Løgting,Vestmanna kommuna,Tal av sætum,
1992,Løgting,Vestmanna kommuna,Partur av sætum hjá kvinnum,
1992,Løgting,Vestmanna kommuna,Tal av sætum hjá kvinnum,
1992,Løgting,Vestmanna kommuna,Tal av sætum,
1994,Løgting,Vestmanna kommuna,Partur av sætum hjá kvinnum,
1994,Løgting,Vestmanna kommuna,Tal av sætum hjá kvinnum,
1994,Løgting,Vestmanna kommuna,Tal av sætum,
1996,Løgting,Vestmanna kommuna,Partur av sætum hjá kvinnum,
1996,Løgting,Vestmanna kommuna,Tal av sætum hjá kvinnum,
1996,Løgting,Vestmanna kommuna,Tal av sætum,
1998,Løgting,Vestmanna kommuna,Partur av sætum hjá kvinnum,
1998,Løgting,Vestmanna kommuna,Tal av sætum hjá kvinnum,
1998,Løgting,Vestmanna kommuna,Tal av sætum,
2000,Løgting,Vestmanna kommuna,Partur av sætum hjá kvinnum,
2000,Løgting,Vestmanna kommuna,Tal av sætum hjá kvinnum,
2000,Løgting,Vestmanna kommuna,Tal av sætum,
2002,Løgting,Vestmanna kommuna,Partur av sætum hjá kvinnum,
2002,Løgting,Vestmanna kommuna,Tal av sætum hjá kvinnum,
2002,Løgting,Vestmanna kommuna,Tal av sætum,
2004,Løgting,Vestmanna kommuna,Partur av sætum hjá kvinnum,
2004,Løgting,Vestmanna kommuna,Tal av sætum hjá kvinnum,
2004,Løgting,Vestmanna kommuna,Tal av sætum,
2008,Løgting,Vestmanna kommuna,Partur av sætum hjá kvinnum,
2008,Løgting,Vestmanna kommuna,Tal av sætum hjá kvinnum,
2008,Løgting,Vestmanna kommuna,Tal av sætum,
2011,Løgting,Vestmanna kommuna,Partur av sætum hjá kvinnum,
2011,Løgting,Vestmanna kommuna,Tal av sætum hjá kvinnum,
2011,Løgting,Vestmanna kommuna,Tal av sætum,
2012,Løgting,Vestmanna kommuna,Partur av sætum hjá kvinnum,
2012,Løgting,Vestmanna kommuna,Tal av sætum hjá kvinnum,
2012,Løgting,Vestmanna kommuna,Tal av sætum,
2015,Løgting,Vestmanna kommuna,Partur av sætum hjá kvinnum,
2015,Løgting,Vestmanna kommuna,Tal av sætum hjá kvinnum,
2015,Løgting,Vestmanna kommuna,Tal av sætum,
2016,Løgting,Vestmanna kommuna,Partur av sætum hjá kvinnum,
2016,Løgting,Vestmanna kommuna,Tal av sætum hjá kvinnum,
2016,Løgting,Vestmanna kommuna,Tal av sætum,
2019,Løgting,Vestmanna kommuna,Partur av sætum hjá kvinnum,
2019,Løgting,Vestmanna kommuna,Tal av sætum hjá kvinnum,
2019,Løgting,Vestmanna kommuna,Tal av sætum,
2020,Løgting,Vestmanna kommuna,Partur av sætum hjá kvinnum,
2020,Løgting,Vestmanna kommuna,Tal av sætum hjá kvinnum,
2020,Løgting,Vestmanna kommuna,Tal av sætum,
2022,Løgting,Vestmanna kommuna,Partur av sætum hjá kvinnum,
2022,Løgting,Vestmanna kommuna,Tal av sætum hjá kvinnum,
2022,Løgting,Vestmanna kommuna,Tal av sætum,
1984,Løgting,Viðareiðis kommuna,Partur av sætum hjá kvinnum,
1984,Løgting,Viðareiðis kommuna,Tal av sætum hjá kvinnum,
1984,Løgting,Viðareiðis kommuna,Tal av sætum,
1988,Løgting,Viðareiðis kommuna,Partur av sætum hjá kvinnum,
1988,Løgting,Viðareiðis kommuna,Tal av sætum hjá kvinnum,
1988,Løgting,Viðareiðis kommuna,Tal av sætum,
1990,Løgting,Viðareiðis kommuna,Partur av sætum hjá kvinnum,
1990,Løgting,Viðareiðis kommuna,Tal av sætum hjá kvinnum,
1990,Løgting,Viðareiðis kommuna,Tal av sætum,
1992,Løgting,Viðareiðis kommuna,Partur av sætum hjá kvinnum,
1992,Løgting,Viðareiðis kommuna,Tal av sætum hjá kvinnum,
1992,Løgting,Viðareiðis kommuna,Tal av sætum,
1994,Løgting,Viðareiðis kommuna,Partur av sætum hjá kvinnum,
1994,Løgting,Viðareiðis kommuna,Tal av sætum hjá kvinnum,
1994,Løgting,Viðareiðis kommuna,Tal av sætum,
1996,Løgting,Viðareiðis kommuna,Partur av sætum hjá kvinnum,
1996,Løgting,Viðareiðis kommuna,Tal av sætum hjá kvinnum,
1996,Løgting,Viðareiðis kommuna,Tal av sætum,
1998,Løgting,Viðareiðis kommuna,Partur av sætum hjá kvinnum,
1998,Løgting,Viðareiðis kommuna,Tal av sætum hjá kvinnum,
1998,Løgting,Viðareiðis kommuna,Tal av sætum,
2000,Løgting,Viðareiðis kommuna,Partur av sætum hjá kvinnum,
2000,Løgting,Viðareiðis kommuna,Tal av sætum hjá kvinnum,
2000,Løgting,Viðareiðis kommuna,Tal av sætum,
2002,Løgting,Viðareiðis kommuna,Partur av sætum hjá kvinnum,
2002,Løgting,Viðareiðis kommuna,Tal av sætum hjá kvinnum,
2002,Løgting,Viðareiðis kommuna,Tal av sætum,
2004,Løgting,Viðareiðis kommuna,Partur av sætum hjá kvinnum,
2004,Løgting,Viðareiðis kommuna,Tal av sætum hjá kvinnum,
2004,Løgting,Viðareiðis kommuna,Tal av sætum,
2008,Løgting,Viðareiðis kommuna,Partur av sætum hjá kvinnum,
2008,Løgting,Viðareiðis kommuna,Tal av sætum hjá kvinnum,
2008,Løgting,Viðareiðis kommuna,Tal av sætum,
2011,Løgting,Viðareiðis kommuna,Partur av sætum hjá kvinnum,
2011,Løgting,Viðareiðis kommuna,Tal av sætum hjá kvinnum,
2011,Løgting,Viðareiðis kommuna,Tal av sætum,
2012,Løgting,Viðareiðis kommuna,Partur av sætum hjá kvinnum,
2012,Løgting,Viðareiðis kommuna,Tal av sætum hjá kvinnum,
2012,Løgting,Viðareiðis kommuna,Tal av sætum,
2015,Løgting,Viðareiðis kommuna,Partur av sætum hjá kvinnum,
2015,Løgting,Viðareiðis kommuna,Tal av sætum hjá kvinnum,
2015,Løgting,Viðareiðis kommuna,Tal av sætum,
2016,Løgting,Viðareiðis kommuna,Partur av sætum hjá kvinnum,
2016,Løgting,Viðareiðis kommuna,Tal av sætum hjá kvinnum,
2016,Løgting,Viðareiðis kommuna,Tal av sætum,
2019,Løgting,Viðareiðis kommuna,Partur av sætum hjá kvinnum,
2019,Løgting,Viðareiðis kommuna,Tal av sætum hjá kvinnum,
2019,Løgting,Viðareiðis kommuna,Tal av sætum,
2020,Løgting,Viðareiðis kommuna,Partur av sætum hjá kvinnum,
2020,Løgting,Viðareiðis kommuna,Tal av sætum hjá kvinnum,
2020,Løgting,Viðareiðis kommuna,Tal av sætum,
2022,Løgting,Viðareiðis kommuna,Partur av sætum hjá kvinnum,
2022,Løgting,Viðareiðis kommuna,Tal av sætum hjá kvinnum,
2022,Løgting,Viðareiðis kommuna,Tal av sætum,
1984,Kommunustýri,Allir flokkar,Partur av sætum hjá kvinnum,
1984,Kommunustýri,Allir flokkar,Tal av sætum hjá kvinnum,
1984,Kommunustýri,Allir flokkar,Tal av sætum,
1988,Kommunustýri,Allir flokkar,Partur av sætum hjá kvinnum,
1988,Kommunustýri,Allir flokkar,Tal av sætum hjá kvinnum,
1988,Kommunustýri,Allir flokkar,Tal av sætum,
1990,Kommunustýri,Allir flokkar,Partur av sætum hjá kvinnum,
1990,Kommunustýri,Allir flokkar,Tal av sætum hjá kvinnum,
1990,Kommunustýri,Allir flokkar,Tal av sætum,
1992,Kommunustýri,Allir flokkar,Partur av sætum hjá kvinnum,
1992,Kommunustýri,Allir flokkar,Tal av sætum hjá kvinnum,
1992,Kommunustýri,Allir flokkar,Tal av sætum,
1994,Kommunustýri,Allir flokkar,Partur av sætum hjá kvinnum,
1994,Kommunustýri,Allir flokkar,Tal av sætum hjá kvinnum,
1994,Kommunustýri,Allir flokkar,Tal av sætum,
1996,Kommunustýri,Allir flokkar,Partur av sætum hjá kvinnum,
1996,Kommunustýri,Allir flokkar,Tal av sætum hjá kvinnum,
1996,Kommunustýri,Allir flokkar,Tal av sætum,
1998,Kommunustýri,Allir flokkar,Partur av sætum hjá kvinnum,
1998,Kommunustýri,Allir flokkar,Tal av sætum hjá kvinnum,
1998,Kommunustýri,Allir flokkar,Tal av sætum,
2000,Kommunustýri,Allir flokkar,Partur av sætum hjá kvinnum,
2000,Kommunustýri,Allir flokkar,Tal av sætum hjá kvinnum,
2000,Kommunustýri,Allir flokkar,Tal av sætum,
2002,Kommunustýri,Allir flokkar,Partur av sætum hjá kvinnum,
2002,Kommunustýri,Allir flokkar,Tal av sætum hjá kvinnum,
2002,Kommunustýri,Allir flokkar,Tal av sætum,
2004,Kommunustýri,Allir flokkar,Partur av sætum hjá kvinnum,
2004,Kommunustýri,Allir flokkar,Tal av sætum hjá kvinnum,
2004,Kommunustýri,Allir flokkar,Tal av sætum,
2008,Kommunustýri,Allir flokkar,Partur av sætum hjá kvinnum,
2008,Kommunustýri,Allir flokkar,Tal av sætum hjá kvinnum,
2008,Kommunustýri,Allir flokkar,Tal av sætum,
2011,Kommunustýri,Allir flokkar,Partur av sætum hjá kvinnum,
2011,Kommunustýri,Allir flokkar,Tal av sætum hjá kvinnum,
2011,Kommunustýri,Allir flokkar,Tal av sætum,
2012,Kommunustýri,Allir flokkar,Partur av sætum hjá kvinnum,
2012,Kommunustýri,Allir flokkar,Tal av sætum hjá kvinnum,
2012,Kommunustýri,Allir flokkar,Tal av sætum,
2015,Kommunustýri,Allir flokkar,Partur av sætum hjá kvinnum,
2015,Kommunustýri,Allir flokkar,Tal av sætum hjá kvinnum,
2015,Kommunustýri,Allir flokkar,Tal av sætum,
2016,Kommunustýri,Allir flokkar,Partur av sætum hjá kvinnum,
2016,Kommunustýri,Allir flokkar,Tal av sætum hjá kvinnum,
2016,Kommunustýri,Allir flokkar,Tal av sætum,
2019,Kommunustýri,Allir flokkar,Partur av sætum hjá kvinnum,
2019,Kommunustýri,Allir flokkar,Tal av sætum hjá kvinnum,
2019,Kommunustýri,Allir flokkar,Tal av sætum,
2020,Kommunustýri,Allir flokkar,Partur av sætum hjá kvinnum,
2020,Kommunustýri,Allir flokkar,Tal av sætum hjá kvinnum,
2020,Kommunustýri,Allir flokkar,Tal av sætum,
2022,Kommunustýri,Allir flokkar,Partur av sætum hjá kvinnum,
2022,Kommunustýri,Allir flokkar,Tal av sætum hjá kvinnum,
2022,Kommunustýri,Allir flokkar,Tal av sætum,
1984,Kommunustýri,Fólkaflokkurin,Partur av sætum hjá kvinnum,
1984,Kommunustýri,Fólkaflokkurin,Tal av sætum hjá kvinnum,
1984,Kommunustýri,Fólkaflokkurin,Tal av sætum,
1988,Kommunustýri,Fólkaflokkurin,Partur av sætum hjá kvinnum,
1988,Kommunustýri,Fólkaflokkurin,Tal av sætum hjá kvinnum,
1988,Kommunustýri,Fólkaflokkurin,Tal av sætum,
1990,Kommunustýri,Fólkaflokkurin,Partur av sætum hjá kvinnum,
1990,Kommunustýri,Fólkaflokkurin,Tal av sætum hjá kvinnum,
1990,Kommunustýri,Fólkaflokkurin,Tal av sætum,
1992,Kommunustýri,Fólkaflokkurin,Partur av sætum hjá kvinnum,
1992,Kommunustýri,Fólkaflokkurin,Tal av sætum hjá kvinnum,
1992,Kommunustýri,Fólkaflokkurin,Tal av sætum,
1994,Kommunustýri,Fólkaflokkurin,Partur av sætum hjá kvinnum,
1994,Kommunustýri,Fólkaflokkurin,Tal av sætum hjá kvinnum,
1994,Kommunustýri,Fólkaflokkurin,Tal av sætum,
1996,Kommunustýri,Fólkaflokkurin,Partur av sætum hjá kvinnum,
1996,Kommunustýri,Fólkaflokkurin,Tal av sætum hjá kvinnum,
1996,Kommunustýri,Fólkaflokkurin,Tal av sætum,
1998,Kommunustýri,Fólkaflokkurin,Partur av sætum hjá kvinnum,
1998,Kommunustýri,Fólkaflokkurin,Tal av sætum hjá kvinnum,
1998,Kommunustýri,Fólkaflokkurin,Tal av sætum,
2000,Kommunustýri,Fólkaflokkurin,Partur av sætum hjá kvinnum,
2000,Kommunustýri,Fólkaflokkurin,Tal av sætum hjá kvinnum,
2000,Kommunustýri,Fólkaflokkurin,Tal av sætum,
2002,Kommunustýri,Fólkaflokkurin,Partur av sætum hjá kvinnum,
2002,Kommunustýri,Fólkaflokkurin,Tal av sætum hjá kvinnum,
2002,Kommunustýri,Fólkaflokkurin,Tal av sætum,
2004,Kommunustýri,Fólkaflokkurin,Partur av sætum hjá kvinnum,
2004,Kommunustýri,Fólkaflokkurin,Tal av sætum hjá kvinnum,
2004,Kommunustýri,Fólkaflokkurin,Tal av sætum,
2008,Kommunustýri,Fólkaflokkurin,Partur av sætum hjá kvinnum,
2008,Kommunustýri,Fólkaflokkurin,Tal av sætum hjá kvinnum,
2008,Kommunustýri,Fólkaflokkurin,Tal av sætum,
2011,Kommunustýri,Fólkaflokkurin,Partur av sætum hjá kvinnum,
2011,Kommunustýri,Fólkaflokkurin,Tal av sætum hjá kvinnum,
2011,Kommunustýri,Fólkaflokkurin,Tal av sætum,
2012,Kommunustýri,Fólkaflokkurin,Partur av sætum hjá kvinnum,
2012,Kommunustýri,Fólkaflokkurin,Tal av sætum hjá kvinnum,
2012,Kommunustýri,Fólkaflokkurin,Tal av sætum,
2015,Kommunustýri,Fólkaflokkurin,Partur av sætum hjá kvinnum,
2015,Kommunustýri,Fólkaflokkurin,Tal av sætum hjá kvinnum,
2015,Kommunustýri,Fólkaflokkurin,Tal av sætum,
2016,Kommunustýri,Fólkaflokkurin,Partur av sætum hjá kvinnum,
2016,Kommunustýri,Fólkaflokkurin,Tal av sætum hjá kvinnum,
2016,Kommunustýri,Fólkaflokkurin,Tal av sætum,
2019,Kommunustýri,Fólkaflokkurin,Partur av sætum hjá kvinnum,
2019,Kommunustýri,Fólkaflokkurin,Tal av sætum hjá kvinnum,
2019,Kommunustýri,Fólkaflokkurin,Tal av sætum,
2020,Kommunustýri,Fólkaflokkurin,Partur av sætum hjá kvinnum,
2020,Kommunustýri,Fólkaflokkurin,Tal av sætum hjá kvinnum,
2020,Kommunustýri,Fólkaflokkurin,Tal av sætum,
2022,Kommunustýri,Fólkaflokkurin,Partur av sætum hjá kvinnum,
2022,Kommunustýri,Fólkaflokkurin,Tal av sætum hjá kvinnum,
2022,Kommunustýri,Fólkaflokkurin,Tal av sætum,
1984,Kommunustýri,Framburðsflokkurin,Partur av sætum hjá kvinnum,
1984,Kommunustýri,Framburðsflokkurin,Tal av sætum hjá kvinnum,
1984,Kommunustýri,Framburðsflokkurin,Tal av sætum,
1988,Kommunustýri,Framburðsflokkurin,Partur av sætum hjá kvinnum,
1988,Kommunustýri,Framburðsflokkurin,Tal av sætum hjá kvinnum,
1988,Kommunustýri,Framburðsflokkurin,Tal av sætum,
1990,Kommunustýri,Framburðsflokkurin,Partur av sætum hjá kvinnum,
1990,Kommunustýri,Framburðsflokkurin,Tal av sætum hjá kvinnum,
1990,Kommunustýri,Framburðsflokkurin,Tal av sætum,
1992,Kommunustýri,Framburðsflokkurin,Partur av sætum hjá kvinnum,
1992,Kommunustýri,Framburðsflokkurin,Tal av sætum hjá kvinnum,
1992,Kommunustýri,Framburðsflokkurin,Tal av sætum,
1994,Kommunustýri,Framburðsflokkurin,Partur av sætum hjá kvinnum,
1994,Kommunustýri,Framburðsflokkurin,Tal av sætum hjá kvinnum,
1994,Kommunustýri,Framburðsflokkurin,Tal av sætum,
1996,Kommunustýri,Framburðsflokkurin,Partur av sætum hjá kvinnum,
1996,Kommunustýri,Framburðsflokkurin,Tal av sætum hjá kvinnum,
1996,Kommunustýri,Framburðsflokkurin,Tal av sætum,
1998,Kommunustýri,Framburðsflokkurin,Partur av sætum hjá kvinnum,
1998,Kommunustýri,Framburðsflokkurin,Tal av sætum hjá kvinnum,
1998,Kommunustýri,Framburðsflokkurin,Tal av sætum,
2000,Kommunustýri,Framburðsflokkurin,Partur av sætum hjá kvinnum,
2000,Kommunustýri,Framburðsflokkurin,Tal av sætum hjá kvinnum,
2000,Kommunustýri,Framburðsflokkurin,Tal av sætum,
2002,Kommunustýri,Framburðsflokkurin,Partur av sætum hjá kvinnum,
2002,Kommunustýri,Framburðsflokkurin,Tal av sætum hjá kvinnum,
2002,Kommunustýri,Framburðsflokkurin,Tal av sætum,
2004,Kommunustýri,Framburðsflokkurin,Partur av sætum hjá kvinnum,
2004,Kommunustýri,Framburðsflokkurin,Tal av sætum hjá kvinnum,
2004,Kommunustýri,Framburðsflokkurin,Tal av sætum,
2008,Kommunustýri,Framburðsflokkurin,Partur av sætum hjá kvinnum,
2008,Kommunustýri,Framburðsflokkurin,Tal av sætum hjá kvinnum,
2008,Kommunustýri,Framburðsflokkurin,Tal av sætum,
2011,Kommunustýri,Framburðsflokkurin,Partur av sætum hjá kvinnum,
2011,Kommunustýri,Framburðsflokkurin,Tal av sætum hjá kvinnum,
2011,Kommunustýri,Framburðsflokkurin,Tal av sætum,
2012,Kommunustýri,Framburðsflokkurin,Partur av sætum hjá kvinnum,
2012,Kommunustýri,Framburðsflokkurin,Tal av sætum hjá kvinnum,
2012,Kommunustýri,Framburðsflokkurin,Tal av sætum,
2015,Kommunustýri,Framburðsflokkurin,Partur av sætum hjá kvinnum,
2015,Kommunustýri,Framburðsflokkurin,Tal av sætum hjá kvinnum,
2015,Kommunustýri,Framburðsflokkurin,Tal av sætum,
2016,Kommunustýri,Framburðsflokkurin,Partur av sætum hjá kvinnum,
2016,Kommunustýri,Framburðsflokkurin,Tal av sætum hjá kvinnum,
2016,Kommunustýri,Framburðsflokkurin,Tal av sætum,
2019,Kommunustýri,Framburðsflokkurin,Partur av sætum hjá kvinnum,
2019,Kommunustýri,Framburðsflokkurin,Tal av sætum hjá kvinnum,
2019,Kommunustýri,Framburðsflokkurin,Tal av sætum,
2020,Kommunustýri,Framburðsflokkurin,Partur av sætum hjá kvinnum,
2020,Kommunustýri,Framburðsflokkurin,Tal av sætum hjá kvinnum,
2020,Kommunustýri,Framburðsflokkurin,Tal av sætum,
2022,Kommunustýri,Framburðsflokkurin,Partur av sætum hjá kvinnum,
2022,Kommunustýri,Framburðsflokkurin,Tal av sætum hjá kvinnum,
2022,Kommunustýri,Framburðsflokkurin,Tal av sætum,
1984,Kommunustýri,Framsókn,Partur av sætum hjá kvinnum,
1984,Kommunustýri,Framsókn,Tal av sætum hjá kvinnum,
1984,Kommunustýri,Framsókn,Tal av sætum,
1988,Kommunustýri,Framsókn,Partur av sætum hjá kvinnum,
1988,Kommunustýri,Framsókn,Tal av sætum hjá kvinnum,
1988,Kommunustýri,Framsókn,Tal av sætum,
1990,Kommunustýri,Framsókn,Partur av sætum hjá kvinnum,
1990,Kommunustýri,Framsókn,Tal av sætum hjá kvinnum,
1990,Kommunustýri,Framsókn,Tal av sætum,
1992,Kommunustýri,Framsókn,Partur av sætum hjá kvinnum,
1992,Kommunustýri,Framsókn,Tal av sætum hjá kvinnum,
1992,Kommunustýri,Framsókn,Tal av sætum,
1994,Kommunustýri,Framsókn,Partur av sætum hjá kvinnum,
1994,Kommunustýri,Framsókn,Tal av sætum hjá kvinnum,
1994,Kommunustýri,Framsókn,Tal av sætum,
1996,Kommunustýri,Framsókn,Partur av sætum hjá kvinnum,
1996,Kommunustýri,Framsókn,Tal av sætum hjá kvinnum,
1996,Kommunustýri,Framsókn,Tal av sætum,
1998,Kommunustýri,Framsókn,Partur av sætum hjá kvinnum,
1998,Kommunustýri,Framsókn,Tal av sætum hjá kvinnum,
1998,Kommunustýri,Framsókn,Tal av sætum,
2000,Kommunustýri,Framsókn,Partur av sætum hjá kvinnum,
2000,Kommunustýri,Framsókn,Tal av sætum hjá kvinnum,
2000,Kommunustýri,Framsókn,Tal av sætum,
2002,Kommunustýri,Framsókn,Partur av sætum hjá kvinnum,
2002,Kommunustýri,Framsókn,Tal av sætum hjá kvinnum,
2002,Kommunustýri,Framsókn,Tal av sætum,
2004,Kommunustýri,Framsókn,Partur av sætum hjá kvinnum,
2004,Kommunustýri,Framsókn,Tal av sætum hjá kvinnum,
2004,Kommunustýri,Framsókn,Tal av sætum,
2008,Kommunustýri,Framsókn,Partur av sætum hjá kvinnum,
2008,Kommunustýri,Framsókn,Tal av sætum hjá kvinnum,
2008,Kommunustýri,Framsókn,Tal av sætum,
2011,Kommunustýri,Framsókn,Partur av sætum hjá kvinnum,
2011,Kommunustýri,Framsókn,Tal av sætum hjá kvinnum,
2011,Kommunustýri,Framsókn,Tal av sætum,
2012,Kommunustýri,Framsókn,Partur av sætum hjá kvinnum,
2012,Kommunustýri,Framsókn,Tal av sætum hjá kvinnum,
2012,Kommunustýri,Framsókn,Tal av sætum,
2015,Kommunustýri,Framsókn,Partur av sætum hjá kvinnum,
2015,Kommunustýri,Framsókn,Tal av sætum hjá kvinnum,
2015,Kommunustýri,Framsókn,Tal av sætum,
2016,Kommunustýri,Framsókn,Partur av sætum hjá kvinnum,
2016,Kommunustýri,Framsókn,Tal av sætum hjá kvinnum,
2016,Kommunustýri,Framsókn,Tal av sætum,
2019,Kommunustýri,Framsókn,Partur av sætum hjá kvinnum,
2019,Kommunustýri,Framsókn,Tal av sætum hjá kvinnum,
2019,Kommunustýri,Framsókn,Tal av sætum,
2020,Kommunustýri,Framsókn,Partur av sætum hjá kvinnum,
2020,Kommunustýri,Framsókn,Tal av sætum hjá kvinnum,
2020,Kommunustýri,Framsókn,Tal av sætum,
2022,Kommunustýri,Framsókn,Partur av sætum hjá kvinnum,
2022,Kommunustýri,Framsókn,Tal av sætum hjá kvinnum,
2022,Kommunustýri,Framsókn,Tal av sætum,
1984,Kommunustýri,Javnaðarflokkurin,Partur av sætum hjá kvinnum,
1984,Kommunustýri,Javnaðarflokkurin,Tal av sætum hjá kvinnum,
1984,Kommunustýri,Javnaðarflokkurin,Tal av sætum,
1988,Kommunustýri,Javnaðarflokkurin,Partur av sætum hjá kvinnum,
1988,Kommunustýri,Javnaðarflokkurin,Tal av sætum hjá kvinnum,
1988,Kommunustýri,Javnaðarflokkurin,Tal av sætum,
1990,Kommunustýri,Javnaðarflokkurin,Partur av sætum hjá kvinnum,
1990,Kommunustýri,Javnaðarflokkurin,Tal av sætum hjá kvinnum,
1990,Kommunustýri,Javnaðarflokkurin,Tal av sætum,
1992,Kommunustýri,Javnaðarflokkurin,Partur av sætum hjá kvinnum,
1992,Kommunustýri,Javnaðarflokkurin,Tal av sætum hjá kvinnum,
1992,Kommunustýri,Javnaðarflokkurin,Tal av sætum,
1994,Kommunustýri,Javnaðarflokkurin,Partur av sætum hjá kvinnum,
1994,Kommunustýri,Javnaðarflokkurin,Tal av sætum hjá kvinnum,
1994,Kommunustýri,Javnaðarflokkurin,Tal av sætum,
1996,Kommunustýri,Javnaðarflokkurin,Partur av sætum hjá kvinnum,
1996,Kommunustýri,Javnaðarflokkurin,Tal av sætum hjá kvinnum,
1996,Kommunustýri,Javnaðarflokkurin,Tal av sætum,
1998,Kommunustýri,Javnaðarflokkurin,Partur av sætum hjá kvinnum,
1998,Kommunustýri,Javnaðarflokkurin,Tal av sætum hjá kvinnum,
1998,Kommunustýri,Javnaðarflokkurin,Tal av sætum,
2000,Kommunustýri,Javnaðarflokkurin,Partur av sætum hjá kvinnum,
2000,Kommunustýri,Javnaðarflokkurin,Tal av sætum hjá kvinnum,
2000,Kommunustýri,Javnaðarflokkurin,Tal av sætum,
2002,Kommunustýri,Javnaðarflokkurin,Partur av sætum hjá kvinnum,
2002,Kommunustýri,Javnaðarflokkurin,Tal av sætum hjá kvinnum,
2002,Kommunustýri,Javnaðarflokkurin,Tal av sætum,
2004,Kommunustýri,Javnaðarflokkurin,Partur av sætum hjá kvinnum,
2004,Kommunustýri,Javnaðarflokkurin,Tal av sætum hjá kvinnum,
2004,Kommunustýri,Javnaðarflokkurin,Tal av sætum,
2008,Kommunustýri,Javnaðarflokkurin,Partur av sætum hjá kvinnum,
2008,Kommunustýri,Javnaðarflokkurin,Tal av sætum hjá kvinnum,
2008,Kommunustýri,Javnaðarflokkurin,Tal av sætum,
2011,Kommunustýri,Javnaðarflokkurin,Partur av sætum hjá kvinnum,
2011,Kommunustýri,Javnaðarflokkurin,Tal av sætum hjá kvinnum,
2011,Kommunustýri,Javnaðarflokkurin,Tal av sætum,
2012,Kommunustýri,Javnaðarflokkurin,Partur av sætum hjá kvinnum,
2012,Kommunustýri,Javnaðarflokkurin,Tal av sætum hjá kvinnum,
2012,Kommunustýri,Javnaðarflokkurin,Tal av sætum,
2015,Kommunustýri,Javnaðarflokkurin,Partur av sætum hjá kvinnum,
2015,Kommunustýri,Javnaðarflokkurin,Tal av sætum hjá kvinnum,
2015,Kommunustýri,Javnaðarflokkurin,Tal av sætum,
2016,Kommunustýri,Javnaðarflokkurin,Partur av sætum hjá kvinnum,
2016,Kommunustýri,Javnaðarflokkurin,Tal av sætum hjá kvinnum,
2016,Kommunustýri,Javnaðarflokkurin,Tal av sætum,
2019,Kommunustýri,Javnaðarflokkurin,Partur av sætum hjá kvinnum,
2019,Kommunustýri,Javnaðarflokkurin,Tal av sætum hjá kvinnum,
2019,Kommunustýri,Javnaðarflokkurin,Tal av sætum,
2020,Kommunustýri,Javnaðarflokkurin,Partur av sætum hjá kvinnum,
2020,Kommunustýri,Javnaðarflokkurin,Tal av sætum hjá kvinnum,
2020,Kommunustýri,Javnaðarflokkurin,Tal av sætum,
2022,Kommunustýri,Javnaðarflokkurin,Partur av sætum hjá kvinnum,
2022,Kommunustýri,Javnaðarflokkurin,Tal av sætum hjá kvinnum,
2022,Kommunustýri,Javnaðarflokkurin,Tal av sætum,
1984,Kommunustýri,Kristiligi Fólkaflokkurin,Partur av sætum hjá kvinnum,
1984,Kommunustýri,Kristiligi Fólkaflokkurin,Tal av sætum hjá kvinnum,
1984,Kommunustýri,Kristiligi Fólkaflokkurin,Tal av sætum,
1988,Kommunustýri,Kristiligi Fólkaflokkurin,Partur av sætum hjá kvinnum,
1988,Kommunustýri,Kristiligi Fólkaflokkurin,Tal av sætum hjá kvinnum,
1988,Kommunustýri,Kristiligi Fólkaflokkurin,Tal av sætum,
1990,Kommunustýri,Kristiligi Fólkaflokkurin,Partur av sætum hjá kvinnum,
1990,Kommunustýri,Kristiligi Fólkaflokkurin,Tal av sætum hjá kvinnum,
1990,Kommunustýri,Kristiligi Fólkaflokkurin,Tal av sætum,
1992,Kommunustýri,Kristiligi Fólkaflokkurin,Partur av sætum hjá kvinnum,
1992,Kommunustýri,Kristiligi Fólkaflokkurin,Tal av sætum hjá kvinnum,
1992,Kommunustýri,Kristiligi Fólkaflokkurin,Tal av sætum,
1994,Kommunustýri,Kristiligi Fólkaflokkurin,Partur av sætum hjá kvinnum,
1994,Kommunustýri,Kristiligi Fólkaflokkurin,Tal av sætum hjá kvinnum,
1994,Kommunustýri,Kristiligi Fólkaflokkurin,Tal av sætum,
1996,Kommunustýri,Kristiligi Fólkaflokkurin,Partur av sætum hjá kvinnum,
1996,Kommunustýri,Kristiligi Fólkaflokkurin,Tal av sætum hjá kvinnum,
1996,Kommunustýri,Kristiligi Fólkaflokkurin,Tal av sætum,
1998,Kommunustýri,Kristiligi Fólkaflokkurin,Partur av sætum hjá kvinnum,
1998,Kommunustýri,Kristiligi Fólkaflokkurin,Tal av sætum hjá kvinnum,
1998,Kommunustýri,Kristiligi Fólkaflokkurin,Tal av sætum,
2000,Kommunustýri,Kristiligi Fólkaflokkurin,Partur av sætum hjá kvinnum,
2000,Kommunustýri,Kristiligi Fólkaflokkurin,Tal av sætum hjá kvinnum,
2000,Kommunustýri,Kristiligi Fólkaflokkurin,Tal av sætum,
2002,Kommunustýri,Kristiligi Fólkaflokkurin,Partur av sætum hjá kvinnum,
2002,Kommunustýri,Kristiligi Fólkaflokkurin,Tal av sætum hjá kvinnum,
2002,Kommunustýri,Kristiligi Fólkaflokkurin,Tal av sætum,
2004,Kommunustýri,Kristiligi Fólkaflokkurin,Partur av sætum hjá kvinnum,
2004,Kommunustýri,Kristiligi Fólkaflokkurin,Tal av sætum hjá kvinnum,
2004,Kommunustýri,Kristiligi Fólkaflokkurin,Tal av sætum,
2008,Kommunustýri,Kristiligi Fólkaflokkurin,Partur av sætum hjá kvinnum,
2008,Kommunustýri,Kristiligi Fólkaflokkurin,Tal av sætum hjá kvinnum,
2008,Kommunustýri,Kristiligi Fólkaflokkurin,Tal av sætum,
2011,Kommunustýri,Kristiligi Fólkaflokkurin,Partur av sætum hjá kvinnum,
2011,Kommunustýri,Kristiligi Fólkaflokkurin,Tal av sætum hjá kvinnum,
2011,Kommunustýri,Kristiligi Fólkaflokkurin,Tal av sætum,
2012,Kommunustýri,Kristiligi Fólkaflokkurin,Partur av sætum hjá kvinnum,
2012,Kommunustýri,Kristiligi Fólkaflokkurin,Tal av sætum hjá kvinnum,
2012,Kommunustýri,Kristiligi Fólkaflokkurin,Tal av sætum,
2015,Kommunustýri,Kristiligi Fólkaflokkurin,Partur av sætum hjá kvinnum,
2015,Kommunustýri,Kristiligi Fólkaflokkurin,Tal av sætum hjá kvinnum,
2015,Kommunustýri,Kristiligi Fólkaflokkurin,Tal av sætum,
2016,Kommunustýri,Kristiligi Fólkaflokkurin,Partur av sætum hjá kvinnum,
2016,Kommunustýri,Kristiligi Fólkaflokkurin,Tal av sætum hjá kvinnum,
2016,Kommunustýri,Kristiligi Fólkaflokkurin,Tal av sætum,
2019,Kommunustýri,Kristiligi Fólkaflokkurin,Partur av sætum hjá kvinnum,
2019,Kommunustýri,Kristiligi Fólkaflokkurin,Tal av sætum hjá kvinnum,
2019,Kommunustýri,Kristiligi Fólkaflokkurin,Tal av sætum,
2020,Kommunustýri,Kristiligi Fólkaflokkurin,Partur av sætum hjá kvinnum,
2020,Kommunustýri,Kristiligi Fólkaflokkurin,Tal av sætum hjá kvinnum,
2020,Kommunustýri,Kristiligi Fólkaflokkurin,Tal av sætum,
2022,Kommunustýri,Kristiligi Fólkaflokkurin,Partur av sætum hjá kvinnum,
2022,Kommunustýri,Kristiligi Fólkaflokkurin,Tal av sætum hjá kvinnum,
2022,Kommunustýri,Kristiligi Fólkaflokkurin,Tal av sætum,
1984,Kommunustýri,Miðflokkurin,Partur av sætum hjá kvinnum,
1984,Kommunustýri,Miðflokkurin,Tal av sætum hjá kvinnum,
1984,Kommunustýri,Miðflokkurin,Tal av sætum,
1988,Kommunustýri,Miðflokkurin,Partur av sætum hjá kvinnum,
1988,Kommunustýri,Miðflokkurin,Tal av sætum hjá kvinnum,
1988,Kommunustýri,Miðflokkurin,Tal av sætum,
1990,Kommunustýri,Miðflokkurin,Partur av sætum hjá kvinnum,
1990,Kommunustýri,Miðflokkurin,Tal av sætum hjá kvinnum,
1990,Kommunustýri,Miðflokkurin,Tal av sætum,
1992,Kommunustýri,Miðflokkurin,Partur av sætum hjá kvinnum,
1992,Kommunustýri,Miðflokkurin,Tal av sætum hjá kvinnum,
1992,Kommunustýri,Miðflokkurin,Tal av sætum,
1994,Kommunustýri,Miðflokkurin,Partur av sætum hjá kvinnum,
1994,Kommunustýri,Miðflokkurin,Tal av sætum hjá kvinnum,
1994,Kommunustýri,Miðflokkurin,Tal av sætum,
1996,Kommunustýri,Miðflokkurin,Partur av sætum hjá kvinnum,
1996,Kommunustýri,Miðflokkurin,Tal av sætum hjá kvinnum,
1996,Kommunustýri,Miðflokkurin,Tal av sætum,
1998,Kommunustýri,Miðflokkurin,Partur av sætum hjá kvinnum,
1998,Kommunustýri,Miðflokkurin,Tal av sætum hjá kvinnum,
1998,Kommunustýri,Miðflokkurin,Tal av sætum,
2000,Kommunustýri,Miðflokkurin,Partur av sætum hjá kvinnum,
2000,Kommunustýri,Miðflokkurin,Tal av sætum hjá kvinnum,
2000,Kommunustýri,Miðflokkurin,Tal av sætum,
2002,Kommunustýri,Miðflokkurin,Partur av sætum hjá kvinnum,
2002,Kommunustýri,Miðflokkurin,Tal av sætum hjá kvinnum,
2002,Kommunustýri,Miðflokkurin,Tal av sætum,
2004,Kommunustýri,Miðflokkurin,Partur av sætum hjá kvinnum,
2004,Kommunustýri,Miðflokkurin,Tal av sætum hjá kvinnum,
2004,Kommunustýri,Miðflokkurin,Tal av sætum,
2008,Kommunustýri,Miðflokkurin,Partur av sætum hjá kvinnum,
2008,Kommunustýri,Miðflokkurin,Tal av sætum hjá kvinnum,
2008,Kommunustýri,Miðflokkurin,Tal av sætum,
2011,Kommunustýri,Miðflokkurin,Partur av sætum hjá kvinnum,
2011,Kommunustýri,Miðflokkurin,Tal av sætum hjá kvinnum,
2011,Kommunustýri,Miðflokkurin,Tal av sætum,
2012,Kommunustýri,Miðflokkurin,Partur av sætum hjá kvinnum,
2012,Kommunustýri,Miðflokkurin,Tal av sætum hjá kvinnum,
2012,Kommunustýri,Miðflokkurin,Tal av sætum,
2015,Kommunustýri,Miðflokkurin,Partur av sætum hjá kvinnum,
2015,Kommunustýri,Miðflokkurin,Tal av sætum hjá kvinnum,
2015,Kommunustýri,Miðflokkurin,Tal av sætum,
2016,Kommunustýri,Miðflokkurin,Partur av sætum hjá kvinnum,
2016,Kommunustýri,Miðflokkurin,Tal av sætum hjá kvinnum,
2016,Kommunustýri,Miðflokkurin,Tal av sætum,
2019,Kommunustýri,Miðflokkurin,Partur av sætum hjá kvinnum,
2019,Kommunustýri,Miðflokkurin,Tal av sætum hjá kvinnum,
2019,Kommunustýri,Miðflokkurin,Tal av sætum,
2020,Kommunustýri,Miðflokkurin,Partur av sætum hjá kvinnum,
2020,Kommunustýri,Miðflokkurin,Tal av sætum hjá kvinnum,
2020,Kommunustýri,Miðflokkurin,Tal av sætum,
2022,Kommunustýri,Miðflokkurin,Partur av sætum hjá kvinnum,
2022,Kommunustýri,Miðflokkurin,Tal av sætum hjá kvinnum,
2022,Kommunustýri,Miðflokkurin,Tal av sætum,
1984,Kommunustýri,Sambandsflokkurin,Partur av sætum hjá kvinnum,
1984,Kommunustýri,Sambandsflokkurin,Tal av sætum hjá kvinnum,
1984,Kommunustýri,Sambandsflokkurin,Tal av sætum,
1988,Kommunustýri,Sambandsflokkurin,Partur av sætum hjá kvinnum,
1988,Kommunustýri,Sambandsflokkurin,Tal av sætum hjá kvinnum,
1988,Kommunustýri,Sambandsflokkurin,Tal av sætum,
1990,Kommunustýri,Sambandsflokkurin,Partur av sætum hjá kvinnum,
1990,Kommunustýri,Sambandsflokkurin,Tal av sætum hjá kvinnum,
1990,Kommunustýri,Sambandsflokkurin,Tal av sætum,
1992,Kommunustýri,Sambandsflokkurin,Partur av sætum hjá kvinnum,
1992,Kommunustýri,Sambandsflokkurin,Tal av sætum hjá kvinnum,
1992,Kommunustýri,Sambandsflokkurin,Tal av sætum,
1994,Kommunustýri,Sambandsflokkurin,Partur av sætum hjá kvinnum,
1994,Kommunustýri,Sambandsflokkurin,Tal av sætum hjá kvinnum,
1994,Kommunustýri,Sambandsflokkurin,Tal av sætum,
1996,Kommunustýri,Sambandsflokkurin,Partur av sætum hjá kvinnum,
1996,Kommunustýri,Sambandsflokkurin,Tal av sætum hjá kvinnum,
1996,Kommunustýri,Sambandsflokkurin,Tal av sætum,
1998,Kommunustýri,Sambandsflokkurin,Partur av sætum hjá kvinnum,
1998,Kommunustýri,Sambandsflokkurin,Tal av sætum hjá kvinnum,
1998,Kommunustýri,Sambandsflokkurin,Tal av sætum,
2000,Kommunustýri,Sambandsflokkurin,Partur av sætum hjá kvinnum,
2000,Kommunustýri,Sambandsflokkurin,Tal av sætum hjá kvinnum,
2000,Kommunustýri,Sambandsflokkurin,Tal av sætum,
2002,Kommunustýri,Sambandsflokkurin,Partur av sætum hjá kvinnum,
2002,Kommunustýri,Sambandsflokkurin,Tal av sætum hjá kvinnum,
2002,Kommunustýri,Sambandsflokkurin,Tal av sætum,
2004,Kommunustýri,Sambandsflokkurin,Partur av sætum hjá kvinnum,
2004,Kommunustýri,Sambandsflokkurin,Tal av sætum hjá kvinnum,
2004,Kommunustýri,Sambandsflokkurin,Tal av sætum,
2008,Kommunustýri,Sambandsflokkurin,Partur av sætum hjá kvinnum,
2008,Kommunustýri,Sambandsflokkurin,Tal av sætum hjá kvinnum,
2008,Kommunustýri,Sambandsflokkurin,Tal av sætum,
2011,Kommunustýri,Sambandsflokkurin,Partur av sætum hjá kvinnum,
2011,Kommunustýri,Sambandsflokkurin,Tal av sætum hjá kvinnum,
2011,Kommunustýri,Sambandsflokkurin,Tal av sætum,
2012,Kommunustýri,Sambandsflokkurin,Partur av sætum hjá kvinnum,
2012,Kommunustýri,Sambandsflokkurin,Tal av sætum hjá kvinnum,
2012,Kommunustýri,Sambandsflokkurin,Tal av sætum,
2015,Kommunustýri,Sambandsflokkurin,Partur av sætum hjá kvinnum,
2015,Kommunustýri,Sambandsflokkurin,Tal av sætum hjá kvinnum,
2015,Kommunustýri,Sambandsflokkurin,Tal av sætum,
2016,Kommunustýri,Sambandsflokkurin,Partur av sætum hjá kvinnum,
2016,Kommunustýri,Sambandsflokkurin,Tal av sætum hjá kvinnum,
2016,Kommunustýri,Sambandsflokkurin,Tal av sætum,
2019,Kommunustýri,Sambandsflokkurin,Partur av sætum hjá kvinnum,
2019,Kommunustýri,Sambandsflokkurin,Tal av sætum hjá kvinnum,
2019,Kommunustýri,Sambandsflokkurin,Tal av sætum,
2020,Kommunustýri,Sambandsflokkurin,Partur av sætum hjá kvinnum,
2020,Kommunustýri,Sambandsflokkurin,Tal av sætum hjá kvinnum,
2020,Kommunustýri,Sambandsflokkurin,Tal av sætum,
2022,Kommunustýri,Sambandsflokkurin,Partur av sætum hjá kvinnum,
2022,Kommunustýri,Sambandsflokkurin,Tal av sætum hjá kvinnum,
2022,Kommunustýri,Sambandsflokkurin,Tal av sætum,
1984,Kommunustýri,Sjálvstýri,Partur av sætum hjá kvinnum,
1984,Kommunustýri,Sjálvstýri,Tal av sætum hjá kvinnum,
1984,Kommunustýri,Sjálvstýri,Tal av sætum,
1988,Kommunustýri,Sjálvstýri,Partur av sætum hjá kvinnum,
1988,Kommunustýri,Sjálvstýri,Tal av sætum hjá kvinnum,
1988,Kommunustýri,Sjálvstýri,Tal av sætum,
1990,Kommunustýri,Sjálvstýri,Partur av sætum hjá kvinnum,
1990,Kommunustýri,Sjálvstýri,Tal av sætum hjá kvinnum,
1990,Kommunustýri,Sjálvstýri,Tal av sætum,
1992,Kommunustýri,Sjálvstýri,Partur av sætum hjá kvinnum,
1992,Kommunustýri,Sjálvstýri,Tal av sætum hjá kvinnum,
1992,Kommunustýri,Sjálvstýri,Tal av sætum,
1994,Kommunustýri,Sjálvstýri,Partur av sætum hjá kvinnum,
1994,Kommunustýri,Sjálvstýri,Tal av sætum hjá kvinnum,
1994,Kommunustýri,Sjálvstýri,Tal av sætum,
1996,Kommunustýri,Sjálvstýri,Partur av sætum hjá kvinnum,
1996,Kommunustýri,Sjálvstýri,Tal av sætum hjá kvinnum,
1996,Kommunustýri,Sjálvstýri,Tal av sætum,
1998,Kommunustýri,Sjálvstýri,Partur av sætum hjá kvinnum,
1998,Kommunustýri,Sjálvstýri,Tal av sætum hjá kvinnum,
1998,Kommunustýri,Sjálvstýri,Tal av sætum,
2000,Kommunustýri,Sjálvstýri,Partur av sætum hjá kvinnum,
2000,Kommunustýri,Sjálvstýri,Tal av sætum hjá kvinnum,
2000,Kommunustýri,Sjálvstýri,Tal av sætum,
2002,Kommunustýri,Sjálvstýri,Partur av sætum hjá kvinnum,
2002,Kommunustýri,Sjálvstýri,Tal av sætum hjá kvinnum,
2002,Kommunustýri,Sjálvstýri,Tal av sætum,
2004,Kommunustýri,Sjálvstýri,Partur av sætum hjá kvinnum,
2004,Kommunustýri,Sjálvstýri,Tal av sætum hjá kvinnum,
2004,Kommunustýri,Sjálvstýri,Tal av sætum,
2008,Kommunustýri,Sjálvstýri,Partur av sætum hjá kvinnum,
2008,Kommunustýri,Sjálvstýri,Tal av sætum hjá kvinnum,
2008,Kommunustýri,Sjálvstýri,Tal av sætum,
2011,Kommunustýri,Sjálvstýri,Partur av sætum hjá kvinnum,
2011,Kommunustýri,Sjálvstýri,Tal av sætum hjá kvinnum,
2011,Kommunustýri,Sjálvstýri,Tal av sætum,
2012,Kommunustýri,Sjálvstýri,Partur av sætum hjá kvinnum,
2012,Kommunustýri,Sjálvstýri,Tal av sætum hjá kvinnum,
2012,Kommunustýri,Sjálvstýri,Tal av sætum,
2015,Kommunustýri,Sjálvstýri,Partur av sætum hjá kvinnum,
2015,Kommunustýri,Sjálvstýri,Tal av sætum hjá kvinnum,
2015,Kommunustýri,Sjálvstýri,Tal av sætum,
2016,Kommunustýri,Sjálvstýri,Partur av sætum hjá kvinnum,
2016,Kommunustýri,Sjálvstýri,Tal av sætum hjá kvinnum,
2016,Kommunustýri,Sjálvstýri,Tal av sætum,
2019,Kommunustýri,Sjálvstýri,Partur av sætum hjá kvinnum,
2019,Kommunustýri,Sjálvstýri,Tal av sætum hjá kvinnum,
2019,Kommunustýri,Sjálvstýri,Tal av sætum,
2020,Kommunustýri,Sjálvstýri,Partur av sætum hjá kvinnum,
2020,Kommunustýri,Sjálvstýri,Tal av sætum hjá kvinnum,
2020,Kommunustýri,Sjálvstýri,Tal av sætum,
2022,Kommunustýri,Sjálvstýri,Partur av sætum hjá kvinnum,
2022,Kommunustýri,Sjálvstýri,Tal av sætum hjá kvinnum,
2022,Kommunustýri,Sjálvstýri,Tal av sætum,
1984,Kommunustýri,Tjóðveldi,Partur av sætum hjá kvinnum,
1984,Kommunustýri,Tjóðveldi,Tal av sætum hjá kvinnum,
1984,Kommunustýri,Tjóðveldi,Tal av sætum,
1988,Kommunustýri,Tjóðveldi,Partur av sætum hjá kvinnum,
1988,Kommunustýri,Tjóðveldi,Tal av sætum hjá kvinnum,
1988,Kommunustýri,Tjóðveldi,Tal av sætum,
1990,Kommunustýri,Tjóðveldi,Partur av sætum hjá kvinnum,
1990,Kommunustýri,Tjóðveldi,Tal av sætum hjá kvinnum,
1990,Kommunustýri,Tjóðveldi,Tal av sætum,
1992,Kommunustýri,Tjóðveldi,Partur av sætum hjá kvinnum,
1992,Kommunustýri,Tjóðveldi,Tal av sætum hjá kvinnum,
1992,Kommunustýri,Tjóðveldi,Tal av sætum,
1994,Kommunustýri,Tjóðveldi,Partur av sætum hjá kvinnum,
1994,Kommunustýri,Tjóðveldi,Tal av sætum hjá kvinnum,
1994,Kommunustýri,Tjóðveldi,Tal av sætum,
1996,Kommunustýri,Tjóðveldi,Partur av sætum hjá kvinnum,
1996,Kommunustýri,Tjóðveldi,Tal av sætum hjá kvinnum,
1996,Kommunustýri,Tjóðveldi,Tal av sætum,
1998,Kommunustýri,Tjóðveldi,Partur av sætum hjá kvinnum,
1998,Kommunustýri,Tjóðveldi,Tal av sætum hjá kvinnum,
1998,Kommunustýri,Tjóðveldi,Tal av sætum,
2000,Kommunustýri,Tjóðveldi,Partur av sætum hjá kvinnum,
2000,Kommunustýri,Tjóðveldi,Tal av sætum hjá kvinnum,
2000,Kommunustýri,Tjóðveldi,Tal av sætum,
2002,Kommunustýri,Tjóðveldi,Partur av sætum hjá kvinnum,
2002,Kommunustýri,Tjóðveldi,Tal av sætum hjá kvinnum,
2002,Kommunustýri,Tjóðveldi,Tal av sætum,
2004,Kommunustýri,Tjóðveldi,Partur av sætum hjá kvinnum,
2004,Kommunustýri,Tjóðveldi,Tal av sætum hjá kvinnum,
2004,Kommunustýri,Tjóðveldi,Tal av sætum,
2008,Kommunustýri,Tjóðveldi,Partur av sætum hjá kvinnum,
2008,Kommunustýri,Tjóðveldi,Tal av sætum hjá kvinnum,
2008,Kommunustýri,Tjóðveldi,Tal av sætum,
2011,Kommunustýri,Tjóðveldi,Partur av sætum hjá kvinnum,
2011,Kommunustýri,Tjóðveldi,Tal av sætum hjá kvinnum,
2011,Kommunustýri,Tjóðveldi,Tal av sætum,
2012,Kommunustýri,Tjóðveldi,Partur av sætum hjá kvinnum,
2012,Kommunustýri,Tjóðveldi,Tal av sætum hjá kvinnum,
2012,Kommunustýri,Tjóðveldi,Tal av sætum,
2015,Kommunustýri,Tjóðveldi,Partur av sætum hjá kvinnum,
2015,Kommunustýri,Tjóðveldi,Tal av sætum hjá kvinnum,
2015,Kommunustýri,Tjóðveldi,Tal av sætum,
2016,Kommunustýri,Tjóðveldi,Partur av sætum hjá kvinnum,
2016,Kommunustýri,Tjóðveldi,Tal av sætum hjá kvinnum,
2016,Kommunustýri,Tjóðveldi,Tal av sætum,
2019,Kommunustýri,Tjóðveldi,Partur av sætum hjá kvinnum,
2019,Kommunustýri,Tjóðveldi,Tal av sætum hjá kvinnum,
2019,Kommunustýri,Tjóðveldi,Tal av sætum,
2020,Kommunustýri,Tjóðveldi,Partur av sætum hjá kvinnum,
2020,Kommunustýri,Tjóðveldi,Tal av sætum hjá kvinnum,
2020,Kommunustýri,Tjóðveldi,Tal av sætum,
2022,Kommunustýri,Tjóðveldi,Partur av sætum hjá kvinnum,
2022,Kommunustýri,Tjóðveldi,Tal av sætum hjá kvinnum,
2022,Kommunustýri,Tjóðveldi,Tal av sætum,
1984,Kommunustýri,Verkamannafylkingin,Partur av sætum hjá kvinnum,
1984,Kommunustýri,Verkamannafylkingin,Tal av sætum hjá kvinnum,
1984,Kommunustýri,Verkamannafylkingin,Tal av sætum,
1988,Kommunustýri,Verkamannafylkingin,Partur av sætum hjá kvinnum,
1988,Kommunustýri,Verkamannafylkingin,Tal av sætum hjá kvinnum,
1988,Kommunustýri,Verkamannafylkingin,Tal av sætum,
1990,Kommunustýri,Verkamannafylkingin,Partur av sætum hjá kvinnum,
1990,Kommunustýri,Verkamannafylkingin,Tal av sætum hjá kvinnum,
1990,Kommunustýri,Verkamannafylkingin,Tal av sætum,
1992,Kommunustýri,Verkamannafylkingin,Partur av sætum hjá kvinnum,
1992,Kommunustýri,Verkamannafylkingin,Tal av sætum hjá kvinnum,
1992,Kommunustýri,Verkamannafylkingin,Tal av sætum,
1994,Kommunustýri,Verkamannafylkingin,Partur av sætum hjá kvinnum,
1994,Kommunustýri,Verkamannafylkingin,Tal av sætum hjá kvinnum,
1994,Kommunustýri,Verkamannafylkingin,Tal av sætum,
1996,Kommunustýri,Verkamannafylkingin,Partur av sætum hjá kvinnum,
1996,Kommunustýri,Verkamannafylkingin,Tal av sætum hjá kvinnum,
1996,Kommunustýri,Verkamannafylkingin,Tal av sætum,
1998,Kommunustýri,Verkamannafylkingin,Partur av sætum hjá kvinnum,
1998,Kommunustýri,Verkamannafylkingin,Tal av sætum hjá kvinnum,
1998,Kommunustýri,Verkamannafylkingin,Tal av sætum,
2000,Kommunustýri,Verkamannafylkingin,Partur av sætum hjá kvinnum,
2000,Kommunustýri,Verkamannafylkingin,Tal av sætum hjá kvinnum,
2000,Kommunustýri,Verkamannafylkingin,Tal av sætum,
2002,Kommunustýri,Verkamannafylkingin,Partur av sætum hjá kvinnum,
2002,Kommunustýri,Verkamannafylkingin,Tal av sætum hjá kvinnum,
2002,Kommunustýri,Verkamannafylkingin,Tal av sætum,
2004,Kommunustýri,Verkamannafylkingin,Partur av sætum hjá kvinnum,
2004,Kommunustýri,Verkamannafylkingin,Tal av sætum hjá kvinnum,
2004,Kommunustýri,Verkamannafylkingin,Tal av sætum,
2008,Kommunustýri,Verkamannafylkingin,Partur av sætum hjá kvinnum,
2008,Kommunustýri,Verkamannafylkingin,Tal av sætum hjá kvinnum,
2008,Kommunustýri,Verkamannafylkingin,Tal av sætum,
2011,Kommunustýri,Verkamannafylkingin,Partur av sætum hjá kvinnum,
2011,Kommunustýri,Verkamannafylkingin,Tal av sætum hjá kvinnum,
2011,Kommunustýri,Verkamannafylkingin,Tal av sætum,
2012,Kommunustýri,Verkamannafylkingin,Partur av sætum hjá kvinnum,
2012,Kommunustýri,Verkamannafylkingin,Tal av sætum hjá kvinnum,
2012,Kommunustýri,Verkamannafylkingin,Tal av sætum,
2015,Kommunustýri,Verkamannafylkingin,Partur av sætum hjá kvinnum,
2015,Kommunustýri,Verkamannafylkingin,Tal av sætum hjá kvinnum,
2015,Kommunustýri,Verkamannafylkingin,Tal av sætum,
2016,Kommunustýri,Verkamannafylkingin,Partur av sætum hjá kvinnum,
2016,Kommunustýri,Verkamannafylkingin,Tal av sætum hjá kvinnum,
2016,Kommunustýri,Verkamannafylkingin,Tal av sætum,
2019,Kommunustýri,Verkamannafylkingin,Partur av sætum hjá kvinnum,
2019,Kommunustýri,Verkamannafylkingin,Tal av sætum hjá kvinnum,
2019,Kommunustýri,Verkamannafylkingin,Tal av sætum,
2020,Kommunustýri,Verkamannafylkingin,Partur av sætum hjá kvinnum,
2020,Kommunustýri,Verkamannafylkingin,Tal av sætum hjá kvinnum,
2020,Kommunustýri,Verkamannafylkingin,Tal av sætum,
2022,Kommunustýri,Verkamannafylkingin,Partur av sætum hjá kvinnum,
2022,Kommunustýri,Verkamannafylkingin,Tal av sætum hjá kvinnum,
2022,Kommunustýri,Verkamannafylkingin,Tal av sætum,
1984,Kommunustýri,Allar kommunur,Partur av sætum hjá kvinnum,
1984,Kommunustýri,Allar kommunur,Tal av sætum hjá kvinnum,
1984,Kommunustýri,Allar kommunur,Tal av sætum,
1988,Kommunustýri,Allar kommunur,Partur av sætum hjá kvinnum,
1988,Kommunustýri,Allar kommunur,Tal av sætum hjá kvinnum,
1988,Kommunustýri,Allar kommunur,Tal av sætum,
1990,Kommunustýri,Allar kommunur,Partur av sætum hjá kvinnum,
1990,Kommunustýri,Allar kommunur,Tal av sætum hjá kvinnum,
1990,Kommunustýri,Allar kommunur,Tal av sætum,
1992,Kommunustýri,Allar kommunur,Partur av sætum hjá kvinnum,15.3
1992,Kommunustýri,Allar kommunur,Tal av sætum hjá kvinnum,43.0
1992,Kommunustýri,Allar kommunur,Tal av sætum,281.0
1994,Kommunustýri,Allar kommunur,Partur av sætum hjá kvinnum,
1994,Kommunustýri,Allar kommunur,Tal av sætum hjá kvinnum,
1994,Kommunustýri,Allar kommunur,Tal av sætum,
1996,Kommunustýri,Allar kommunur,Partur av sætum hjá kvinnum,15.8
1996,Kommunustýri,Allar kommunur,Tal av sætum hjá kvinnum,44.0
1996,Kommunustýri,Allar kommunur,Tal av sætum,279.0
1998,Kommunustýri,Allar kommunur,Partur av sætum hjá kvinnum,
1998,Kommunustýri,Allar kommunur,Tal av sætum hjá kvinnum,
1998,Kommunustýri,Allar kommunur,Tal av sætum,
2000,Kommunustýri,Allar kommunur,Partur av sætum hjá kvinnum,23.2
2000,Kommunustýri,Allar kommunur,Tal av sætum hjá kvinnum,63.0
2000,Kommunustýri,Allar kommunur,Tal av sætum,272.0
2002,Kommunustýri,Allar kommunur,Partur av sætum hjá kvinnum,
2002,Kommunustýri,Allar kommunur,Tal av sætum hjá kvinnum,
2002,Kommunustýri,Allar kommunur,Tal av sætum,
2004,Kommunustýri,Allar kommunur,Partur av sætum hjá kvinnum,22.7
2004,Kommunustýri,Allar kommunur,Tal av sætum hjá kvinnum,50.0
2004,Kommunustýri,Allar kommunur,Tal av sætum,220.0
2008,Kommunustýri,Allar kommunur,Partur av sætum hjá kvinnum,
2008,Kommunustýri,Allar kommunur,Tal av sætum hjá kvinnum,
2008,Kommunustýri,Allar kommunur,Tal av sætum,
2011,Kommunustýri,Allar kommunur,Partur av sætum hjá kvinnum,
2011,Kommunustýri,Allar kommunur,Tal av sætum hjá kvinnum,
2011,Kommunustýri,Allar kommunur,Tal av sætum,
2012,Kommunustýri,Allar kommunur,Partur av sætum hjá kvinnum,27.8
2012,Kommunustýri,Allar kommunur,Tal av sætum hjá kvinnum,57.0
2012,Kommunustýri,Allar kommunur,Tal av sætum,205.0
2015,Kommunustýri,Allar kommunur,Partur av sætum hjá kvinnum,
2015,Kommunustýri,Allar kommunur,Tal av sætum hjá kvinnum,
2015,Kommunustýri,Allar kommunur,Tal av sætum,
2016,Kommunustýri,Allar kommunur,Partur av sætum hjá kvinnum,33.8
2016,Kommunustýri,Allar kommunur,Tal av sætum hjá kvinnum,68.0
2016,Kommunustýri,Allar kommunur,Tal av sætum,201.0
2019,Kommunustýri,Allar kommunur,Partur av sætum hjá kvinnum,
2019,Kommunustýri,Allar kommunur,Tal av sætum hjá kvinnum,
2019,Kommunustýri,Allar kommunur,Tal av sætum,
2020,Kommunustýri,Allar kommunur,Partur av sætum hjá kvinnum,35.7
2020,Kommunustýri,Allar kommunur,Tal av sætum hjá kvinnum,71.0
2020,Kommunustýri,Allar kommunur,Tal av sætum,199.0
2022,Kommunustýri,Allar kommunur,Partur av sætum hjá kvinnum,
2022,Kommunustýri,Allar kommunur,Tal av sætum hjá kvinnum,
2022,Kommunustýri,Allar kommunur,Tal av sætum,
1984,Kommunustýri,Argja kommuna,Partur av sætum hjá kvinnum,
1984,Kommunustýri,Argja kommuna,Tal av sætum hjá kvinnum,
1984,Kommunustýri,Argja kommuna,Tal av sætum,
1988,Kommunustýri,Argja kommuna,Partur av sætum hjá kvinnum,
1988,Kommunustýri,Argja kommuna,Tal av sætum hjá kvinnum,
1988,Kommunustýri,Argja kommuna,Tal av sætum,
1990,Kommunustýri,Argja kommuna,Partur av sætum hjá kvinnum,
1990,Kommunustýri,Argja kommuna,Tal av sætum hjá kvinnum,
1990,Kommunustýri,Argja kommuna,Tal av sætum,
1992,Kommunustýri,Argja kommuna,Partur av sætum hjá kvinnum,0.0
1992,Kommunustýri,Argja kommuna,Tal av sætum hjá kvinnum,0.0
1992,Kommunustýri,Argja kommuna,Tal av sætum,7.0
1994,Kommunustýri,Argja kommuna,Partur av sætum hjá kvinnum,
1994,Kommunustýri,Argja kommuna,Tal av sætum hjá kvinnum,
1994,Kommunustýri,Argja kommuna,Tal av sætum,
1996,Kommunustýri,Argja kommuna,Partur av sætum hjá kvinnum,
1996,Kommunustýri,Argja kommuna,Tal av sætum hjá kvinnum,
1996,Kommunustýri,Argja kommuna,Tal av sætum,
1998,Kommunustýri,Argja kommuna,Partur av sætum hjá kvinnum,
1998,Kommunustýri,Argja kommuna,Tal av sætum hjá kvinnum,
1998,Kommunustýri,Argja kommuna,Tal av sætum,
2000,Kommunustýri,Argja kommuna,Partur av sætum hjá kvinnum,
2000,Kommunustýri,Argja kommuna,Tal av sætum hjá kvinnum,
2000,Kommunustýri,Argja kommuna,Tal av sætum,
2002,Kommunustýri,Argja kommuna,Partur av sætum hjá kvinnum,
2002,Kommunustýri,Argja kommuna,Tal av sætum hjá kvinnum,
2002,Kommunustýri,Argja kommuna,Tal av sætum,
2004,Kommunustýri,Argja kommuna,Partur av sætum hjá kvinnum,
2004,Kommunustýri,Argja kommuna,Tal av sætum hjá kvinnum,
2004,Kommunustýri,Argja kommuna,Tal av sætum,
2008,Kommunustýri,Argja kommuna,Partur av sætum hjá kvinnum,
2008,Kommunustýri,Argja kommuna,Tal av sætum hjá kvinnum,
2008,Kommunustýri,Argja kommuna,Tal av sætum,
2011,Kommunustýri,Argja kommuna,Partur av sætum hjá kvinnum,
2011,Kommunustýri,Argja kommuna,Tal av sætum hjá kvinnum,
2011,Kommunustýri,Argja kommuna,Tal av sætum,
2012,Kommunustýri,Argja kommuna,Partur av sætum hjá kvinnum,
2012,Kommunustýri,Argja kommuna,Tal av sætum hjá kvinnum,
2012,Kommunustýri,Argja kommuna,Tal av sætum,
2015,Kommunustýri,Argja kommuna,Partur av sætum hjá kvinnum,
2015,Kommunustýri,Argja kommuna,Tal av sætum hjá kvinnum,
2015,Kommunustýri,Argja kommuna,Tal av sætum,
2016,Kommunustýri,Argja kommuna,Partur av sætum hjá kvinnum,
2016,Kommunustýri,Argja kommuna,Tal av sætum hjá kvinnum,
2016,Kommunustýri,Argja kommuna,Tal av sætum,
2019,Kommunustýri,Argja kommuna,Partur av sætum hjá kvinnum,
2019,Kommunustýri,Argja kommuna,Tal av sætum hjá kvinnum,
2019,Kommunustýri,Argja kommuna,Tal av sætum,
2020,Kommunustýri,Argja kommuna,Partur av sætum hjá kvinnum,
2020,Kommunustýri,Argja kommuna,Tal av sætum hjá kvinnum,
2020,Kommunustýri,Argja kommuna,Tal av sætum,
2022,Kommunustýri,Argja kommuna,Partur av sætum hjá kvinnum,
2022,Kommunustýri,Argja kommuna,Tal av sætum hjá kvinnum,
2022,Kommunustýri,Argja kommuna,Tal av sætum,
1984,Kommunustýri,Bíggjar kommuna,Partur av sætum hjá kvinnum,
1984,Kommunustýri,Bíggjar kommuna,Tal av sætum hjá kvinnum,
1984,Kommunustýri,Bíggjar kommuna,Tal av sætum,
1988,Kommunustýri,Bíggjar kommuna,Partur av sætum hjá kvinnum,
1988,Kommunustýri,Bíggjar kommuna,Tal av sætum hjá kvinnum,
1988,Kommunustýri,Bíggjar kommuna,Tal av sætum,
1990,Kommunustýri,Bíggjar kommuna,Partur av sætum hjá kvinnum,
1990,Kommunustýri,Bíggjar kommuna,Tal av sætum hjá kvinnum,
1990,Kommunustýri,Bíggjar kommuna,Tal av sætum,
1992,Kommunustýri,Bíggjar kommuna,Partur av sætum hjá kvinnum,66.7
1992,Kommunustýri,Bíggjar kommuna,Tal av sætum hjá kvinnum,2.0
1992,Kommunustýri,Bíggjar kommuna,Tal av sætum,3.0
1994,Kommunustýri,Bíggjar kommuna,Partur av sætum hjá kvinnum,
1994,Kommunustýri,Bíggjar kommuna,Tal av sætum hjá kvinnum,
1994,Kommunustýri,Bíggjar kommuna,Tal av sætum,
1996,Kommunustýri,Bíggjar kommuna,Partur av sætum hjá kvinnum,33.3
1996,Kommunustýri,Bíggjar kommuna,Tal av sætum hjá kvinnum,1.0
1996,Kommunustýri,Bíggjar kommuna,Tal av sætum,3.0
1998,Kommunustýri,Bíggjar kommuna,Partur av sætum hjá kvinnum,
1998,Kommunustýri,Bíggjar kommuna,Tal av sætum hjá kvinnum,
1998,Kommunustýri,Bíggjar kommuna,Tal av sætum,
2000,Kommunustýri,Bíggjar kommuna,Partur av sætum hjá kvinnum,0.0
2000,Kommunustýri,Bíggjar kommuna,Tal av sætum hjá kvinnum,0.0
2000,Kommunustýri,Bíggjar kommuna,Tal av sætum,3.0
2002,Kommunustýri,Bíggjar kommuna,Partur av sætum hjá kvinnum,
2002,Kommunustýri,Bíggjar kommuna,Tal av sætum hjá kvinnum,
2002,Kommunustýri,Bíggjar kommuna,Tal av sætum,
2004,Kommunustýri,Bíggjar kommuna,Partur av sætum hjá kvinnum,
2004,Kommunustýri,Bíggjar kommuna,Tal av sætum hjá kvinnum,
2004,Kommunustýri,Bíggjar kommuna,Tal av sætum,
2008,Kommunustýri,Bíggjar kommuna,Partur av sætum hjá kvinnum,
2008,Kommunustýri,Bíggjar kommuna,Tal av sætum hjá kvinnum,
2008,Kommunustýri,Bíggjar kommuna,Tal av sætum,
2011,Kommunustýri,Bíggjar kommuna,Partur av sætum hjá kvinnum,
2011,Kommunustýri,Bíggjar kommuna,Tal av sætum hjá kvinnum,
2011,Kommunustýri,Bíggjar kommuna,Tal av sætum,
2012,Kommunustýri,Bíggjar kommuna,Partur av sætum hjá kvinnum,
2012,Kommunustýri,Bíggjar kommuna,Tal av sætum hjá kvinnum,
2012,Kommunustýri,Bíggjar kommuna,Tal av sætum,
2015,Kommunustýri,Bíggjar kommuna,Partur av sætum hjá kvinnum,
2015,Kommunustýri,Bíggjar kommuna,Tal av sætum hjá kvinnum,
2015,Kommunustýri,Bíggjar kommuna,Tal av sætum,
2016,Kommunustýri,Bíggjar kommuna,Partur av sætum hjá kvinnum,
2016,Kommunustýri,Bíggjar kommuna,Tal av sætum hjá kvinnum,
2016,Kommunustýri,Bíggjar kommuna,Tal av sætum,
2019,Kommunustýri,Bíggjar kommuna,Partur av sætum hjá kvinnum,
2019,Kommunustýri,Bíggjar kommuna,Tal av sætum hjá kvinnum,
2019,Kommunustýri,Bíggjar kommuna,Tal av sætum,
2020,Kommunustýri,Bíggjar kommuna,Partur av sætum hjá kvinnum,
2020,Kommunustýri,Bíggjar kommuna,Tal av sætum hjá kvinnum,
2020,Kommunustýri,Bíggjar kommuna,Tal av sætum,
2022,Kommunustýri,Bíggjar kommuna,Partur av sætum hjá kvinnum,
2022,Kommunustýri,Bíggjar kommuna,Tal av sætum hjá kvinnum,
2022,Kommunustýri,Bíggjar kommuna,Tal av sætum,
1984,Kommunustýri,Eiðis kommuna,Partur av sætum hjá kvinnum,
1984,Kommunustýri,Eiðis kommuna,Tal av sætum hjá kvinnum,
1984,Kommunustýri,Eiðis kommuna,Tal av sætum,
1988,Kommunustýri,Eiðis kommuna,Partur av sætum hjá kvinnum,
1988,Kommunustýri,Eiðis kommuna,Tal av sætum hjá kvinnum,
1988,Kommunustýri,Eiðis kommuna,Tal av sætum,
1990,Kommunustýri,Eiðis kommuna,Partur av sætum hjá kvinnum,
1990,Kommunustýri,Eiðis kommuna,Tal av sætum hjá kvinnum,
1990,Kommunustýri,Eiðis kommuna,Tal av sætum,
1992,Kommunustýri,Eiðis kommuna,Partur av sætum hjá kvinnum,0.0
1992,Kommunustýri,Eiðis kommuna,Tal av sætum hjá kvinnum,0.0
1992,Kommunustýri,Eiðis kommuna,Tal av sætum,7.0
1994,Kommunustýri,Eiðis kommuna,Partur av sætum hjá kvinnum,
1994,Kommunustýri,Eiðis kommuna,Tal av sætum hjá kvinnum,
1994,Kommunustýri,Eiðis kommuna,Tal av sætum,
1996,Kommunustýri,Eiðis kommuna,Partur av sætum hjá kvinnum,14.3
1996,Kommunustýri,Eiðis kommuna,Tal av sætum hjá kvinnum,1.0
1996,Kommunustýri,Eiðis kommuna,Tal av sætum,7.0
1998,Kommunustýri,Eiðis kommuna,Partur av sætum hjá kvinnum,
1998,Kommunustýri,Eiðis kommuna,Tal av sætum hjá kvinnum,
1998,Kommunustýri,Eiðis kommuna,Tal av sætum,
2000,Kommunustýri,Eiðis kommuna,Partur av sætum hjá kvinnum,14.3
2000,Kommunustýri,Eiðis kommuna,Tal av sætum hjá kvinnum,1.0
2000,Kommunustýri,Eiðis kommuna,Tal av sætum,7.0
2002,Kommunustýri,Eiðis kommuna,Partur av sætum hjá kvinnum,
2002,Kommunustýri,Eiðis kommuna,Tal av sætum hjá kvinnum,
2002,Kommunustýri,Eiðis kommuna,Tal av sætum,
2004,Kommunustýri,Eiðis kommuna,Partur av sætum hjá kvinnum,14.3
2004,Kommunustýri,Eiðis kommuna,Tal av sætum hjá kvinnum,1.0
2004,Kommunustýri,Eiðis kommuna,Tal av sætum,7.0
2008,Kommunustýri,Eiðis kommuna,Partur av sætum hjá kvinnum,
2008,Kommunustýri,Eiðis kommuna,Tal av sætum hjá kvinnum,
2008,Kommunustýri,Eiðis kommuna,Tal av sætum,
2011,Kommunustýri,Eiðis kommuna,Partur av sætum hjá kvinnum,
2011,Kommunustýri,Eiðis kommuna,Tal av sætum hjá kvinnum,
2011,Kommunustýri,Eiðis kommuna,Tal av sætum,
2012,Kommunustýri,Eiðis kommuna,Partur av sætum hjá kvinnum,14.3
2012,Kommunustýri,Eiðis kommuna,Tal av sætum hjá kvinnum,1.0
2012,Kommunustýri,Eiðis kommuna,Tal av sætum,7.0
2015,Kommunustýri,Eiðis kommuna,Partur av sætum hjá kvinnum,
2015,Kommunustýri,Eiðis kommuna,Tal av sætum hjá kvinnum,
2015,Kommunustýri,Eiðis kommuna,Tal av sætum,
2016,Kommunustýri,Eiðis kommuna,Partur av sætum hjá kvinnum,14.3
2016,Kommunustýri,Eiðis kommuna,Tal av sætum hjá kvinnum,1.0
2016,Kommunustýri,Eiðis kommuna,Tal av sætum,7.0
2019,Kommunustýri,Eiðis kommuna,Partur av sætum hjá kvinnum,
2019,Kommunustýri,Eiðis kommuna,Tal av sætum hjá kvinnum,
2019,Kommunustýri,Eiðis kommuna,Tal av sætum,
2020,Kommunustýri,Eiðis kommuna,Partur av sætum hjá kvinnum,57.1
2020,Kommunustýri,Eiðis kommuna,Tal av sætum hjá kvinnum,4.0
2020,Kommunustýri,Eiðis kommuna,Tal av sætum,7.0
2022,Kommunustýri,Eiðis kommuna,Partur av sætum hjá kvinnum,
2022,Kommunustýri,Eiðis kommuna,Tal av sætum hjá kvinnum,
2022,Kommunustýri,Eiðis kommuna,Tal av sætum,
1984,Kommunustýri,Elduvíkar kommuna,Partur av sætum hjá kvinnum,
1984,Kommunustýri,Elduvíkar kommuna,Tal av sætum hjá kvinnum,
1984,Kommunustýri,Elduvíkar kommuna,Tal av sætum,
1988,Kommunustýri,Elduvíkar kommuna,Partur av sætum hjá kvinnum,
1988,Kommunustýri,Elduvíkar kommuna,Tal av sætum hjá kvinnum,
1988,Kommunustýri,Elduvíkar kommuna,Tal av sætum,
1990,Kommunustýri,Elduvíkar kommuna,Partur av sætum hjá kvinnum,
1990,Kommunustýri,Elduvíkar kommuna,Tal av sætum hjá kvinnum,
1990,Kommunustýri,Elduvíkar kommuna,Tal av sætum,
1992,Kommunustýri,Elduvíkar kommuna,Partur av sætum hjá kvinnum,0.0
1992,Kommunustýri,Elduvíkar kommuna,Tal av sætum hjá kvinnum,0.0
1992,Kommunustýri,Elduvíkar kommuna,Tal av sætum,5.0
1994,Kommunustýri,Elduvíkar kommuna,Partur av sætum hjá kvinnum,
1994,Kommunustýri,Elduvíkar kommuna,Tal av sætum hjá kvinnum,
1994,Kommunustýri,Elduvíkar kommuna,Tal av sætum,
1996,Kommunustýri,Elduvíkar kommuna,Partur av sætum hjá kvinnum,25.0
1996,Kommunustýri,Elduvíkar kommuna,Tal av sætum hjá kvinnum,1.0
1996,Kommunustýri,Elduvíkar kommuna,Tal av sætum,4.0
1998,Kommunustýri,Elduvíkar kommuna,Partur av sætum hjá kvinnum,
1998,Kommunustýri,Elduvíkar kommuna,Tal av sætum hjá kvinnum,
1998,Kommunustýri,Elduvíkar kommuna,Tal av sætum,
2000,Kommunustýri,Elduvíkar kommuna,Partur av sætum hjá kvinnum,25.0
2000,Kommunustýri,Elduvíkar kommuna,Tal av sætum hjá kvinnum,1.0
2000,Kommunustýri,Elduvíkar kommuna,Tal av sætum,4.0
2002,Kommunustýri,Elduvíkar kommuna,Partur av sætum hjá kvinnum,
2002,Kommunustýri,Elduvíkar kommuna,Tal av sætum hjá kvinnum,
2002,Kommunustýri,Elduvíkar kommuna,Tal av sætum,
2004,Kommunustýri,Elduvíkar kommuna,Partur av sætum hjá kvinnum,
2004,Kommunustýri,Elduvíkar kommuna,Tal av sætum hjá kvinnum,
2004,Kommunustýri,Elduvíkar kommuna,Tal av sætum,
2008,Kommunustýri,Elduvíkar kommuna,Partur av sætum hjá kvinnum,
2008,Kommunustýri,Elduvíkar kommuna,Tal av sætum hjá kvinnum,
2008,Kommunustýri,Elduvíkar kommuna,Tal av sætum,
2011,Kommunustýri,Elduvíkar kommuna,Partur av sætum hjá kvinnum,
2011,Kommunustýri,Elduvíkar kommuna,Tal av sætum hjá kvinnum,
2011,Kommunustýri,Elduvíkar kommuna,Tal av sætum,
2012,Kommunustýri,Elduvíkar kommuna,Partur av sætum hjá kvinnum,
2012,Kommunustýri,Elduvíkar kommuna,Tal av sætum hjá kvinnum,
2012,Kommunustýri,Elduvíkar kommuna,Tal av sætum,
2015,Kommunustýri,Elduvíkar kommuna,Partur av sætum hjá kvinnum,
2015,Kommunustýri,Elduvíkar kommuna,Tal av sætum hjá kvinnum,
2015,Kommunustýri,Elduvíkar kommuna,Tal av sætum,
2016,Kommunustýri,Elduvíkar kommuna,Partur av sætum hjá kvinnum,
2016,Kommunustýri,Elduvíkar kommuna,Tal av sætum hjá kvinnum,
2016,Kommunustýri,Elduvíkar kommuna,Tal av sætum,
2019,Kommunustýri,Elduvíkar kommuna,Partur av sætum hjá kvinnum,
2019,Kommunustýri,Elduvíkar kommuna,Tal av sætum hjá kvinnum,
2019,Kommunustýri,Elduvíkar kommuna,Tal av sætum,
2020,Kommunustýri,Elduvíkar kommuna,Partur av sætum hjá kvinnum,
2020,Kommunustýri,Elduvíkar kommuna,Tal av sætum hjá kvinnum,
2020,Kommunustýri,Elduvíkar kommuna,Tal av sætum,
2022,Kommunustýri,Elduvíkar kommuna,Partur av sætum hjá kvinnum,
2022,Kommunustýri,Elduvíkar kommuna,Tal av sætum hjá kvinnum,
2022,Kommunustýri,Elduvíkar kommuna,Tal av sætum,
1984,Kommunustýri,Eysturkommuna,Partur av sætum hjá kvinnum,
1984,Kommunustýri,Eysturkommuna,Tal av sætum hjá kvinnum,
1984,Kommunustýri,Eysturkommuna,Tal av sætum,
1988,Kommunustýri,Eysturkommuna,Partur av sætum hjá kvinnum,
1988,Kommunustýri,Eysturkommuna,Tal av sætum hjá kvinnum,
1988,Kommunustýri,Eysturkommuna,Tal av sætum,
1990,Kommunustýri,Eysturkommuna,Partur av sætum hjá kvinnum,
1990,Kommunustýri,Eysturkommuna,Tal av sætum hjá kvinnum,
1990,Kommunustýri,Eysturkommuna,Tal av sætum,
1992,Kommunustýri,Eysturkommuna,Partur av sætum hjá kvinnum,
1992,Kommunustýri,Eysturkommuna,Tal av sætum hjá kvinnum,
1992,Kommunustýri,Eysturkommuna,Tal av sætum,
1994,Kommunustýri,Eysturkommuna,Partur av sætum hjá kvinnum,
1994,Kommunustýri,Eysturkommuna,Tal av sætum hjá kvinnum,
1994,Kommunustýri,Eysturkommuna,Tal av sætum,
1996,Kommunustýri,Eysturkommuna,Partur av sætum hjá kvinnum,
1996,Kommunustýri,Eysturkommuna,Tal av sætum hjá kvinnum,
1996,Kommunustýri,Eysturkommuna,Tal av sætum,
1998,Kommunustýri,Eysturkommuna,Partur av sætum hjá kvinnum,
1998,Kommunustýri,Eysturkommuna,Tal av sætum hjá kvinnum,
1998,Kommunustýri,Eysturkommuna,Tal av sætum,
2000,Kommunustýri,Eysturkommuna,Partur av sætum hjá kvinnum,
2000,Kommunustýri,Eysturkommuna,Tal av sætum hjá kvinnum,
2000,Kommunustýri,Eysturkommuna,Tal av sætum,
2002,Kommunustýri,Eysturkommuna,Partur av sætum hjá kvinnum,
2002,Kommunustýri,Eysturkommuna,Tal av sætum hjá kvinnum,
2002,Kommunustýri,Eysturkommuna,Tal av sætum,
2004,Kommunustýri,Eysturkommuna,Partur av sætum hjá kvinnum,
2004,Kommunustýri,Eysturkommuna,Tal av sætum hjá kvinnum,
2004,Kommunustýri,Eysturkommuna,Tal av sætum,
2008,Kommunustýri,Eysturkommuna,Partur av sætum hjá kvinnum,
2008,Kommunustýri,Eysturkommuna,Tal av sætum hjá kvinnum,
2008,Kommunustýri,Eysturkommuna,Tal av sætum,
2011,Kommunustýri,Eysturkommuna,Partur av sætum hjá kvinnum,
2011,Kommunustýri,Eysturkommuna,Tal av sætum hjá kvinnum,
2011,Kommunustýri,Eysturkommuna,Tal av sætum,
2012,Kommunustýri,Eysturkommuna,Partur av sætum hjá kvinnum,33.3
2012,Kommunustýri,Eysturkommuna,Tal av sætum hjá kvinnum,3.0
2012,Kommunustýri,Eysturkommuna,Tal av sætum,9.0
2015,Kommunustýri,Eysturkommuna,Partur av sætum hjá kvinnum,
2015,Kommunustýri,Eysturkommuna,Tal av sætum hjá kvinnum,
2015,Kommunustýri,Eysturkommuna,Tal av sætum,
2016,Kommunustýri,Eysturkommuna,Partur av sætum hjá kvinnum,22.2
2016,Kommunustýri,Eysturkommuna,Tal av sætum hjá kvinnum,2.0
2016,Kommunustýri,Eysturkommuna,Tal av sætum,9.0
2019,Kommunustýri,Eysturkommuna,Partur av sætum hjá kvinnum,
2019,Kommunustýri,Eysturkommuna,Tal av sætum hjá kvinnum,
2019,Kommunustýri,Eysturkommuna,Tal av sætum,
2020,Kommunustýri,Eysturkommuna,Partur av sætum hjá kvinnum,44.4
2020,Kommunustýri,Eysturkommuna,Tal av sætum hjá kvinnum,4.0
2020,Kommunustýri,Eysturkommuna,Tal av sætum,9.0
2022,Kommunustýri,Eysturkommuna,Partur av sætum hjá kvinnum,
2022,Kommunustýri,Eysturkommuna,Tal av sætum hjá kvinnum,
2022,Kommunustýri,Eysturkommuna,Tal av sætum,
1984,Kommunustýri,Fámjins kommuna,Partur av sætum hjá kvinnum,
1984,Kommunustýri,Fámjins kommuna,Tal av sætum hjá kvinnum,
1984,Kommunustýri,Fámjins kommuna,Tal av sætum,
1988,Kommunustýri,Fámjins kommuna,Partur av sætum hjá kvinnum,
1988,Kommunustýri,Fámjins kommuna,Tal av sætum hjá kvinnum,
1988,Kommunustýri,Fámjins kommuna,Tal av sætum,
1990,Kommunustýri,Fámjins kommuna,Partur av sætum hjá kvinnum,
1990,Kommunustýri,Fámjins kommuna,Tal av sætum hjá kvinnum,
1990,Kommunustýri,Fámjins kommuna,Tal av sætum,
1992,Kommunustýri,Fámjins kommuna,Partur av sætum hjá kvinnum,20.0
1992,Kommunustýri,Fámjins kommuna,Tal av sætum hjá kvinnum,1.0
1992,Kommunustýri,Fámjins kommuna,Tal av sætum,5.0
1994,Kommunustýri,Fámjins kommuna,Partur av sætum hjá kvinnum,
1994,Kommunustýri,Fámjins kommuna,Tal av sætum hjá kvinnum,
1994,Kommunustýri,Fámjins kommuna,Tal av sætum,
1996,Kommunustýri,Fámjins kommuna,Partur av sætum hjá kvinnum,20.0
1996,Kommunustýri,Fámjins kommuna,Tal av sætum hjá kvinnum,1.0
1996,Kommunustýri,Fámjins kommuna,Tal av sætum,5.0
1998,Kommunustýri,Fámjins kommuna,Partur av sætum hjá kvinnum,
1998,Kommunustýri,Fámjins kommuna,Tal av sætum hjá kvinnum,
1998,Kommunustýri,Fámjins kommuna,Tal av sætum,
2000,Kommunustýri,Fámjins kommuna,Partur av sætum hjá kvinnum,20.0
2000,Kommunustýri,Fámjins kommuna,Tal av sætum hjá kvinnum,1.0
2000,Kommunustýri,Fámjins kommuna,Tal av sætum,5.0
2002,Kommunustýri,Fámjins kommuna,Partur av sætum hjá kvinnum,
2002,Kommunustýri,Fámjins kommuna,Tal av sætum hjá kvinnum,
2002,Kommunustýri,Fámjins kommuna,Tal av sætum,
2004,Kommunustýri,Fámjins kommuna,Partur av sætum hjá kvinnum,40.0
2004,Kommunustýri,Fámjins kommuna,Tal av sætum hjá kvinnum,2.0
2004,Kommunustýri,Fámjins kommuna,Tal av sætum,5.0
2008,Kommunustýri,Fámjins kommuna,Partur av sætum hjá kvinnum,
2008,Kommunustýri,Fámjins kommuna,Tal av sætum hjá kvinnum,
2008,Kommunustýri,Fámjins kommuna,Tal av sætum,
2011,Kommunustýri,Fámjins kommuna,Partur av sætum hjá kvinnum,
2011,Kommunustýri,Fámjins kommuna,Tal av sætum hjá kvinnum,
2011,Kommunustýri,Fámjins kommuna,Tal av sætum,
2012,Kommunustýri,Fámjins kommuna,Partur av sætum hjá kvinnum,42.9
2012,Kommunustýri,Fámjins kommuna,Tal av sætum hjá kvinnum,3.0
2012,Kommunustýri,Fámjins kommuna,Tal av sætum,7.0
2015,Kommunustýri,Fámjins kommuna,Partur av sætum hjá kvinnum,
2015,Kommunustýri,Fámjins kommuna,Tal av sætum hjá kvinnum,
2015,Kommunustýri,Fámjins kommuna,Tal av sætum,
2016,Kommunustýri,Fámjins kommuna,Partur av sætum hjá kvinnum,0.0
2016,Kommunustýri,Fámjins kommuna,Tal av sætum hjá kvinnum,0.0
2016,Kommunustýri,Fámjins kommuna,Tal av sætum,3.0
2019,Kommunustýri,Fámjins kommuna,Partur av sætum hjá kvinnum,
2019,Kommunustýri,Fámjins kommuna,Tal av sætum hjá kvinnum,
2019,Kommunustýri,Fámjins kommuna,Tal av sætum,
2020,Kommunustýri,Fámjins kommuna,Partur av sætum hjá kvinnum,0.0
2020,Kommunustýri,Fámjins kommuna,Tal av sætum hjá kvinnum,0.0
2020,Kommunustýri,Fámjins kommuna,Tal av sætum,3.0
2022,Kommunustýri,Fámjins kommuna,Partur av sætum hjá kvinnum,
2022,Kommunustýri,Fámjins kommuna,Tal av sætum hjá kvinnum,
2022,Kommunustýri,Fámjins kommuna,Tal av sætum,
1984,Kommunustýri,Fuglafjarðar kommuna,Partur av sætum hjá kvinnum,
1984,Kommunustýri,Fuglafjarðar kommuna,Tal av sætum hjá kvinnum,
1984,Kommunustýri,Fuglafjarðar kommuna,Tal av sætum,
1988,Kommunustýri,Fuglafjarðar kommuna,Partur av sætum hjá kvinnum,
1988,Kommunustýri,Fuglafjarðar kommuna,Tal av sætum hjá kvinnum,
1988,Kommunustýri,Fuglafjarðar kommuna,Tal av sætum,
1990,Kommunustýri,Fuglafjarðar kommuna,Partur av sætum hjá kvinnum,
1990,Kommunustýri,Fuglafjarðar kommuna,Tal av sætum hjá kvinnum,
1990,Kommunustýri,Fuglafjarðar kommuna,Tal av sætum,
1992,Kommunustýri,Fuglafjarðar kommuna,Partur av sætum hjá kvinnum,33.3
1992,Kommunustýri,Fuglafjarðar kommuna,Tal av sætum hjá kvinnum,3.0
1992,Kommunustýri,Fuglafjarðar kommuna,Tal av sætum,9.0
1994,Kommunustýri,Fuglafjarðar kommuna,Partur av sætum hjá kvinnum,
1994,Kommunustýri,Fuglafjarðar kommuna,Tal av sætum hjá kvinnum,
1994,Kommunustýri,Fuglafjarðar kommuna,Tal av sætum,
1996,Kommunustýri,Fuglafjarðar kommuna,Partur av sætum hjá kvinnum,11.1
1996,Kommunustýri,Fuglafjarðar kommuna,Tal av sætum hjá kvinnum,1.0
1996,Kommunustýri,Fuglafjarðar kommuna,Tal av sætum,9.0
1998,Kommunustýri,Fuglafjarðar kommuna,Partur av sætum hjá kvinnum,
1998,Kommunustýri,Fuglafjarðar kommuna,Tal av sætum hjá kvinnum,
1998,Kommunustýri,Fuglafjarðar kommuna,Tal av sætum,
2000,Kommunustýri,Fuglafjarðar kommuna,Partur av sætum hjá kvinnum,11.1
2000,Kommunustýri,Fuglafjarðar kommuna,Tal av sætum hjá kvinnum,1.0
2000,Kommunustýri,Fuglafjarðar kommuna,Tal av sætum,9.0
2002,Kommunustýri,Fuglafjarðar kommuna,Partur av sætum hjá kvinnum,
2002,Kommunustýri,Fuglafjarðar kommuna,Tal av sætum hjá kvinnum,
2002,Kommunustýri,Fuglafjarðar kommuna,Tal av sætum,
2004,Kommunustýri,Fuglafjarðar kommuna,Partur av sætum hjá kvinnum,11.1
2004,Kommunustýri,Fuglafjarðar kommuna,Tal av sætum hjá kvinnum,1.0
2004,Kommunustýri,Fuglafjarðar kommuna,Tal av sætum,9.0
2008,Kommunustýri,Fuglafjarðar kommuna,Partur av sætum hjá kvinnum,
2008,Kommunustýri,Fuglafjarðar kommuna,Tal av sætum hjá kvinnum,
2008,Kommunustýri,Fuglafjarðar kommuna,Tal av sætum,
2011,Kommunustýri,Fuglafjarðar kommuna,Partur av sætum hjá kvinnum,
2011,Kommunustýri,Fuglafjarðar kommuna,Tal av sætum hjá kvinnum,
2011,Kommunustýri,Fuglafjarðar kommuna,Tal av sætum,
2012,Kommunustýri,Fuglafjarðar kommuna,Partur av sætum hjá kvinnum,11.1
2012,Kommunustýri,Fuglafjarðar kommuna,Tal av sætum hjá kvinnum,1.0
2012,Kommunustýri,Fuglafjarðar kommuna,Tal av sætum,9.0
2015,Kommunustýri,Fuglafjarðar kommuna,Partur av sætum hjá kvinnum,
2015,Kommunustýri,Fuglafjarðar kommuna,Tal av sætum hjá kvinnum,
2015,Kommunustýri,Fuglafjarðar kommuna,Tal av sætum,
2016,Kommunustýri,Fuglafjarðar kommuna,Partur av sætum hjá kvinnum,11.1
2016,Kommunustýri,Fuglafjarðar kommuna,Tal av sætum hjá kvinnum,1.0
2016,Kommunustýri,Fuglafjarðar kommuna,Tal av sætum,9.0
2019,Kommunustýri,Fuglafjarðar kommuna,Partur av sætum hjá kvinnum,
2019,Kommunustýri,Fuglafjarðar kommuna,Tal av sætum hjá kvinnum,
2019,Kommunustýri,Fuglafjarðar kommuna,Tal av sætum,
2020,Kommunustýri,Fuglafjarðar kommuna,Partur av sætum hjá kvinnum,22.2
2020,Kommunustýri,Fuglafjarðar kommuna,Tal av sætum hjá kvinnum,2.0
2020,Kommunustýri,Fuglafjarðar kommuna,Tal av sætum,9.0
2022,Kommunustýri,Fuglafjarðar kommuna,Partur av sætum hjá kvinnum,
2022,Kommunustýri,Fuglafjarðar kommuna,Tal av sætum hjá kvinnum,
2022,Kommunustýri,Fuglafjarðar kommuna,Tal av sætum,
1984,Kommunustýri,Fugloyar kommuna,Partur av sætum hjá kvinnum,
1984,Kommunustýri,Fugloyar kommuna,Tal av sætum hjá kvinnum,
1984,Kommunustýri,Fugloyar kommuna,Tal av sætum,
1988,Kommunustýri,Fugloyar kommuna,Partur av sætum hjá kvinnum,
1988,Kommunustýri,Fugloyar kommuna,Tal av sætum hjá kvinnum,
1988,Kommunustýri,Fugloyar kommuna,Tal av sætum,
1990,Kommunustýri,Fugloyar kommuna,Partur av sætum hjá kvinnum,
1990,Kommunustýri,Fugloyar kommuna,Tal av sætum hjá kvinnum,
1990,Kommunustýri,Fugloyar kommuna,Tal av sætum,
1992,Kommunustýri,Fugloyar kommuna,Partur av sætum hjá kvinnum,20.0
1992,Kommunustýri,Fugloyar kommuna,Tal av sætum hjá kvinnum,1.0
1992,Kommunustýri,Fugloyar kommuna,Tal av sætum,5.0
1994,Kommunustýri,Fugloyar kommuna,Partur av sætum hjá kvinnum,
1994,Kommunustýri,Fugloyar kommuna,Tal av sætum hjá kvinnum,
1994,Kommunustýri,Fugloyar kommuna,Tal av sætum,
1996,Kommunustýri,Fugloyar kommuna,Partur av sætum hjá kvinnum,0.0
1996,Kommunustýri,Fugloyar kommuna,Tal av sætum hjá kvinnum,0.0
1996,Kommunustýri,Fugloyar kommuna,Tal av sætum,5.0
1998,Kommunustýri,Fugloyar kommuna,Partur av sætum hjá kvinnum,
1998,Kommunustýri,Fugloyar kommuna,Tal av sætum hjá kvinnum,
1998,Kommunustýri,Fugloyar kommuna,Tal av sætum,
2000,Kommunustýri,Fugloyar kommuna,Partur av sætum hjá kvinnum,0.0
2000,Kommunustýri,Fugloyar kommuna,Tal av sætum hjá kvinnum,0.0
2000,Kommunustýri,Fugloyar kommuna,Tal av sætum,3.0
2002,Kommunustýri,Fugloyar kommuna,Partur av sætum hjá kvinnum,
2002,Kommunustýri,Fugloyar kommuna,Tal av sætum hjá kvinnum,
2002,Kommunustýri,Fugloyar kommuna,Tal av sætum,
2004,Kommunustýri,Fugloyar kommuna,Partur av sætum hjá kvinnum,33.3
2004,Kommunustýri,Fugloyar kommuna,Tal av sætum hjá kvinnum,1.0
2004,Kommunustýri,Fugloyar kommuna,Tal av sætum,3.0
2008,Kommunustýri,Fugloyar kommuna,Partur av sætum hjá kvinnum,
2008,Kommunustýri,Fugloyar kommuna,Tal av sætum hjá kvinnum,
2008,Kommunustýri,Fugloyar kommuna,Tal av sætum,
2011,Kommunustýri,Fugloyar kommuna,Partur av sætum hjá kvinnum,
2011,Kommunustýri,Fugloyar kommuna,Tal av sætum hjá kvinnum,
2011,Kommunustýri,Fugloyar kommuna,Tal av sætum,
2012,Kommunustýri,Fugloyar kommuna,Partur av sætum hjá kvinnum,33.3
2012,Kommunustýri,Fugloyar kommuna,Tal av sætum hjá kvinnum,1.0
2012,Kommunustýri,Fugloyar kommuna,Tal av sætum,3.0
2015,Kommunustýri,Fugloyar kommuna,Partur av sætum hjá kvinnum,
2015,Kommunustýri,Fugloyar kommuna,Tal av sætum hjá kvinnum,
2015,Kommunustýri,Fugloyar kommuna,Tal av sætum,
2016,Kommunustýri,Fugloyar kommuna,Partur av sætum hjá kvinnum,66.7
2016,Kommunustýri,Fugloyar kommuna,Tal av sætum hjá kvinnum,2.0
2016,Kommunustýri,Fugloyar kommuna,Tal av sætum,3.0
2019,Kommunustýri,Fugloyar kommuna,Partur av sætum hjá kvinnum,
2019,Kommunustýri,Fugloyar kommuna,Tal av sætum hjá kvinnum,
2019,Kommunustýri,Fugloyar kommuna,Tal av sætum,
2020,Kommunustýri,Fugloyar kommuna,Partur av sætum hjá kvinnum,66.7
2020,Kommunustýri,Fugloyar kommuna,Tal av sætum hjá kvinnum,2.0
2020,Kommunustýri,Fugloyar kommuna,Tal av sætum,3.0
2022,Kommunustýri,Fugloyar kommuna,Partur av sætum hjá kvinnum,
2022,Kommunustýri,Fugloyar kommuna,Tal av sætum hjá kvinnum,
2022,Kommunustýri,Fugloyar kommuna,Tal av sætum,
1984,Kommunustýri,Funnings kommuna,Partur av sætum hjá kvinnum,
1984,Kommunustýri,Funnings kommuna,Tal av sætum hjá kvinnum,
1984,Kommunustýri,Funnings kommuna,Tal av sætum,
1988,Kommunustýri,Funnings kommuna,Partur av sætum hjá kvinnum,
1988,Kommunustýri,Funnings kommuna,Tal av sætum hjá kvinnum,
1988,Kommunustýri,Funnings kommuna,Tal av sætum,
1990,Kommunustýri,Funnings kommuna,Partur av sætum hjá kvinnum,
1990,Kommunustýri,Funnings kommuna,Tal av sætum hjá kvinnum,
1990,Kommunustýri,Funnings kommuna,Tal av sætum,
1992,Kommunustýri,Funnings kommuna,Partur av sætum hjá kvinnum,20.0
1992,Kommunustýri,Funnings kommuna,Tal av sætum hjá kvinnum,1.0
1992,Kommunustýri,Funnings kommuna,Tal av sætum,5.0
1994,Kommunustýri,Funnings kommuna,Partur av sætum hjá kvinnum,
1994,Kommunustýri,Funnings kommuna,Tal av sætum hjá kvinnum,
1994,Kommunustýri,Funnings kommuna,Tal av sætum,
1996,Kommunustýri,Funnings kommuna,Partur av sætum hjá kvinnum,0.0
1996,Kommunustýri,Funnings kommuna,Tal av sætum hjá kvinnum,0.0
1996,Kommunustýri,Funnings kommuna,Tal av sætum,5.0
1998,Kommunustýri,Funnings kommuna,Partur av sætum hjá kvinnum,
1998,Kommunustýri,Funnings kommuna,Tal av sætum hjá kvinnum,
1998,Kommunustýri,Funnings kommuna,Tal av sætum,
2000,Kommunustýri,Funnings kommuna,Partur av sætum hjá kvinnum,33.3
2000,Kommunustýri,Funnings kommuna,Tal av sætum hjá kvinnum,1.0
2000,Kommunustýri,Funnings kommuna,Tal av sætum,3.0
2002,Kommunustýri,Funnings kommuna,Partur av sætum hjá kvinnum,
2002,Kommunustýri,Funnings kommuna,Tal av sætum hjá kvinnum,
2002,Kommunustýri,Funnings kommuna,Tal av sætum,
2004,Kommunustýri,Funnings kommuna,Partur av sætum hjá kvinnum,50.0
2004,Kommunustýri,Funnings kommuna,Tal av sætum hjá kvinnum,1.0
2004,Kommunustýri,Funnings kommuna,Tal av sætum,2.0
2008,Kommunustýri,Funnings kommuna,Partur av sætum hjá kvinnum,
2008,Kommunustýri,Funnings kommuna,Tal av sætum hjá kvinnum,
2008,Kommunustýri,Funnings kommuna,Tal av sætum,
2011,Kommunustýri,Funnings kommuna,Partur av sætum hjá kvinnum,
2011,Kommunustýri,Funnings kommuna,Tal av sætum hjá kvinnum,
2011,Kommunustýri,Funnings kommuna,Tal av sætum,
2012,Kommunustýri,Funnings kommuna,Partur av sætum hjá kvinnum,
2012,Kommunustýri,Funnings kommuna,Tal av sætum hjá kvinnum,
2012,Kommunustýri,Funnings kommuna,Tal av sætum,
2015,Kommunustýri,Funnings kommuna,Partur av sætum hjá kvinnum,
2015,Kommunustýri,Funnings kommuna,Tal av sætum hjá kvinnum,
2015,Kommunustýri,Funnings kommuna,Tal av sætum,
2016,Kommunustýri,Funnings kommuna,Partur av sætum hjá kvinnum,
2016,Kommunustýri,Funnings kommuna,Tal av sætum hjá kvinnum,
2016,Kommunustýri,Funnings kommuna,Tal av sætum,
2019,Kommunustýri,Funnings kommuna,Partur av sætum hjá kvinnum,
2019,Kommunustýri,Funnings kommuna,Tal av sætum hjá kvinnum,
2019,Kommunustýri,Funnings kommuna,Tal av sætum,
2020,Kommunustýri,Funnings kommuna,Partur av sætum hjá kvinnum,
2020,Kommunustýri,Funnings kommuna,Tal av sætum hjá kvinnum,
2020,Kommunustýri,Funnings kommuna,Tal av sætum,
2022,Kommunustýri,Funnings kommuna,Partur av sætum hjá kvinnum,
2022,Kommunustýri,Funnings kommuna,Tal av sætum hjá kvinnum,
2022,Kommunustýri,Funnings kommuna,Tal av sætum,
1984,Kommunustýri,Gjáar kommuna,Partur av sætum hjá kvinnum,
1984,Kommunustýri,Gjáar kommuna,Tal av sætum hjá kvinnum,
1984,Kommunustýri,Gjáar kommuna,Tal av sætum,
1988,Kommunustýri,Gjáar kommuna,Partur av sætum hjá kvinnum,
1988,Kommunustýri,Gjáar kommuna,Tal av sætum hjá kvinnum,
1988,Kommunustýri,Gjáar kommuna,Tal av sætum,
1990,Kommunustýri,Gjáar kommuna,Partur av sætum hjá kvinnum,
1990,Kommunustýri,Gjáar kommuna,Tal av sætum hjá kvinnum,
1990,Kommunustýri,Gjáar kommuna,Tal av sætum,
1992,Kommunustýri,Gjáar kommuna,Partur av sætum hjá kvinnum,25.0
1992,Kommunustýri,Gjáar kommuna,Tal av sætum hjá kvinnum,1.0
1992,Kommunustýri,Gjáar kommuna,Tal av sætum,4.0
1994,Kommunustýri,Gjáar kommuna,Partur av sætum hjá kvinnum,
1994,Kommunustýri,Gjáar kommuna,Tal av sætum hjá kvinnum,
1994,Kommunustýri,Gjáar kommuna,Tal av sætum,
1996,Kommunustýri,Gjáar kommuna,Partur av sætum hjá kvinnum,0.0
1996,Kommunustýri,Gjáar kommuna,Tal av sætum hjá kvinnum,0.0
1996,Kommunustýri,Gjáar kommuna,Tal av sætum,4.0
1998,Kommunustýri,Gjáar kommuna,Partur av sætum hjá kvinnum,
1998,Kommunustýri,Gjáar kommuna,Tal av sætum hjá kvinnum,
1998,Kommunustýri,Gjáar kommuna,Tal av sætum,
2000,Kommunustýri,Gjáar kommuna,Partur av sætum hjá kvinnum,0.0
2000,Kommunustýri,Gjáar kommuna,Tal av sætum hjá kvinnum,0.0
2000,Kommunustýri,Gjáar kommuna,Tal av sætum,1.0
2002,Kommunustýri,Gjáar kommuna,Partur av sætum hjá kvinnum,
2002,Kommunustýri,Gjáar kommuna,Tal av sætum hjá kvinnum,
2002,Kommunustýri,Gjáar kommuna,Tal av sætum,
2004,Kommunustýri,Gjáar kommuna,Partur av sætum hjá kvinnum,
2004,Kommunustýri,Gjáar kommuna,Tal av sætum hjá kvinnum,
2004,Kommunustýri,Gjáar kommuna,Tal av sætum,
2008,Kommunustýri,Gjáar kommuna,Partur av sætum hjá kvinnum,
2008,Kommunustýri,Gjáar kommuna,Tal av sætum hjá kvinnum,
2008,Kommunustýri,Gjáar kommuna,Tal av sætum,
2011,Kommunustýri,Gjáar kommuna,Partur av sætum hjá kvinnum,
2011,Kommunustýri,Gjáar kommuna,Tal av sætum hjá kvinnum,
2011,Kommunustýri,Gjáar kommuna,Tal av sætum,
2012,Kommunustýri,Gjáar kommuna,Partur av sætum hjá kvinnum,
2012,Kommunustýri,Gjáar kommuna,Tal av sætum hjá kvinnum,
2012,Kommunustýri,Gjáar kommuna,Tal av sætum,
2015,Kommunustýri,Gjáar kommuna,Partur av sætum hjá kvinnum,
2015,Kommunustýri,Gjáar kommuna,Tal av sætum hjá kvinnum,
2015,Kommunustýri,Gjáar kommuna,Tal av sætum,
2016,Kommunustýri,Gjáar kommuna,Partur av sætum hjá kvinnum,
2016,Kommunustýri,Gjáar kommuna,Tal av sætum hjá kvinnum,
2016,Kommunustýri,Gjáar kommuna,Tal av sætum,
2019,Kommunustýri,Gjáar kommuna,Partur av sætum hjá kvinnum,
2019,Kommunustýri,Gjáar kommuna,Tal av sætum hjá kvinnum,
2019,Kommunustýri,Gjáar kommuna,Tal av sætum,
2020,Kommunustýri,Gjáar kommuna,Partur av sætum hjá kvinnum,
2020,Kommunustýri,Gjáar kommuna,Tal av sætum hjá kvinnum,
2020,Kommunustýri,Gjáar kommuna,Tal av sætum,
2022,Kommunustýri,Gjáar kommuna,Partur av sætum hjá kvinnum,
2022,Kommunustýri,Gjáar kommuna,Tal av sætum hjá kvinnum,
2022,Kommunustýri,Gjáar kommuna,Tal av sætum,
1984,Kommunustýri,Gøtu kommuna,Partur av sætum hjá kvinnum,
1984,Kommunustýri,Gøtu kommuna,Tal av sætum hjá kvinnum,
1984,Kommunustýri,Gøtu kommuna,Tal av sætum,
1988,Kommunustýri,Gøtu kommuna,Partur av sætum hjá kvinnum,
1988,Kommunustýri,Gøtu kommuna,Tal av sætum hjá kvinnum,
1988,Kommunustýri,Gøtu kommuna,Tal av sætum,
1990,Kommunustýri,Gøtu kommuna,Partur av sætum hjá kvinnum,
1990,Kommunustýri,Gøtu kommuna,Tal av sætum hjá kvinnum,
1990,Kommunustýri,Gøtu kommuna,Tal av sætum,
1992,Kommunustýri,Gøtu kommuna,Partur av sætum hjá kvinnum,0.0
1992,Kommunustýri,Gøtu kommuna,Tal av sætum hjá kvinnum,0.0
1992,Kommunustýri,Gøtu kommuna,Tal av sætum,5.0
1994,Kommunustýri,Gøtu kommuna,Partur av sætum hjá kvinnum,
1994,Kommunustýri,Gøtu kommuna,Tal av sætum hjá kvinnum,
1994,Kommunustýri,Gøtu kommuna,Tal av sætum,
1996,Kommunustýri,Gøtu kommuna,Partur av sætum hjá kvinnum,0.0
1996,Kommunustýri,Gøtu kommuna,Tal av sætum hjá kvinnum,0.0
1996,Kommunustýri,Gøtu kommuna,Tal av sætum,5.0
1998,Kommunustýri,Gøtu kommuna,Partur av sætum hjá kvinnum,
1998,Kommunustýri,Gøtu kommuna,Tal av sætum hjá kvinnum,
1998,Kommunustýri,Gøtu kommuna,Tal av sætum,
2000,Kommunustýri,Gøtu kommuna,Partur av sætum hjá kvinnum,33.3
2000,Kommunustýri,Gøtu kommuna,Tal av sætum hjá kvinnum,3.0
2000,Kommunustýri,Gøtu kommuna,Tal av sætum,9.0
2002,Kommunustýri,Gøtu kommuna,Partur av sætum hjá kvinnum,
2002,Kommunustýri,Gøtu kommuna,Tal av sætum hjá kvinnum,
2002,Kommunustýri,Gøtu kommuna,Tal av sætum,
2004,Kommunustýri,Gøtu kommuna,Partur av sætum hjá kvinnum,33.3
2004,Kommunustýri,Gøtu kommuna,Tal av sætum hjá kvinnum,4.0
2004,Kommunustýri,Gøtu kommuna,Tal av sætum,12.0
2008,Kommunustýri,Gøtu kommuna,Partur av sætum hjá kvinnum,
2008,Kommunustýri,Gøtu kommuna,Tal av sætum hjá kvinnum,
2008,Kommunustýri,Gøtu kommuna,Tal av sætum,
2011,Kommunustýri,Gøtu kommuna,Partur av sætum hjá kvinnum,
2011,Kommunustýri,Gøtu kommuna,Tal av sætum hjá kvinnum,
2011,Kommunustýri,Gøtu kommuna,Tal av sætum,
2012,Kommunustýri,Gøtu kommuna,Partur av sætum hjá kvinnum,
2012,Kommunustýri,Gøtu kommuna,Tal av sætum hjá kvinnum,
2012,Kommunustýri,Gøtu kommuna,Tal av sætum,
2015,Kommunustýri,Gøtu kommuna,Partur av sætum hjá kvinnum,
2015,Kommunustýri,Gøtu kommuna,Tal av sætum hjá kvinnum,
2015,Kommunustýri,Gøtu kommuna,Tal av sætum,
2016,Kommunustýri,Gøtu kommuna,Partur av sætum hjá kvinnum,
2016,Kommunustýri,Gøtu kommuna,Tal av sætum hjá kvinnum,
2016,Kommunustýri,Gøtu kommuna,Tal av sætum,
2019,Kommunustýri,Gøtu kommuna,Partur av sætum hjá kvinnum,
2019,Kommunustýri,Gøtu kommuna,Tal av sætum hjá kvinnum,
2019,Kommunustýri,Gøtu kommuna,Tal av sætum,
2020,Kommunustýri,Gøtu kommuna,Partur av sætum hjá kvinnum,
2020,Kommunustýri,Gøtu kommuna,Tal av sætum hjá kvinnum,
2020,Kommunustýri,Gøtu kommuna,Tal av sætum,
2022,Kommunustýri,Gøtu kommuna,Partur av sætum hjá kvinnum,
2022,Kommunustýri,Gøtu kommuna,Tal av sætum hjá kvinnum,
2022,Kommunustýri,Gøtu kommuna,Tal av sætum,
1984,Kommunustýri,Haldórsvíkar kommuna,Partur av sætum hjá kvinnum,
1984,Kommunustýri,Haldórsvíkar kommuna,Tal av sætum hjá kvinnum,
1984,Kommunustýri,Haldórsvíkar kommuna,Tal av sætum,
1988,Kommunustýri,Haldórsvíkar kommuna,Partur av sætum hjá kvinnum,
1988,Kommunustýri,Haldórsvíkar kommuna,Tal av sætum hjá kvinnum,
1988,Kommunustýri,Haldórsvíkar kommuna,Tal av sætum,
1990,Kommunustýri,Haldórsvíkar kommuna,Partur av sætum hjá kvinnum,
1990,Kommunustýri,Haldórsvíkar kommuna,Tal av sætum hjá kvinnum,
1990,Kommunustýri,Haldórsvíkar kommuna,Tal av sætum,
1992,Kommunustýri,Haldórsvíkar kommuna,Partur av sætum hjá kvinnum,25.0
1992,Kommunustýri,Haldórsvíkar kommuna,Tal av sætum hjá kvinnum,1.0
1992,Kommunustýri,Haldórsvíkar kommuna,Tal av sætum,4.0
1994,Kommunustýri,Haldórsvíkar kommuna,Partur av sætum hjá kvinnum,
1994,Kommunustýri,Haldórsvíkar kommuna,Tal av sætum hjá kvinnum,
1994,Kommunustýri,Haldórsvíkar kommuna,Tal av sætum,
1996,Kommunustýri,Haldórsvíkar kommuna,Partur av sætum hjá kvinnum,0.0
1996,Kommunustýri,Haldórsvíkar kommuna,Tal av sætum hjá kvinnum,0.0
1996,Kommunustýri,Haldórsvíkar kommuna,Tal av sætum,3.0
1998,Kommunustýri,Haldórsvíkar kommuna,Partur av sætum hjá kvinnum,
1998,Kommunustýri,Haldórsvíkar kommuna,Tal av sætum hjá kvinnum,
1998,Kommunustýri,Haldórsvíkar kommuna,Tal av sætum,
2000,Kommunustýri,Haldórsvíkar kommuna,Partur av sætum hjá kvinnum,0.0
2000,Kommunustýri,Haldórsvíkar kommuna,Tal av sætum hjá kvinnum,0.0
2000,Kommunustýri,Haldórsvíkar kommuna,Tal av sætum,3.0
2002,Kommunustýri,Haldórsvíkar kommuna,Partur av sætum hjá kvinnum,
2002,Kommunustýri,Haldórsvíkar kommuna,Tal av sætum hjá kvinnum,
2002,Kommunustýri,Haldórsvíkar kommuna,Tal av sætum,
2004,Kommunustýri,Haldórsvíkar kommuna,Partur av sætum hjá kvinnum,
2004,Kommunustýri,Haldórsvíkar kommuna,Tal av sætum hjá kvinnum,
2004,Kommunustýri,Haldórsvíkar kommuna,Tal av sætum,
2008,Kommunustýri,Haldórsvíkar kommuna,Partur av sætum hjá kvinnum,
2008,Kommunustýri,Haldórsvíkar kommuna,Tal av sætum hjá kvinnum,
2008,Kommunustýri,Haldórsvíkar kommuna,Tal av sætum,
2011,Kommunustýri,Haldórsvíkar kommuna,Partur av sætum hjá kvinnum,
2011,Kommunustýri,Haldórsvíkar kommuna,Tal av sætum hjá kvinnum,
2011,Kommunustýri,Haldórsvíkar kommuna,Tal av sætum,
2012,Kommunustýri,Haldórsvíkar kommuna,Partur av sætum hjá kvinnum,
2012,Kommunustýri,Haldórsvíkar kommuna,Tal av sætum hjá kvinnum,
2012,Kommunustýri,Haldórsvíkar kommuna,Tal av sætum,
2015,Kommunustýri,Haldórsvíkar kommuna,Partur av sætum hjá kvinnum,
2015,Kommunustýri,Haldórsvíkar kommuna,Tal av sætum hjá kvinnum,
2015,Kommunustýri,Haldórsvíkar kommuna,Tal av sætum,
2016,Kommunustýri,Haldórsvíkar kommuna,Partur av sætum hjá kvinnum,
2016,Kommunustýri,Haldórsvíkar kommuna,Tal av sætum hjá kvinnum,
2016,Kommunustýri,Haldórsvíkar kommuna,Tal av sætum,
2019,Kommunustýri,Haldórsvíkar kommuna,Partur av sætum hjá kvinnum,
2019,Kommunustýri,Haldórsvíkar kommuna,Tal av sætum hjá kvinnum,
2019,Kommunustýri,Haldórsvíkar kommuna,Tal av sætum,
2020,Kommunustýri,Haldórsvíkar kommuna,Partur av sætum hjá kvinnum,
2020,Kommunustýri,Haldórsvíkar kommuna,Tal av sætum hjá kvinnum,
2020,Kommunustýri,Haldórsvíkar kommuna,Tal av sætum,
2022,Kommunustýri,Haldórsvíkar kommuna,Partur av sætum hjá kvinnum,
2022,Kommunustýri,Haldórsvíkar kommuna,Tal av sætum hjá kvinnum,
2022,Kommunustýri,Haldórsvíkar kommuna,Tal av sætum,
1984,Kommunustýri,Hests kommuna,Partur av sætum hjá kvinnum,
1984,Kommunustýri,Hests kommuna,Tal av sætum hjá kvinnum,
1984,Kommunustýri,Hests kommuna,Tal av sætum,
1988,Kommunustýri,Hests kommuna,Partur av sætum hjá kvinnum,
1988,Kommunustýri,Hests kommuna,Tal av sætum hjá kvinnum,
1988,Kommunustýri,Hests kommuna,Tal av sætum,
1990,Kommunustýri,Hests kommuna,Partur av sætum hjá kvinnum,
1990,Kommunustýri,Hests kommuna,Tal av sætum hjá kvinnum,
1990,Kommunustýri,Hests kommuna,Tal av sætum,
1992,Kommunustýri,Hests kommuna,Partur av sætum hjá kvinnum,20.0
1992,Kommunustýri,Hests kommuna,Tal av sætum hjá kvinnum,1.0
1992,Kommunustýri,Hests kommuna,Tal av sætum,5.0
1994,Kommunustýri,Hests kommuna,Partur av sætum hjá kvinnum,
1994,Kommunustýri,Hests kommuna,Tal av sætum hjá kvinnum,
1994,Kommunustýri,Hests kommuna,Tal av sætum,
1996,Kommunustýri,Hests kommuna,Partur av sætum hjá kvinnum,0.0
1996,Kommunustýri,Hests kommuna,Tal av sætum hjá kvinnum,0.0
1996,Kommunustýri,Hests kommuna,Tal av sætum,5.0
1998,Kommunustýri,Hests kommuna,Partur av sætum hjá kvinnum,
1998,Kommunustýri,Hests kommuna,Tal av sætum hjá kvinnum,
1998,Kommunustýri,Hests kommuna,Tal av sætum,
2000,Kommunustýri,Hests kommuna,Partur av sætum hjá kvinnum,0.0
2000,Kommunustýri,Hests kommuna,Tal av sætum hjá kvinnum,0.0
2000,Kommunustýri,Hests kommuna,Tal av sætum,3.0
2002,Kommunustýri,Hests kommuna,Partur av sætum hjá kvinnum,
2002,Kommunustýri,Hests kommuna,Tal av sætum hjá kvinnum,
2002,Kommunustýri,Hests kommuna,Tal av sætum,
2004,Kommunustýri,Hests kommuna,Partur av sætum hjá kvinnum,
2004,Kommunustýri,Hests kommuna,Tal av sætum hjá kvinnum,
2004,Kommunustýri,Hests kommuna,Tal av sætum,
2008,Kommunustýri,Hests kommuna,Partur av sætum hjá kvinnum,
2008,Kommunustýri,Hests kommuna,Tal av sætum hjá kvinnum,
2008,Kommunustýri,Hests kommuna,Tal av sætum,
2011,Kommunustýri,Hests kommuna,Partur av sætum hjá kvinnum,
2011,Kommunustýri,Hests kommuna,Tal av sætum hjá kvinnum,
2011,Kommunustýri,Hests kommuna,Tal av sætum,
2012,Kommunustýri,Hests kommuna,Partur av sætum hjá kvinnum,
2012,Kommunustýri,Hests kommuna,Tal av sætum hjá kvinnum,
2012,Kommunustýri,Hests kommuna,Tal av sætum,
2015,Kommunustýri,Hests kommuna,Partur av sætum hjá kvinnum,
2015,Kommunustýri,Hests kommuna,Tal av sætum hjá kvinnum,
2015,Kommunustýri,Hests kommuna,Tal av sætum,
2016,Kommunustýri,Hests kommuna,Partur av sætum hjá kvinnum,
2016,Kommunustýri,Hests kommuna,Tal av sætum hjá kvinnum,
2016,Kommunustýri,Hests kommuna,Tal av sætum,
2019,Kommunustýri,Hests kommuna,Partur av sætum hjá kvinnum,
2019,Kommunustýri,Hests kommuna,Tal av sætum hjá kvinnum,
2019,Kommunustýri,Hests kommuna,Tal av sætum,
2020,Kommunustýri,Hests kommuna,Partur av sætum hjá kvinnum,
2020,Kommunustýri,Hests kommuna,Tal av sætum hjá kvinnum,
2020,Kommunustýri,Hests kommuna,Tal av sætum,
2022,Kommunustýri,Hests kommuna,Partur av sætum hjá kvinnum,
2022,Kommunustýri,Hests kommuna,Tal av sætum hjá kvinnum,
2022,Kommunustýri,Hests kommuna,Tal av sætum,
1984,Kommunustýri,Hósvíkar kommuna,Partur av sætum hjá kvinnum,
1984,Kommunustýri,Hósvíkar kommuna,Tal av sætum hjá kvinnum,
1984,Kommunustýri,Hósvíkar kommuna,Tal av sætum,
1988,Kommunustýri,Hósvíkar kommuna,Partur av sætum hjá kvinnum,
1988,Kommunustýri,Hósvíkar kommuna,Tal av sætum hjá kvinnum,
1988,Kommunustýri,Hósvíkar kommuna,Tal av sætum,
1990,Kommunustýri,Hósvíkar kommuna,Partur av sætum hjá kvinnum,
1990,Kommunustýri,Hósvíkar kommuna,Tal av sætum hjá kvinnum,
1990,Kommunustýri,Hósvíkar kommuna,Tal av sætum,
1992,Kommunustýri,Hósvíkar kommuna,Partur av sætum hjá kvinnum,0.0
1992,Kommunustýri,Hósvíkar kommuna,Tal av sætum hjá kvinnum,0.0
1992,Kommunustýri,Hósvíkar kommuna,Tal av sætum,3.0
1994,Kommunustýri,Hósvíkar kommuna,Partur av sætum hjá kvinnum,
1994,Kommunustýri,Hósvíkar kommuna,Tal av sætum hjá kvinnum,
1994,Kommunustýri,Hósvíkar kommuna,Tal av sætum,
1996,Kommunustýri,Hósvíkar kommuna,Partur av sætum hjá kvinnum,0.0
1996,Kommunustýri,Hósvíkar kommuna,Tal av sætum hjá kvinnum,0.0
1996,Kommunustýri,Hósvíkar kommuna,Tal av sætum,4.0
1998,Kommunustýri,Hósvíkar kommuna,Partur av sætum hjá kvinnum,
1998,Kommunustýri,Hósvíkar kommuna,Tal av sætum hjá kvinnum,
1998,Kommunustýri,Hósvíkar kommuna,Tal av sætum,
2000,Kommunustýri,Hósvíkar kommuna,Partur av sætum hjá kvinnum,50.0
2000,Kommunustýri,Hósvíkar kommuna,Tal av sætum hjá kvinnum,2.0
2000,Kommunustýri,Hósvíkar kommuna,Tal av sætum,4.0
2002,Kommunustýri,Hósvíkar kommuna,Partur av sætum hjá kvinnum,
2002,Kommunustýri,Hósvíkar kommuna,Tal av sætum hjá kvinnum,
2002,Kommunustýri,Hósvíkar kommuna,Tal av sætum,
2004,Kommunustýri,Hósvíkar kommuna,Partur av sætum hjá kvinnum,
2004,Kommunustýri,Hósvíkar kommuna,Tal av sætum hjá kvinnum,
2004,Kommunustýri,Hósvíkar kommuna,Tal av sætum,
2008,Kommunustýri,Hósvíkar kommuna,Partur av sætum hjá kvinnum,
2008,Kommunustýri,Hósvíkar kommuna,Tal av sætum hjá kvinnum,
2008,Kommunustýri,Hósvíkar kommuna,Tal av sætum,
2011,Kommunustýri,Hósvíkar kommuna,Partur av sætum hjá kvinnum,
2011,Kommunustýri,Hósvíkar kommuna,Tal av sætum hjá kvinnum,
2011,Kommunustýri,Hósvíkar kommuna,Tal av sætum,
2012,Kommunustýri,Hósvíkar kommuna,Partur av sætum hjá kvinnum,
2012,Kommunustýri,Hósvíkar kommuna,Tal av sætum hjá kvinnum,
2012,Kommunustýri,Hósvíkar kommuna,Tal av sætum,
2015,Kommunustýri,Hósvíkar kommuna,Partur av sætum hjá kvinnum,
2015,Kommunustýri,Hósvíkar kommuna,Tal av sætum hjá kvinnum,
2015,Kommunustýri,Hósvíkar kommuna,Tal av sætum,
2016,Kommunustýri,Hósvíkar kommuna,Partur av sætum hjá kvinnum,
2016,Kommunustýri,Hósvíkar kommuna,Tal av sætum hjá kvinnum,
2016,Kommunustýri,Hósvíkar kommuna,Tal av sætum,
2019,Kommunustýri,Hósvíkar kommuna,Partur av sætum hjá kvinnum,
2019,Kommunustýri,Hósvíkar kommuna,Tal av sætum hjá kvinnum,
2019,Kommunustýri,Hósvíkar kommuna,Tal av sætum,
2020,Kommunustýri,Hósvíkar kommuna,Partur av sætum hjá kvinnum,
2020,Kommunustýri,Hósvíkar kommuna,Tal av sætum hjá kvinnum,
2020,Kommunustýri,Hósvíkar kommuna,Tal av sætum,
2022,Kommunustýri,Hósvíkar kommuna,Partur av sætum hjá kvinnum,
2022,Kommunustýri,Hósvíkar kommuna,Tal av sætum hjá kvinnum,
2022,Kommunustýri,Hósvíkar kommuna,Tal av sætum,
1984,Kommunustýri,Hovs kommuna,Partur av sætum hjá kvinnum,
1984,Kommunustýri,Hovs kommuna,Tal av sætum hjá kvinnum,
1984,Kommunustýri,Hovs kommuna,Tal av sætum,
1988,Kommunustýri,Hovs kommuna,Partur av sætum hjá kvinnum,
1988,Kommunustýri,Hovs kommuna,Tal av sætum hjá kvinnum,
1988,Kommunustýri,Hovs kommuna,Tal av sætum,
1990,Kommunustýri,Hovs kommuna,Partur av sætum hjá kvinnum,
1990,Kommunustýri,Hovs kommuna,Tal av sætum hjá kvinnum,
1990,Kommunustýri,Hovs kommuna,Tal av sætum,
1992,Kommunustýri,Hovs kommuna,Partur av sætum hjá kvinnum,60.0
1992,Kommunustýri,Hovs kommuna,Tal av sætum hjá kvinnum,3.0
1992,Kommunustýri,Hovs kommuna,Tal av sætum,5.0
1994,Kommunustýri,Hovs kommuna,Partur av sætum hjá kvinnum,
1994,Kommunustýri,Hovs kommuna,Tal av sætum hjá kvinnum,
1994,Kommunustýri,Hovs kommuna,Tal av sætum,
1996,Kommunustýri,Hovs kommuna,Partur av sætum hjá kvinnum,20.0
1996,Kommunustýri,Hovs kommuna,Tal av sætum hjá kvinnum,1.0
1996,Kommunustýri,Hovs kommuna,Tal av sætum,5.0
1998,Kommunustýri,Hovs kommuna,Partur av sætum hjá kvinnum,
1998,Kommunustýri,Hovs kommuna,Tal av sætum hjá kvinnum,
1998,Kommunustýri,Hovs kommuna,Tal av sætum,
2000,Kommunustýri,Hovs kommuna,Partur av sætum hjá kvinnum,40.0
2000,Kommunustýri,Hovs kommuna,Tal av sætum hjá kvinnum,2.0
2000,Kommunustýri,Hovs kommuna,Tal av sætum,5.0
2002,Kommunustýri,Hovs kommuna,Partur av sætum hjá kvinnum,
2002,Kommunustýri,Hovs kommuna,Tal av sætum hjá kvinnum,
2002,Kommunustýri,Hovs kommuna,Tal av sætum,
2004,Kommunustýri,Hovs kommuna,Partur av sætum hjá kvinnum,40.0
2004,Kommunustýri,Hovs kommuna,Tal av sætum hjá kvinnum,2.0
2004,Kommunustýri,Hovs kommuna,Tal av sætum,5.0
2008,Kommunustýri,Hovs kommuna,Partur av sætum hjá kvinnum,
2008,Kommunustýri,Hovs kommuna,Tal av sætum hjá kvinnum,
2008,Kommunustýri,Hovs kommuna,Tal av sætum,
2011,Kommunustýri,Hovs kommuna,Partur av sætum hjá kvinnum,
2011,Kommunustýri,Hovs kommuna,Tal av sætum hjá kvinnum,
2011,Kommunustýri,Hovs kommuna,Tal av sætum,
2012,Kommunustýri,Hovs kommuna,Partur av sætum hjá kvinnum,40.0
2012,Kommunustýri,Hovs kommuna,Tal av sætum hjá kvinnum,2.0
2012,Kommunustýri,Hovs kommuna,Tal av sætum,5.0
2015,Kommunustýri,Hovs kommuna,Partur av sætum hjá kvinnum,
2015,Kommunustýri,Hovs kommuna,Tal av sætum hjá kvinnum,
2015,Kommunustýri,Hovs kommuna,Tal av sætum,
2016,Kommunustýri,Hovs kommuna,Partur av sætum hjá kvinnum,40.0
2016,Kommunustýri,Hovs kommuna,Tal av sætum hjá kvinnum,2.0
2016,Kommunustýri,Hovs kommuna,Tal av sætum,5.0
2019,Kommunustýri,Hovs kommuna,Partur av sætum hjá kvinnum,
2019,Kommunustýri,Hovs kommuna,Tal av sætum hjá kvinnum,
2019,Kommunustýri,Hovs kommuna,Tal av sætum,
2020,Kommunustýri,Hovs kommuna,Partur av sætum hjá kvinnum,33.3
2020,Kommunustýri,Hovs kommuna,Tal av sætum hjá kvinnum,1.0
2020,Kommunustýri,Hovs kommuna,Tal av sætum,3.0
2022,Kommunustýri,Hovs kommuna,Partur av sætum hjá kvinnum,
2022,Kommunustýri,Hovs kommuna,Tal av sætum hjá kvinnum,
2022,Kommunustýri,Hovs kommuna,Tal av sætum,
1984,Kommunustýri,Húsa kommuna,Partur av sætum hjá kvinnum,
1984,Kommunustýri,Húsa kommuna,Tal av sætum hjá kvinnum,
1984,Kommunustýri,Húsa kommuna,Tal av sætum,
1988,Kommunustýri,Húsa kommuna,Partur av sætum hjá kvinnum,
1988,Kommunustýri,Húsa kommuna,Tal av sætum hjá kvinnum,
1988,Kommunustýri,Húsa kommuna,Tal av sætum,
1990,Kommunustýri,Húsa kommuna,Partur av sætum hjá kvinnum,
1990,Kommunustýri,Húsa kommuna,Tal av sætum hjá kvinnum,
1990,Kommunustýri,Húsa kommuna,Tal av sætum,
1992,Kommunustýri,Húsa kommuna,Partur av sætum hjá kvinnum,0.0
1992,Kommunustýri,Húsa kommuna,Tal av sætum hjá kvinnum,0.0
1992,Kommunustýri,Húsa kommuna,Tal av sætum,5.0
1994,Kommunustýri,Húsa kommuna,Partur av sætum hjá kvinnum,
1994,Kommunustýri,Húsa kommuna,Tal av sætum hjá kvinnum,
1994,Kommunustýri,Húsa kommuna,Tal av sætum,
1996,Kommunustýri,Húsa kommuna,Partur av sætum hjá kvinnum,20.0
1996,Kommunustýri,Húsa kommuna,Tal av sætum hjá kvinnum,1.0
1996,Kommunustýri,Húsa kommuna,Tal av sætum,5.0
1998,Kommunustýri,Húsa kommuna,Partur av sætum hjá kvinnum,
1998,Kommunustýri,Húsa kommuna,Tal av sætum hjá kvinnum,
1998,Kommunustýri,Húsa kommuna,Tal av sætum,
2000,Kommunustýri,Húsa kommuna,Partur av sætum hjá kvinnum,33.3
2000,Kommunustýri,Húsa kommuna,Tal av sætum hjá kvinnum,1.0
2000,Kommunustýri,Húsa kommuna,Tal av sætum,3.0
2002,Kommunustýri,Húsa kommuna,Partur av sætum hjá kvinnum,
2002,Kommunustýri,Húsa kommuna,Tal av sætum hjá kvinnum,
2002,Kommunustýri,Húsa kommuna,Tal av sætum,
2004,Kommunustýri,Húsa kommuna,Partur av sætum hjá kvinnum,33.3
2004,Kommunustýri,Húsa kommuna,Tal av sætum hjá kvinnum,1.0
2004,Kommunustýri,Húsa kommuna,Tal av sætum,3.0
2008,Kommunustýri,Húsa kommuna,Partur av sætum hjá kvinnum,
2008,Kommunustýri,Húsa kommuna,Tal av sætum hjá kvinnum,
2008,Kommunustýri,Húsa kommuna,Tal av sætum,
2011,Kommunustýri,Húsa kommuna,Partur av sætum hjá kvinnum,
2011,Kommunustýri,Húsa kommuna,Tal av sætum hjá kvinnum,
2011,Kommunustýri,Húsa kommuna,Tal av sætum,
2012,Kommunustýri,Húsa kommuna,Partur av sætum hjá kvinnum,
2012,Kommunustýri,Húsa kommuna,Tal av sætum hjá kvinnum,
2012,Kommunustýri,Húsa kommuna,Tal av sætum,
2015,Kommunustýri,Húsa kommuna,Partur av sætum hjá kvinnum,
2015,Kommunustýri,Húsa kommuna,Tal av sætum hjá kvinnum,
2015,Kommunustýri,Húsa kommuna,Tal av sætum,
2016,Kommunustýri,Húsa kommuna,Partur av sætum hjá kvinnum,
2016,Kommunustýri,Húsa kommuna,Tal av sætum hjá kvinnum,
2016,Kommunustýri,Húsa kommuna,Tal av sætum,
2019,Kommunustýri,Húsa kommuna,Partur av sætum hjá kvinnum,
2019,Kommunustýri,Húsa kommuna,Tal av sætum hjá kvinnum,
2019,Kommunustýri,Húsa kommuna,Tal av sætum,
2020,Kommunustýri,Húsa kommuna,Partur av sætum hjá kvinnum,
2020,Kommunustýri,Húsa kommuna,Tal av sætum hjá kvinnum,
2020,Kommunustýri,Húsa kommuna,Tal av sætum,
2022,Kommunustýri,Húsa kommuna,Partur av sætum hjá kvinnum,
2022,Kommunustýri,Húsa kommuna,Tal av sætum hjá kvinnum,
2022,Kommunustýri,Húsa kommuna,Tal av sætum,
1984,Kommunustýri,Húsavíkar kommuna,Partur av sætum hjá kvinnum,
1984,Kommunustýri,Húsavíkar kommuna,Tal av sætum hjá kvinnum,
1984,Kommunustýri,Húsavíkar kommuna,Tal av sætum,
1988,Kommunustýri,Húsavíkar kommuna,Partur av sætum hjá kvinnum,
1988,Kommunustýri,Húsavíkar kommuna,Tal av sætum hjá kvinnum,
1988,Kommunustýri,Húsavíkar kommuna,Tal av sætum,
1990,Kommunustýri,Húsavíkar kommuna,Partur av sætum hjá kvinnum,
1990,Kommunustýri,Húsavíkar kommuna,Tal av sætum hjá kvinnum,
1990,Kommunustýri,Húsavíkar kommuna,Tal av sætum,
1992,Kommunustýri,Húsavíkar kommuna,Partur av sætum hjá kvinnum,20.0
1992,Kommunustýri,Húsavíkar kommuna,Tal av sætum hjá kvinnum,1.0
1992,Kommunustýri,Húsavíkar kommuna,Tal av sætum,5.0
1994,Kommunustýri,Húsavíkar kommuna,Partur av sætum hjá kvinnum,
1994,Kommunustýri,Húsavíkar kommuna,Tal av sætum hjá kvinnum,
1994,Kommunustýri,Húsavíkar kommuna,Tal av sætum,
1996,Kommunustýri,Húsavíkar kommuna,Partur av sætum hjá kvinnum,20.0
1996,Kommunustýri,Húsavíkar kommuna,Tal av sætum hjá kvinnum,1.0
1996,Kommunustýri,Húsavíkar kommuna,Tal av sætum,5.0
1998,Kommunustýri,Húsavíkar kommuna,Partur av sætum hjá kvinnum,
1998,Kommunustýri,Húsavíkar kommuna,Tal av sætum hjá kvinnum,
1998,Kommunustýri,Húsavíkar kommuna,Tal av sætum,
2000,Kommunustýri,Húsavíkar kommuna,Partur av sætum hjá kvinnum,20.0
2000,Kommunustýri,Húsavíkar kommuna,Tal av sætum hjá kvinnum,1.0
2000,Kommunustýri,Húsavíkar kommuna,Tal av sætum,5.0
2002,Kommunustýri,Húsavíkar kommuna,Partur av sætum hjá kvinnum,
2002,Kommunustýri,Húsavíkar kommuna,Tal av sætum hjá kvinnum,
2002,Kommunustýri,Húsavíkar kommuna,Tal av sætum,
2004,Kommunustýri,Húsavíkar kommuna,Partur av sætum hjá kvinnum,20.0
2004,Kommunustýri,Húsavíkar kommuna,Tal av sætum hjá kvinnum,1.0
2004,Kommunustýri,Húsavíkar kommuna,Tal av sætum,5.0
2008,Kommunustýri,Húsavíkar kommuna,Partur av sætum hjá kvinnum,
2008,Kommunustýri,Húsavíkar kommuna,Tal av sætum hjá kvinnum,
2008,Kommunustýri,Húsavíkar kommuna,Tal av sætum,
2011,Kommunustýri,Húsavíkar kommuna,Partur av sætum hjá kvinnum,
2011,Kommunustýri,Húsavíkar kommuna,Tal av sætum hjá kvinnum,
2011,Kommunustýri,Húsavíkar kommuna,Tal av sætum,
2012,Kommunustýri,Húsavíkar kommuna,Partur av sætum hjá kvinnum,40.0
2012,Kommunustýri,Húsavíkar kommuna,Tal av sætum hjá kvinnum,2.0
2012,Kommunustýri,Húsavíkar kommuna,Tal av sætum,5.0
2015,Kommunustýri,Húsavíkar kommuna,Partur av sætum hjá kvinnum,
2015,Kommunustýri,Húsavíkar kommuna,Tal av sætum hjá kvinnum,
2015,Kommunustýri,Húsavíkar kommuna,Tal av sætum,
2016,Kommunustýri,Húsavíkar kommuna,Partur av sætum hjá kvinnum,60.0
2016,Kommunustýri,Húsavíkar kommuna,Tal av sætum hjá kvinnum,3.0
2016,Kommunustýri,Húsavíkar kommuna,Tal av sætum,5.0
2019,Kommunustýri,Húsavíkar kommuna,Partur av sætum hjá kvinnum,
2019,Kommunustýri,Húsavíkar kommuna,Tal av sætum hjá kvinnum,
2019,Kommunustýri,Húsavíkar kommuna,Tal av sætum,
2020,Kommunustýri,Húsavíkar kommuna,Partur av sætum hjá kvinnum,40.0
2020,Kommunustýri,Húsavíkar kommuna,Tal av sætum hjá kvinnum,2.0
2020,Kommunustýri,Húsavíkar kommuna,Tal av sætum,5.0
2022,Kommunustýri,Húsavíkar kommuna,Partur av sætum hjá kvinnum,
2022,Kommunustýri,Húsavíkar kommuna,Tal av sætum hjá kvinnum,
2022,Kommunustýri,Húsavíkar kommuna,Tal av sætum,
1984,Kommunustýri,Hvalbiar kommuna,Partur av sætum hjá kvinnum,
1984,Kommunustýri,Hvalbiar kommuna,Tal av sætum hjá kvinnum,
1984,Kommunustýri,Hvalbiar kommuna,Tal av sætum,
1988,Kommunustýri,Hvalbiar kommuna,Partur av sætum hjá kvinnum,
1988,Kommunustýri,Hvalbiar kommuna,Tal av sætum hjá kvinnum,
1988,Kommunustýri,Hvalbiar kommuna,Tal av sætum,
1990,Kommunustýri,Hvalbiar kommuna,Partur av sætum hjá kvinnum,
1990,Kommunustýri,Hvalbiar kommuna,Tal av sætum hjá kvinnum,
1990,Kommunustýri,Hvalbiar kommuna,Tal av sætum,
1992,Kommunustýri,Hvalbiar kommuna,Partur av sætum hjá kvinnum,0.0
1992,Kommunustýri,Hvalbiar kommuna,Tal av sætum hjá kvinnum,0.0
1992,Kommunustýri,Hvalbiar kommuna,Tal av sætum,5.0
1994,Kommunustýri,Hvalbiar kommuna,Partur av sætum hjá kvinnum,
1994,Kommunustýri,Hvalbiar kommuna,Tal av sætum hjá kvinnum,
1994,Kommunustýri,Hvalbiar kommuna,Tal av sætum,
1996,Kommunustýri,Hvalbiar kommuna,Partur av sætum hjá kvinnum,0.0
1996,Kommunustýri,Hvalbiar kommuna,Tal av sætum hjá kvinnum,0.0
1996,Kommunustýri,Hvalbiar kommuna,Tal av sætum,5.0
1998,Kommunustýri,Hvalbiar kommuna,Partur av sætum hjá kvinnum,
1998,Kommunustýri,Hvalbiar kommuna,Tal av sætum hjá kvinnum,
1998,Kommunustýri,Hvalbiar kommuna,Tal av sætum,
2000,Kommunustýri,Hvalbiar kommuna,Partur av sætum hjá kvinnum,14.3
2000,Kommunustýri,Hvalbiar kommuna,Tal av sætum hjá kvinnum,1.0
2000,Kommunustýri,Hvalbiar kommuna,Tal av sætum,7.0
2002,Kommunustýri,Hvalbiar kommuna,Partur av sætum hjá kvinnum,
2002,Kommunustýri,Hvalbiar kommuna,Tal av sætum hjá kvinnum,
2002,Kommunustýri,Hvalbiar kommuna,Tal av sætum,
2004,Kommunustýri,Hvalbiar kommuna,Partur av sætum hjá kvinnum,14.3
2004,Kommunustýri,Hvalbiar kommuna,Tal av sætum hjá kvinnum,1.0
2004,Kommunustýri,Hvalbiar kommuna,Tal av sætum,7.0
2008,Kommunustýri,Hvalbiar kommuna,Partur av sætum hjá kvinnum,
2008,Kommunustýri,Hvalbiar kommuna,Tal av sætum hjá kvinnum,
2008,Kommunustýri,Hvalbiar kommuna,Tal av sætum,
2011,Kommunustýri,Hvalbiar kommuna,Partur av sætum hjá kvinnum,
2011,Kommunustýri,Hvalbiar kommuna,Tal av sætum hjá kvinnum,
2011,Kommunustýri,Hvalbiar kommuna,Tal av sætum,
2012,Kommunustýri,Hvalbiar kommuna,Partur av sætum hjá kvinnum,0.0
2012,Kommunustýri,Hvalbiar kommuna,Tal av sætum hjá kvinnum,0.0
2012,Kommunustýri,Hvalbiar kommuna,Tal av sætum,7.0
2015,Kommunustýri,Hvalbiar kommuna,Partur av sætum hjá kvinnum,
2015,Kommunustýri,Hvalbiar kommuna,Tal av sætum hjá kvinnum,
2015,Kommunustýri,Hvalbiar kommuna,Tal av sætum,
2016,Kommunustýri,Hvalbiar kommuna,Partur av sætum hjá kvinnum,28.6
2016,Kommunustýri,Hvalbiar kommuna,Tal av sætum hjá kvinnum,2.0
2016,Kommunustýri,Hvalbiar kommuna,Tal av sætum,7.0
2019,Kommunustýri,Hvalbiar kommuna,Partur av sætum hjá kvinnum,
2019,Kommunustýri,Hvalbiar kommuna,Tal av sætum hjá kvinnum,
2019,Kommunustýri,Hvalbiar kommuna,Tal av sætum,
2020,Kommunustýri,Hvalbiar kommuna,Partur av sætum hjá kvinnum,28.6
2020,Kommunustýri,Hvalbiar kommuna,Tal av sætum hjá kvinnum,2.0
2020,Kommunustýri,Hvalbiar kommuna,Tal av sætum,7.0
2022,Kommunustýri,Hvalbiar kommuna,Partur av sætum hjá kvinnum,
2022,Kommunustýri,Hvalbiar kommuna,Tal av sætum hjá kvinnum,
2022,Kommunustýri,Hvalbiar kommuna,Tal av sætum,
1984,Kommunustýri,Hvalvíkar kommuna,Partur av sætum hjá kvinnum,
1984,Kommunustýri,Hvalvíkar kommuna,Tal av sætum hjá kvinnum,
1984,Kommunustýri,Hvalvíkar kommuna,Tal av sætum,
1988,Kommunustýri,Hvalvíkar kommuna,Partur av sætum hjá kvinnum,
1988,Kommunustýri,Hvalvíkar kommuna,Tal av sætum hjá kvinnum,
1988,Kommunustýri,Hvalvíkar kommuna,Tal av sætum,
1990,Kommunustýri,Hvalvíkar kommuna,Partur av sætum hjá kvinnum,
1990,Kommunustýri,Hvalvíkar kommuna,Tal av sætum hjá kvinnum,
1990,Kommunustýri,Hvalvíkar kommuna,Tal av sætum,
1992,Kommunustýri,Hvalvíkar kommuna,Partur av sætum hjá kvinnum,33.3
1992,Kommunustýri,Hvalvíkar kommuna,Tal av sætum hjá kvinnum,1.0
1992,Kommunustýri,Hvalvíkar kommuna,Tal av sætum,3.0
1994,Kommunustýri,Hvalvíkar kommuna,Partur av sætum hjá kvinnum,
1994,Kommunustýri,Hvalvíkar kommuna,Tal av sætum hjá kvinnum,
1994,Kommunustýri,Hvalvíkar kommuna,Tal av sætum,
1996,Kommunustýri,Hvalvíkar kommuna,Partur av sætum hjá kvinnum,0.0
1996,Kommunustýri,Hvalvíkar kommuna,Tal av sætum hjá kvinnum,0.0
1996,Kommunustýri,Hvalvíkar kommuna,Tal av sætum,4.0
1998,Kommunustýri,Hvalvíkar kommuna,Partur av sætum hjá kvinnum,
1998,Kommunustýri,Hvalvíkar kommuna,Tal av sætum hjá kvinnum,
1998,Kommunustýri,Hvalvíkar kommuna,Tal av sætum,
2000,Kommunustýri,Hvalvíkar kommuna,Partur av sætum hjá kvinnum,0.0
2000,Kommunustýri,Hvalvíkar kommuna,Tal av sætum hjá kvinnum,0.0
2000,Kommunustýri,Hvalvíkar kommuna,Tal av sætum,1.0
2002,Kommunustýri,Hvalvíkar kommuna,Partur av sætum hjá kvinnum,
2002,Kommunustýri,Hvalvíkar kommuna,Tal av sætum hjá kvinnum,
2002,Kommunustýri,Hvalvíkar kommuna,Tal av sætum,
2004,Kommunustýri,Hvalvíkar kommuna,Partur av sætum hjá kvinnum,
2004,Kommunustýri,Hvalvíkar kommuna,Tal av sætum hjá kvinnum,
2004,Kommunustýri,Hvalvíkar kommuna,Tal av sætum,
2008,Kommunustýri,Hvalvíkar kommuna,Partur av sætum hjá kvinnum,
2008,Kommunustýri,Hvalvíkar kommuna,Tal av sætum hjá kvinnum,
2008,Kommunustýri,Hvalvíkar kommuna,Tal av sætum,
2011,Kommunustýri,Hvalvíkar kommuna,Partur av sætum hjá kvinnum,
2011,Kommunustýri,Hvalvíkar kommuna,Tal av sætum hjá kvinnum,
2011,Kommunustýri,Hvalvíkar kommuna,Tal av sætum,
2012,Kommunustýri,Hvalvíkar kommuna,Partur av sætum hjá kvinnum,
2012,Kommunustýri,Hvalvíkar kommuna,Tal av sætum hjá kvinnum,
2012,Kommunustýri,Hvalvíkar kommuna,Tal av sætum,
2015,Kommunustýri,Hvalvíkar kommuna,Partur av sætum hjá kvinnum,
2015,Kommunustýri,Hvalvíkar kommuna,Tal av sætum hjá kvinnum,
2015,Kommunustýri,Hvalvíkar kommuna,Tal av sætum,
2016,Kommunustýri,Hvalvíkar kommuna,Partur av sætum hjá kvinnum,
2016,Kommunustýri,Hvalvíkar kommuna,Tal av sætum hjá kvinnum,
2016,Kommunustýri,Hvalvíkar kommuna,Tal av sætum,
2019,Kommunustýri,Hvalvíkar kommuna,Partur av sætum hjá kvinnum,
2019,Kommunustýri,Hvalvíkar kommuna,Tal av sætum hjá kvinnum,
2019,Kommunustýri,Hvalvíkar kommuna,Tal av sætum,
2020,Kommunustýri,Hvalvíkar kommuna,Partur av sætum hjá kvinnum,
2020,Kommunustýri,Hvalvíkar kommuna,Tal av sætum hjá kvinnum,
2020,Kommunustýri,Hvalvíkar kommuna,Tal av sætum,
2022,Kommunustýri,Hvalvíkar kommuna,Partur av sætum hjá kvinnum,
2022,Kommunustýri,Hvalvíkar kommuna,Tal av sætum hjá kvinnum,
2022,Kommunustýri,Hvalvíkar kommuna,Tal av sætum,
1984,Kommunustýri,Hvannasunds kommuna,Partur av sætum hjá kvinnum,
1984,Kommunustýri,Hvannasunds kommuna,Tal av sætum hjá kvinnum,
1984,Kommunustýri,Hvannasunds kommuna,Tal av sætum,
1988,Kommunustýri,Hvannasunds kommuna,Partur av sætum hjá kvinnum,
1988,Kommunustýri,Hvannasunds kommuna,Tal av sætum hjá kvinnum,
1988,Kommunustýri,Hvannasunds kommuna,Tal av sætum,
1990,Kommunustýri,Hvannasunds kommuna,Partur av sætum hjá kvinnum,
1990,Kommunustýri,Hvannasunds kommuna,Tal av sætum hjá kvinnum,
1990,Kommunustýri,Hvannasunds kommuna,Tal av sætum,
1992,Kommunustýri,Hvannasunds kommuna,Partur av sætum hjá kvinnum,0.0
1992,Kommunustýri,Hvannasunds kommuna,Tal av sætum hjá kvinnum,0.0
1992,Kommunustýri,Hvannasunds kommuna,Tal av sætum,5.0
1994,Kommunustýri,Hvannasunds kommuna,Partur av sætum hjá kvinnum,
1994,Kommunustýri,Hvannasunds kommuna,Tal av sætum hjá kvinnum,
1994,Kommunustýri,Hvannasunds kommuna,Tal av sætum,
1996,Kommunustýri,Hvannasunds kommuna,Partur av sætum hjá kvinnum,0.0
1996,Kommunustýri,Hvannasunds kommuna,Tal av sætum hjá kvinnum,0.0
1996,Kommunustýri,Hvannasunds kommuna,Tal av sætum,6.0
1998,Kommunustýri,Hvannasunds kommuna,Partur av sætum hjá kvinnum,
1998,Kommunustýri,Hvannasunds kommuna,Tal av sætum hjá kvinnum,
1998,Kommunustýri,Hvannasunds kommuna,Tal av sætum,
2000,Kommunustýri,Hvannasunds kommuna,Partur av sætum hjá kvinnum,40.0
2000,Kommunustýri,Hvannasunds kommuna,Tal av sætum hjá kvinnum,2.0
2000,Kommunustýri,Hvannasunds kommuna,Tal av sætum,5.0
2002,Kommunustýri,Hvannasunds kommuna,Partur av sætum hjá kvinnum,
2002,Kommunustýri,Hvannasunds kommuna,Tal av sætum hjá kvinnum,
2002,Kommunustýri,Hvannasunds kommuna,Tal av sætum,
2004,Kommunustýri,Hvannasunds kommuna,Partur av sætum hjá kvinnum,20.0
2004,Kommunustýri,Hvannasunds kommuna,Tal av sætum hjá kvinnum,1.0
2004,Kommunustýri,Hvannasunds kommuna,Tal av sætum,5.0
2008,Kommunustýri,Hvannasunds kommuna,Partur av sætum hjá kvinnum,
2008,Kommunustýri,Hvannasunds kommuna,Tal av sætum hjá kvinnum,
2008,Kommunustýri,Hvannasunds kommuna,Tal av sætum,
2011,Kommunustýri,Hvannasunds kommuna,Partur av sætum hjá kvinnum,
2011,Kommunustýri,Hvannasunds kommuna,Tal av sætum hjá kvinnum,
2011,Kommunustýri,Hvannasunds kommuna,Tal av sætum,
2012,Kommunustýri,Hvannasunds kommuna,Partur av sætum hjá kvinnum,40.0
2012,Kommunustýri,Hvannasunds kommuna,Tal av sætum hjá kvinnum,2.0
2012,Kommunustýri,Hvannasunds kommuna,Tal av sætum,5.0
2015,Kommunustýri,Hvannasunds kommuna,Partur av sætum hjá kvinnum,
2015,Kommunustýri,Hvannasunds kommuna,Tal av sætum hjá kvinnum,
2015,Kommunustýri,Hvannasunds kommuna,Tal av sætum,
2016,Kommunustýri,Hvannasunds kommuna,Partur av sætum hjá kvinnum,40.0
2016,Kommunustýri,Hvannasunds kommuna,Tal av sætum hjá kvinnum,2.0
2016,Kommunustýri,Hvannasunds kommuna,Tal av sætum,5.0
2019,Kommunustýri,Hvannasunds kommuna,Partur av sætum hjá kvinnum,
2019,Kommunustýri,Hvannasunds kommuna,Tal av sætum hjá kvinnum,
2019,Kommunustýri,Hvannasunds kommuna,Tal av sætum,
2020,Kommunustýri,Hvannasunds kommuna,Partur av sætum hjá kvinnum,80.0
2020,Kommunustýri,Hvannasunds kommuna,Tal av sætum hjá kvinnum,4.0
2020,Kommunustýri,Hvannasunds kommuna,Tal av sætum,5.0
2022,Kommunustýri,Hvannasunds kommuna,Partur av sætum hjá kvinnum,
2022,Kommunustýri,Hvannasunds kommuna,Tal av sætum hjá kvinnum,
2022,Kommunustýri,Hvannasunds kommuna,Tal av sætum,
1984,Kommunustýri,Kirkjubøar kommuna,Partur av sætum hjá kvinnum,
1984,Kommunustýri,Kirkjubøar kommuna,Tal av sætum hjá kvinnum,
1984,Kommunustýri,Kirkjubøar kommuna,Tal av sætum,
1988,Kommunustýri,Kirkjubøar kommuna,Partur av sætum hjá kvinnum,
1988,Kommunustýri,Kirkjubøar kommuna,Tal av sætum hjá kvinnum,
1988,Kommunustýri,Kirkjubøar kommuna,Tal av sætum,
1990,Kommunustýri,Kirkjubøar kommuna,Partur av sætum hjá kvinnum,
1990,Kommunustýri,Kirkjubøar kommuna,Tal av sætum hjá kvinnum,
1990,Kommunustýri,Kirkjubøar kommuna,Tal av sætum,
1992,Kommunustýri,Kirkjubøar kommuna,Partur av sætum hjá kvinnum,25.0
1992,Kommunustýri,Kirkjubøar kommuna,Tal av sætum hjá kvinnum,1.0
1992,Kommunustýri,Kirkjubøar kommuna,Tal av sætum,4.0
1994,Kommunustýri,Kirkjubøar kommuna,Partur av sætum hjá kvinnum,
1994,Kommunustýri,Kirkjubøar kommuna,Tal av sætum hjá kvinnum,
1994,Kommunustýri,Kirkjubøar kommuna,Tal av sætum,
1996,Kommunustýri,Kirkjubøar kommuna,Partur av sætum hjá kvinnum,33.3
1996,Kommunustýri,Kirkjubøar kommuna,Tal av sætum hjá kvinnum,1.0
1996,Kommunustýri,Kirkjubøar kommuna,Tal av sætum,3.0
1998,Kommunustýri,Kirkjubøar kommuna,Partur av sætum hjá kvinnum,
1998,Kommunustýri,Kirkjubøar kommuna,Tal av sætum hjá kvinnum,
1998,Kommunustýri,Kirkjubøar kommuna,Tal av sætum,
2000,Kommunustýri,Kirkjubøar kommuna,Partur av sætum hjá kvinnum,33.3
2000,Kommunustýri,Kirkjubøar kommuna,Tal av sætum hjá kvinnum,1.0
2000,Kommunustýri,Kirkjubøar kommuna,Tal av sætum,3.0
2002,Kommunustýri,Kirkjubøar kommuna,Partur av sætum hjá kvinnum,
2002,Kommunustýri,Kirkjubøar kommuna,Tal av sætum hjá kvinnum,
2002,Kommunustýri,Kirkjubøar kommuna,Tal av sætum,
2004,Kommunustýri,Kirkjubøar kommuna,Partur av sætum hjá kvinnum,
2004,Kommunustýri,Kirkjubøar kommuna,Tal av sætum hjá kvinnum,
2004,Kommunustýri,Kirkjubøar kommuna,Tal av sætum,
2008,Kommunustýri,Kirkjubøar kommuna,Partur av sætum hjá kvinnum,
2008,Kommunustýri,Kirkjubøar kommuna,Tal av sætum hjá kvinnum,
2008,Kommunustýri,Kirkjubøar kommuna,Tal av sætum,
2011,Kommunustýri,Kirkjubøar kommuna,Partur av sætum hjá kvinnum,
2011,Kommunustýri,Kirkjubøar kommuna,Tal av sætum hjá kvinnum,
2011,Kommunustýri,Kirkjubøar kommuna,Tal av sætum,
2012,Kommunustýri,Kirkjubøar kommuna,Partur av sætum hjá kvinnum,
2012,Kommunustýri,Kirkjubøar kommuna,Tal av sætum hjá kvinnum,
2012,Kommunustýri,Kirkjubøar kommuna,Tal av sætum,
2015,Kommunustýri,Kirkjubøar kommuna,Partur av sætum hjá kvinnum,
2015,Kommunustýri,Kirkjubøar kommuna,Tal av sætum hjá kvinnum,
2015,Kommunustýri,Kirkjubøar kommuna,Tal av sætum,
2016,Kommunustýri,Kirkjubøar kommuna,Partur av sætum hjá kvinnum,
2016,Kommunustýri,Kirkjubøar kommuna,Tal av sætum hjá kvinnum,
2016,Kommunustýri,Kirkjubøar kommuna,Tal av sætum,
2019,Kommunustýri,Kirkjubøar kommuna,Partur av sætum hjá kvinnum,
2019,Kommunustýri,Kirkjubøar kommuna,Tal av sætum hjá kvinnum,
2019,Kommunustýri,Kirkjubøar kommuna,Tal av sætum,
2020,Kommunustýri,Kirkjubøar kommuna,Partur av sætum hjá kvinnum,
2020,Kommunustýri,Kirkjubøar kommuna,Tal av sætum hjá kvinnum,
2020,Kommunustýri,Kirkjubøar kommuna,Tal av sætum,
2022,Kommunustýri,Kirkjubøar kommuna,Partur av sætum hjá kvinnum,
2022,Kommunustýri,Kirkjubøar kommuna,Tal av sætum hjá kvinnum,
2022,Kommunustýri,Kirkjubøar kommuna,Tal av sætum,
1984,Kommunustýri,Klaksvíkar kommuna,Partur av sætum hjá kvinnum,
1984,Kommunustýri,Klaksvíkar kommuna,Tal av sætum hjá kvinnum,
1984,Kommunustýri,Klaksvíkar kommuna,Tal av sætum,
1988,Kommunustýri,Klaksvíkar kommuna,Partur av sætum hjá kvinnum,
1988,Kommunustýri,Klaksvíkar kommuna,Tal av sætum hjá kvinnum,
1988,Kommunustýri,Klaksvíkar kommuna,Tal av sætum,
1990,Kommunustýri,Klaksvíkar kommuna,Partur av sætum hjá kvinnum,
1990,Kommunustýri,Klaksvíkar kommuna,Tal av sætum hjá kvinnum,
1990,Kommunustýri,Klaksvíkar kommuna,Tal av sætum,
1992,Kommunustýri,Klaksvíkar kommuna,Partur av sætum hjá kvinnum,18.2
1992,Kommunustýri,Klaksvíkar kommuna,Tal av sætum hjá kvinnum,2.0
1992,Kommunustýri,Klaksvíkar kommuna,Tal av sætum,11.0
1994,Kommunustýri,Klaksvíkar kommuna,Partur av sætum hjá kvinnum,
1994,Kommunustýri,Klaksvíkar kommuna,Tal av sætum hjá kvinnum,
1994,Kommunustýri,Klaksvíkar kommuna,Tal av sætum,
1996,Kommunustýri,Klaksvíkar kommuna,Partur av sætum hjá kvinnum,18.2
1996,Kommunustýri,Klaksvíkar kommuna,Tal av sætum hjá kvinnum,2.0
1996,Kommunustýri,Klaksvíkar kommuna,Tal av sætum,11.0
1998,Kommunustýri,Klaksvíkar kommuna,Partur av sætum hjá kvinnum,
1998,Kommunustýri,Klaksvíkar kommuna,Tal av sætum hjá kvinnum,
1998,Kommunustýri,Klaksvíkar kommuna,Tal av sætum,
2000,Kommunustýri,Klaksvíkar kommuna,Partur av sætum hjá kvinnum,25.0
2000,Kommunustýri,Klaksvíkar kommuna,Tal av sætum hjá kvinnum,3.0
2000,Kommunustýri,Klaksvíkar kommuna,Tal av sætum,12.0
2002,Kommunustýri,Klaksvíkar kommuna,Partur av sætum hjá kvinnum,
2002,Kommunustýri,Klaksvíkar kommuna,Tal av sætum hjá kvinnum,
2002,Kommunustýri,Klaksvíkar kommuna,Tal av sætum,
2004,Kommunustýri,Klaksvíkar kommuna,Partur av sætum hjá kvinnum,25.0
2004,Kommunustýri,Klaksvíkar kommuna,Tal av sætum hjá kvinnum,3.0
2004,Kommunustýri,Klaksvíkar kommuna,Tal av sætum,12.0
2008,Kommunustýri,Klaksvíkar kommuna,Partur av sætum hjá kvinnum,
2008,Kommunustýri,Klaksvíkar kommuna,Tal av sætum hjá kvinnum,
2008,Kommunustýri,Klaksvíkar kommuna,Tal av sætum,
2011,Kommunustýri,Klaksvíkar kommuna,Partur av sætum hjá kvinnum,
2011,Kommunustýri,Klaksvíkar kommuna,Tal av sætum hjá kvinnum,
2011,Kommunustýri,Klaksvíkar kommuna,Tal av sætum,
2012,Kommunustýri,Klaksvíkar kommuna,Partur av sætum hjá kvinnum,45.5
2012,Kommunustýri,Klaksvíkar kommuna,Tal av sætum hjá kvinnum,5.0
2012,Kommunustýri,Klaksvíkar kommuna,Tal av sætum,11.0
2015,Kommunustýri,Klaksvíkar kommuna,Partur av sætum hjá kvinnum,
2015,Kommunustýri,Klaksvíkar kommuna,Tal av sætum hjá kvinnum,
2015,Kommunustýri,Klaksvíkar kommuna,Tal av sætum,
2016,Kommunustýri,Klaksvíkar kommuna,Partur av sætum hjá kvinnum,36.4
2016,Kommunustýri,Klaksvíkar kommuna,Tal av sætum hjá kvinnum,4.0
2016,Kommunustýri,Klaksvíkar kommuna,Tal av sætum,11.0
2019,Kommunustýri,Klaksvíkar kommuna,Partur av sætum hjá kvinnum,
2019,Kommunustýri,Klaksvíkar kommuna,Tal av sætum hjá kvinnum,
2019,Kommunustýri,Klaksvíkar kommuna,Tal av sætum,
2020,Kommunustýri,Klaksvíkar kommuna,Partur av sætum hjá kvinnum,36.4
2020,Kommunustýri,Klaksvíkar kommuna,Tal av sætum hjá kvinnum,4.0
2020,Kommunustýri,Klaksvíkar kommuna,Tal av sætum,11.0
2022,Kommunustýri,Klaksvíkar kommuna,Partur av sætum hjá kvinnum,
2022,Kommunustýri,Klaksvíkar kommuna,Tal av sætum hjá kvinnum,
2022,Kommunustýri,Klaksvíkar kommuna,Tal av sætum,
1984,Kommunustýri,Kollafjarðar kommuna,Partur av sætum hjá kvinnum,
1984,Kommunustýri,Kollafjarðar kommuna,Tal av sætum hjá kvinnum,
1984,Kommunustýri,Kollafjarðar kommuna,Tal av sætum,
1988,Kommunustýri,Kollafjarðar kommuna,Partur av sætum hjá kvinnum,
1988,Kommunustýri,Kollafjarðar kommuna,Tal av sætum hjá kvinnum,
1988,Kommunustýri,Kollafjarðar kommuna,Tal av sætum,
1990,Kommunustýri,Kollafjarðar kommuna,Partur av sætum hjá kvinnum,
1990,Kommunustýri,Kollafjarðar kommuna,Tal av sætum hjá kvinnum,
1990,Kommunustýri,Kollafjarðar kommuna,Tal av sætum,
1992,Kommunustýri,Kollafjarðar kommuna,Partur av sætum hjá kvinnum,12.5
1992,Kommunustýri,Kollafjarðar kommuna,Tal av sætum hjá kvinnum,1.0
1992,Kommunustýri,Kollafjarðar kommuna,Tal av sætum,8.0
1994,Kommunustýri,Kollafjarðar kommuna,Partur av sætum hjá kvinnum,
1994,Kommunustýri,Kollafjarðar kommuna,Tal av sætum hjá kvinnum,
1994,Kommunustýri,Kollafjarðar kommuna,Tal av sætum,
1996,Kommunustýri,Kollafjarðar kommuna,Partur av sætum hjá kvinnum,0.0
1996,Kommunustýri,Kollafjarðar kommuna,Tal av sætum hjá kvinnum,0.0
1996,Kommunustýri,Kollafjarðar kommuna,Tal av sætum,7.0
1998,Kommunustýri,Kollafjarðar kommuna,Partur av sætum hjá kvinnum,
1998,Kommunustýri,Kollafjarðar kommuna,Tal av sætum hjá kvinnum,
1998,Kommunustýri,Kollafjarðar kommuna,Tal av sætum,
2000,Kommunustýri,Kollafjarðar kommuna,Partur av sætum hjá kvinnum,
2000,Kommunustýri,Kollafjarðar kommuna,Tal av sætum hjá kvinnum,
2000,Kommunustýri,Kollafjarðar kommuna,Tal av sætum,
2002,Kommunustýri,Kollafjarðar kommuna,Partur av sætum hjá kvinnum,
2002,Kommunustýri,Kollafjarðar kommuna,Tal av sætum hjá kvinnum,
2002,Kommunustýri,Kollafjarðar kommuna,Tal av sætum,
2004,Kommunustýri,Kollafjarðar kommuna,Partur av sætum hjá kvinnum,
2004,Kommunustýri,Kollafjarðar kommuna,Tal av sætum hjá kvinnum,
2004,Kommunustýri,Kollafjarðar kommuna,Tal av sætum,
2008,Kommunustýri,Kollafjarðar kommuna,Partur av sætum hjá kvinnum,
2008,Kommunustýri,Kollafjarðar kommuna,Tal av sætum hjá kvinnum,
2008,Kommunustýri,Kollafjarðar kommuna,Tal av sætum,
2011,Kommunustýri,Kollafjarðar kommuna,Partur av sætum hjá kvinnum,
2011,Kommunustýri,Kollafjarðar kommuna,Tal av sætum hjá kvinnum,
2011,Kommunustýri,Kollafjarðar kommuna,Tal av sætum,
2012,Kommunustýri,Kollafjarðar kommuna,Partur av sætum hjá kvinnum,
2012,Kommunustýri,Kollafjarðar kommuna,Tal av sætum hjá kvinnum,
2012,Kommunustýri,Kollafjarðar kommuna,Tal av sætum,
2015,Kommunustýri,Kollafjarðar kommuna,Partur av sætum hjá kvinnum,
2015,Kommunustýri,Kollafjarðar kommuna,Tal av sætum hjá kvinnum,
2015,Kommunustýri,Kollafjarðar kommuna,Tal av sætum,
2016,Kommunustýri,Kollafjarðar kommuna,Partur av sætum hjá kvinnum,
2016,Kommunustýri,Kollafjarðar kommuna,Tal av sætum hjá kvinnum,
2016,Kommunustýri,Kollafjarðar kommuna,Tal av sætum,
2019,Kommunustýri,Kollafjarðar kommuna,Partur av sætum hjá kvinnum,
2019,Kommunustýri,Kollafjarðar kommuna,Tal av sætum hjá kvinnum,
2019,Kommunustýri,Kollafjarðar kommuna,Tal av sætum,
2020,Kommunustýri,Kollafjarðar kommuna,Partur av sætum hjá kvinnum,
2020,Kommunustýri,Kollafjarðar kommuna,Tal av sætum hjá kvinnum,
2020,Kommunustýri,Kollafjarðar kommuna,Tal av sætum,
2022,Kommunustýri,Kollafjarðar kommuna,Partur av sætum hjá kvinnum,
2022,Kommunustýri,Kollafjarðar kommuna,Tal av sætum hjá kvinnum,
2022,Kommunustýri,Kollafjarðar kommuna,Tal av sætum,
1984,Kommunustýri,Kunoyar kommuna,Partur av sætum hjá kvinnum,
1984,Kommunustýri,Kunoyar kommuna,Tal av sætum hjá kvinnum,
1984,Kommunustýri,Kunoyar kommuna,Tal av sætum,
1988,Kommunustýri,Kunoyar kommuna,Partur av sætum hjá kvinnum,
1988,Kommunustýri,Kunoyar kommuna,Tal av sætum hjá kvinnum,
1988,Kommunustýri,Kunoyar kommuna,Tal av sætum,
1990,Kommunustýri,Kunoyar kommuna,Partur av sætum hjá kvinnum,
1990,Kommunustýri,Kunoyar kommuna,Tal av sætum hjá kvinnum,
1990,Kommunustýri,Kunoyar kommuna,Tal av sætum,
1992,Kommunustýri,Kunoyar kommuna,Partur av sætum hjá kvinnum,0.0
1992,Kommunustýri,Kunoyar kommuna,Tal av sætum hjá kvinnum,0.0
1992,Kommunustýri,Kunoyar kommuna,Tal av sætum,5.0
1994,Kommunustýri,Kunoyar kommuna,Partur av sætum hjá kvinnum,
1994,Kommunustýri,Kunoyar kommuna,Tal av sætum hjá kvinnum,
1994,Kommunustýri,Kunoyar kommuna,Tal av sætum,
1996,Kommunustýri,Kunoyar kommuna,Partur av sætum hjá kvinnum,20.0
1996,Kommunustýri,Kunoyar kommuna,Tal av sætum hjá kvinnum,1.0
1996,Kommunustýri,Kunoyar kommuna,Tal av sætum,5.0
1998,Kommunustýri,Kunoyar kommuna,Partur av sætum hjá kvinnum,
1998,Kommunustýri,Kunoyar kommuna,Tal av sætum hjá kvinnum,
1998,Kommunustýri,Kunoyar kommuna,Tal av sætum,
2000,Kommunustýri,Kunoyar kommuna,Partur av sætum hjá kvinnum,20.0
2000,Kommunustýri,Kunoyar kommuna,Tal av sætum hjá kvinnum,1.0
2000,Kommunustýri,Kunoyar kommuna,Tal av sætum,5.0
2002,Kommunustýri,Kunoyar kommuna,Partur av sætum hjá kvinnum,
2002,Kommunustýri,Kunoyar kommuna,Tal av sætum hjá kvinnum,
2002,Kommunustýri,Kunoyar kommuna,Tal av sætum,
2004,Kommunustýri,Kunoyar kommuna,Partur av sætum hjá kvinnum,20.0
2004,Kommunustýri,Kunoyar kommuna,Tal av sætum hjá kvinnum,1.0
2004,Kommunustýri,Kunoyar kommuna,Tal av sætum,5.0
2008,Kommunustýri,Kunoyar kommuna,Partur av sætum hjá kvinnum,
2008,Kommunustýri,Kunoyar kommuna,Tal av sætum hjá kvinnum,
2008,Kommunustýri,Kunoyar kommuna,Tal av sætum,
2011,Kommunustýri,Kunoyar kommuna,Partur av sætum hjá kvinnum,
2011,Kommunustýri,Kunoyar kommuna,Tal av sætum hjá kvinnum,
2011,Kommunustýri,Kunoyar kommuna,Tal av sætum,
2012,Kommunustýri,Kunoyar kommuna,Partur av sætum hjá kvinnum,40.0
2012,Kommunustýri,Kunoyar kommuna,Tal av sætum hjá kvinnum,2.0
2012,Kommunustýri,Kunoyar kommuna,Tal av sætum,5.0
2015,Kommunustýri,Kunoyar kommuna,Partur av sætum hjá kvinnum,
2015,Kommunustýri,Kunoyar kommuna,Tal av sætum hjá kvinnum,
2015,Kommunustýri,Kunoyar kommuna,Tal av sætum,
2016,Kommunustýri,Kunoyar kommuna,Partur av sætum hjá kvinnum,40.0
2016,Kommunustýri,Kunoyar kommuna,Tal av sætum hjá kvinnum,2.0
2016,Kommunustýri,Kunoyar kommuna,Tal av sætum,5.0
2019,Kommunustýri,Kunoyar kommuna,Partur av sætum hjá kvinnum,
2019,Kommunustýri,Kunoyar kommuna,Tal av sætum hjá kvinnum,
2019,Kommunustýri,Kunoyar kommuna,Tal av sætum,
2020,Kommunustýri,Kunoyar kommuna,Partur av sætum hjá kvinnum,20.0
2020,Kommunustýri,Kunoyar kommuna,Tal av sætum hjá kvinnum,1.0
2020,Kommunustýri,Kunoyar kommuna,Tal av sætum,5.0
2022,Kommunustýri,Kunoyar kommuna,Partur av sætum hjá kvinnum,
2022,Kommunustýri,Kunoyar kommuna,Tal av sætum hjá kvinnum,
2022,Kommunustýri,Kunoyar kommuna,Tal av sætum,
1984,Kommunustýri,Kvívíkar kommuna,Partur av sætum hjá kvinnum,
1984,Kommunustýri,Kvívíkar kommuna,Tal av sætum hjá kvinnum,
1984,Kommunustýri,Kvívíkar kommuna,Tal av sætum,
1988,Kommunustýri,Kvívíkar kommuna,Partur av sætum hjá kvinnum,
1988,Kommunustýri,Kvívíkar kommuna,Tal av sætum hjá kvinnum,
1988,Kommunustýri,Kvívíkar kommuna,Tal av sætum,
1990,Kommunustýri,Kvívíkar kommuna,Partur av sætum hjá kvinnum,
1990,Kommunustýri,Kvívíkar kommuna,Tal av sætum hjá kvinnum,
1990,Kommunustýri,Kvívíkar kommuna,Tal av sætum,
1992,Kommunustýri,Kvívíkar kommuna,Partur av sætum hjá kvinnum,20.0
1992,Kommunustýri,Kvívíkar kommuna,Tal av sætum hjá kvinnum,1.0
1992,Kommunustýri,Kvívíkar kommuna,Tal av sætum,5.0
1994,Kommunustýri,Kvívíkar kommuna,Partur av sætum hjá kvinnum,
1994,Kommunustýri,Kvívíkar kommuna,Tal av sætum hjá kvinnum,
1994,Kommunustýri,Kvívíkar kommuna,Tal av sætum,
1996,Kommunustýri,Kvívíkar kommuna,Partur av sætum hjá kvinnum,20.0
1996,Kommunustýri,Kvívíkar kommuna,Tal av sætum hjá kvinnum,1.0
1996,Kommunustýri,Kvívíkar kommuna,Tal av sætum,5.0
1998,Kommunustýri,Kvívíkar kommuna,Partur av sætum hjá kvinnum,
1998,Kommunustýri,Kvívíkar kommuna,Tal av sætum hjá kvinnum,
1998,Kommunustýri,Kvívíkar kommuna,Tal av sætum,
2000,Kommunustýri,Kvívíkar kommuna,Partur av sætum hjá kvinnum,28.6
2000,Kommunustýri,Kvívíkar kommuna,Tal av sætum hjá kvinnum,2.0
2000,Kommunustýri,Kvívíkar kommuna,Tal av sætum,7.0
2002,Kommunustýri,Kvívíkar kommuna,Partur av sætum hjá kvinnum,
2002,Kommunustýri,Kvívíkar kommuna,Tal av sætum hjá kvinnum,
2002,Kommunustýri,Kvívíkar kommuna,Tal av sætum,
2004,Kommunustýri,Kvívíkar kommuna,Partur av sætum hjá kvinnum,28.6
2004,Kommunustýri,Kvívíkar kommuna,Tal av sætum hjá kvinnum,2.0
2004,Kommunustýri,Kvívíkar kommuna,Tal av sætum,7.0
2008,Kommunustýri,Kvívíkar kommuna,Partur av sætum hjá kvinnum,
2008,Kommunustýri,Kvívíkar kommuna,Tal av sætum hjá kvinnum,
2008,Kommunustýri,Kvívíkar kommuna,Tal av sætum,
2011,Kommunustýri,Kvívíkar kommuna,Partur av sætum hjá kvinnum,
2011,Kommunustýri,Kvívíkar kommuna,Tal av sætum hjá kvinnum,
2011,Kommunustýri,Kvívíkar kommuna,Tal av sætum,
2012,Kommunustýri,Kvívíkar kommuna,Partur av sætum hjá kvinnum,42.9
2012,Kommunustýri,Kvívíkar kommuna,Tal av sætum hjá kvinnum,3.0
2012,Kommunustýri,Kvívíkar kommuna,Tal av sætum,7.0
2015,Kommunustýri,Kvívíkar kommuna,Partur av sætum hjá kvinnum,
2015,Kommunustýri,Kvívíkar kommuna,Tal av sætum hjá kvinnum,
2015,Kommunustýri,Kvívíkar kommuna,Tal av sætum,
2016,Kommunustýri,Kvívíkar kommuna,Partur av sætum hjá kvinnum,42.9
2016,Kommunustýri,Kvívíkar kommuna,Tal av sætum hjá kvinnum,3.0
2016,Kommunustýri,Kvívíkar kommuna,Tal av sætum,7.0
2019,Kommunustýri,Kvívíkar kommuna,Partur av sætum hjá kvinnum,
2019,Kommunustýri,Kvívíkar kommuna,Tal av sætum hjá kvinnum,
2019,Kommunustýri,Kvívíkar kommuna,Tal av sætum,
2020,Kommunustýri,Kvívíkar kommuna,Partur av sætum hjá kvinnum,42.9
2020,Kommunustýri,Kvívíkar kommuna,Tal av sætum hjá kvinnum,3.0
2020,Kommunustýri,Kvívíkar kommuna,Tal av sætum,7.0
2022,Kommunustýri,Kvívíkar kommuna,Partur av sætum hjá kvinnum,
2022,Kommunustýri,Kvívíkar kommuna,Tal av sætum hjá kvinnum,
2022,Kommunustýri,Kvívíkar kommuna,Tal av sætum,
1984,Kommunustýri,Leirvíkar kommuna,Partur av sætum hjá kvinnum,
1984,Kommunustýri,Leirvíkar kommuna,Tal av sætum hjá kvinnum,
1984,Kommunustýri,Leirvíkar kommuna,Tal av sætum,
1988,Kommunustýri,Leirvíkar kommuna,Partur av sætum hjá kvinnum,
1988,Kommunustýri,Leirvíkar kommuna,Tal av sætum hjá kvinnum,
1988,Kommunustýri,Leirvíkar kommuna,Tal av sætum,
1990,Kommunustýri,Leirvíkar kommuna,Partur av sætum hjá kvinnum,
1990,Kommunustýri,Leirvíkar kommuna,Tal av sætum hjá kvinnum,
1990,Kommunustýri,Leirvíkar kommuna,Tal av sætum,
1992,Kommunustýri,Leirvíkar kommuna,Partur av sætum hjá kvinnum,0.0
1992,Kommunustýri,Leirvíkar kommuna,Tal av sætum hjá kvinnum,0.0
1992,Kommunustýri,Leirvíkar kommuna,Tal av sætum,5.0
1994,Kommunustýri,Leirvíkar kommuna,Partur av sætum hjá kvinnum,
1994,Kommunustýri,Leirvíkar kommuna,Tal av sætum hjá kvinnum,
1994,Kommunustýri,Leirvíkar kommuna,Tal av sætum,
1996,Kommunustýri,Leirvíkar kommuna,Partur av sætum hjá kvinnum,0.0
1996,Kommunustýri,Leirvíkar kommuna,Tal av sætum hjá kvinnum,0.0
1996,Kommunustýri,Leirvíkar kommuna,Tal av sætum,5.0
1998,Kommunustýri,Leirvíkar kommuna,Partur av sætum hjá kvinnum,
1998,Kommunustýri,Leirvíkar kommuna,Tal av sætum hjá kvinnum,
1998,Kommunustýri,Leirvíkar kommuna,Tal av sætum,
2000,Kommunustýri,Leirvíkar kommuna,Partur av sætum hjá kvinnum,60.0
2000,Kommunustýri,Leirvíkar kommuna,Tal av sætum hjá kvinnum,3.0
2000,Kommunustýri,Leirvíkar kommuna,Tal av sætum,5.0
2002,Kommunustýri,Leirvíkar kommuna,Partur av sætum hjá kvinnum,
2002,Kommunustýri,Leirvíkar kommuna,Tal av sætum hjá kvinnum,
2002,Kommunustýri,Leirvíkar kommuna,Tal av sætum,
2004,Kommunustýri,Leirvíkar kommuna,Partur av sætum hjá kvinnum,50.0
2004,Kommunustýri,Leirvíkar kommuna,Tal av sætum hjá kvinnum,1.0
2004,Kommunustýri,Leirvíkar kommuna,Tal av sætum,2.0
2008,Kommunustýri,Leirvíkar kommuna,Partur av sætum hjá kvinnum,
2008,Kommunustýri,Leirvíkar kommuna,Tal av sætum hjá kvinnum,
2008,Kommunustýri,Leirvíkar kommuna,Tal av sætum,
2011,Kommunustýri,Leirvíkar kommuna,Partur av sætum hjá kvinnum,
2011,Kommunustýri,Leirvíkar kommuna,Tal av sætum hjá kvinnum,
2011,Kommunustýri,Leirvíkar kommuna,Tal av sætum,
2012,Kommunustýri,Leirvíkar kommuna,Partur av sætum hjá kvinnum,
2012,Kommunustýri,Leirvíkar kommuna,Tal av sætum hjá kvinnum,
2012,Kommunustýri,Leirvíkar kommuna,Tal av sætum,
2015,Kommunustýri,Leirvíkar kommuna,Partur av sætum hjá kvinnum,
2015,Kommunustýri,Leirvíkar kommuna,Tal av sætum hjá kvinnum,
2015,Kommunustýri,Leirvíkar kommuna,Tal av sætum,
2016,Kommunustýri,Leirvíkar kommuna,Partur av sætum hjá kvinnum,
2016,Kommunustýri,Leirvíkar kommuna,Tal av sætum hjá kvinnum,
2016,Kommunustýri,Leirvíkar kommuna,Tal av sætum,
2019,Kommunustýri,Leirvíkar kommuna,Partur av sætum hjá kvinnum,
2019,Kommunustýri,Leirvíkar kommuna,Tal av sætum hjá kvinnum,
2019,Kommunustýri,Leirvíkar kommuna,Tal av sætum,
2020,Kommunustýri,Leirvíkar kommuna,Partur av sætum hjá kvinnum,
2020,Kommunustýri,Leirvíkar kommuna,Tal av sætum hjá kvinnum,
2020,Kommunustýri,Leirvíkar kommuna,Tal av sætum,
2022,Kommunustýri,Leirvíkar kommuna,Partur av sætum hjá kvinnum,
2022,Kommunustýri,Leirvíkar kommuna,Tal av sætum hjá kvinnum,
2022,Kommunustýri,Leirvíkar kommuna,Tal av sætum,
1984,Kommunustýri,Miðvágs kommuna,Partur av sætum hjá kvinnum,
1984,Kommunustýri,Miðvágs kommuna,Tal av sætum hjá kvinnum,
1984,Kommunustýri,Miðvágs kommuna,Tal av sætum,
1988,Kommunustýri,Miðvágs kommuna,Partur av sætum hjá kvinnum,
1988,Kommunustýri,Miðvágs kommuna,Tal av sætum hjá kvinnum,
1988,Kommunustýri,Miðvágs kommuna,Tal av sætum,
1990,Kommunustýri,Miðvágs kommuna,Partur av sætum hjá kvinnum,
1990,Kommunustýri,Miðvágs kommuna,Tal av sætum hjá kvinnum,
1990,Kommunustýri,Miðvágs kommuna,Tal av sætum,
1992,Kommunustýri,Miðvágs kommuna,Partur av sætum hjá kvinnum,33.3
1992,Kommunustýri,Miðvágs kommuna,Tal av sætum hjá kvinnum,2.0
1992,Kommunustýri,Miðvágs kommuna,Tal av sætum,6.0
1994,Kommunustýri,Miðvágs kommuna,Partur av sætum hjá kvinnum,
1994,Kommunustýri,Miðvágs kommuna,Tal av sætum hjá kvinnum,
1994,Kommunustýri,Miðvágs kommuna,Tal av sætum,
1996,Kommunustýri,Miðvágs kommuna,Partur av sætum hjá kvinnum,50.0
1996,Kommunustýri,Miðvágs kommuna,Tal av sætum hjá kvinnum,4.0
1996,Kommunustýri,Miðvágs kommuna,Tal av sætum,8.0
1998,Kommunustýri,Miðvágs kommuna,Partur av sætum hjá kvinnum,
1998,Kommunustýri,Miðvágs kommuna,Tal av sætum hjá kvinnum,
1998,Kommunustýri,Miðvágs kommuna,Tal av sætum,
2000,Kommunustýri,Miðvágs kommuna,Partur av sætum hjá kvinnum,40.0
2000,Kommunustýri,Miðvágs kommuna,Tal av sætum hjá kvinnum,4.0
2000,Kommunustýri,Miðvágs kommuna,Tal av sætum,10.0
2002,Kommunustýri,Miðvágs kommuna,Partur av sætum hjá kvinnum,
2002,Kommunustýri,Miðvágs kommuna,Tal av sætum hjá kvinnum,
2002,Kommunustýri,Miðvágs kommuna,Tal av sætum,
2004,Kommunustýri,Miðvágs kommuna,Partur av sætum hjá kvinnum,8.3
2004,Kommunustýri,Miðvágs kommuna,Tal av sætum hjá kvinnum,1.0
2004,Kommunustýri,Miðvágs kommuna,Tal av sætum,12.0
2008,Kommunustýri,Miðvágs kommuna,Partur av sætum hjá kvinnum,
2008,Kommunustýri,Miðvágs kommuna,Tal av sætum hjá kvinnum,
2008,Kommunustýri,Miðvágs kommuna,Tal av sætum,
2011,Kommunustýri,Miðvágs kommuna,Partur av sætum hjá kvinnum,
2011,Kommunustýri,Miðvágs kommuna,Tal av sætum hjá kvinnum,
2011,Kommunustýri,Miðvágs kommuna,Tal av sætum,
2012,Kommunustýri,Miðvágs kommuna,Partur av sætum hjá kvinnum,
2012,Kommunustýri,Miðvágs kommuna,Tal av sætum hjá kvinnum,
2012,Kommunustýri,Miðvágs kommuna,Tal av sætum,
2015,Kommunustýri,Miðvágs kommuna,Partur av sætum hjá kvinnum,
2015,Kommunustýri,Miðvágs kommuna,Tal av sætum hjá kvinnum,
2015,Kommunustýri,Miðvágs kommuna,Tal av sætum,
2016,Kommunustýri,Miðvágs kommuna,Partur av sætum hjá kvinnum,
2016,Kommunustýri,Miðvágs kommuna,Tal av sætum hjá kvinnum,
2016,Kommunustýri,Miðvágs kommuna,Tal av sætum,
2019,Kommunustýri,Miðvágs kommuna,Partur av sætum hjá kvinnum,
2019,Kommunustýri,Miðvágs kommuna,Tal av sætum hjá kvinnum,
2019,Kommunustýri,Miðvágs kommuna,Tal av sætum,
2020,Kommunustýri,Miðvágs kommuna,Partur av sætum hjá kvinnum,
2020,Kommunustýri,Miðvágs kommuna,Tal av sætum hjá kvinnum,
2020,Kommunustýri,Miðvágs kommuna,Tal av sætum,
2022,Kommunustýri,Miðvágs kommuna,Partur av sætum hjá kvinnum,
2022,Kommunustýri,Miðvágs kommuna,Tal av sætum hjá kvinnum,
2022,Kommunustýri,Miðvágs kommuna,Tal av sætum,
1984,Kommunustýri,Mikladals kommuna,Partur av sætum hjá kvinnum,
1984,Kommunustýri,Mikladals kommuna,Tal av sætum hjá kvinnum,
1984,Kommunustýri,Mikladals kommuna,Tal av sætum,
1988,Kommunustýri,Mikladals kommuna,Partur av sætum hjá kvinnum,
1988,Kommunustýri,Mikladals kommuna,Tal av sætum hjá kvinnum,
1988,Kommunustýri,Mikladals kommuna,Tal av sætum,
1990,Kommunustýri,Mikladals kommuna,Partur av sætum hjá kvinnum,
1990,Kommunustýri,Mikladals kommuna,Tal av sætum hjá kvinnum,
1990,Kommunustýri,Mikladals kommuna,Tal av sætum,
1992,Kommunustýri,Mikladals kommuna,Partur av sætum hjá kvinnum,20.0
1992,Kommunustýri,Mikladals kommuna,Tal av sætum hjá kvinnum,1.0
1992,Kommunustýri,Mikladals kommuna,Tal av sætum,5.0
1994,Kommunustýri,Mikladals kommuna,Partur av sætum hjá kvinnum,
1994,Kommunustýri,Mikladals kommuna,Tal av sætum hjá kvinnum,
1994,Kommunustýri,Mikladals kommuna,Tal av sætum,
1996,Kommunustýri,Mikladals kommuna,Partur av sætum hjá kvinnum,40.0
1996,Kommunustýri,Mikladals kommuna,Tal av sætum hjá kvinnum,2.0
1996,Kommunustýri,Mikladals kommuna,Tal av sætum,5.0
1998,Kommunustýri,Mikladals kommuna,Partur av sætum hjá kvinnum,
1998,Kommunustýri,Mikladals kommuna,Tal av sætum hjá kvinnum,
1998,Kommunustýri,Mikladals kommuna,Tal av sætum,
2000,Kommunustýri,Mikladals kommuna,Partur av sætum hjá kvinnum,33.3
2000,Kommunustýri,Mikladals kommuna,Tal av sætum hjá kvinnum,1.0
2000,Kommunustýri,Mikladals kommuna,Tal av sætum,3.0
2002,Kommunustýri,Mikladals kommuna,Partur av sætum hjá kvinnum,
2002,Kommunustýri,Mikladals kommuna,Tal av sætum hjá kvinnum,
2002,Kommunustýri,Mikladals kommuna,Tal av sætum,
2004,Kommunustýri,Mikladals kommuna,Partur av sætum hjá kvinnum,
2004,Kommunustýri,Mikladals kommuna,Tal av sætum hjá kvinnum,
2004,Kommunustýri,Mikladals kommuna,Tal av sætum,
2008,Kommunustýri,Mikladals kommuna,Partur av sætum hjá kvinnum,
2008,Kommunustýri,Mikladals kommuna,Tal av sætum hjá kvinnum,
2008,Kommunustýri,Mikladals kommuna,Tal av sætum,
2011,Kommunustýri,Mikladals kommuna,Partur av sætum hjá kvinnum,
2011,Kommunustýri,Mikladals kommuna,Tal av sætum hjá kvinnum,
2011,Kommunustýri,Mikladals kommuna,Tal av sætum,
2012,Kommunustýri,Mikladals kommuna,Partur av sætum hjá kvinnum,
2012,Kommunustýri,Mikladals kommuna,Tal av sætum hjá kvinnum,
2012,Kommunustýri,Mikladals kommuna,Tal av sætum,
2015,Kommunustýri,Mikladals kommuna,Partur av sætum hjá kvinnum,
2015,Kommunustýri,Mikladals kommuna,Tal av sætum hjá kvinnum,
2015,Kommunustýri,Mikladals kommuna,Tal av sætum,
2016,Kommunustýri,Mikladals kommuna,Partur av sætum hjá kvinnum,
2016,Kommunustýri,Mikladals kommuna,Tal av sætum hjá kvinnum,
2016,Kommunustýri,Mikladals kommuna,Tal av sætum,
2019,Kommunustýri,Mikladals kommuna,Partur av sætum hjá kvinnum,
2019,Kommunustýri,Mikladals kommuna,Tal av sætum hjá kvinnum,
2019,Kommunustýri,Mikladals kommuna,Tal av sætum,
2020,Kommunustýri,Mikladals kommuna,Partur av sætum hjá kvinnum,
2020,Kommunustýri,Mikladals kommuna,Tal av sætum hjá kvinnum,
2020,Kommunustýri,Mikladals kommuna,Tal av sætum,
2022,Kommunustýri,Mikladals kommuna,Partur av sætum hjá kvinnum,
2022,Kommunustýri,Mikladals kommuna,Tal av sætum hjá kvinnum,
2022,Kommunustýri,Mikladals kommuna,Tal av sætum,
1984,Kommunustýri,Mykines kommuna,Partur av sætum hjá kvinnum,
1984,Kommunustýri,Mykines kommuna,Tal av sætum hjá kvinnum,
1984,Kommunustýri,Mykines kommuna,Tal av sætum,
1988,Kommunustýri,Mykines kommuna,Partur av sætum hjá kvinnum,
1988,Kommunustýri,Mykines kommuna,Tal av sætum hjá kvinnum,
1988,Kommunustýri,Mykines kommuna,Tal av sætum,
1990,Kommunustýri,Mykines kommuna,Partur av sætum hjá kvinnum,
1990,Kommunustýri,Mykines kommuna,Tal av sætum hjá kvinnum,
1990,Kommunustýri,Mykines kommuna,Tal av sætum,
1992,Kommunustýri,Mykines kommuna,Partur av sætum hjá kvinnum,33.3
1992,Kommunustýri,Mykines kommuna,Tal av sætum hjá kvinnum,1.0
1992,Kommunustýri,Mykines kommuna,Tal av sætum,3.0
1994,Kommunustýri,Mykines kommuna,Partur av sætum hjá kvinnum,
1994,Kommunustýri,Mykines kommuna,Tal av sætum hjá kvinnum,
1994,Kommunustýri,Mykines kommuna,Tal av sætum,
1996,Kommunustýri,Mykines kommuna,Partur av sætum hjá kvinnum,33.3
1996,Kommunustýri,Mykines kommuna,Tal av sætum hjá kvinnum,1.0
1996,Kommunustýri,Mykines kommuna,Tal av sætum,3.0
1998,Kommunustýri,Mykines kommuna,Partur av sætum hjá kvinnum,
1998,Kommunustýri,Mykines kommuna,Tal av sætum hjá kvinnum,
1998,Kommunustýri,Mykines kommuna,Tal av sætum,
2000,Kommunustýri,Mykines kommuna,Partur av sætum hjá kvinnum,33.3
2000,Kommunustýri,Mykines kommuna,Tal av sætum hjá kvinnum,1.0
2000,Kommunustýri,Mykines kommuna,Tal av sætum,3.0
2002,Kommunustýri,Mykines kommuna,Partur av sætum hjá kvinnum,
2002,Kommunustýri,Mykines kommuna,Tal av sætum hjá kvinnum,
2002,Kommunustýri,Mykines kommuna,Tal av sætum,
2004,Kommunustýri,Mykines kommuna,Partur av sætum hjá kvinnum,
2004,Kommunustýri,Mykines kommuna,Tal av sætum hjá kvinnum,
2004,Kommunustýri,Mykines kommuna,Tal av sætum,
2008,Kommunustýri,Mykines kommuna,Partur av sætum hjá kvinnum,
2008,Kommunustýri,Mykines kommuna,Tal av sætum hjá kvinnum,
2008,Kommunustýri,Mykines kommuna,Tal av sætum,
2011,Kommunustýri,Mykines kommuna,Partur av sætum hjá kvinnum,
2011,Kommunustýri,Mykines kommuna,Tal av sætum hjá kvinnum,
2011,Kommunustýri,Mykines kommuna,Tal av sætum,
2012,Kommunustýri,Mykines kommuna,Partur av sætum hjá kvinnum,
2012,Kommunustýri,Mykines kommuna,Tal av sætum hjá kvinnum,
2012,Kommunustýri,Mykines kommuna,Tal av sætum,
2015,Kommunustýri,Mykines kommuna,Partur av sætum hjá kvinnum,
2015,Kommunustýri,Mykines kommuna,Tal av sætum hjá kvinnum,
2015,Kommunustýri,Mykines kommuna,Tal av sætum,
2016,Kommunustýri,Mykines kommuna,Partur av sætum hjá kvinnum,
2016,Kommunustýri,Mykines kommuna,Tal av sætum hjá kvinnum,
2016,Kommunustýri,Mykines kommuna,Tal av sætum,
2019,Kommunustýri,Mykines kommuna,Partur av sætum hjá kvinnum,
2019,Kommunustýri,Mykines kommuna,Tal av sætum hjá kvinnum,
2019,Kommunustýri,Mykines kommuna,Tal av sætum,
2020,Kommunustýri,Mykines kommuna,Partur av sætum hjá kvinnum,
2020,Kommunustýri,Mykines kommuna,Tal av sætum hjá kvinnum,
2020,Kommunustýri,Mykines kommuna,Tal av sætum,
2022,Kommunustýri,Mykines kommuna,Partur av sætum hjá kvinnum,
2022,Kommunustýri,Mykines kommuna,Tal av sætum hjá kvinnum,
2022,Kommunustýri,Mykines kommuna,Tal av sætum,
1984,Kommunustýri,Nes kommuna,Partur av sætum hjá kvinnum,
1984,Kommunustýri,Nes kommuna,Tal av sætum hjá kvinnum,
1984,Kommunustýri,Nes kommuna,Tal av sætum,
1988,Kommunustýri,Nes kommuna,Partur av sætum hjá kvinnum,
1988,Kommunustýri,Nes kommuna,Tal av sætum hjá kvinnum,
1988,Kommunustýri,Nes kommuna,Tal av sætum,
1990,Kommunustýri,Nes kommuna,Partur av sætum hjá kvinnum,
1990,Kommunustýri,Nes kommuna,Tal av sætum hjá kvinnum,
1990,Kommunustýri,Nes kommuna,Tal av sætum,
1992,Kommunustýri,Nes kommuna,Partur av sætum hjá kvinnum,14.3
1992,Kommunustýri,Nes kommuna,Tal av sætum hjá kvinnum,1.0
1992,Kommunustýri,Nes kommuna,Tal av sætum,7.0
1994,Kommunustýri,Nes kommuna,Partur av sætum hjá kvinnum,
1994,Kommunustýri,Nes kommuna,Tal av sætum hjá kvinnum,
1994,Kommunustýri,Nes kommuna,Tal av sætum,
1996,Kommunustýri,Nes kommuna,Partur av sætum hjá kvinnum,28.6
1996,Kommunustýri,Nes kommuna,Tal av sætum hjá kvinnum,2.0
1996,Kommunustýri,Nes kommuna,Tal av sætum,7.0
1998,Kommunustýri,Nes kommuna,Partur av sætum hjá kvinnum,
1998,Kommunustýri,Nes kommuna,Tal av sætum hjá kvinnum,
1998,Kommunustýri,Nes kommuna,Tal av sætum,
2000,Kommunustýri,Nes kommuna,Partur av sætum hjá kvinnum,28.6
2000,Kommunustýri,Nes kommuna,Tal av sætum hjá kvinnum,2.0
2000,Kommunustýri,Nes kommuna,Tal av sætum,7.0
2002,Kommunustýri,Nes kommuna,Partur av sætum hjá kvinnum,
2002,Kommunustýri,Nes kommuna,Tal av sætum hjá kvinnum,
2002,Kommunustýri,Nes kommuna,Tal av sætum,
2004,Kommunustýri,Nes kommuna,Partur av sætum hjá kvinnum,28.6
2004,Kommunustýri,Nes kommuna,Tal av sætum hjá kvinnum,2.0
2004,Kommunustýri,Nes kommuna,Tal av sætum,7.0
2008,Kommunustýri,Nes kommuna,Partur av sætum hjá kvinnum,
2008,Kommunustýri,Nes kommuna,Tal av sætum hjá kvinnum,
2008,Kommunustýri,Nes kommuna,Tal av sætum,
2011,Kommunustýri,Nes kommuna,Partur av sætum hjá kvinnum,
2011,Kommunustýri,Nes kommuna,Tal av sætum hjá kvinnum,
2011,Kommunustýri,Nes kommuna,Tal av sætum,
2012,Kommunustýri,Nes kommuna,Partur av sætum hjá kvinnum,28.6
2012,Kommunustýri,Nes kommuna,Tal av sætum hjá kvinnum,2.0
2012,Kommunustýri,Nes kommuna,Tal av sætum,7.0
2015,Kommunustýri,Nes kommuna,Partur av sætum hjá kvinnum,
2015,Kommunustýri,Nes kommuna,Tal av sætum hjá kvinnum,
2015,Kommunustýri,Nes kommuna,Tal av sætum,
2016,Kommunustýri,Nes kommuna,Partur av sætum hjá kvinnum,14.3
2016,Kommunustýri,Nes kommuna,Tal av sætum hjá kvinnum,1.0
2016,Kommunustýri,Nes kommuna,Tal av sætum,7.0
2019,Kommunustýri,Nes kommuna,Partur av sætum hjá kvinnum,
2019,Kommunustýri,Nes kommuna,Tal av sætum hjá kvinnum,
2019,Kommunustýri,Nes kommuna,Tal av sætum,
2020,Kommunustýri,Nes kommuna,Partur av sætum hjá kvinnum,28.6
2020,Kommunustýri,Nes kommuna,Tal av sætum hjá kvinnum,2.0
2020,Kommunustýri,Nes kommuna,Tal av sætum,7.0
2022,Kommunustýri,Nes kommuna,Partur av sætum hjá kvinnum,
2022,Kommunustýri,Nes kommuna,Tal av sætum hjá kvinnum,
2022,Kommunustýri,Nes kommuna,Tal av sætum,
1984,Kommunustýri,Nólsoyar kommuna,Partur av sætum hjá kvinnum,
1984,Kommunustýri,Nólsoyar kommuna,Tal av sætum hjá kvinnum,
1984,Kommunustýri,Nólsoyar kommuna,Tal av sætum,
1988,Kommunustýri,Nólsoyar kommuna,Partur av sætum hjá kvinnum,
1988,Kommunustýri,Nólsoyar kommuna,Tal av sætum hjá kvinnum,
1988,Kommunustýri,Nólsoyar kommuna,Tal av sætum,
1990,Kommunustýri,Nólsoyar kommuna,Partur av sætum hjá kvinnum,
1990,Kommunustýri,Nólsoyar kommuna,Tal av sætum hjá kvinnum,
1990,Kommunustýri,Nólsoyar kommuna,Tal av sætum,
1992,Kommunustýri,Nólsoyar kommuna,Partur av sætum hjá kvinnum,33.3
1992,Kommunustýri,Nólsoyar kommuna,Tal av sætum hjá kvinnum,1.0
1992,Kommunustýri,Nólsoyar kommuna,Tal av sætum,3.0
1994,Kommunustýri,Nólsoyar kommuna,Partur av sætum hjá kvinnum,
1994,Kommunustýri,Nólsoyar kommuna,Tal av sætum hjá kvinnum,
1994,Kommunustýri,Nólsoyar kommuna,Tal av sætum,
1996,Kommunustýri,Nólsoyar kommuna,Partur av sætum hjá kvinnum,0.0
1996,Kommunustýri,Nólsoyar kommuna,Tal av sætum hjá kvinnum,0.0
1996,Kommunustýri,Nólsoyar kommuna,Tal av sætum,4.0
1998,Kommunustýri,Nólsoyar kommuna,Partur av sætum hjá kvinnum,
1998,Kommunustýri,Nólsoyar kommuna,Tal av sætum hjá kvinnum,
1998,Kommunustýri,Nólsoyar kommuna,Tal av sætum,
2000,Kommunustýri,Nólsoyar kommuna,Partur av sætum hjá kvinnum,25.0
2000,Kommunustýri,Nólsoyar kommuna,Tal av sætum hjá kvinnum,1.0
2000,Kommunustýri,Nólsoyar kommuna,Tal av sætum,4.0
2002,Kommunustýri,Nólsoyar kommuna,Partur av sætum hjá kvinnum,
2002,Kommunustýri,Nólsoyar kommuna,Tal av sætum hjá kvinnum,
2002,Kommunustýri,Nólsoyar kommuna,Tal av sætum,
2004,Kommunustýri,Nólsoyar kommuna,Partur av sætum hjá kvinnum,
2004,Kommunustýri,Nólsoyar kommuna,Tal av sætum hjá kvinnum,
2004,Kommunustýri,Nólsoyar kommuna,Tal av sætum,
2008,Kommunustýri,Nólsoyar kommuna,Partur av sætum hjá kvinnum,
2008,Kommunustýri,Nólsoyar kommuna,Tal av sætum hjá kvinnum,
2008,Kommunustýri,Nólsoyar kommuna,Tal av sætum,
2011,Kommunustýri,Nólsoyar kommuna,Partur av sætum hjá kvinnum,
2011,Kommunustýri,Nólsoyar kommuna,Tal av sætum hjá kvinnum,
2011,Kommunustýri,Nólsoyar kommuna,Tal av sætum,
2012,Kommunustýri,Nólsoyar kommuna,Partur av sætum hjá kvinnum,
2012,Kommunustýri,Nólsoyar kommuna,Tal av sætum hjá kvinnum,
2012,Kommunustýri,Nólsoyar kommuna,Tal av sætum,
2015,Kommunustýri,Nólsoyar kommuna,Partur av sætum hjá kvinnum,
2015,Kommunustýri,Nólsoyar kommuna,Tal av sætum hjá kvinnum,
2015,Kommunustýri,Nólsoyar kommuna,Tal av sætum,
2016,Kommunustýri,Nólsoyar kommuna,Partur av sætum hjá kvinnum,
2016,Kommunustýri,Nólsoyar kommuna,Tal av sætum hjá kvinnum,
2016,Kommunustýri,Nólsoyar kommuna,Tal av sætum,
2019,Kommunustýri,Nólsoyar kommuna,Partur av sætum hjá kvinnum,
2019,Kommunustýri,Nólsoyar kommuna,Tal av sætum hjá kvinnum,
2019,Kommunustýri,Nólsoyar kommuna,Tal av sætum,
2020,Kommunustýri,Nólsoyar kommuna,Partur av sætum hjá kvinnum,
2020,Kommunustýri,Nólsoyar kommuna,Tal av sætum hjá kvinnum,
2020,Kommunustýri,Nólsoyar kommuna,Tal av sætum,
2022,Kommunustýri,Nólsoyar kommuna,Partur av sætum hjá kvinnum,
2022,Kommunustýri,Nólsoyar kommuna,Tal av sætum hjá kvinnum,
2022,Kommunustýri,Nólsoyar kommuna,Tal av sætum,
1984,Kommunustýri,Oyndarfjarðar kommuna,Partur av sætum hjá kvinnum,
1984,Kommunustýri,Oyndarfjarðar kommuna,Tal av sætum hjá kvinnum,
1984,Kommunustýri,Oyndarfjarðar kommuna,Tal av sætum,
1988,Kommunustýri,Oyndarfjarðar kommuna,Partur av sætum hjá kvinnum,
1988,Kommunustýri,Oyndarfjarðar kommuna,Tal av sætum hjá kvinnum,
1988,Kommunustýri,Oyndarfjarðar kommuna,Tal av sætum,
1990,Kommunustýri,Oyndarfjarðar kommuna,Partur av sætum hjá kvinnum,
1990,Kommunustýri,Oyndarfjarðar kommuna,Tal av sætum hjá kvinnum,
1990,Kommunustýri,Oyndarfjarðar kommuna,Tal av sætum,
1992,Kommunustýri,Oyndarfjarðar kommuna,Partur av sætum hjá kvinnum,0.0
1992,Kommunustýri,Oyndarfjarðar kommuna,Tal av sætum hjá kvinnum,0.0
1992,Kommunustýri,Oyndarfjarðar kommuna,Tal av sætum,4.0
1994,Kommunustýri,Oyndarfjarðar kommuna,Partur av sætum hjá kvinnum,
1994,Kommunustýri,Oyndarfjarðar kommuna,Tal av sætum hjá kvinnum,
1994,Kommunustýri,Oyndarfjarðar kommuna,Tal av sætum,
1996,Kommunustýri,Oyndarfjarðar kommuna,Partur av sætum hjá kvinnum,0.0
1996,Kommunustýri,Oyndarfjarðar kommuna,Tal av sætum hjá kvinnum,0.0
1996,Kommunustýri,Oyndarfjarðar kommuna,Tal av sætum,3.0
1998,Kommunustýri,Oyndarfjarðar kommuna,Partur av sætum hjá kvinnum,
1998,Kommunustýri,Oyndarfjarðar kommuna,Tal av sætum hjá kvinnum,
1998,Kommunustýri,Oyndarfjarðar kommuna,Tal av sætum,
2000,Kommunustýri,Oyndarfjarðar kommuna,Partur av sætum hjá kvinnum,75.0
2000,Kommunustýri,Oyndarfjarðar kommuna,Tal av sætum hjá kvinnum,3.0
2000,Kommunustýri,Oyndarfjarðar kommuna,Tal av sætum,4.0
2002,Kommunustýri,Oyndarfjarðar kommuna,Partur av sætum hjá kvinnum,
2002,Kommunustýri,Oyndarfjarðar kommuna,Tal av sætum hjá kvinnum,
2002,Kommunustýri,Oyndarfjarðar kommuna,Tal av sætum,
2004,Kommunustýri,Oyndarfjarðar kommuna,Partur av sætum hjá kvinnum,
2004,Kommunustýri,Oyndarfjarðar kommuna,Tal av sætum hjá kvinnum,
2004,Kommunustýri,Oyndarfjarðar kommuna,Tal av sætum,
2008,Kommunustýri,Oyndarfjarðar kommuna,Partur av sætum hjá kvinnum,
2008,Kommunustýri,Oyndarfjarðar kommuna,Tal av sætum hjá kvinnum,
2008,Kommunustýri,Oyndarfjarðar kommuna,Tal av sætum,
2011,Kommunustýri,Oyndarfjarðar kommuna,Partur av sætum hjá kvinnum,
2011,Kommunustýri,Oyndarfjarðar kommuna,Tal av sætum hjá kvinnum,
2011,Kommunustýri,Oyndarfjarðar kommuna,Tal av sætum,
2012,Kommunustýri,Oyndarfjarðar kommuna,Partur av sætum hjá kvinnum,
2012,Kommunustýri,Oyndarfjarðar kommuna,Tal av sætum hjá kvinnum,
2012,Kommunustýri,Oyndarfjarðar kommuna,Tal av sætum,
2015,Kommunustýri,Oyndarfjarðar kommuna,Partur av sætum hjá kvinnum,
2015,Kommunustýri,Oyndarfjarðar kommuna,Tal av sætum hjá kvinnum,
2015,Kommunustýri,Oyndarfjarðar kommuna,Tal av sætum,
2016,Kommunustýri,Oyndarfjarðar kommuna,Partur av sætum hjá kvinnum,
2016,Kommunustýri,Oyndarfjarðar kommuna,Tal av sætum hjá kvinnum,
2016,Kommunustýri,Oyndarfjarðar kommuna,Tal av sætum,
2019,Kommunustýri,Oyndarfjarðar kommuna,Partur av sætum hjá kvinnum,
2019,Kommunustýri,Oyndarfjarðar kommuna,Tal av sætum hjá kvinnum,
2019,Kommunustýri,Oyndarfjarðar kommuna,Tal av sætum,
2020,Kommunustýri,Oyndarfjarðar kommuna,Partur av sætum hjá kvinnum,
2020,Kommunustýri,Oyndarfjarðar kommuna,Tal av sætum hjá kvinnum,
2020,Kommunustýri,Oyndarfjarðar kommuna,Tal av sætum,
2022,Kommunustýri,Oyndarfjarðar kommuna,Partur av sætum hjá kvinnum,
2022,Kommunustýri,Oyndarfjarðar kommuna,Tal av sætum hjá kvinnum,
2022,Kommunustýri,Oyndarfjarðar kommuna,Tal av sætum,
1984,Kommunustýri,Porkeris kommuna,Partur av sætum hjá kvinnum,
1984,Kommunustýri,Porkeris kommuna,Tal av sætum hjá kvinnum,
1984,Kommunustýri,Porkeris kommuna,Tal av sætum,
1988,Kommunustýri,Porkeris kommuna,Partur av sætum hjá kvinnum,
1988,Kommunustýri,Porkeris kommuna,Tal av sætum hjá kvinnum,
1988,Kommunustýri,Porkeris kommuna,Tal av sætum,
1990,Kommunustýri,Porkeris kommuna,Partur av sætum hjá kvinnum,
1990,Kommunustýri,Porkeris kommuna,Tal av sætum hjá kvinnum,
1990,Kommunustýri,Porkeris kommuna,Tal av sætum,
1992,Kommunustýri,Porkeris kommuna,Partur av sætum hjá kvinnum,0.0
1992,Kommunustýri,Porkeris kommuna,Tal av sætum hjá kvinnum,0.0
1992,Kommunustýri,Porkeris kommuna,Tal av sætum,5.0
1994,Kommunustýri,Porkeris kommuna,Partur av sætum hjá kvinnum,
1994,Kommunustýri,Porkeris kommuna,Tal av sætum hjá kvinnum,
1994,Kommunustýri,Porkeris kommuna,Tal av sætum,
1996,Kommunustýri,Porkeris kommuna,Partur av sætum hjá kvinnum,20.0
1996,Kommunustýri,Porkeris kommuna,Tal av sætum hjá kvinnum,1.0
1996,Kommunustýri,Porkeris kommuna,Tal av sætum,5.0
1998,Kommunustýri,Porkeris kommuna,Partur av sætum hjá kvinnum,
1998,Kommunustýri,Porkeris kommuna,Tal av sætum hjá kvinnum,
1998,Kommunustýri,Porkeris kommuna,Tal av sætum,
2000,Kommunustýri,Porkeris kommuna,Partur av sætum hjá kvinnum,20.0
2000,Kommunustýri,Porkeris kommuna,Tal av sætum hjá kvinnum,1.0
2000,Kommunustýri,Porkeris kommuna,Tal av sætum,5.0
2002,Kommunustýri,Porkeris kommuna,Partur av sætum hjá kvinnum,
2002,Kommunustýri,Porkeris kommuna,Tal av sætum hjá kvinnum,
2002,Kommunustýri,Porkeris kommuna,Tal av sætum,
2004,Kommunustýri,Porkeris kommuna,Partur av sætum hjá kvinnum,20.0
2004,Kommunustýri,Porkeris kommuna,Tal av sætum hjá kvinnum,1.0
2004,Kommunustýri,Porkeris kommuna,Tal av sætum,5.0
2008,Kommunustýri,Porkeris kommuna,Partur av sætum hjá kvinnum,
2008,Kommunustýri,Porkeris kommuna,Tal av sætum hjá kvinnum,
2008,Kommunustýri,Porkeris kommuna,Tal av sætum,
2011,Kommunustýri,Porkeris kommuna,Partur av sætum hjá kvinnum,
2011,Kommunustýri,Porkeris kommuna,Tal av sætum hjá kvinnum,
2011,Kommunustýri,Porkeris kommuna,Tal av sætum,
2012,Kommunustýri,Porkeris kommuna,Partur av sætum hjá kvinnum,20.0
2012,Kommunustýri,Porkeris kommuna,Tal av sætum hjá kvinnum,1.0
2012,Kommunustýri,Porkeris kommuna,Tal av sætum,5.0
2015,Kommunustýri,Porkeris kommuna,Partur av sætum hjá kvinnum,
2015,Kommunustýri,Porkeris kommuna,Tal av sætum hjá kvinnum,
2015,Kommunustýri,Porkeris kommuna,Tal av sætum,
2016,Kommunustýri,Porkeris kommuna,Partur av sætum hjá kvinnum,40.0
2016,Kommunustýri,Porkeris kommuna,Tal av sætum hjá kvinnum,2.0
2016,Kommunustýri,Porkeris kommuna,Tal av sætum,5.0
2019,Kommunustýri,Porkeris kommuna,Partur av sætum hjá kvinnum,
2019,Kommunustýri,Porkeris kommuna,Tal av sætum hjá kvinnum,
2019,Kommunustýri,Porkeris kommuna,Tal av sætum,
2020,Kommunustýri,Porkeris kommuna,Partur av sætum hjá kvinnum,40.0
2020,Kommunustýri,Porkeris kommuna,Tal av sætum hjá kvinnum,2.0
2020,Kommunustýri,Porkeris kommuna,Tal av sætum,5.0
2022,Kommunustýri,Porkeris kommuna,Partur av sætum hjá kvinnum,
2022,Kommunustýri,Porkeris kommuna,Tal av sætum hjá kvinnum,
2022,Kommunustýri,Porkeris kommuna,Tal av sætum,
1984,Kommunustýri,Runavíkar kommuna,Partur av sætum hjá kvinnum,
1984,Kommunustýri,Runavíkar kommuna,Tal av sætum hjá kvinnum,
1984,Kommunustýri,Runavíkar kommuna,Tal av sætum,
1988,Kommunustýri,Runavíkar kommuna,Partur av sætum hjá kvinnum,
1988,Kommunustýri,Runavíkar kommuna,Tal av sætum hjá kvinnum,
1988,Kommunustýri,Runavíkar kommuna,Tal av sætum,
1990,Kommunustýri,Runavíkar kommuna,Partur av sætum hjá kvinnum,
1990,Kommunustýri,Runavíkar kommuna,Tal av sætum hjá kvinnum,
1990,Kommunustýri,Runavíkar kommuna,Tal av sætum,
1992,Kommunustýri,Runavíkar kommuna,Partur av sætum hjá kvinnum,0.0
1992,Kommunustýri,Runavíkar kommuna,Tal av sætum hjá kvinnum,0.0
1992,Kommunustýri,Runavíkar kommuna,Tal av sætum,10.0
1994,Kommunustýri,Runavíkar kommuna,Partur av sætum hjá kvinnum,
1994,Kommunustýri,Runavíkar kommuna,Tal av sætum hjá kvinnum,
1994,Kommunustýri,Runavíkar kommuna,Tal av sætum,
1996,Kommunustýri,Runavíkar kommuna,Partur av sætum hjá kvinnum,0.0
1996,Kommunustýri,Runavíkar kommuna,Tal av sætum hjá kvinnum,0.0
1996,Kommunustýri,Runavíkar kommuna,Tal av sætum,12.0
1998,Kommunustýri,Runavíkar kommuna,Partur av sætum hjá kvinnum,
1998,Kommunustýri,Runavíkar kommuna,Tal av sætum hjá kvinnum,
1998,Kommunustýri,Runavíkar kommuna,Tal av sætum,
2000,Kommunustýri,Runavíkar kommuna,Partur av sætum hjá kvinnum,13.3
2000,Kommunustýri,Runavíkar kommuna,Tal av sætum hjá kvinnum,2.0
2000,Kommunustýri,Runavíkar kommuna,Tal av sætum,15.0
2002,Kommunustýri,Runavíkar kommuna,Partur av sætum hjá kvinnum,
2002,Kommunustýri,Runavíkar kommuna,Tal av sætum hjá kvinnum,
2002,Kommunustýri,Runavíkar kommuna,Tal av sætum,
2004,Kommunustýri,Runavíkar kommuna,Partur av sætum hjá kvinnum,0.0
2004,Kommunustýri,Runavíkar kommuna,Tal av sætum hjá kvinnum,0.0
2004,Kommunustýri,Runavíkar kommuna,Tal av sætum,12.0
2008,Kommunustýri,Runavíkar kommuna,Partur av sætum hjá kvinnum,
2008,Kommunustýri,Runavíkar kommuna,Tal av sætum hjá kvinnum,
2008,Kommunustýri,Runavíkar kommuna,Tal av sætum,
2011,Kommunustýri,Runavíkar kommuna,Partur av sætum hjá kvinnum,
2011,Kommunustýri,Runavíkar kommuna,Tal av sætum hjá kvinnum,
2011,Kommunustýri,Runavíkar kommuna,Tal av sætum,
2012,Kommunustýri,Runavíkar kommuna,Partur av sætum hjá kvinnum,9.1
2012,Kommunustýri,Runavíkar kommuna,Tal av sætum hjá kvinnum,1.0
2012,Kommunustýri,Runavíkar kommuna,Tal av sætum,11.0
2015,Kommunustýri,Runavíkar kommuna,Partur av sætum hjá kvinnum,
2015,Kommunustýri,Runavíkar kommuna,Tal av sætum hjá kvinnum,
2015,Kommunustýri,Runavíkar kommuna,Tal av sætum,
2016,Kommunustýri,Runavíkar kommuna,Partur av sætum hjá kvinnum,27.3
2016,Kommunustýri,Runavíkar kommuna,Tal av sætum hjá kvinnum,3.0
2016,Kommunustýri,Runavíkar kommuna,Tal av sætum,11.0
2019,Kommunustýri,Runavíkar kommuna,Partur av sætum hjá kvinnum,
2019,Kommunustýri,Runavíkar kommuna,Tal av sætum hjá kvinnum,
2019,Kommunustýri,Runavíkar kommuna,Tal av sætum,
2020,Kommunustýri,Runavíkar kommuna,Partur av sætum hjá kvinnum,36.4
2020,Kommunustýri,Runavíkar kommuna,Tal av sætum hjá kvinnum,4.0
2020,Kommunustýri,Runavíkar kommuna,Tal av sætum,11.0
2022,Kommunustýri,Runavíkar kommuna,Partur av sætum hjá kvinnum,
2022,Kommunustýri,Runavíkar kommuna,Tal av sætum hjá kvinnum,
2022,Kommunustýri,Runavíkar kommuna,Tal av sætum,
1984,Kommunustýri,Saksunar kommuna,Partur av sætum hjá kvinnum,
1984,Kommunustýri,Saksunar kommuna,Tal av sætum hjá kvinnum,
1984,Kommunustýri,Saksunar kommuna,Tal av sætum,
1988,Kommunustýri,Saksunar kommuna,Partur av sætum hjá kvinnum,
1988,Kommunustýri,Saksunar kommuna,Tal av sætum hjá kvinnum,
1988,Kommunustýri,Saksunar kommuna,Tal av sætum,
1990,Kommunustýri,Saksunar kommuna,Partur av sætum hjá kvinnum,
1990,Kommunustýri,Saksunar kommuna,Tal av sætum hjá kvinnum,
1990,Kommunustýri,Saksunar kommuna,Tal av sætum,
1992,Kommunustýri,Saksunar kommuna,Partur av sætum hjá kvinnum,100.0
1992,Kommunustýri,Saksunar kommuna,Tal av sætum hjá kvinnum,1.0
1992,Kommunustýri,Saksunar kommuna,Tal av sætum,1.0
1994,Kommunustýri,Saksunar kommuna,Partur av sætum hjá kvinnum,
1994,Kommunustýri,Saksunar kommuna,Tal av sætum hjá kvinnum,
1994,Kommunustýri,Saksunar kommuna,Tal av sætum,
1996,Kommunustýri,Saksunar kommuna,Partur av sætum hjá kvinnum,0.0
1996,Kommunustýri,Saksunar kommuna,Tal av sætum hjá kvinnum,0.0
1996,Kommunustýri,Saksunar kommuna,Tal av sætum,1.0
1998,Kommunustýri,Saksunar kommuna,Partur av sætum hjá kvinnum,
1998,Kommunustýri,Saksunar kommuna,Tal av sætum hjá kvinnum,
1998,Kommunustýri,Saksunar kommuna,Tal av sætum,
2000,Kommunustýri,Saksunar kommuna,Partur av sætum hjá kvinnum,0.0
2000,Kommunustýri,Saksunar kommuna,Tal av sætum hjá kvinnum,0.0
2000,Kommunustýri,Saksunar kommuna,Tal av sætum,1.0
2002,Kommunustýri,Saksunar kommuna,Partur av sætum hjá kvinnum,
2002,Kommunustýri,Saksunar kommuna,Tal av sætum hjá kvinnum,
2002,Kommunustýri,Saksunar kommuna,Tal av sætum,
2004,Kommunustýri,Saksunar kommuna,Partur av sætum hjá kvinnum,
2004,Kommunustýri,Saksunar kommuna,Tal av sætum hjá kvinnum,
2004,Kommunustýri,Saksunar kommuna,Tal av sætum,
2008,Kommunustýri,Saksunar kommuna,Partur av sætum hjá kvinnum,
2008,Kommunustýri,Saksunar kommuna,Tal av sætum hjá kvinnum,
2008,Kommunustýri,Saksunar kommuna,Tal av sætum,
2011,Kommunustýri,Saksunar kommuna,Partur av sætum hjá kvinnum,
2011,Kommunustýri,Saksunar kommuna,Tal av sætum hjá kvinnum,
2011,Kommunustýri,Saksunar kommuna,Tal av sætum,
2012,Kommunustýri,Saksunar kommuna,Partur av sætum hjá kvinnum,
2012,Kommunustýri,Saksunar kommuna,Tal av sætum hjá kvinnum,
2012,Kommunustýri,Saksunar kommuna,Tal av sætum,
2015,Kommunustýri,Saksunar kommuna,Partur av sætum hjá kvinnum,
2015,Kommunustýri,Saksunar kommuna,Tal av sætum hjá kvinnum,
2015,Kommunustýri,Saksunar kommuna,Tal av sætum,
2016,Kommunustýri,Saksunar kommuna,Partur av sætum hjá kvinnum,
2016,Kommunustýri,Saksunar kommuna,Tal av sætum hjá kvinnum,
2016,Kommunustýri,Saksunar kommuna,Tal av sætum,
2019,Kommunustýri,Saksunar kommuna,Partur av sætum hjá kvinnum,
2019,Kommunustýri,Saksunar kommuna,Tal av sætum hjá kvinnum,
2019,Kommunustýri,Saksunar kommuna,Tal av sætum,
2020,Kommunustýri,Saksunar kommuna,Partur av sætum hjá kvinnum,
2020,Kommunustýri,Saksunar kommuna,Tal av sætum hjá kvinnum,
2020,Kommunustýri,Saksunar kommuna,Tal av sætum,
2022,Kommunustýri,Saksunar kommuna,Partur av sætum hjá kvinnum,
2022,Kommunustýri,Saksunar kommuna,Tal av sætum hjá kvinnum,
2022,Kommunustýri,Saksunar kommuna,Tal av sætum,
1984,Kommunustýri,Sandavágs kommuna,Partur av sætum hjá kvinnum,
1984,Kommunustýri,Sandavágs kommuna,Tal av sætum hjá kvinnum,
1984,Kommunustýri,Sandavágs kommuna,Tal av sætum,
1988,Kommunustýri,Sandavágs kommuna,Partur av sætum hjá kvinnum,
1988,Kommunustýri,Sandavágs kommuna,Tal av sætum hjá kvinnum,
1988,Kommunustýri,Sandavágs kommuna,Tal av sætum,
1990,Kommunustýri,Sandavágs kommuna,Partur av sætum hjá kvinnum,
1990,Kommunustýri,Sandavágs kommuna,Tal av sætum hjá kvinnum,
1990,Kommunustýri,Sandavágs kommuna,Tal av sætum,
1992,Kommunustýri,Sandavágs kommuna,Partur av sætum hjá kvinnum,20.0
1992,Kommunustýri,Sandavágs kommuna,Tal av sætum hjá kvinnum,1.0
1992,Kommunustýri,Sandavágs kommuna,Tal av sætum,5.0
1994,Kommunustýri,Sandavágs kommuna,Partur av sætum hjá kvinnum,
1994,Kommunustýri,Sandavágs kommuna,Tal av sætum hjá kvinnum,
1994,Kommunustýri,Sandavágs kommuna,Tal av sætum,
1996,Kommunustýri,Sandavágs kommuna,Partur av sætum hjá kvinnum,25.0
1996,Kommunustýri,Sandavágs kommuna,Tal av sætum hjá kvinnum,1.0
1996,Kommunustýri,Sandavágs kommuna,Tal av sætum,4.0
1998,Kommunustýri,Sandavágs kommuna,Partur av sætum hjá kvinnum,
1998,Kommunustýri,Sandavágs kommuna,Tal av sætum hjá kvinnum,
1998,Kommunustýri,Sandavágs kommuna,Tal av sætum,
2000,Kommunustýri,Sandavágs kommuna,Partur av sætum hjá kvinnum,25.0
2000,Kommunustýri,Sandavágs kommuna,Tal av sætum hjá kvinnum,1.0
2000,Kommunustýri,Sandavágs kommuna,Tal av sætum,4.0
2002,Kommunustýri,Sandavágs kommuna,Partur av sætum hjá kvinnum,
2002,Kommunustýri,Sandavágs kommuna,Tal av sætum hjá kvinnum,
2002,Kommunustýri,Sandavágs kommuna,Tal av sætum,
2004,Kommunustýri,Sandavágs kommuna,Partur av sætum hjá kvinnum,50.0
2004,Kommunustýri,Sandavágs kommuna,Tal av sætum hjá kvinnum,1.0
2004,Kommunustýri,Sandavágs kommuna,Tal av sætum,2.0
2008,Kommunustýri,Sandavágs kommuna,Partur av sætum hjá kvinnum,
2008,Kommunustýri,Sandavágs kommuna,Tal av sætum hjá kvinnum,
2008,Kommunustýri,Sandavágs kommuna,Tal av sætum,
2011,Kommunustýri,Sandavágs kommuna,Partur av sætum hjá kvinnum,
2011,Kommunustýri,Sandavágs kommuna,Tal av sætum hjá kvinnum,
2011,Kommunustýri,Sandavágs kommuna,Tal av sætum,
2012,Kommunustýri,Sandavágs kommuna,Partur av sætum hjá kvinnum,
2012,Kommunustýri,Sandavágs kommuna,Tal av sætum hjá kvinnum,
2012,Kommunustýri,Sandavágs kommuna,Tal av sætum,
2015,Kommunustýri,Sandavágs kommuna,Partur av sætum hjá kvinnum,
2015,Kommunustýri,Sandavágs kommuna,Tal av sætum hjá kvinnum,
2015,Kommunustýri,Sandavágs kommuna,Tal av sætum,
2016,Kommunustýri,Sandavágs kommuna,Partur av sætum hjá kvinnum,
2016,Kommunustýri,Sandavágs kommuna,Tal av sætum hjá kvinnum,
2016,Kommunustýri,Sandavágs kommuna,Tal av sætum,
2019,Kommunustýri,Sandavágs kommuna,Partur av sætum hjá kvinnum,
2019,Kommunustýri,Sandavágs kommuna,Tal av sætum hjá kvinnum,
2019,Kommunustýri,Sandavágs kommuna,Tal av sætum,
2020,Kommunustýri,Sandavágs kommuna,Partur av sætum hjá kvinnum,
2020,Kommunustýri,Sandavágs kommuna,Tal av sætum hjá kvinnum,
2020,Kommunustýri,Sandavágs kommuna,Tal av sætum,
2022,Kommunustýri,Sandavágs kommuna,Partur av sætum hjá kvinnum,
2022,Kommunustýri,Sandavágs kommuna,Tal av sætum hjá kvinnum,
2022,Kommunustýri,Sandavágs kommuna,Tal av sætum,
1984,Kommunustýri,Sands kommuna,Partur av sætum hjá kvinnum,
1984,Kommunustýri,Sands kommuna,Tal av sætum hjá kvinnum,
1984,Kommunustýri,Sands kommuna,Tal av sætum,
1988,Kommunustýri,Sands kommuna,Partur av sætum hjá kvinnum,
1988,Kommunustýri,Sands kommuna,Tal av sætum hjá kvinnum,
1988,Kommunustýri,Sands kommuna,Tal av sætum,
1990,Kommunustýri,Sands kommuna,Partur av sætum hjá kvinnum,
1990,Kommunustýri,Sands kommuna,Tal av sætum hjá kvinnum,
1990,Kommunustýri,Sands kommuna,Tal av sætum,
1992,Kommunustýri,Sands kommuna,Partur av sætum hjá kvinnum,0.0
1992,Kommunustýri,Sands kommuna,Tal av sætum hjá kvinnum,0.0
1992,Kommunustýri,Sands kommuna,Tal av sætum,5.0
1994,Kommunustýri,Sands kommuna,Partur av sætum hjá kvinnum,
1994,Kommunustýri,Sands kommuna,Tal av sætum hjá kvinnum,
1994,Kommunustýri,Sands kommuna,Tal av sætum,
1996,Kommunustýri,Sands kommuna,Partur av sætum hjá kvinnum,40.0
1996,Kommunustýri,Sands kommuna,Tal av sætum hjá kvinnum,2.0
1996,Kommunustýri,Sands kommuna,Tal av sætum,5.0
1998,Kommunustýri,Sands kommuna,Partur av sætum hjá kvinnum,
1998,Kommunustýri,Sands kommuna,Tal av sætum hjá kvinnum,
1998,Kommunustýri,Sands kommuna,Tal av sætum,
2000,Kommunustýri,Sands kommuna,Partur av sætum hjá kvinnum,14.3
2000,Kommunustýri,Sands kommuna,Tal av sætum hjá kvinnum,1.0
2000,Kommunustýri,Sands kommuna,Tal av sætum,7.0
2002,Kommunustýri,Sands kommuna,Partur av sætum hjá kvinnum,
2002,Kommunustýri,Sands kommuna,Tal av sætum hjá kvinnum,
2002,Kommunustýri,Sands kommuna,Tal av sætum,
2004,Kommunustýri,Sands kommuna,Partur av sætum hjá kvinnum,14.3
2004,Kommunustýri,Sands kommuna,Tal av sætum hjá kvinnum,1.0
2004,Kommunustýri,Sands kommuna,Tal av sætum,7.0
2008,Kommunustýri,Sands kommuna,Partur av sætum hjá kvinnum,
2008,Kommunustýri,Sands kommuna,Tal av sætum hjá kvinnum,
2008,Kommunustýri,Sands kommuna,Tal av sætum,
2011,Kommunustýri,Sands kommuna,Partur av sætum hjá kvinnum,
2011,Kommunustýri,Sands kommuna,Tal av sætum hjá kvinnum,
2011,Kommunustýri,Sands kommuna,Tal av sætum,
2012,Kommunustýri,Sands kommuna,Partur av sætum hjá kvinnum,0.0
2012,Kommunustýri,Sands kommuna,Tal av sætum hjá kvinnum,0.0
2012,Kommunustýri,Sands kommuna,Tal av sætum,7.0
2015,Kommunustýri,Sands kommuna,Partur av sætum hjá kvinnum,
2015,Kommunustýri,Sands kommuna,Tal av sætum hjá kvinnum,
2015,Kommunustýri,Sands kommuna,Tal av sætum,
2016,Kommunustýri,Sands kommuna,Partur av sætum hjá kvinnum,14.3
2016,Kommunustýri,Sands kommuna,Tal av sætum hjá kvinnum,1.0
2016,Kommunustýri,Sands kommuna,Tal av sætum,7.0
2019,Kommunustýri,Sands kommuna,Partur av sætum hjá kvinnum,
2019,Kommunustýri,Sands kommuna,Tal av sætum hjá kvinnum,
2019,Kommunustýri,Sands kommuna,Tal av sætum,
2020,Kommunustýri,Sands kommuna,Partur av sætum hjá kvinnum,42.9
2020,Kommunustýri,Sands kommuna,Tal av sætum hjá kvinnum,3.0
2020,Kommunustýri,Sands kommuna,Tal av sætum,7.0
2022,Kommunustýri,Sands kommuna,Partur av sætum hjá kvinnum,
2022,Kommunustýri,Sands kommuna,Tal av sætum hjá kvinnum,
2022,Kommunustýri,Sands kommuna,Tal av sætum,
1984,Kommunustýri,Sjóvar kommuna,Partur av sætum hjá kvinnum,
1984,Kommunustýri,Sjóvar kommuna,Tal av sætum hjá kvinnum,
1984,Kommunustýri,Sjóvar kommuna,Tal av sætum,
1988,Kommunustýri,Sjóvar kommuna,Partur av sætum hjá kvinnum,
1988,Kommunustýri,Sjóvar kommuna,Tal av sætum hjá kvinnum,
1988,Kommunustýri,Sjóvar kommuna,Tal av sætum,
1990,Kommunustýri,Sjóvar kommuna,Partur av sætum hjá kvinnum,
1990,Kommunustýri,Sjóvar kommuna,Tal av sætum hjá kvinnum,
1990,Kommunustýri,Sjóvar kommuna,Tal av sætum,
1992,Kommunustýri,Sjóvar kommuna,Partur av sætum hjá kvinnum,0.0
1992,Kommunustýri,Sjóvar kommuna,Tal av sætum hjá kvinnum,0.0
1992,Kommunustýri,Sjóvar kommuna,Tal av sætum,5.0
1994,Kommunustýri,Sjóvar kommuna,Partur av sætum hjá kvinnum,
1994,Kommunustýri,Sjóvar kommuna,Tal av sætum hjá kvinnum,
1994,Kommunustýri,Sjóvar kommuna,Tal av sætum,
1996,Kommunustýri,Sjóvar kommuna,Partur av sætum hjá kvinnum,20.0
1996,Kommunustýri,Sjóvar kommuna,Tal av sætum hjá kvinnum,1.0
1996,Kommunustýri,Sjóvar kommuna,Tal av sætum,5.0
1998,Kommunustýri,Sjóvar kommuna,Partur av sætum hjá kvinnum,
1998,Kommunustýri,Sjóvar kommuna,Tal av sætum hjá kvinnum,
1998,Kommunustýri,Sjóvar kommuna,Tal av sætum,
2000,Kommunustýri,Sjóvar kommuna,Partur av sætum hjá kvinnum,14.3
2000,Kommunustýri,Sjóvar kommuna,Tal av sætum hjá kvinnum,1.0
2000,Kommunustýri,Sjóvar kommuna,Tal av sætum,7.0
2002,Kommunustýri,Sjóvar kommuna,Partur av sætum hjá kvinnum,
2002,Kommunustýri,Sjóvar kommuna,Tal av sætum hjá kvinnum,
2002,Kommunustýri,Sjóvar kommuna,Tal av sætum,
2004,Kommunustýri,Sjóvar kommuna,Partur av sætum hjá kvinnum,14.3
2004,Kommunustýri,Sjóvar kommuna,Tal av sætum hjá kvinnum,1.0
2004,Kommunustýri,Sjóvar kommuna,Tal av sætum,7.0
2008,Kommunustýri,Sjóvar kommuna,Partur av sætum hjá kvinnum,
2008,Kommunustýri,Sjóvar kommuna,Tal av sætum hjá kvinnum,
2008,Kommunustýri,Sjóvar kommuna,Tal av sætum,
2011,Kommunustýri,Sjóvar kommuna,Partur av sætum hjá kvinnum,
2011,Kommunustýri,Sjóvar kommuna,Tal av sætum hjá kvinnum,
2011,Kommunustýri,Sjóvar kommuna,Tal av sætum,
2012,Kommunustýri,Sjóvar kommuna,Partur av sætum hjá kvinnum,14.3
2012,Kommunustýri,Sjóvar kommuna,Tal av sætum hjá kvinnum,1.0
2012,Kommunustýri,Sjóvar kommuna,Tal av sætum,7.0
2015,Kommunustýri,Sjóvar kommuna,Partur av sætum hjá kvinnum,
2015,Kommunustýri,Sjóvar kommuna,Tal av sætum hjá kvinnum,
2015,Kommunustýri,Sjóvar kommuna,Tal av sætum,
2016,Kommunustýri,Sjóvar kommuna,Partur av sætum hjá kvinnum,14.3
2016,Kommunustýri,Sjóvar kommuna,Tal av sætum hjá kvinnum,1.0
2016,Kommunustýri,Sjóvar kommuna,Tal av sætum,7.0
2019,Kommunustýri,Sjóvar kommuna,Partur av sætum hjá kvinnum,
2019,Kommunustýri,Sjóvar kommuna,Tal av sætum hjá kvinnum,
2019,Kommunustýri,Sjóvar kommuna,Tal av sætum,
2020,Kommunustýri,Sjóvar kommuna,Partur av sætum hjá kvinnum,0.0
2020,Kommunustýri,Sjóvar kommuna,Tal av sætum hjá kvinnum,0.0
2020,Kommunustýri,Sjóvar kommuna,Tal av sætum,7.0
2022,Kommunustýri,Sjóvar kommuna,Partur av sætum hjá kvinnum,
2022,Kommunustýri,Sjóvar kommuna,Tal av sætum hjá kvinnum,
2022,Kommunustýri,Sjóvar kommuna,Tal av sætum,
1984,Kommunustýri,Skála kommuna,Partur av sætum hjá kvinnum,
1984,Kommunustýri,Skála kommuna,Tal av sætum hjá kvinnum,
1984,Kommunustýri,Skála kommuna,Tal av sætum,
1988,Kommunustýri,Skála kommuna,Partur av sætum hjá kvinnum,
1988,Kommunustýri,Skála kommuna,Tal av sætum hjá kvinnum,
1988,Kommunustýri,Skála kommuna,Tal av sætum,
1990,Kommunustýri,Skála kommuna,Partur av sætum hjá kvinnum,
1990,Kommunustýri,Skála kommuna,Tal av sætum hjá kvinnum,
1990,Kommunustýri,Skála kommuna,Tal av sætum,
1992,Kommunustýri,Skála kommuna,Partur av sætum hjá kvinnum,20.0
1992,Kommunustýri,Skála kommuna,Tal av sætum hjá kvinnum,1.0
1992,Kommunustýri,Skála kommuna,Tal av sætum,5.0
1994,Kommunustýri,Skála kommuna,Partur av sætum hjá kvinnum,
1994,Kommunustýri,Skála kommuna,Tal av sætum hjá kvinnum,
1994,Kommunustýri,Skála kommuna,Tal av sætum,
1996,Kommunustýri,Skála kommuna,Partur av sætum hjá kvinnum,40.0
1996,Kommunustýri,Skála kommuna,Tal av sætum hjá kvinnum,2.0
1996,Kommunustýri,Skála kommuna,Tal av sætum,5.0
1998,Kommunustýri,Skála kommuna,Partur av sætum hjá kvinnum,
1998,Kommunustýri,Skála kommuna,Tal av sætum hjá kvinnum,
1998,Kommunustýri,Skála kommuna,Tal av sætum,
2000,Kommunustýri,Skála kommuna,Partur av sætum hjá kvinnum,0.0
2000,Kommunustýri,Skála kommuna,Tal av sætum hjá kvinnum,0.0
2000,Kommunustýri,Skála kommuna,Tal av sætum,3.0
2002,Kommunustýri,Skála kommuna,Partur av sætum hjá kvinnum,
2002,Kommunustýri,Skála kommuna,Tal av sætum hjá kvinnum,
2002,Kommunustýri,Skála kommuna,Tal av sætum,
2004,Kommunustýri,Skála kommuna,Partur av sætum hjá kvinnum,
2004,Kommunustýri,Skála kommuna,Tal av sætum hjá kvinnum,
2004,Kommunustýri,Skála kommuna,Tal av sætum,
2008,Kommunustýri,Skála kommuna,Partur av sætum hjá kvinnum,
2008,Kommunustýri,Skála kommuna,Tal av sætum hjá kvinnum,
2008,Kommunustýri,Skála kommuna,Tal av sætum,
2011,Kommunustýri,Skála kommuna,Partur av sætum hjá kvinnum,
2011,Kommunustýri,Skála kommuna,Tal av sætum hjá kvinnum,
2011,Kommunustýri,Skála kommuna,Tal av sætum,
2012,Kommunustýri,Skála kommuna,Partur av sætum hjá kvinnum,
2012,Kommunustýri,Skála kommuna,Tal av sætum hjá kvinnum,
2012,Kommunustýri,Skála kommuna,Tal av sætum,
2015,Kommunustýri,Skála kommuna,Partur av sætum hjá kvinnum,
2015,Kommunustýri,Skála kommuna,Tal av sætum hjá kvinnum,
2015,Kommunustýri,Skála kommuna,Tal av sætum,
2016,Kommunustýri,Skála kommuna,Partur av sætum hjá kvinnum,
2016,Kommunustýri,Skála kommuna,Tal av sætum hjá kvinnum,
2016,Kommunustýri,Skála kommuna,Tal av sætum,
2019,Kommunustýri,Skála kommuna,Partur av sætum hjá kvinnum,
2019,Kommunustýri,Skála kommuna,Tal av sætum hjá kvinnum,
2019,Kommunustýri,Skála kommuna,Tal av sætum,
2020,Kommunustýri,Skála kommuna,Partur av sætum hjá kvinnum,
2020,Kommunustýri,Skála kommuna,Tal av sætum hjá kvinnum,
2020,Kommunustýri,Skála kommuna,Tal av sætum,
2022,Kommunustýri,Skála kommuna,Partur av sætum hjá kvinnum,
2022,Kommunustýri,Skála kommuna,Tal av sætum hjá kvinnum,
2022,Kommunustýri,Skála kommuna,Tal av sætum,
1984,Kommunustýri,Skálavíkar kommuna,Partur av sætum hjá kvinnum,
1984,Kommunustýri,Skálavíkar kommuna,Tal av sætum hjá kvinnum,
1984,Kommunustýri,Skálavíkar kommuna,Tal av sætum,
1988,Kommunustýri,Skálavíkar kommuna,Partur av sætum hjá kvinnum,
1988,Kommunustýri,Skálavíkar kommuna,Tal av sætum hjá kvinnum,
1988,Kommunustýri,Skálavíkar kommuna,Tal av sætum,
1990,Kommunustýri,Skálavíkar kommuna,Partur av sætum hjá kvinnum,
1990,Kommunustýri,Skálavíkar kommuna,Tal av sætum hjá kvinnum,
1990,Kommunustýri,Skálavíkar kommuna,Tal av sætum,
1992,Kommunustýri,Skálavíkar kommuna,Partur av sætum hjá kvinnum,0.0
1992,Kommunustýri,Skálavíkar kommuna,Tal av sætum hjá kvinnum,0.0
1992,Kommunustýri,Skálavíkar kommuna,Tal av sætum,5.0
1994,Kommunustýri,Skálavíkar kommuna,Partur av sætum hjá kvinnum,
1994,Kommunustýri,Skálavíkar kommuna,Tal av sætum hjá kvinnum,
1994,Kommunustýri,Skálavíkar kommuna,Tal av sætum,
1996,Kommunustýri,Skálavíkar kommuna,Partur av sætum hjá kvinnum,40.0
1996,Kommunustýri,Skálavíkar kommuna,Tal av sætum hjá kvinnum,2.0
1996,Kommunustýri,Skálavíkar kommuna,Tal av sætum,5.0
1998,Kommunustýri,Skálavíkar kommuna,Partur av sætum hjá kvinnum,
1998,Kommunustýri,Skálavíkar kommuna,Tal av sætum hjá kvinnum,
1998,Kommunustýri,Skálavíkar kommuna,Tal av sætum,
2000,Kommunustýri,Skálavíkar kommuna,Partur av sætum hjá kvinnum,20.0
2000,Kommunustýri,Skálavíkar kommuna,Tal av sætum hjá kvinnum,1.0
2000,Kommunustýri,Skálavíkar kommuna,Tal av sætum,5.0
2002,Kommunustýri,Skálavíkar kommuna,Partur av sætum hjá kvinnum,
2002,Kommunustýri,Skálavíkar kommuna,Tal av sætum hjá kvinnum,
2002,Kommunustýri,Skálavíkar kommuna,Tal av sætum,
2004,Kommunustýri,Skálavíkar kommuna,Partur av sætum hjá kvinnum,20.0
2004,Kommunustýri,Skálavíkar kommuna,Tal av sætum hjá kvinnum,1.0
2004,Kommunustýri,Skálavíkar kommuna,Tal av sætum,5.0
2008,Kommunustýri,Skálavíkar kommuna,Partur av sætum hjá kvinnum,
2008,Kommunustýri,Skálavíkar kommuna,Tal av sætum hjá kvinnum,
2008,Kommunustýri,Skálavíkar kommuna,Tal av sætum,
2011,Kommunustýri,Skálavíkar kommuna,Partur av sætum hjá kvinnum,
2011,Kommunustýri,Skálavíkar kommuna,Tal av sætum hjá kvinnum,
2011,Kommunustýri,Skálavíkar kommuna,Tal av sætum,
2012,Kommunustýri,Skálavíkar kommuna,Partur av sætum hjá kvinnum,60.0
2012,Kommunustýri,Skálavíkar kommuna,Tal av sætum hjá kvinnum,3.0
2012,Kommunustýri,Skálavíkar kommuna,Tal av sætum,5.0
2015,Kommunustýri,Skálavíkar kommuna,Partur av sætum hjá kvinnum,
2015,Kommunustýri,Skálavíkar kommuna,Tal av sætum hjá kvinnum,
2015,Kommunustýri,Skálavíkar kommuna,Tal av sætum,
2016,Kommunustýri,Skálavíkar kommuna,Partur av sætum hjá kvinnum,60.0
2016,Kommunustýri,Skálavíkar kommuna,Tal av sætum hjá kvinnum,3.0
2016,Kommunustýri,Skálavíkar kommuna,Tal av sætum,5.0
2019,Kommunustýri,Skálavíkar kommuna,Partur av sætum hjá kvinnum,
2019,Kommunustýri,Skálavíkar kommuna,Tal av sætum hjá kvinnum,
2019,Kommunustýri,Skálavíkar kommuna,Tal av sætum,
2020,Kommunustýri,Skálavíkar kommuna,Partur av sætum hjá kvinnum,20.0
2020,Kommunustýri,Skálavíkar kommuna,Tal av sætum hjá kvinnum,1.0
2020,Kommunustýri,Skálavíkar kommuna,Tal av sætum,5.0
2022,Kommunustýri,Skálavíkar kommuna,Partur av sætum hjá kvinnum,
2022,Kommunustýri,Skálavíkar kommuna,Tal av sætum hjá kvinnum,
2022,Kommunustýri,Skálavíkar kommuna,Tal av sætum,
1984,Kommunustýri,Skopunar kommuna,Partur av sætum hjá kvinnum,
1984,Kommunustýri,Skopunar kommuna,Tal av sætum hjá kvinnum,
1984,Kommunustýri,Skopunar kommuna,Tal av sætum,
1988,Kommunustýri,Skopunar kommuna,Partur av sætum hjá kvinnum,
1988,Kommunustýri,Skopunar kommuna,Tal av sætum hjá kvinnum,
1988,Kommunustýri,Skopunar kommuna,Tal av sætum,
1990,Kommunustýri,Skopunar kommuna,Partur av sætum hjá kvinnum,
1990,Kommunustýri,Skopunar kommuna,Tal av sætum hjá kvinnum,
1990,Kommunustýri,Skopunar kommuna,Tal av sætum,
1992,Kommunustýri,Skopunar kommuna,Partur av sætum hjá kvinnum,0.0
1992,Kommunustýri,Skopunar kommuna,Tal av sætum hjá kvinnum,0.0
1992,Kommunustýri,Skopunar kommuna,Tal av sætum,10.0
1994,Kommunustýri,Skopunar kommuna,Partur av sætum hjá kvinnum,
1994,Kommunustýri,Skopunar kommuna,Tal av sætum hjá kvinnum,
1994,Kommunustýri,Skopunar kommuna,Tal av sætum,
1996,Kommunustýri,Skopunar kommuna,Partur av sætum hjá kvinnum,0.0
1996,Kommunustýri,Skopunar kommuna,Tal av sætum hjá kvinnum,0.0
1996,Kommunustýri,Skopunar kommuna,Tal av sætum,10.0
1998,Kommunustýri,Skopunar kommuna,Partur av sætum hjá kvinnum,
1998,Kommunustýri,Skopunar kommuna,Tal av sætum hjá kvinnum,
1998,Kommunustýri,Skopunar kommuna,Tal av sætum,
2000,Kommunustýri,Skopunar kommuna,Partur av sætum hjá kvinnum,73.3
2000,Kommunustýri,Skopunar kommuna,Tal av sætum hjá kvinnum,3.0
2000,Kommunustýri,Skopunar kommuna,Tal av sætum,8.0
2002,Kommunustýri,Skopunar kommuna,Partur av sætum hjá kvinnum,
2002,Kommunustýri,Skopunar kommuna,Tal av sætum hjá kvinnum,
2002,Kommunustýri,Skopunar kommuna,Tal av sætum,
2004,Kommunustýri,Skopunar kommuna,Partur av sætum hjá kvinnum,73.3
2004,Kommunustýri,Skopunar kommuna,Tal av sætum hjá kvinnum,3.0
2004,Kommunustýri,Skopunar kommuna,Tal av sætum,8.0
2008,Kommunustýri,Skopunar kommuna,Partur av sætum hjá kvinnum,
2008,Kommunustýri,Skopunar kommuna,Tal av sætum hjá kvinnum,
2008,Kommunustýri,Skopunar kommuna,Tal av sætum,
2011,Kommunustýri,Skopunar kommuna,Partur av sætum hjá kvinnum,
2011,Kommunustýri,Skopunar kommuna,Tal av sætum hjá kvinnum,
2011,Kommunustýri,Skopunar kommuna,Tal av sætum,
2012,Kommunustýri,Skopunar kommuna,Partur av sætum hjá kvinnum,40.0
2012,Kommunustýri,Skopunar kommuna,Tal av sætum hjá kvinnum,2.0
2012,Kommunustýri,Skopunar kommuna,Tal av sætum,5.0
2015,Kommunustýri,Skopunar kommuna,Partur av sætum hjá kvinnum,
2015,Kommunustýri,Skopunar kommuna,Tal av sætum hjá kvinnum,
2015,Kommunustýri,Skopunar kommuna,Tal av sætum,
2016,Kommunustýri,Skopunar kommuna,Partur av sætum hjá kvinnum,40.0
2016,Kommunustýri,Skopunar kommuna,Tal av sætum hjá kvinnum,2.0
2016,Kommunustýri,Skopunar kommuna,Tal av sætum,5.0
2019,Kommunustýri,Skopunar kommuna,Partur av sætum hjá kvinnum,
2019,Kommunustýri,Skopunar kommuna,Tal av sætum hjá kvinnum,
2019,Kommunustýri,Skopunar kommuna,Tal av sætum,
2020,Kommunustýri,Skopunar kommuna,Partur av sætum hjá kvinnum,40.0
2020,Kommunustýri,Skopunar kommuna,Tal av sætum hjá kvinnum,2.0
2020,Kommunustýri,Skopunar kommuna,Tal av sætum,5.0
2022,Kommunustýri,Skopunar kommuna,Partur av sætum hjá kvinnum,
2022,Kommunustýri,Skopunar kommuna,Tal av sætum hjá kvinnum,
2022,Kommunustýri,Skopunar kommuna,Tal av sætum,
1984,Kommunustýri,Skúvoyar kommuna,Partur av sætum hjá kvinnum,
1984,Kommunustýri,Skúvoyar kommuna,Tal av sætum hjá kvinnum,
1984,Kommunustýri,Skúvoyar kommuna,Tal av sætum,
1988,Kommunustýri,Skúvoyar kommuna,Partur av sætum hjá kvinnum,
1988,Kommunustýri,Skúvoyar kommuna,Tal av sætum hjá kvinnum,
1988,Kommunustýri,Skúvoyar kommuna,Tal av sætum,
1990,Kommunustýri,Skúvoyar kommuna,Partur av sætum hjá kvinnum,
1990,Kommunustýri,Skúvoyar kommuna,Tal av sætum hjá kvinnum,
1990,Kommunustýri,Skúvoyar kommuna,Tal av sætum,
1992,Kommunustýri,Skúvoyar kommuna,Partur av sætum hjá kvinnum,
1992,Kommunustýri,Skúvoyar kommuna,Tal av sætum hjá kvinnum,
1992,Kommunustýri,Skúvoyar kommuna,Tal av sætum,
1994,Kommunustýri,Skúvoyar kommuna,Partur av sætum hjá kvinnum,
1994,Kommunustýri,Skúvoyar kommuna,Tal av sætum hjá kvinnum,
1994,Kommunustýri,Skúvoyar kommuna,Tal av sætum,
1996,Kommunustýri,Skúvoyar kommuna,Partur av sætum hjá kvinnum,
1996,Kommunustýri,Skúvoyar kommuna,Tal av sætum hjá kvinnum,
1996,Kommunustýri,Skúvoyar kommuna,Tal av sætum,
1998,Kommunustýri,Skúvoyar kommuna,Partur av sætum hjá kvinnum,
1998,Kommunustýri,Skúvoyar kommuna,Tal av sætum hjá kvinnum,
1998,Kommunustýri,Skúvoyar kommuna,Tal av sætum,
2000,Kommunustýri,Skúvoyar kommuna,Partur av sætum hjá kvinnum,
2000,Kommunustýri,Skúvoyar kommuna,Tal av sætum hjá kvinnum,
2000,Kommunustýri,Skúvoyar kommuna,Tal av sætum,
2002,Kommunustýri,Skúvoyar kommuna,Partur av sætum hjá kvinnum,
2002,Kommunustýri,Skúvoyar kommuna,Tal av sætum hjá kvinnum,
2002,Kommunustýri,Skúvoyar kommuna,Tal av sætum,
2004,Kommunustýri,Skúvoyar kommuna,Partur av sætum hjá kvinnum,
2004,Kommunustýri,Skúvoyar kommuna,Tal av sætum hjá kvinnum,
2004,Kommunustýri,Skúvoyar kommuna,Tal av sætum,
2008,Kommunustýri,Skúvoyar kommuna,Partur av sætum hjá kvinnum,
2008,Kommunustýri,Skúvoyar kommuna,Tal av sætum hjá kvinnum,
2008,Kommunustýri,Skúvoyar kommuna,Tal av sætum,
2011,Kommunustýri,Skúvoyar kommuna,Partur av sætum hjá kvinnum,
2011,Kommunustýri,Skúvoyar kommuna,Tal av sætum hjá kvinnum,
2011,Kommunustýri,Skúvoyar kommuna,Tal av sætum,
2012,Kommunustýri,Skúvoyar kommuna,Partur av sætum hjá kvinnum,33.3
2012,Kommunustýri,Skúvoyar kommuna,Tal av sætum hjá kvinnum,1.0
2012,Kommunustýri,Skúvoyar kommuna,Tal av sætum,3.0
2015,Kommunustýri,Skúvoyar kommuna,Partur av sætum hjá kvinnum,
2015,Kommunustýri,Skúvoyar kommuna,Tal av sætum hjá kvinnum,
2015,Kommunustýri,Skúvoyar kommuna,Tal av sætum,
2016,Kommunustýri,Skúvoyar kommuna,Partur av sætum hjá kvinnum,0.0
2016,Kommunustýri,Skúvoyar kommuna,Tal av sætum hjá kvinnum,0.0
2016,Kommunustýri,Skúvoyar kommuna,Tal av sætum,3.0
2019,Kommunustýri,Skúvoyar kommuna,Partur av sætum hjá kvinnum,
2019,Kommunustýri,Skúvoyar kommuna,Tal av sætum hjá kvinnum,
2019,Kommunustýri,Skúvoyar kommuna,Tal av sætum,
2020,Kommunustýri,Skúvoyar kommuna,Partur av sætum hjá kvinnum,0.0
2020,Kommunustýri,Skúvoyar kommuna,Tal av sætum hjá kvinnum,0.0
2020,Kommunustýri,Skúvoyar kommuna,Tal av sætum,3.0
2022,Kommunustýri,Skúvoyar kommuna,Partur av sætum hjá kvinnum,
2022,Kommunustýri,Skúvoyar kommuna,Tal av sætum hjá kvinnum,
2022,Kommunustýri,Skúvoyar kommuna,Tal av sætum,
1984,Kommunustýri,Sørvágs kommuna,Partur av sætum hjá kvinnum,
1984,Kommunustýri,Sørvágs kommuna,Tal av sætum hjá kvinnum,
1984,Kommunustýri,Sørvágs kommuna,Tal av sætum,
1988,Kommunustýri,Sørvágs kommuna,Partur av sætum hjá kvinnum,
1988,Kommunustýri,Sørvágs kommuna,Tal av sætum hjá kvinnum,
1988,Kommunustýri,Sørvágs kommuna,Tal av sætum,
1990,Kommunustýri,Sørvágs kommuna,Partur av sætum hjá kvinnum,
1990,Kommunustýri,Sørvágs kommuna,Tal av sætum hjá kvinnum,
1990,Kommunustýri,Sørvágs kommuna,Tal av sætum,
1992,Kommunustýri,Sørvágs kommuna,Partur av sætum hjá kvinnum,20.0
1992,Kommunustýri,Sørvágs kommuna,Tal av sætum hjá kvinnum,1.0
1992,Kommunustýri,Sørvágs kommuna,Tal av sætum,5.0
1994,Kommunustýri,Sørvágs kommuna,Partur av sætum hjá kvinnum,
1994,Kommunustýri,Sørvágs kommuna,Tal av sætum hjá kvinnum,
1994,Kommunustýri,Sørvágs kommuna,Tal av sætum,
1996,Kommunustýri,Sørvágs kommuna,Partur av sætum hjá kvinnum,16.7
1996,Kommunustýri,Sørvágs kommuna,Tal av sætum hjá kvinnum,1.0
1996,Kommunustýri,Sørvágs kommuna,Tal av sætum,6.0
1998,Kommunustýri,Sørvágs kommuna,Partur av sætum hjá kvinnum,
1998,Kommunustýri,Sørvágs kommuna,Tal av sætum hjá kvinnum,
1998,Kommunustýri,Sørvágs kommuna,Tal av sætum,
2000,Kommunustýri,Sørvágs kommuna,Partur av sætum hjá kvinnum,12.5
2000,Kommunustýri,Sørvágs kommuna,Tal av sætum hjá kvinnum,1.0
2000,Kommunustýri,Sørvágs kommuna,Tal av sætum,8.0
2002,Kommunustýri,Sørvágs kommuna,Partur av sætum hjá kvinnum,
2002,Kommunustýri,Sørvágs kommuna,Tal av sætum hjá kvinnum,
2002,Kommunustýri,Sørvágs kommuna,Tal av sætum,
2004,Kommunustýri,Sørvágs kommuna,Partur av sætum hjá kvinnum,28.6
2004,Kommunustýri,Sørvágs kommuna,Tal av sætum hjá kvinnum,2.0
2004,Kommunustýri,Sørvágs kommuna,Tal av sætum,7.0
2008,Kommunustýri,Sørvágs kommuna,Partur av sætum hjá kvinnum,
2008,Kommunustýri,Sørvágs kommuna,Tal av sætum hjá kvinnum,
2008,Kommunustýri,Sørvágs kommuna,Tal av sætum,
2011,Kommunustýri,Sørvágs kommuna,Partur av sætum hjá kvinnum,
2011,Kommunustýri,Sørvágs kommuna,Tal av sætum hjá kvinnum,
2011,Kommunustýri,Sørvágs kommuna,Tal av sætum,
2012,Kommunustýri,Sørvágs kommuna,Partur av sætum hjá kvinnum,14.3
2012,Kommunustýri,Sørvágs kommuna,Tal av sætum hjá kvinnum,1.0
2012,Kommunustýri,Sørvágs kommuna,Tal av sætum,7.0
2015,Kommunustýri,Sørvágs kommuna,Partur av sætum hjá kvinnum,
2015,Kommunustýri,Sørvágs kommuna,Tal av sætum hjá kvinnum,
2015,Kommunustýri,Sørvágs kommuna,Tal av sætum,
2016,Kommunustýri,Sørvágs kommuna,Partur av sætum hjá kvinnum,57.1
2016,Kommunustýri,Sørvágs kommuna,Tal av sætum hjá kvinnum,4.0
2016,Kommunustýri,Sørvágs kommuna,Tal av sætum,7.0
2019,Kommunustýri,Sørvágs kommuna,Partur av sætum hjá kvinnum,
2019,Kommunustýri,Sørvágs kommuna,Tal av sætum hjá kvinnum,
2019,Kommunustýri,Sørvágs kommuna,Tal av sætum,
2020,Kommunustýri,Sørvágs kommuna,Partur av sætum hjá kvinnum,28.6
2020,Kommunustýri,Sørvágs kommuna,Tal av sætum hjá kvinnum,2.0
2020,Kommunustýri,Sørvágs kommuna,Tal av sætum,7.0
2022,Kommunustýri,Sørvágs kommuna,Partur av sætum hjá kvinnum,
2022,Kommunustýri,Sørvágs kommuna,Tal av sætum hjá kvinnum,
2022,Kommunustýri,Sørvágs kommuna,Tal av sætum,
1984,Kommunustýri,Sumbiar kommuna,Partur av sætum hjá kvinnum,
1984,Kommunustýri,Sumbiar kommuna,Tal av sætum hjá kvinnum,
1984,Kommunustýri,Sumbiar kommuna,Tal av sætum,
1988,Kommunustýri,Sumbiar kommuna,Partur av sætum hjá kvinnum,
1988,Kommunustýri,Sumbiar kommuna,Tal av sætum hjá kvinnum,
1988,Kommunustýri,Sumbiar kommuna,Tal av sætum,
1990,Kommunustýri,Sumbiar kommuna,Partur av sætum hjá kvinnum,
1990,Kommunustýri,Sumbiar kommuna,Tal av sætum hjá kvinnum,
1990,Kommunustýri,Sumbiar kommuna,Tal av sætum,
1992,Kommunustýri,Sumbiar kommuna,Partur av sætum hjá kvinnum,0.0
1992,Kommunustýri,Sumbiar kommuna,Tal av sætum hjá kvinnum,0.0
1992,Kommunustýri,Sumbiar kommuna,Tal av sætum,5.0
1994,Kommunustýri,Sumbiar kommuna,Partur av sætum hjá kvinnum,
1994,Kommunustýri,Sumbiar kommuna,Tal av sætum hjá kvinnum,
1994,Kommunustýri,Sumbiar kommuna,Tal av sætum,
1996,Kommunustýri,Sumbiar kommuna,Partur av sætum hjá kvinnum,0.0
1996,Kommunustýri,Sumbiar kommuna,Tal av sætum hjá kvinnum,0.0
1996,Kommunustýri,Sumbiar kommuna,Tal av sætum,5.0
1998,Kommunustýri,Sumbiar kommuna,Partur av sætum hjá kvinnum,
1998,Kommunustýri,Sumbiar kommuna,Tal av sætum hjá kvinnum,
1998,Kommunustýri,Sumbiar kommuna,Tal av sætum,
2000,Kommunustýri,Sumbiar kommuna,Partur av sætum hjá kvinnum,0.0
2000,Kommunustýri,Sumbiar kommuna,Tal av sætum hjá kvinnum,0.0
2000,Kommunustýri,Sumbiar kommuna,Tal av sætum,5.0
2002,Kommunustýri,Sumbiar kommuna,Partur av sætum hjá kvinnum,
2002,Kommunustýri,Sumbiar kommuna,Tal av sætum hjá kvinnum,
2002,Kommunustýri,Sumbiar kommuna,Tal av sætum,
2004,Kommunustýri,Sumbiar kommuna,Partur av sætum hjá kvinnum,0.0
2004,Kommunustýri,Sumbiar kommuna,Tal av sætum hjá kvinnum,0.0
2004,Kommunustýri,Sumbiar kommuna,Tal av sætum,5.0
2008,Kommunustýri,Sumbiar kommuna,Partur av sætum hjá kvinnum,
2008,Kommunustýri,Sumbiar kommuna,Tal av sætum hjá kvinnum,
2008,Kommunustýri,Sumbiar kommuna,Tal av sætum,
2011,Kommunustýri,Sumbiar kommuna,Partur av sætum hjá kvinnum,
2011,Kommunustýri,Sumbiar kommuna,Tal av sætum hjá kvinnum,
2011,Kommunustýri,Sumbiar kommuna,Tal av sætum,
2012,Kommunustýri,Sumbiar kommuna,Partur av sætum hjá kvinnum,0.0
2012,Kommunustýri,Sumbiar kommuna,Tal av sætum hjá kvinnum,0.0
2012,Kommunustýri,Sumbiar kommuna,Tal av sætum,5.0
2015,Kommunustýri,Sumbiar kommuna,Partur av sætum hjá kvinnum,
2015,Kommunustýri,Sumbiar kommuna,Tal av sætum hjá kvinnum,
2015,Kommunustýri,Sumbiar kommuna,Tal av sætum,
2016,Kommunustýri,Sumbiar kommuna,Partur av sætum hjá kvinnum,0.0
2016,Kommunustýri,Sumbiar kommuna,Tal av sætum hjá kvinnum,0.0
2016,Kommunustýri,Sumbiar kommuna,Tal av sætum,5.0
2019,Kommunustýri,Sumbiar kommuna,Partur av sætum hjá kvinnum,
2019,Kommunustýri,Sumbiar kommuna,Tal av sætum hjá kvinnum,
2019,Kommunustýri,Sumbiar kommuna,Tal av sætum,
2020,Kommunustýri,Sumbiar kommuna,Partur av sætum hjá kvinnum,40.0
2020,Kommunustýri,Sumbiar kommuna,Tal av sætum hjá kvinnum,2.0
2020,Kommunustýri,Sumbiar kommuna,Tal av sætum,5.0
2022,Kommunustýri,Sumbiar kommuna,Partur av sætum hjá kvinnum,
2022,Kommunustýri,Sumbiar kommuna,Tal av sætum hjá kvinnum,
2022,Kommunustýri,Sumbiar kommuna,Tal av sætum,
1984,Kommunustýri,Sunda kommuna,Partur av sætum hjá kvinnum,
1984,Kommunustýri,Sunda kommuna,Tal av sætum hjá kvinnum,
1984,Kommunustýri,Sunda kommuna,Tal av sætum,
1988,Kommunustýri,Sunda kommuna,Partur av sætum hjá kvinnum,
1988,Kommunustýri,Sunda kommuna,Tal av sætum hjá kvinnum,
1988,Kommunustýri,Sunda kommuna,Tal av sætum,
1990,Kommunustýri,Sunda kommuna,Partur av sætum hjá kvinnum,
1990,Kommunustýri,Sunda kommuna,Tal av sætum hjá kvinnum,
1990,Kommunustýri,Sunda kommuna,Tal av sætum,
1992,Kommunustýri,Sunda kommuna,Partur av sætum hjá kvinnum,0.0
1992,Kommunustýri,Sunda kommuna,Tal av sætum hjá kvinnum,0.0
1992,Kommunustýri,Sunda kommuna,Tal av sætum,12.0
1994,Kommunustýri,Sunda kommuna,Partur av sætum hjá kvinnum,
1994,Kommunustýri,Sunda kommuna,Tal av sætum hjá kvinnum,
1994,Kommunustýri,Sunda kommuna,Tal av sætum,
1996,Kommunustýri,Sunda kommuna,Partur av sætum hjá kvinnum,0.0
1996,Kommunustýri,Sunda kommuna,Tal av sætum hjá kvinnum,0.0
1996,Kommunustýri,Sunda kommuna,Tal av sætum,12.0
1998,Kommunustýri,Sunda kommuna,Partur av sætum hjá kvinnum,
1998,Kommunustýri,Sunda kommuna,Tal av sætum hjá kvinnum,
1998,Kommunustýri,Sunda kommuna,Tal av sætum,
2000,Kommunustýri,Sunda kommuna,Partur av sætum hjá kvinnum,25.0
2000,Kommunustýri,Sunda kommuna,Tal av sætum hjá kvinnum,4.0
2000,Kommunustýri,Sunda kommuna,Tal av sætum,16.0
2002,Kommunustýri,Sunda kommuna,Partur av sætum hjá kvinnum,
2002,Kommunustýri,Sunda kommuna,Tal av sætum hjá kvinnum,
2002,Kommunustýri,Sunda kommuna,Tal av sætum,
2004,Kommunustýri,Sunda kommuna,Partur av sætum hjá kvinnum,18.2
2004,Kommunustýri,Sunda kommuna,Tal av sætum hjá kvinnum,2.0
2004,Kommunustýri,Sunda kommuna,Tal av sætum,11.0
2008,Kommunustýri,Sunda kommuna,Partur av sætum hjá kvinnum,
2008,Kommunustýri,Sunda kommuna,Tal av sætum hjá kvinnum,
2008,Kommunustýri,Sunda kommuna,Tal av sætum,
2011,Kommunustýri,Sunda kommuna,Partur av sætum hjá kvinnum,
2011,Kommunustýri,Sunda kommuna,Tal av sætum hjá kvinnum,
2011,Kommunustýri,Sunda kommuna,Tal av sætum,
2012,Kommunustýri,Sunda kommuna,Partur av sætum hjá kvinnum,27.3
2012,Kommunustýri,Sunda kommuna,Tal av sætum hjá kvinnum,3.0
2012,Kommunustýri,Sunda kommuna,Tal av sætum,11.0
2015,Kommunustýri,Sunda kommuna,Partur av sætum hjá kvinnum,
2015,Kommunustýri,Sunda kommuna,Tal av sætum hjá kvinnum,
2015,Kommunustýri,Sunda kommuna,Tal av sætum,
2016,Kommunustýri,Sunda kommuna,Partur av sætum hjá kvinnum,36.4
2016,Kommunustýri,Sunda kommuna,Tal av sætum hjá kvinnum,4.0
2016,Kommunustýri,Sunda kommuna,Tal av sætum,11.0
2019,Kommunustýri,Sunda kommuna,Partur av sætum hjá kvinnum,
2019,Kommunustýri,Sunda kommuna,Tal av sætum hjá kvinnum,
2019,Kommunustýri,Sunda kommuna,Tal av sætum,
2020,Kommunustýri,Sunda kommuna,Partur av sætum hjá kvinnum,9.1
2020,Kommunustýri,Sunda kommuna,Tal av sætum hjá kvinnum,1.0
2020,Kommunustýri,Sunda kommuna,Tal av sætum,11.0
2022,Kommunustýri,Sunda kommuna,Partur av sætum hjá kvinnum,
2022,Kommunustýri,Sunda kommuna,Tal av sætum hjá kvinnum,
2022,Kommunustýri,Sunda kommuna,Tal av sætum,
1984,Kommunustýri,Svínoyar kommuna,Partur av sætum hjá kvinnum,
1984,Kommunustýri,Svínoyar kommuna,Tal av sætum hjá kvinnum,
1984,Kommunustýri,Svínoyar kommuna,Tal av sætum,
1988,Kommunustýri,Svínoyar kommuna,Partur av sætum hjá kvinnum,
1988,Kommunustýri,Svínoyar kommuna,Tal av sætum hjá kvinnum,
1988,Kommunustýri,Svínoyar kommuna,Tal av sætum,
1990,Kommunustýri,Svínoyar kommuna,Partur av sætum hjá kvinnum,
1990,Kommunustýri,Svínoyar kommuna,Tal av sætum hjá kvinnum,
1990,Kommunustýri,Svínoyar kommuna,Tal av sætum,
1992,Kommunustýri,Svínoyar kommuna,Partur av sætum hjá kvinnum,0.0
1992,Kommunustýri,Svínoyar kommuna,Tal av sætum hjá kvinnum,0.0
1992,Kommunustýri,Svínoyar kommuna,Tal av sætum,5.0
1994,Kommunustýri,Svínoyar kommuna,Partur av sætum hjá kvinnum,
1994,Kommunustýri,Svínoyar kommuna,Tal av sætum hjá kvinnum,
1994,Kommunustýri,Svínoyar kommuna,Tal av sætum,
1996,Kommunustýri,Svínoyar kommuna,Partur av sætum hjá kvinnum,0.0
1996,Kommunustýri,Svínoyar kommuna,Tal av sætum hjá kvinnum,0.0
1996,Kommunustýri,Svínoyar kommuna,Tal av sætum,5.0
1998,Kommunustýri,Svínoyar kommuna,Partur av sætum hjá kvinnum,
1998,Kommunustýri,Svínoyar kommuna,Tal av sætum hjá kvinnum,
1998,Kommunustýri,Svínoyar kommuna,Tal av sætum,
2000,Kommunustýri,Svínoyar kommuna,Partur av sætum hjá kvinnum,0.0
2000,Kommunustýri,Svínoyar kommuna,Tal av sætum hjá kvinnum,0.0
2000,Kommunustýri,Svínoyar kommuna,Tal av sætum,2.0
2002,Kommunustýri,Svínoyar kommuna,Partur av sætum hjá kvinnum,
2002,Kommunustýri,Svínoyar kommuna,Tal av sætum hjá kvinnum,
2002,Kommunustýri,Svínoyar kommuna,Tal av sætum,
2004,Kommunustýri,Svínoyar kommuna,Partur av sætum hjá kvinnum,50.0
2004,Kommunustýri,Svínoyar kommuna,Tal av sætum hjá kvinnum,1.0
2004,Kommunustýri,Svínoyar kommuna,Tal av sætum,2.0
2008,Kommunustýri,Svínoyar kommuna,Partur av sætum hjá kvinnum,
2008,Kommunustýri,Svínoyar kommuna,Tal av sætum hjá kvinnum,
2008,Kommunustýri,Svínoyar kommuna,Tal av sætum,
2011,Kommunustýri,Svínoyar kommuna,Partur av sætum hjá kvinnum,
2011,Kommunustýri,Svínoyar kommuna,Tal av sætum hjá kvinnum,
2011,Kommunustýri,Svínoyar kommuna,Tal av sætum,
2012,Kommunustýri,Svínoyar kommuna,Partur av sætum hjá kvinnum,
2012,Kommunustýri,Svínoyar kommuna,Tal av sætum hjá kvinnum,
2012,Kommunustýri,Svínoyar kommuna,Tal av sætum,
2015,Kommunustýri,Svínoyar kommuna,Partur av sætum hjá kvinnum,
2015,Kommunustýri,Svínoyar kommuna,Tal av sætum hjá kvinnum,
2015,Kommunustýri,Svínoyar kommuna,Tal av sætum,
2016,Kommunustýri,Svínoyar kommuna,Partur av sætum hjá kvinnum,
2016,Kommunustýri,Svínoyar kommuna,Tal av sætum hjá kvinnum,
2016,Kommunustýri,Svínoyar kommuna,Tal av sætum,
2019,Kommunustýri,Svínoyar kommuna,Partur av sætum hjá kvinnum,
2019,Kommunustýri,Svínoyar kommuna,Tal av sætum hjá kvinnum,
2019,Kommunustýri,Svínoyar kommuna,Tal av sætum,
2020,Kommunustýri,Svínoyar kommuna,Partur av sætum hjá kvinnum,
2020,Kommunustýri,Svínoyar kommuna,Tal av sætum hjá kvinnum,
2020,Kommunustýri,Svínoyar kommuna,Tal av sætum,
2022,Kommunustýri,Svínoyar kommuna,Partur av sætum hjá kvinnum,
2022,Kommunustýri,Svínoyar kommuna,Tal av sætum hjá kvinnum,
2022,Kommunustýri,Svínoyar kommuna,Tal av sætum,
1984,Kommunustýri,Tórshavnar kommuna,Partur av sætum hjá kvinnum,
1984,Kommunustýri,Tórshavnar kommuna,Tal av sætum hjá kvinnum,
1984,Kommunustýri,Tórshavnar kommuna,Tal av sætum,
1988,Kommunustýri,Tórshavnar kommuna,Partur av sætum hjá kvinnum,
1988,Kommunustýri,Tórshavnar kommuna,Tal av sætum hjá kvinnum,
1988,Kommunustýri,Tórshavnar kommuna,Tal av sætum,
1990,Kommunustýri,Tórshavnar kommuna,Partur av sætum hjá kvinnum,
1990,Kommunustýri,Tórshavnar kommuna,Tal av sætum hjá kvinnum,
1990,Kommunustýri,Tórshavnar kommuna,Tal av sætum,
1992,Kommunustýri,Tórshavnar kommuna,Partur av sætum hjá kvinnum,26.7
1992,Kommunustýri,Tórshavnar kommuna,Tal av sætum hjá kvinnum,4.0
1992,Kommunustýri,Tórshavnar kommuna,Tal av sætum,15.0
1994,Kommunustýri,Tórshavnar kommuna,Partur av sætum hjá kvinnum,
1994,Kommunustýri,Tórshavnar kommuna,Tal av sætum hjá kvinnum,
1994,Kommunustýri,Tórshavnar kommuna,Tal av sætum,
1996,Kommunustýri,Tórshavnar kommuna,Partur av sætum hjá kvinnum,25.0
1996,Kommunustýri,Tórshavnar kommuna,Tal av sætum hjá kvinnum,4.0
1996,Kommunustýri,Tórshavnar kommuna,Tal av sætum,16.0
1998,Kommunustýri,Tórshavnar kommuna,Partur av sætum hjá kvinnum,
1998,Kommunustýri,Tórshavnar kommuna,Tal av sætum hjá kvinnum,
1998,Kommunustýri,Tórshavnar kommuna,Tal av sætum,
2000,Kommunustýri,Tórshavnar kommuna,Partur av sætum hjá kvinnum,20.0
2000,Kommunustýri,Tórshavnar kommuna,Tal av sætum hjá kvinnum,3.0
2000,Kommunustýri,Tórshavnar kommuna,Tal av sætum,15.0
2002,Kommunustýri,Tórshavnar kommuna,Partur av sætum hjá kvinnum,
2002,Kommunustýri,Tórshavnar kommuna,Tal av sætum hjá kvinnum,
2002,Kommunustýri,Tórshavnar kommuna,Tal av sætum,
2004,Kommunustýri,Tórshavnar kommuna,Partur av sætum hjá kvinnum,46.2
2004,Kommunustýri,Tórshavnar kommuna,Tal av sætum hjá kvinnum,6.0
2004,Kommunustýri,Tórshavnar kommuna,Tal av sætum,13.0
2008,Kommunustýri,Tórshavnar kommuna,Partur av sætum hjá kvinnum,
2008,Kommunustýri,Tórshavnar kommuna,Tal av sætum hjá kvinnum,
2008,Kommunustýri,Tórshavnar kommuna,Tal av sætum,
2011,Kommunustýri,Tórshavnar kommuna,Partur av sætum hjá kvinnum,
2011,Kommunustýri,Tórshavnar kommuna,Tal av sætum hjá kvinnum,
2011,Kommunustýri,Tórshavnar kommuna,Tal av sætum,
2012,Kommunustýri,Tórshavnar kommuna,Partur av sætum hjá kvinnum,46.2
2012,Kommunustýri,Tórshavnar kommuna,Tal av sætum hjá kvinnum,6.0
2012,Kommunustýri,Tórshavnar kommuna,Tal av sætum,13.0
2015,Kommunustýri,Tórshavnar kommuna,Partur av sætum hjá kvinnum,
2015,Kommunustýri,Tórshavnar kommuna,Tal av sætum hjá kvinnum,
2015,Kommunustýri,Tórshavnar kommuna,Tal av sætum,
2016,Kommunustýri,Tórshavnar kommuna,Partur av sætum hjá kvinnum,61.5
2016,Kommunustýri,Tórshavnar kommuna,Tal av sætum hjá kvinnum,8.0
2016,Kommunustýri,Tórshavnar kommuna,Tal av sætum,13.0
2019,Kommunustýri,Tórshavnar kommuna,Partur av sætum hjá kvinnum,
2019,Kommunustýri,Tórshavnar kommuna,Tal av sætum hjá kvinnum,
2019,Kommunustýri,Tórshavnar kommuna,Tal av sætum,
2020,Kommunustýri,Tórshavnar kommuna,Partur av sætum hjá kvinnum,53.8
2020,Kommunustýri,Tórshavnar kommuna,Tal av sætum hjá kvinnum,7.0
2020,Kommunustýri,Tórshavnar kommuna,Tal av sætum,13.0
2022,Kommunustýri,Tórshavnar kommuna,Partur av sætum hjá kvinnum,
2022,Kommunustýri,Tórshavnar kommuna,Tal av sætum hjá kvinnum,
2022,Kommunustýri,Tórshavnar kommuna,Tal av sætum,
1984,Kommunustýri,Tvøroyrar kommuna,Partur av sætum hjá kvinnum,
1984,Kommunustýri,Tvøroyrar kommuna,Tal av sætum hjá kvinnum,
1984,Kommunustýri,Tvøroyrar kommuna,Tal av sætum,
1988,Kommunustýri,Tvøroyrar kommuna,Partur av sætum hjá kvinnum,
1988,Kommunustýri,Tvøroyrar kommuna,Tal av sætum hjá kvinnum,
1988,Kommunustýri,Tvøroyrar kommuna,Tal av sætum,
1990,Kommunustýri,Tvøroyrar kommuna,Partur av sætum hjá kvinnum,
1990,Kommunustýri,Tvøroyrar kommuna,Tal av sætum hjá kvinnum,
1990,Kommunustýri,Tvøroyrar kommuna,Tal av sætum,
1992,Kommunustýri,Tvøroyrar kommuna,Partur av sætum hjá kvinnum,16.7
1992,Kommunustýri,Tvøroyrar kommuna,Tal av sætum hjá kvinnum,1.0
1992,Kommunustýri,Tvøroyrar kommuna,Tal av sætum,6.0
1994,Kommunustýri,Tvøroyrar kommuna,Partur av sætum hjá kvinnum,
1994,Kommunustýri,Tvøroyrar kommuna,Tal av sætum hjá kvinnum,
1994,Kommunustýri,Tvøroyrar kommuna,Tal av sætum,
1996,Kommunustýri,Tvøroyrar kommuna,Partur av sætum hjá kvinnum,0.0
1996,Kommunustýri,Tvøroyrar kommuna,Tal av sætum hjá kvinnum,0.0
1996,Kommunustýri,Tvøroyrar kommuna,Tal av sætum,7.0
1998,Kommunustýri,Tvøroyrar kommuna,Partur av sætum hjá kvinnum,
1998,Kommunustýri,Tvøroyrar kommuna,Tal av sætum hjá kvinnum,
1998,Kommunustýri,Tvøroyrar kommuna,Tal av sætum,
2000,Kommunustýri,Tvøroyrar kommuna,Partur av sætum hjá kvinnum,0.0
2000,Kommunustýri,Tvøroyrar kommuna,Tal av sætum hjá kvinnum,0.0
2000,Kommunustýri,Tvøroyrar kommuna,Tal av sætum,7.0
2002,Kommunustýri,Tvøroyrar kommuna,Partur av sætum hjá kvinnum,
2002,Kommunustýri,Tvøroyrar kommuna,Tal av sætum hjá kvinnum,
2002,Kommunustýri,Tvøroyrar kommuna,Tal av sætum,
2004,Kommunustýri,Tvøroyrar kommuna,Partur av sætum hjá kvinnum,14.3
2004,Kommunustýri,Tvøroyrar kommuna,Tal av sætum hjá kvinnum,1.0
2004,Kommunustýri,Tvøroyrar kommuna,Tal av sætum,7.0
2008,Kommunustýri,Tvøroyrar kommuna,Partur av sætum hjá kvinnum,
2008,Kommunustýri,Tvøroyrar kommuna,Tal av sætum hjá kvinnum,
2008,Kommunustýri,Tvøroyrar kommuna,Tal av sætum,
2011,Kommunustýri,Tvøroyrar kommuna,Partur av sætum hjá kvinnum,
2011,Kommunustýri,Tvøroyrar kommuna,Tal av sætum hjá kvinnum,
2011,Kommunustýri,Tvøroyrar kommuna,Tal av sætum,
2012,Kommunustýri,Tvøroyrar kommuna,Partur av sætum hjá kvinnum,42.9
2012,Kommunustýri,Tvøroyrar kommuna,Tal av sætum hjá kvinnum,3.0
2012,Kommunustýri,Tvøroyrar kommuna,Tal av sætum,7.0
2015,Kommunustýri,Tvøroyrar kommuna,Partur av sætum hjá kvinnum,
2015,Kommunustýri,Tvøroyrar kommuna,Tal av sætum hjá kvinnum,
2015,Kommunustýri,Tvøroyrar kommuna,Tal av sætum,
2016,Kommunustýri,Tvøroyrar kommuna,Partur av sætum hjá kvinnum,42.9
2016,Kommunustýri,Tvøroyrar kommuna,Tal av sætum hjá kvinnum,3.0
2016,Kommunustýri,Tvøroyrar kommuna,Tal av sætum,7.0
2019,Kommunustýri,Tvøroyrar kommuna,Partur av sætum hjá kvinnum,
2019,Kommunustýri,Tvøroyrar kommuna,Tal av sætum hjá kvinnum,
2019,Kommunustýri,Tvøroyrar kommuna,Tal av sætum,
2020,Kommunustýri,Tvøroyrar kommuna,Partur av sætum hjá kvinnum,42.9
2020,Kommunustýri,Tvøroyrar kommuna,Tal av sætum hjá kvinnum,3.0
2020,Kommunustýri,Tvøroyrar kommuna,Tal av sætum,7.0
2022,Kommunustýri,Tvøroyrar kommuna,Partur av sætum hjá kvinnum,
2022,Kommunustýri,Tvøroyrar kommuna,Tal av sætum hjá kvinnum,
2022,Kommunustýri,Tvøroyrar kommuna,Tal av sætum,
1984,Kommunustýri,Vága kommuna,Partur av sætum hjá kvinnum,
1984,Kommunustýri,Vága kommuna,Tal av sætum hjá kvinnum,
1984,Kommunustýri,Vága kommuna,Tal av sætum,
1988,Kommunustýri,Vága kommuna,Partur av sætum hjá kvinnum,
1988,Kommunustýri,Vága kommuna,Tal av sætum hjá kvinnum,
1988,Kommunustýri,Vága kommuna,Tal av sætum,
1990,Kommunustýri,Vága kommuna,Partur av sætum hjá kvinnum,
1990,Kommunustýri,Vága kommuna,Tal av sætum hjá kvinnum,
1990,Kommunustýri,Vága kommuna,Tal av sætum,
1992,Kommunustýri,Vága kommuna,Partur av sætum hjá kvinnum,
1992,Kommunustýri,Vága kommuna,Tal av sætum hjá kvinnum,
1992,Kommunustýri,Vága kommuna,Tal av sætum,
1994,Kommunustýri,Vága kommuna,Partur av sætum hjá kvinnum,
1994,Kommunustýri,Vága kommuna,Tal av sætum hjá kvinnum,
1994,Kommunustýri,Vága kommuna,Tal av sætum,
1996,Kommunustýri,Vága kommuna,Partur av sætum hjá kvinnum,
1996,Kommunustýri,Vága kommuna,Tal av sætum hjá kvinnum,
1996,Kommunustýri,Vága kommuna,Tal av sætum,
1998,Kommunustýri,Vága kommuna,Partur av sætum hjá kvinnum,
1998,Kommunustýri,Vága kommuna,Tal av sætum hjá kvinnum,
1998,Kommunustýri,Vága kommuna,Tal av sætum,
2000,Kommunustýri,Vága kommuna,Partur av sætum hjá kvinnum,
2000,Kommunustýri,Vága kommuna,Tal av sætum hjá kvinnum,
2000,Kommunustýri,Vága kommuna,Tal av sætum,
2002,Kommunustýri,Vága kommuna,Partur av sætum hjá kvinnum,
2002,Kommunustýri,Vága kommuna,Tal av sætum hjá kvinnum,
2002,Kommunustýri,Vága kommuna,Tal av sætum,
2004,Kommunustýri,Vága kommuna,Partur av sætum hjá kvinnum,
2004,Kommunustýri,Vága kommuna,Tal av sætum hjá kvinnum,
2004,Kommunustýri,Vága kommuna,Tal av sætum,
2008,Kommunustýri,Vága kommuna,Partur av sætum hjá kvinnum,
2008,Kommunustýri,Vága kommuna,Tal av sætum hjá kvinnum,
2008,Kommunustýri,Vága kommuna,Tal av sætum,
2011,Kommunustýri,Vága kommuna,Partur av sætum hjá kvinnum,
2011,Kommunustýri,Vága kommuna,Tal av sætum hjá kvinnum,
2011,Kommunustýri,Vága kommuna,Tal av sætum,
2012,Kommunustýri,Vága kommuna,Partur av sætum hjá kvinnum,18.2
2012,Kommunustýri,Vága kommuna,Tal av sætum hjá kvinnum,2.0
2012,Kommunustýri,Vága kommuna,Tal av sætum,11.0
2015,Kommunustýri,Vága kommuna,Partur av sætum hjá kvinnum,
2015,Kommunustýri,Vága kommuna,Tal av sætum hjá kvinnum,
2015,Kommunustýri,Vága kommuna,Tal av sætum,
2016,Kommunustýri,Vága kommuna,Partur av sætum hjá kvinnum,27.3
2016,Kommunustýri,Vága kommuna,Tal av sætum hjá kvinnum,3.0
2016,Kommunustýri,Vága kommuna,Tal av sætum,11.0
2019,Kommunustýri,Vága kommuna,Partur av sætum hjá kvinnum,
2019,Kommunustýri,Vága kommuna,Tal av sætum hjá kvinnum,
2019,Kommunustýri,Vága kommuna,Tal av sætum,
2020,Kommunustýri,Vága kommuna,Partur av sætum hjá kvinnum,45.5
2020,Kommunustýri,Vága kommuna,Tal av sætum hjá kvinnum,5.0
2020,Kommunustýri,Vága kommuna,Tal av sætum,11.0
2022,Kommunustýri,Vága kommuna,Partur av sætum hjá kvinnum,
2022,Kommunustýri,Vága kommuna,Tal av sætum hjá kvinnum,
2022,Kommunustýri,Vága kommuna,Tal av sætum,
1984,Kommunustýri,Vágs kommuna,Partur av sætum hjá kvinnum,
1984,Kommunustýri,Vágs kommuna,Tal av sætum hjá kvinnum,
1984,Kommunustýri,Vágs kommuna,Tal av sætum,
1988,Kommunustýri,Vágs kommuna,Partur av sætum hjá kvinnum,
1988,Kommunustýri,Vágs kommuna,Tal av sætum hjá kvinnum,
1988,Kommunustýri,Vágs kommuna,Tal av sætum,
1990,Kommunustýri,Vágs kommuna,Partur av sætum hjá kvinnum,
1990,Kommunustýri,Vágs kommuna,Tal av sætum hjá kvinnum,
1990,Kommunustýri,Vágs kommuna,Tal av sætum,
1992,Kommunustýri,Vágs kommuna,Partur av sætum hjá kvinnum,0.0
1992,Kommunustýri,Vágs kommuna,Tal av sætum hjá kvinnum,0.0
1992,Kommunustýri,Vágs kommuna,Tal av sætum,9.0
1994,Kommunustýri,Vágs kommuna,Partur av sætum hjá kvinnum,
1994,Kommunustýri,Vágs kommuna,Tal av sætum hjá kvinnum,
1994,Kommunustýri,Vágs kommuna,Tal av sætum,
1996,Kommunustýri,Vágs kommuna,Partur av sætum hjá kvinnum,22.2
1996,Kommunustýri,Vágs kommuna,Tal av sætum hjá kvinnum,2.0
1996,Kommunustýri,Vágs kommuna,Tal av sætum,9.0
1998,Kommunustýri,Vágs kommuna,Partur av sætum hjá kvinnum,
1998,Kommunustýri,Vágs kommuna,Tal av sætum hjá kvinnum,
1998,Kommunustýri,Vágs kommuna,Tal av sætum,
2000,Kommunustýri,Vágs kommuna,Partur av sætum hjá kvinnum,22.2
2000,Kommunustýri,Vágs kommuna,Tal av sætum hjá kvinnum,2.0
2000,Kommunustýri,Vágs kommuna,Tal av sætum,9.0
2002,Kommunustýri,Vágs kommuna,Partur av sætum hjá kvinnum,
2002,Kommunustýri,Vágs kommuna,Tal av sætum hjá kvinnum,
2002,Kommunustýri,Vágs kommuna,Tal av sætum,
2004,Kommunustýri,Vágs kommuna,Partur av sætum hjá kvinnum,22.2
2004,Kommunustýri,Vágs kommuna,Tal av sætum hjá kvinnum,2.0
2004,Kommunustýri,Vágs kommuna,Tal av sætum,9.0
2008,Kommunustýri,Vágs kommuna,Partur av sætum hjá kvinnum,
2008,Kommunustýri,Vágs kommuna,Tal av sætum hjá kvinnum,
2008,Kommunustýri,Vágs kommuna,Tal av sætum,
2011,Kommunustýri,Vágs kommuna,Partur av sætum hjá kvinnum,
2011,Kommunustýri,Vágs kommuna,Tal av sætum hjá kvinnum,
2011,Kommunustýri,Vágs kommuna,Tal av sætum,
2012,Kommunustýri,Vágs kommuna,Partur av sætum hjá kvinnum,33.3
2012,Kommunustýri,Vágs kommuna,Tal av sætum hjá kvinnum,3.0
2012,Kommunustýri,Vágs kommuna,Tal av sætum,9.0
2015,Kommunustýri,Vágs kommuna,Partur av sætum hjá kvinnum,
2015,Kommunustýri,Vágs kommuna,Tal av sætum hjá kvinnum,
2015,Kommunustýri,Vágs kommuna,Tal av sætum,
2016,Kommunustýri,Vágs kommuna,Partur av sætum hjá kvinnum,44.4
2016,Kommunustýri,Vágs kommuna,Tal av sætum hjá kvinnum,4.0
2016,Kommunustýri,Vágs kommuna,Tal av sætum,9.0
2019,Kommunustýri,Vágs kommuna,Partur av sætum hjá kvinnum,
2019,Kommunustýri,Vágs kommuna,Tal av sætum hjá kvinnum,
2019,Kommunustýri,Vágs kommuna,Tal av sætum,
2020,Kommunustýri,Vágs kommuna,Partur av sætum hjá kvinnum,33.3
2020,Kommunustýri,Vágs kommuna,Tal av sætum hjá kvinnum,3.0
2020,Kommunustýri,Vágs kommuna,Tal av sætum,9.0
2022,Kommunustýri,Vágs kommuna,Partur av sætum hjá kvinnum,
2022,Kommunustýri,Vágs kommuna,Tal av sætum hjá kvinnum,
2022,Kommunustýri,Vágs kommuna,Tal av sætum,
1984,Kommunustýri,Vestmanna kommuna,Partur av sætum hjá kvinnum,
1984,Kommunustýri,Vestmanna kommuna,Tal av sætum hjá kvinnum,
1984,Kommunustýri,Vestmanna kommuna,Tal av sætum,
1988,Kommunustýri,Vestmanna kommuna,Partur av sætum hjá kvinnum,
1988,Kommunustýri,Vestmanna kommuna,Tal av sætum hjá kvinnum,
1988,Kommunustýri,Vestmanna kommuna,Tal av sætum,
1990,Kommunustýri,Vestmanna kommuna,Partur av sætum hjá kvinnum,
1990,Kommunustýri,Vestmanna kommuna,Tal av sætum hjá kvinnum,
1990,Kommunustýri,Vestmanna kommuna,Tal av sætum,
1992,Kommunustýri,Vestmanna kommuna,Partur av sætum hjá kvinnum,71.4
1992,Kommunustýri,Vestmanna kommuna,Tal av sætum hjá kvinnum,5.0
1992,Kommunustýri,Vestmanna kommuna,Tal av sætum,7.0
1994,Kommunustýri,Vestmanna kommuna,Partur av sætum hjá kvinnum,
1994,Kommunustýri,Vestmanna kommuna,Tal av sætum hjá kvinnum,
1994,Kommunustýri,Vestmanna kommuna,Tal av sætum,
1996,Kommunustýri,Vestmanna kommuna,Partur av sætum hjá kvinnum,57.1
1996,Kommunustýri,Vestmanna kommuna,Tal av sætum hjá kvinnum,4.0
1996,Kommunustýri,Vestmanna kommuna,Tal av sætum,7.0
1998,Kommunustýri,Vestmanna kommuna,Partur av sætum hjá kvinnum,
1998,Kommunustýri,Vestmanna kommuna,Tal av sætum hjá kvinnum,
1998,Kommunustýri,Vestmanna kommuna,Tal av sætum,
2000,Kommunustýri,Vestmanna kommuna,Partur av sætum hjá kvinnum,57.1
2000,Kommunustýri,Vestmanna kommuna,Tal av sætum hjá kvinnum,4.0
2000,Kommunustýri,Vestmanna kommuna,Tal av sætum,7.0
2002,Kommunustýri,Vestmanna kommuna,Partur av sætum hjá kvinnum,
2002,Kommunustýri,Vestmanna kommuna,Tal av sætum hjá kvinnum,
2002,Kommunustýri,Vestmanna kommuna,Tal av sætum,
2004,Kommunustýri,Vestmanna kommuna,Partur av sætum hjá kvinnum,14.3
2004,Kommunustýri,Vestmanna kommuna,Tal av sætum hjá kvinnum,1.0
2004,Kommunustýri,Vestmanna kommuna,Tal av sætum,7.0
2008,Kommunustýri,Vestmanna kommuna,Partur av sætum hjá kvinnum,
2008,Kommunustýri,Vestmanna kommuna,Tal av sætum hjá kvinnum,
2008,Kommunustýri,Vestmanna kommuna,Tal av sætum,
2011,Kommunustýri,Vestmanna kommuna,Partur av sætum hjá kvinnum,
2011,Kommunustýri,Vestmanna kommuna,Tal av sætum hjá kvinnum,
2011,Kommunustýri,Vestmanna kommuna,Tal av sætum,
2012,Kommunustýri,Vestmanna kommuna,Partur av sætum hjá kvinnum,42.9
2012,Kommunustýri,Vestmanna kommuna,Tal av sætum hjá kvinnum,3.0
2012,Kommunustýri,Vestmanna kommuna,Tal av sætum,7.0
2015,Kommunustýri,Vestmanna kommuna,Partur av sætum hjá kvinnum,
2015,Kommunustýri,Vestmanna kommuna,Tal av sætum hjá kvinnum,
2015,Kommunustýri,Vestmanna kommuna,Tal av sætum,
2016,Kommunustýri,Vestmanna kommuna,Partur av sætum hjá kvinnum,42.9
2016,Kommunustýri,Vestmanna kommuna,Tal av sætum hjá kvinnum,3.0
2016,Kommunustýri,Vestmanna kommuna,Tal av sætum,7.0
2019,Kommunustýri,Vestmanna kommuna,Partur av sætum hjá kvinnum,
2019,Kommunustýri,Vestmanna kommuna,Tal av sætum hjá kvinnum,
2019,Kommunustýri,Vestmanna kommuna,Tal av sætum,
2020,Kommunustýri,Vestmanna kommuna,Partur av sætum hjá kvinnum,57.1
2020,Kommunustýri,Vestmanna kommuna,Tal av sætum hjá kvinnum,4.0
2020,Kommunustýri,Vestmanna kommuna,Tal av sætum,7.0
2022,Kommunustýri,Vestmanna kommuna,Partur av sætum hjá kvinnum,
2022,Kommunustýri,Vestmanna kommuna,Tal av sætum hjá kvinnum,
2022,Kommunustýri,Vestmanna kommuna,Tal av sætum,
1984,Kommunustýri,Viðareiðis kommuna,Partur av sætum hjá kvinnum,
1984,Kommunustýri,Viðareiðis kommuna,Tal av sætum hjá kvinnum,
1984,Kommunustýri,Viðareiðis kommuna,Tal av sætum,
1988,Kommunustýri,Viðareiðis kommuna,Partur av sætum hjá kvinnum,
1988,Kommunustýri,Viðareiðis kommuna,Tal av sætum hjá kvinnum,
1988,Kommunustýri,Viðareiðis kommuna,Tal av sætum,
1990,Kommunustýri,Viðareiðis kommuna,Partur av sætum hjá kvinnum,
1990,Kommunustýri,Viðareiðis kommuna,Tal av sætum hjá kvinnum,
1990,Kommunustýri,Viðareiðis kommuna,Tal av sætum,
1992,Kommunustýri,Viðareiðis kommuna,Partur av sætum hjá kvinnum,40.0
1992,Kommunustýri,Viðareiðis kommuna,Tal av sætum hjá kvinnum,2.0
1992,Kommunustýri,Viðareiðis kommuna,Tal av sætum,5.0
1994,Kommunustýri,Viðareiðis kommuna,Partur av sætum hjá kvinnum,
1994,Kommunustýri,Viðareiðis kommuna,Tal av sætum hjá kvinnum,
1994,Kommunustýri,Viðareiðis kommuna,Tal av sætum,
1996,Kommunustýri,Viðareiðis kommuna,Partur av sætum hjá kvinnum,40.0
1996,Kommunustýri,Viðareiðis kommuna,Tal av sætum hjá kvinnum,2.0
1996,Kommunustýri,Viðareiðis kommuna,Tal av sætum,5.0
1998,Kommunustýri,Viðareiðis kommuna,Partur av sætum hjá kvinnum,
1998,Kommunustýri,Viðareiðis kommuna,Tal av sætum hjá kvinnum,
1998,Kommunustýri,Viðareiðis kommuna,Tal av sætum,
2000,Kommunustýri,Viðareiðis kommuna,Partur av sætum hjá kvinnum,0.0
2000,Kommunustýri,Viðareiðis kommuna,Tal av sætum hjá kvinnum,0.0
2000,Kommunustýri,Viðareiðis kommuna,Tal av sætum,5.0
2002,Kommunustýri,Viðareiðis kommuna,Partur av sætum hjá kvinnum,
2002,Kommunustýri,Viðareiðis kommuna,Tal av sætum hjá kvinnum,
2002,Kommunustýri,Viðareiðis kommuna,Tal av sætum,
2004,Kommunustýri,Viðareiðis kommuna,Partur av sætum hjá kvinnum,20.0
2004,Kommunustýri,Viðareiðis kommuna,Tal av sætum hjá kvinnum,1.0
2004,Kommunustýri,Viðareiðis kommuna,Tal av sætum,5.0
2008,Kommunustýri,Viðareiðis kommuna,Partur av sætum hjá kvinnum,
2008,Kommunustýri,Viðareiðis kommuna,Tal av sætum hjá kvinnum,
2008,Kommunustýri,Viðareiðis kommuna,Tal av sætum,
2011,Kommunustýri,Viðareiðis kommuna,Partur av sætum hjá kvinnum,
2011,Kommunustýri,Viðareiðis kommuna,Tal av sætum hjá kvinnum,
2011,Kommunustýri,Viðareiðis kommuna,Tal av sætum,
2012,Kommunustýri,Viðareiðis kommuna,Partur av sætum hjá kvinnum,0.0
2012,Kommunustýri,Viðareiðis kommuna,Tal av sætum hjá kvinnum,0.0
2012,Kommunustýri,Viðareiðis kommuna,Tal av sætum,5.0
2015,Kommunustýri,Viðareiðis kommuna,Partur av sætum hjá kvinnum,
2015,Kommunustýri,Viðareiðis kommuna,Tal av sætum hjá kvinnum,
2015,Kommunustýri,Viðareiðis kommuna,Tal av sætum,
2016,Kommunustýri,Viðareiðis kommuna,Partur av sætum hjá kvinnum,40.0
2016,Kommunustýri,Viðareiðis kommuna,Tal av sætum hjá kvinnum,2.0
2016,Kommunustýri,Viðareiðis kommuna,Tal av sætum,5.0
2019,Kommunustýri,Viðareiðis kommuna,Partur av sætum hjá kvinnum,
2019,Kommunustýri,Viðareiðis kommuna,Tal av sætum hjá kvinnum,
2019,Kommunustýri,Viðareiðis kommuna,Tal av sætum,
2020,Kommunustýri,Viðareiðis kommuna,Partur av sætum hjá kvinnum,20.0
2020,Kommunustýri,Viðareiðis kommuna,Tal av sætum hjá kvinnum,1.0
2020,Kommunustýri,Viðareiðis kommuna,Tal av sætum,5.0
2022,Kommunustýri,Viðareiðis kommuna,Partur av sætum hjá kvinnum,
2022,Kommunustýri,Viðareiðis kommuna,Tal av sætum hjá kvinnum,
2022,Kommunustýri,Viðareiðis kommuna,Tal av sætum,
